<?xml version="1.0"?>
<!--Election result snapshot imported from Tabulation System
-->
<ElectionResult>
    <Timestamp>6/23/2022 1:20:06 PM EDT</Timestamp>
    <ElectionName>June 21, 2022 - General Primary -Nonpartisan General Election Runoff</ElectionName>
    <ElectionDate>6/21/2022</ElectionDate>
    <Region>Taliaferro</Region>
    <VoterTurnout totalVoters="0" ballotsCast="113" voterTurnout="0.00">
        <Precincts>
            <Precinct name="Sharon" totalVoters="0" ballotsCast="14" voterTurnout="0.00" percentReporting="4" />
            <Precinct name="Crawfordville" totalVoters="0" ballotsCast="99" voterTurnout="0.00" percentReporting="4" />
        </Precincts>
    </VoterTurnout>
    <Contest key="6" text="Lieutenant Governor - Dem" voteFor="1" isQuestion="false" precinctsReporting="2" precinctsReported="2">
        <VoteType name="Undervotes" votes="9">
            <Precinct name="Sharon" votes="1" />
            <Precinct name="Crawfordville" votes="8" />
        </VoteType>
        <VoteType name="Overvotes" votes="0">
            <Precinct name="Sharon" votes="0" />
            <Precinct name="Crawfordville" votes="0" />
        </VoteType>
        <Choice key="20" text="Charlie Bailey" party="DEM" totalVotes="64">
            <VoteType name="Absentee by Mail Votes" votes="20">
                <Precinct name="Sharon" votes="0" />
                <Precinct name="Crawfordville" votes="20" />
            </VoteType>
            <VoteType name="Advance Voting Votes" votes="24">
                <Precinct name="Sharon" votes="0" />
                <Precinct name="Crawfordville" votes="24" />
            </VoteType>
            <VoteType name="Election Day Votes" votes="20">
                <Precinct name="Sharon" votes="7" />
                <Precinct name="Crawfordville" votes="13" />
            </VoteType>
            <VoteType name="Provisional Votes" votes="0">
                <Precinct name="Sharon" votes="0" />
                <Precinct name="Crawfordville" votes="0" />
            </VoteType>
        </Choice>
        <Choice key="23" text="Kwanza Hall" party="DEM" totalVotes="40">
            <VoteType name="Absentee by Mail Votes" votes="14">
                <Precinct name="Sharon" votes="3" />
                <Precinct name="Crawfordville" votes="11" />
            </VoteType>
            <VoteType name="Advance Voting Votes" votes="15">
                <Precinct name="Sharon" votes="1" />
                <Precinct name="Crawfordville" votes="14" />
            </VoteType>
            <VoteType name="Election Day Votes" votes="11">
                <Precinct name="Sharon" votes="2" />
                <Precinct name="Crawfordville" votes="9" />
            </VoteType>
            <VoteType name="Provisional Votes" votes="0">
                <Precinct name="Sharon" votes="0" />
                <Precinct name="Crawfordville" votes="0" />
            </VoteType>
        </Choice>
    </Contest>
    <Contest key="8" text="Secretary of State - Dem" voteFor="1" isQuestion="false" precinctsReporting="2" precinctsReported="2">
        <VoteType name="Undervotes" votes="7">
            <Precinct name="Sharon" votes="1" />
            <Precinct name="Crawfordville" votes="6" />
        </VoteType>
        <VoteType name="Overvotes" votes="0">
            <Precinct name="Sharon" votes="0" />
            <Precinct name="Crawfordville" votes="0" />
        </VoteType>
        <Choice key="32" text="Dee Dawkins-Haigler" party="DEM" totalVotes="34">
            <VoteType name="Absentee by Mail Votes" votes="7">
                <Precinct name="Sharon" votes="1" />
                <Precinct name="Crawfordville" votes="6" />
            </VoteType>
            <VoteType name="Advance Voting Votes" votes="13">
                <Precinct name="Sharon" votes="0" />
                <Precinct name="Crawfordville" votes="13" />
            </VoteType>
            <VoteType name="Election Day Votes" votes="14">
                <Precinct name="Sharon" votes="2" />
                <Precinct name="Crawfordville" votes="12" />
            </VoteType>
            <VoteType name="Provisional Votes" votes="0">
                <Precinct name="Sharon" votes="0" />
                <Precinct name="Crawfordville" votes="0" />
            </VoteType>
        </Choice>
        <Choice key="35" text="Bee Nguyen" party="DEM" totalVotes="72">
            <VoteType name="Absentee by Mail Votes" votes="29">
                <Precinct name="Sharon" votes="2" />
                <Precinct name="Crawfordville" votes="27" />
            </VoteType>
            <VoteType name="Advance Voting Votes" votes="26">
                <Precinct name="Sharon" votes="1" />
                <Precinct name="Crawfordville" votes="25" />
            </VoteType>
            <VoteType name="Election Day Votes" votes="17">
                <Precinct name="Sharon" votes="7" />
                <Precinct name="Crawfordville" votes="10" />
            </VoteType>
            <VoteType name="Provisional Votes" votes="0">
                <Precinct name="Sharon" votes="0" />
                <Precinct name="Crawfordville" votes="0" />
            </VoteType>
        </Choice>
    </Contest>
    <Contest key="14" text="Commissioner of Insurance - Dem" voteFor="1" isQuestion="false" precinctsReporting="2" precinctsReported="2">
        <VoteType name="Undervotes" votes="14">
            <Precinct name="Sharon" votes="1" />
            <Precinct name="Crawfordville" votes="13" />
        </VoteType>
        <VoteType name="Overvotes" votes="0">
            <Precinct name="Sharon" votes="0" />
            <Precinct name="Crawfordville" votes="0" />
        </VoteType>
        <Choice key="48" text="Raphael Baker" party="DEM" totalVotes="42">
            <VoteType name="Absentee by Mail Votes" votes="9">
                <Precinct name="Sharon" votes="0" />
                <Precinct name="Crawfordville" votes="9" />
            </VoteType>
            <VoteType name="Advance Voting Votes" votes="19">
                <Precinct name="Sharon" votes="0" />
                <Precinct name="Crawfordville" votes="19" />
            </VoteType>
            <VoteType name="Election Day Votes" votes="14">
                <Precinct name="Sharon" votes="4" />
                <Precinct name="Crawfordville" votes="10" />
            </VoteType>
            <VoteType name="Provisional Votes" votes="0">
                <Precinct name="Sharon" votes="0" />
                <Precinct name="Crawfordville" votes="0" />
            </VoteType>
        </Choice>
        <Choice key="49" text="Janice Laws Robinson" party="DEM" totalVotes="57">
            <VoteType name="Absentee by Mail Votes" votes="24">
                <Precinct name="Sharon" votes="3" />
                <Precinct name="Crawfordville" votes="21" />
            </VoteType>
            <VoteType name="Advance Voting Votes" votes="18">
                <Precinct name="Sharon" votes="1" />
                <Precinct name="Crawfordville" votes="17" />
            </VoteType>
            <VoteType name="Election Day Votes" votes="15">
                <Precinct name="Sharon" votes="5" />
                <Precinct name="Crawfordville" votes="10" />
            </VoteType>
            <VoteType name="Provisional Votes" votes="0">
                <Precinct name="Sharon" votes="0" />
                <Precinct name="Crawfordville" votes="0" />
            </VoteType>
        </Choice>
    </Contest>
    <Contest key="18" text="Commissioner of Labor - Dem" voteFor="1" isQuestion="false" precinctsReporting="2" precinctsReported="2">
        <VoteType name="Undervotes" votes="11">
            <Precinct name="Sharon" votes="0" />
            <Precinct name="Crawfordville" votes="11" />
        </VoteType>
        <VoteType name="Overvotes" votes="0">
            <Precinct name="Sharon" votes="0" />
            <Precinct name="Crawfordville" votes="0" />
        </VoteType>
        <Choice key="60" text="William &quot;&quot;Will&quot;&quot; Boddie, Jr." party="DEM" totalVotes="75">
            <VoteType name="Absentee by Mail Votes" votes="27">
                <Precinct name="Sharon" votes="1" />
                <Precinct name="Crawfordville" votes="26" />
            </VoteType>
            <VoteType name="Advance Voting Votes" votes="27">
                <Precinct name="Sharon" votes="1" />
                <Precinct name="Crawfordville" votes="26" />
            </VoteType>
            <VoteType name="Election Day Votes" votes="21">
                <Precinct name="Sharon" votes="7" />
                <Precinct name="Crawfordville" votes="14" />
            </VoteType>
            <VoteType name="Provisional Votes" votes="0">
                <Precinct name="Sharon" votes="0" />
                <Precinct name="Crawfordville" votes="0" />
            </VoteType>
        </Choice>
        <Choice key="62" text="Nicole Horn" party="DEM" totalVotes="27">
            <VoteType name="Absentee by Mail Votes" votes="7">
                <Precinct name="Sharon" votes="2" />
                <Precinct name="Crawfordville" votes="5" />
            </VoteType>
            <VoteType name="Advance Voting Votes" votes="12">
                <Precinct name="Sharon" votes="1" />
                <Precinct name="Crawfordville" votes="11" />
            </VoteType>
            <VoteType name="Election Day Votes" votes="8">
                <Precinct name="Sharon" votes="2" />
                <Precinct name="Crawfordville" votes="6" />
            </VoteType>
            <VoteType name="Provisional Votes" votes="0">
                <Precinct name="Sharon" votes="0" />
                <Precinct name="Crawfordville" votes="0" />
            </VoteType>
        </Choice>
    </Contest>
    <Contest key="23" text="US House of Representatives - District 10 - Rep" voteFor="1" isQuestion="false" precinctsReporting="2" precinctsReported="2">
        <VoteType name="Undervotes" votes="0">
            <Precinct name="Sharon" votes="0" />
            <Precinct name="Crawfordville" votes="0" />
        </VoteType>
        <VoteType name="Overvotes" votes="0">
            <Precinct name="Sharon" votes="0" />
            <Precinct name="Crawfordville" votes="0" />
        </VoteType>
        <Choice key="74" text="Mike Collins" party="REP" totalVotes="51">
            <VoteType name="Absentee by Mail Votes" votes="2">
                <Precinct name="Sharon" votes="0" />
                <Precinct name="Crawfordville" votes="2" />
            </VoteType>
            <VoteType name="Advance Voting Votes" votes="20">
                <Precinct name="Sharon" votes="3" />
                <Precinct name="Crawfordville" votes="17" />
            </VoteType>
            <VoteType name="Election Day Votes" votes="29">
                <Precinct name="Sharon" votes="8" />
                <Precinct name="Crawfordville" votes="21" />
            </VoteType>
            <VoteType name="Provisional Votes" votes="0">
                <Precinct name="Sharon" votes="0" />
                <Precinct name="Crawfordville" votes="0" />
            </VoteType>
        </Choice>
        <Choice key="76" text="Vernon Jones" party="REP" totalVotes="19">
            <VoteType name="Absentee by Mail Votes" votes="1">
                <Precinct name="Sharon" votes="0" />
                <Precinct name="Crawfordville" votes="1" />
            </VoteType>
            <VoteType name="Advance Voting Votes" votes="8">
                <Precinct name="Sharon" votes="2" />
                <Precinct name="Crawfordville" votes="6" />
            </VoteType>
            <VoteType name="Election Day Votes" votes="10">
                <Precinct name="Sharon" votes="1" />
                <Precinct name="Crawfordville" votes="9" />
            </VoteType>
            <VoteType name="Provisional Votes" votes="0">
                <Precinct name="Sharon" votes="0" />
                <Precinct name="Crawfordville" votes="0" />
            </VoteType>
        </Choice>
    </Contest>
    <Contest key="24" text="US House of Representatives - District 10 - Dem" voteFor="1" isQuestion="false" precinctsReporting="2" precinctsReported="2">
        <VoteType name="Undervotes" votes="11">
            <Precinct name="Sharon" votes="0" />
            <Precinct name="Crawfordville" votes="11" />
        </VoteType>
        <VoteType name="Overvotes" votes="0">
            <Precinct name="Sharon" votes="0" />
            <Precinct name="Crawfordville" votes="0" />
        </VoteType>
        <Choice key="80" text="Jessica Allison Fore" party="DEM" totalVotes="19">
            <VoteType name="Absentee by Mail Votes" votes="6">
                <Precinct name="Sharon" votes="1" />
                <Precinct name="Crawfordville" votes="5" />
            </VoteType>
            <VoteType name="Advance Voting Votes" votes="6">
                <Precinct name="Sharon" votes="1" />
                <Precinct name="Crawfordville" votes="5" />
            </VoteType>
            <VoteType name="Election Day Votes" votes="7">
                <Precinct name="Sharon" votes="2" />
                <Precinct name="Crawfordville" votes="5" />
            </VoteType>
            <VoteType name="Provisional Votes" votes="0">
                <Precinct name="Sharon" votes="0" />
                <Precinct name="Crawfordville" votes="0" />
            </VoteType>
        </Choice>
        <Choice key="81" text="Tabitha Johnson-Green" party="DEM" totalVotes="83">
            <VoteType name="Absentee by Mail Votes" votes="27">
                <Precinct name="Sharon" votes="2" />
                <Precinct name="Crawfordville" votes="25" />
            </VoteType>
            <VoteType name="Advance Voting Votes" votes="32">
                <Precinct name="Sharon" votes="1" />
                <Precinct name="Crawfordville" votes="31" />
            </VoteType>
            <VoteType name="Election Day Votes" votes="24">
                <Precinct name="Sharon" votes="7" />
                <Precinct name="Crawfordville" votes="17" />
            </VoteType>
            <VoteType name="Provisional Votes" votes="0">
                <Precinct name="Sharon" votes="0" />
                <Precinct name="Crawfordville" votes="0" />
            </VoteType>
        </Choice>
    </Contest>
</ElectionResult>