<?xml version="1.0"?>
<!--Election result snapshot imported from Tabulation System
-->
<ElectionResult>
    <Timestamp>6/28/2022 10:28:04 AM EDT</Timestamp>
    <ElectionName>June 21, 2022 - General Primary -Nonpartisan General Election Runoff</ElectionName>
    <ElectionDate>6/21/2022</ElectionDate>
    <Region>Crawford</Region>
    <VoterTurnout totalVoters="0" ballotsCast="165" voterTurnout="0.00">
        <Precincts>
            <Precinct name="District 1" totalVoters="0" ballotsCast="68" voterTurnout="0.00" percentReporting="4" />
            <Precinct name="District 2" totalVoters="0" ballotsCast="48" voterTurnout="0.00" percentReporting="4" />
            <Precinct name="District 3" totalVoters="0" ballotsCast="7" voterTurnout="0.00" percentReporting="4" />
            <Precinct name="District 4" totalVoters="0" ballotsCast="18" voterTurnout="0.00" percentReporting="4" />
            <Precinct name="District 5" totalVoters="0" ballotsCast="24" voterTurnout="0.00" percentReporting="4" />
        </Precincts>
    </VoterTurnout>
    <Contest key="8" text="DEM - Lieutenant Governor" voteFor="1" isQuestion="false" precinctsReporting="5" precinctsReported="5">
        <VoteType name="Undervotes" votes="7">
            <Precinct name="District 1" votes="3" />
            <Precinct name="District 2" votes="1" />
            <Precinct name="District 3" votes="1" />
            <Precinct name="District 4" votes="1" />
            <Precinct name="District 5" votes="1" />
        </VoteType>
        <VoteType name="Overvotes" votes="0">
            <Precinct name="District 1" votes="0" />
            <Precinct name="District 2" votes="0" />
            <Precinct name="District 3" votes="0" />
            <Precinct name="District 4" votes="0" />
            <Precinct name="District 5" votes="0" />
        </VoteType>
        <Choice key="67" text="Charlie Bailey" party="DEM" totalVotes="94">
            <VoteType name="Absentee by Mail Votes" votes="15">
                <Precinct name="District 1" votes="7" />
                <Precinct name="District 2" votes="6" />
                <Precinct name="District 3" votes="0" />
                <Precinct name="District 4" votes="1" />
                <Precinct name="District 5" votes="1" />
            </VoteType>
            <VoteType name="Advance Voting Votes" votes="20">
                <Precinct name="District 1" votes="7" />
                <Precinct name="District 2" votes="5" />
                <Precinct name="District 3" votes="4" />
                <Precinct name="District 4" votes="4" />
                <Precinct name="District 5" votes="0" />
            </VoteType>
            <VoteType name="Election Day Votes" votes="59">
                <Precinct name="District 1" votes="20" />
                <Precinct name="District 2" votes="16" />
                <Precinct name="District 3" votes="1" />
                <Precinct name="District 4" votes="7" />
                <Precinct name="District 5" votes="15" />
            </VoteType>
            <VoteType name="Provisional Votes" votes="0">
                <Precinct name="District 1" votes="0" />
                <Precinct name="District 2" votes="0" />
                <Precinct name="District 3" votes="0" />
                <Precinct name="District 4" votes="0" />
                <Precinct name="District 5" votes="0" />
            </VoteType>
        </Choice>
        <Choice key="70" text="Kwanza Hall" party="DEM" totalVotes="64">
            <VoteType name="Absentee by Mail Votes" votes="8">
                <Precinct name="District 1" votes="5" />
                <Precinct name="District 2" votes="3" />
                <Precinct name="District 3" votes="0" />
                <Precinct name="District 4" votes="0" />
                <Precinct name="District 5" votes="0" />
            </VoteType>
            <VoteType name="Advance Voting Votes" votes="18">
                <Precinct name="District 1" votes="11" />
                <Precinct name="District 2" votes="5" />
                <Precinct name="District 3" votes="0" />
                <Precinct name="District 4" votes="1" />
                <Precinct name="District 5" votes="1" />
            </VoteType>
            <VoteType name="Election Day Votes" votes="38">
                <Precinct name="District 1" votes="15" />
                <Precinct name="District 2" votes="12" />
                <Precinct name="District 3" votes="1" />
                <Precinct name="District 4" votes="4" />
                <Precinct name="District 5" votes="6" />
            </VoteType>
            <VoteType name="Provisional Votes" votes="0">
                <Precinct name="District 1" votes="0" />
                <Precinct name="District 2" votes="0" />
                <Precinct name="District 3" votes="0" />
                <Precinct name="District 4" votes="0" />
                <Precinct name="District 5" votes="0" />
            </VoteType>
        </Choice>
    </Contest>
    <Contest key="10" text="DEM - Secretary of State" voteFor="1" isQuestion="false" precinctsReporting="5" precinctsReported="5">
        <VoteType name="Undervotes" votes="3">
            <Precinct name="District 1" votes="1" />
            <Precinct name="District 2" votes="1" />
            <Precinct name="District 3" votes="0" />
            <Precinct name="District 4" votes="0" />
            <Precinct name="District 5" votes="1" />
        </VoteType>
        <VoteType name="Overvotes" votes="0">
            <Precinct name="District 1" votes="0" />
            <Precinct name="District 2" votes="0" />
            <Precinct name="District 3" votes="0" />
            <Precinct name="District 4" votes="0" />
            <Precinct name="District 5" votes="0" />
        </VoteType>
        <Choice key="79" text="Dee Dawkins-Haigler" party="DEM" totalVotes="30">
            <VoteType name="Absentee by Mail Votes" votes="7">
                <Precinct name="District 1" votes="5" />
                <Precinct name="District 2" votes="2" />
                <Precinct name="District 3" votes="0" />
                <Precinct name="District 4" votes="0" />
                <Precinct name="District 5" votes="0" />
            </VoteType>
            <VoteType name="Advance Voting Votes" votes="5">
                <Precinct name="District 1" votes="3" />
                <Precinct name="District 2" votes="2" />
                <Precinct name="District 3" votes="0" />
                <Precinct name="District 4" votes="0" />
                <Precinct name="District 5" votes="0" />
            </VoteType>
            <VoteType name="Election Day Votes" votes="18">
                <Precinct name="District 1" votes="5" />
                <Precinct name="District 2" votes="10" />
                <Precinct name="District 3" votes="0" />
                <Precinct name="District 4" votes="1" />
                <Precinct name="District 5" votes="2" />
            </VoteType>
            <VoteType name="Provisional Votes" votes="0">
                <Precinct name="District 1" votes="0" />
                <Precinct name="District 2" votes="0" />
                <Precinct name="District 3" votes="0" />
                <Precinct name="District 4" votes="0" />
                <Precinct name="District 5" votes="0" />
            </VoteType>
        </Choice>
        <Choice key="82" text="Bee Nguyen" party="DEM" totalVotes="132">
            <VoteType name="Absentee by Mail Votes" votes="17">
                <Precinct name="District 1" votes="8" />
                <Precinct name="District 2" votes="7" />
                <Precinct name="District 3" votes="0" />
                <Precinct name="District 4" votes="1" />
                <Precinct name="District 5" votes="1" />
            </VoteType>
            <VoteType name="Advance Voting Votes" votes="33">
                <Precinct name="District 1" votes="15" />
                <Precinct name="District 2" votes="8" />
                <Precinct name="District 3" votes="4" />
                <Precinct name="District 4" votes="5" />
                <Precinct name="District 5" votes="1" />
            </VoteType>
            <VoteType name="Election Day Votes" votes="82">
                <Precinct name="District 1" votes="31" />
                <Precinct name="District 2" votes="18" />
                <Precinct name="District 3" votes="3" />
                <Precinct name="District 4" votes="11" />
                <Precinct name="District 5" votes="19" />
            </VoteType>
            <VoteType name="Provisional Votes" votes="0">
                <Precinct name="District 1" votes="0" />
                <Precinct name="District 2" votes="0" />
                <Precinct name="District 3" votes="0" />
                <Precinct name="District 4" votes="0" />
                <Precinct name="District 5" votes="0" />
            </VoteType>
        </Choice>
    </Contest>
    <Contest key="16" text="DEM - Commissioner Of Insurance" voteFor="1" isQuestion="false" precinctsReporting="5" precinctsReported="5">
        <VoteType name="Undervotes" votes="8">
            <Precinct name="District 1" votes="4" />
            <Precinct name="District 2" votes="2" />
            <Precinct name="District 3" votes="1" />
            <Precinct name="District 4" votes="0" />
            <Precinct name="District 5" votes="1" />
        </VoteType>
        <VoteType name="Overvotes" votes="0">
            <Precinct name="District 1" votes="0" />
            <Precinct name="District 2" votes="0" />
            <Precinct name="District 3" votes="0" />
            <Precinct name="District 4" votes="0" />
            <Precinct name="District 5" votes="0" />
        </VoteType>
        <Choice key="95" text="Raphael Baker" party="DEM" totalVotes="58">
            <VoteType name="Absentee by Mail Votes" votes="9">
                <Precinct name="District 1" votes="3" />
                <Precinct name="District 2" votes="5" />
                <Precinct name="District 3" votes="0" />
                <Precinct name="District 4" votes="1" />
                <Precinct name="District 5" votes="0" />
            </VoteType>
            <VoteType name="Advance Voting Votes" votes="13">
                <Precinct name="District 1" votes="4" />
                <Precinct name="District 2" votes="6" />
                <Precinct name="District 3" votes="2" />
                <Precinct name="District 4" votes="0" />
                <Precinct name="District 5" votes="1" />
            </VoteType>
            <VoteType name="Election Day Votes" votes="36">
                <Precinct name="District 1" votes="16" />
                <Precinct name="District 2" votes="7" />
                <Precinct name="District 3" votes="0" />
                <Precinct name="District 4" votes="5" />
                <Precinct name="District 5" votes="8" />
            </VoteType>
            <VoteType name="Provisional Votes" votes="0">
                <Precinct name="District 1" votes="0" />
                <Precinct name="District 2" votes="0" />
                <Precinct name="District 3" votes="0" />
                <Precinct name="District 4" votes="0" />
                <Precinct name="District 5" votes="0" />
            </VoteType>
        </Choice>
        <Choice key="96" text="Janice Laws Robinson" party="DEM" totalVotes="99">
            <VoteType name="Absentee by Mail Votes" votes="14">
                <Precinct name="District 1" votes="9" />
                <Precinct name="District 2" votes="4" />
                <Precinct name="District 3" votes="0" />
                <Precinct name="District 4" votes="0" />
                <Precinct name="District 5" votes="1" />
            </VoteType>
            <VoteType name="Advance Voting Votes" votes="24">
                <Precinct name="District 1" votes="14" />
                <Precinct name="District 2" votes="3" />
                <Precinct name="District 3" votes="2" />
                <Precinct name="District 4" votes="5" />
                <Precinct name="District 5" votes="0" />
            </VoteType>
            <VoteType name="Election Day Votes" votes="61">
                <Precinct name="District 1" votes="18" />
                <Precinct name="District 2" votes="21" />
                <Precinct name="District 3" votes="2" />
                <Precinct name="District 4" votes="7" />
                <Precinct name="District 5" votes="13" />
            </VoteType>
            <VoteType name="Provisional Votes" votes="0">
                <Precinct name="District 1" votes="0" />
                <Precinct name="District 2" votes="0" />
                <Precinct name="District 3" votes="0" />
                <Precinct name="District 4" votes="0" />
                <Precinct name="District 5" votes="0" />
            </VoteType>
        </Choice>
    </Contest>
    <Contest key="20" text="DEM - Commissioner Of Labor" voteFor="1" isQuestion="false" precinctsReporting="5" precinctsReported="5">
        <VoteType name="Undervotes" votes="11">
            <Precinct name="District 1" votes="6" />
            <Precinct name="District 2" votes="2" />
            <Precinct name="District 3" votes="1" />
            <Precinct name="District 4" votes="1" />
            <Precinct name="District 5" votes="1" />
        </VoteType>
        <VoteType name="Overvotes" votes="0">
            <Precinct name="District 1" votes="0" />
            <Precinct name="District 2" votes="0" />
            <Precinct name="District 3" votes="0" />
            <Precinct name="District 4" votes="0" />
            <Precinct name="District 5" votes="0" />
        </VoteType>
        <Choice key="107" text="William &quot;&quot;Will&quot;&quot; Boddie, Jr." party="DEM" totalVotes="79">
            <VoteType name="Absentee by Mail Votes" votes="13">
                <Precinct name="District 1" votes="6" />
                <Precinct name="District 2" votes="5" />
                <Precinct name="District 3" votes="0" />
                <Precinct name="District 4" votes="1" />
                <Precinct name="District 5" votes="1" />
            </VoteType>
            <VoteType name="Advance Voting Votes" votes="20">
                <Precinct name="District 1" votes="9" />
                <Precinct name="District 2" votes="5" />
                <Precinct name="District 3" votes="4" />
                <Precinct name="District 4" votes="2" />
                <Precinct name="District 5" votes="0" />
            </VoteType>
            <VoteType name="Election Day Votes" votes="46">
                <Precinct name="District 1" votes="14" />
                <Precinct name="District 2" votes="18" />
                <Precinct name="District 3" votes="0" />
                <Precinct name="District 4" votes="4" />
                <Precinct name="District 5" votes="10" />
            </VoteType>
            <VoteType name="Provisional Votes" votes="0">
                <Precinct name="District 1" votes="0" />
                <Precinct name="District 2" votes="0" />
                <Precinct name="District 3" votes="0" />
                <Precinct name="District 4" votes="0" />
                <Precinct name="District 5" votes="0" />
            </VoteType>
        </Choice>
        <Choice key="109" text="Nicole Horn" party="DEM" totalVotes="75">
            <VoteType name="Absentee by Mail Votes" votes="10">
                <Precinct name="District 1" votes="6" />
                <Precinct name="District 2" votes="4" />
                <Precinct name="District 3" votes="0" />
                <Precinct name="District 4" votes="0" />
                <Precinct name="District 5" votes="0" />
            </VoteType>
            <VoteType name="Advance Voting Votes" votes="18">
                <Precinct name="District 1" votes="9" />
                <Precinct name="District 2" votes="5" />
                <Precinct name="District 3" votes="0" />
                <Precinct name="District 4" votes="3" />
                <Precinct name="District 5" votes="1" />
            </VoteType>
            <VoteType name="Election Day Votes" votes="47">
                <Precinct name="District 1" votes="18" />
                <Precinct name="District 2" votes="9" />
                <Precinct name="District 3" votes="2" />
                <Precinct name="District 4" votes="7" />
                <Precinct name="District 5" votes="11" />
            </VoteType>
            <VoteType name="Provisional Votes" votes="0">
                <Precinct name="District 1" votes="0" />
                <Precinct name="District 2" votes="0" />
                <Precinct name="District 3" votes="0" />
                <Precinct name="District 4" votes="0" />
                <Precinct name="District 5" votes="0" />
            </VoteType>
        </Choice>
    </Contest>
    <Contest key="25" text="REP - US House Dist 2" voteFor="1" isQuestion="false" precinctsReporting="5" precinctsReported="5">
        <VoteType name="Undervotes" votes="0">
            <Precinct name="District 1" votes="0" />
            <Precinct name="District 2" votes="0" />
            <Precinct name="District 3" votes="0" />
            <Precinct name="District 4" votes="0" />
            <Precinct name="District 5" votes="0" />
        </VoteType>
        <VoteType name="Overvotes" votes="0">
            <Precinct name="District 1" votes="0" />
            <Precinct name="District 2" votes="0" />
            <Precinct name="District 3" votes="0" />
            <Precinct name="District 4" votes="0" />
            <Precinct name="District 5" votes="0" />
        </VoteType>
        <Choice key="120" text="Jeremy Hunt" party="REP" totalVotes="290">
            <VoteType name="Absentee by Mail Votes" votes="11">
                <Precinct name="District 1" votes="1" />
                <Precinct name="District 2" votes="2" />
                <Precinct name="District 3" votes="2" />
                <Precinct name="District 4" votes="2" />
                <Precinct name="District 5" votes="4" />
            </VoteType>
            <VoteType name="Advance Voting Votes" votes="50">
                <Precinct name="District 1" votes="10" />
                <Precinct name="District 2" votes="17" />
                <Precinct name="District 3" votes="10" />
                <Precinct name="District 4" votes="9" />
                <Precinct name="District 5" votes="4" />
            </VoteType>
            <VoteType name="Election Day Votes" votes="229">
                <Precinct name="District 1" votes="17" />
                <Precinct name="District 2" votes="53" />
                <Precinct name="District 3" votes="31" />
                <Precinct name="District 4" votes="56" />
                <Precinct name="District 5" votes="72" />
            </VoteType>
            <VoteType name="Provisional Votes" votes="0">
                <Precinct name="District 1" votes="0" />
                <Precinct name="District 2" votes="0" />
                <Precinct name="District 3" votes="0" />
                <Precinct name="District 4" votes="0" />
                <Precinct name="District 5" votes="0" />
            </VoteType>
        </Choice>
        <Choice key="123" text="Chris West" party="REP" totalVotes="387">
            <VoteType name="Absentee by Mail Votes" votes="31">
                <Precinct name="District 1" votes="8" />
                <Precinct name="District 2" votes="11" />
                <Precinct name="District 3" votes="5" />
                <Precinct name="District 4" votes="7" />
                <Precinct name="District 5" votes="0" />
            </VoteType>
            <VoteType name="Advance Voting Votes" votes="79">
                <Precinct name="District 1" votes="10" />
                <Precinct name="District 2" votes="10" />
                <Precinct name="District 3" votes="21" />
                <Precinct name="District 4" votes="26" />
                <Precinct name="District 5" votes="12" />
            </VoteType>
            <VoteType name="Election Day Votes" votes="277">
                <Precinct name="District 1" votes="37" />
                <Precinct name="District 2" votes="52" />
                <Precinct name="District 3" votes="43" />
                <Precinct name="District 4" votes="72" />
                <Precinct name="District 5" votes="73" />
            </VoteType>
            <VoteType name="Provisional Votes" votes="0">
                <Precinct name="District 1" votes="0" />
                <Precinct name="District 2" votes="0" />
                <Precinct name="District 3" votes="0" />
                <Precinct name="District 4" votes="0" />
                <Precinct name="District 5" votes="0" />
            </VoteType>
        </Choice>
    </Contest>
</ElectionResult>