<?xml version="1.0"?>
<!--Election result snapshot imported from Tabulation System
-->
<ElectionResult>
    <Timestamp>6/24/2022 1:35:36 PM EDT</Timestamp>
    <ElectionName>June 21, 2022 - General Primary -Nonpartisan General Election Runoff</ElectionName>
    <ElectionDate>6/21/2022</ElectionDate>
    <Region>Taylor</Region>
    <VoterTurnout totalVoters="0" ballotsCast="207" voterTurnout="0.00">
        <Precincts>
            <Precinct name="Precinct 1" totalVoters="0" ballotsCast="93" voterTurnout="0.00" percentReporting="4" />
            <Precinct name="Precinct 5" totalVoters="0" ballotsCast="20" voterTurnout="0.00" percentReporting="4" />
            <Precinct name="Precinct 6" totalVoters="0" ballotsCast="94" voterTurnout="0.00" percentReporting="4" />
        </Precincts>
    </VoterTurnout>
    <Contest key="8" text="DEM - Lieutenant Governor" voteFor="1" isQuestion="false" precinctsReporting="3" precinctsReported="3">
        <VoteType name="Undervotes" votes="2">
            <Precinct name="Precinct 1" votes="0" />
            <Precinct name="Precinct 5" votes="1" />
            <Precinct name="Precinct 6" votes="1" />
        </VoteType>
        <VoteType name="Overvotes" votes="0">
            <Precinct name="Precinct 1" votes="0" />
            <Precinct name="Precinct 5" votes="0" />
            <Precinct name="Precinct 6" votes="0" />
        </VoteType>
        <Choice key="67" text="Charlie Bailey" party="DEM" totalVotes="149">
            <VoteType name="Absentee by Mail Votes" votes="49">
                <Precinct name="Precinct 1" votes="14" />
                <Precinct name="Precinct 5" votes="5" />
                <Precinct name="Precinct 6" votes="30" />
            </VoteType>
            <VoteType name="Advance Voting Votes" votes="37">
                <Precinct name="Precinct 1" votes="20" />
                <Precinct name="Precinct 5" votes="5" />
                <Precinct name="Precinct 6" votes="12" />
            </VoteType>
            <VoteType name="Election Day Votes" votes="63">
                <Precinct name="Precinct 1" votes="33" />
                <Precinct name="Precinct 5" votes="6" />
                <Precinct name="Precinct 6" votes="24" />
            </VoteType>
            <VoteType name="Provisional Votes" votes="0">
                <Precinct name="Precinct 1" votes="0" />
                <Precinct name="Precinct 5" votes="0" />
                <Precinct name="Precinct 6" votes="0" />
            </VoteType>
        </Choice>
        <Choice key="70" text="Kwanza Hall" party="DEM" totalVotes="56">
            <VoteType name="Absentee by Mail Votes" votes="17">
                <Precinct name="Precinct 1" votes="6" />
                <Precinct name="Precinct 5" votes="2" />
                <Precinct name="Precinct 6" votes="9" />
            </VoteType>
            <VoteType name="Advance Voting Votes" votes="14">
                <Precinct name="Precinct 1" votes="6" />
                <Precinct name="Precinct 5" votes="0" />
                <Precinct name="Precinct 6" votes="8" />
            </VoteType>
            <VoteType name="Election Day Votes" votes="25">
                <Precinct name="Precinct 1" votes="14" />
                <Precinct name="Precinct 5" votes="1" />
                <Precinct name="Precinct 6" votes="10" />
            </VoteType>
            <VoteType name="Provisional Votes" votes="0">
                <Precinct name="Precinct 1" votes="0" />
                <Precinct name="Precinct 5" votes="0" />
                <Precinct name="Precinct 6" votes="0" />
            </VoteType>
        </Choice>
    </Contest>
    <Contest key="10" text="DEM - Secretary of State" voteFor="1" isQuestion="false" precinctsReporting="3" precinctsReported="3">
        <VoteType name="Undervotes" votes="4">
            <Precinct name="Precinct 1" votes="0" />
            <Precinct name="Precinct 5" votes="2" />
            <Precinct name="Precinct 6" votes="2" />
        </VoteType>
        <VoteType name="Overvotes" votes="0">
            <Precinct name="Precinct 1" votes="0" />
            <Precinct name="Precinct 5" votes="0" />
            <Precinct name="Precinct 6" votes="0" />
        </VoteType>
        <Choice key="79" text="Dee Dawkins-Haigler" party="DEM" totalVotes="108">
            <VoteType name="Absentee by Mail Votes" votes="38">
                <Precinct name="Precinct 1" votes="7" />
                <Precinct name="Precinct 5" votes="4" />
                <Precinct name="Precinct 6" votes="27" />
            </VoteType>
            <VoteType name="Advance Voting Votes" votes="28">
                <Precinct name="Precinct 1" votes="13" />
                <Precinct name="Precinct 5" votes="1" />
                <Precinct name="Precinct 6" votes="14" />
            </VoteType>
            <VoteType name="Election Day Votes" votes="42">
                <Precinct name="Precinct 1" votes="24" />
                <Precinct name="Precinct 5" votes="5" />
                <Precinct name="Precinct 6" votes="13" />
            </VoteType>
            <VoteType name="Provisional Votes" votes="0">
                <Precinct name="Precinct 1" votes="0" />
                <Precinct name="Precinct 5" votes="0" />
                <Precinct name="Precinct 6" votes="0" />
            </VoteType>
        </Choice>
        <Choice key="82" text="Bee Nguyen" party="DEM" totalVotes="95">
            <VoteType name="Absentee by Mail Votes" votes="28">
                <Precinct name="Precinct 1" votes="13" />
                <Precinct name="Precinct 5" votes="3" />
                <Precinct name="Precinct 6" votes="12" />
            </VoteType>
            <VoteType name="Advance Voting Votes" votes="23">
                <Precinct name="Precinct 1" votes="13" />
                <Precinct name="Precinct 5" votes="4" />
                <Precinct name="Precinct 6" votes="6" />
            </VoteType>
            <VoteType name="Election Day Votes" votes="44">
                <Precinct name="Precinct 1" votes="23" />
                <Precinct name="Precinct 5" votes="1" />
                <Precinct name="Precinct 6" votes="20" />
            </VoteType>
            <VoteType name="Provisional Votes" votes="0">
                <Precinct name="Precinct 1" votes="0" />
                <Precinct name="Precinct 5" votes="0" />
                <Precinct name="Precinct 6" votes="0" />
            </VoteType>
        </Choice>
    </Contest>
    <Contest key="16" text="DEM - Commissioner Of Insurance" voteFor="1" isQuestion="false" precinctsReporting="3" precinctsReported="3">
        <VoteType name="Undervotes" votes="3">
            <Precinct name="Precinct 1" votes="0" />
            <Precinct name="Precinct 5" votes="0" />
            <Precinct name="Precinct 6" votes="3" />
        </VoteType>
        <VoteType name="Overvotes" votes="0">
            <Precinct name="Precinct 1" votes="0" />
            <Precinct name="Precinct 5" votes="0" />
            <Precinct name="Precinct 6" votes="0" />
        </VoteType>
        <Choice key="95" text="Raphael Baker" party="DEM" totalVotes="70">
            <VoteType name="Absentee by Mail Votes" votes="8">
                <Precinct name="Precinct 1" votes="3" />
                <Precinct name="Precinct 5" votes="2" />
                <Precinct name="Precinct 6" votes="3" />
            </VoteType>
            <VoteType name="Advance Voting Votes" votes="22">
                <Precinct name="Precinct 1" votes="13" />
                <Precinct name="Precinct 5" votes="2" />
                <Precinct name="Precinct 6" votes="7" />
            </VoteType>
            <VoteType name="Election Day Votes" votes="40">
                <Precinct name="Precinct 1" votes="20" />
                <Precinct name="Precinct 5" votes="6" />
                <Precinct name="Precinct 6" votes="14" />
            </VoteType>
            <VoteType name="Provisional Votes" votes="0">
                <Precinct name="Precinct 1" votes="0" />
                <Precinct name="Precinct 5" votes="0" />
                <Precinct name="Precinct 6" votes="0" />
            </VoteType>
        </Choice>
        <Choice key="96" text="Janice Laws Robinson" party="DEM" totalVotes="134">
            <VoteType name="Absentee by Mail Votes" votes="58">
                <Precinct name="Precinct 1" votes="17" />
                <Precinct name="Precinct 5" votes="6" />
                <Precinct name="Precinct 6" votes="35" />
            </VoteType>
            <VoteType name="Advance Voting Votes" votes="29">
                <Precinct name="Precinct 1" votes="13" />
                <Precinct name="Precinct 5" votes="3" />
                <Precinct name="Precinct 6" votes="13" />
            </VoteType>
            <VoteType name="Election Day Votes" votes="47">
                <Precinct name="Precinct 1" votes="27" />
                <Precinct name="Precinct 5" votes="1" />
                <Precinct name="Precinct 6" votes="19" />
            </VoteType>
            <VoteType name="Provisional Votes" votes="0">
                <Precinct name="Precinct 1" votes="0" />
                <Precinct name="Precinct 5" votes="0" />
                <Precinct name="Precinct 6" votes="0" />
            </VoteType>
        </Choice>
    </Contest>
    <Contest key="20" text="DEM - Commissioner Of Labor" voteFor="1" isQuestion="false" precinctsReporting="3" precinctsReported="3">
        <VoteType name="Undervotes" votes="6">
            <Precinct name="Precinct 1" votes="1" />
            <Precinct name="Precinct 5" votes="2" />
            <Precinct name="Precinct 6" votes="3" />
        </VoteType>
        <VoteType name="Overvotes" votes="0">
            <Precinct name="Precinct 1" votes="0" />
            <Precinct name="Precinct 5" votes="0" />
            <Precinct name="Precinct 6" votes="0" />
        </VoteType>
        <Choice key="107" text="William &quot;&quot;Will&quot;&quot; Boddie, Jr." party="DEM" totalVotes="142">
            <VoteType name="Absentee by Mail Votes" votes="49">
                <Precinct name="Precinct 1" votes="16" />
                <Precinct name="Precinct 5" votes="5" />
                <Precinct name="Precinct 6" votes="28" />
            </VoteType>
            <VoteType name="Advance Voting Votes" votes="36">
                <Precinct name="Precinct 1" votes="23" />
                <Precinct name="Precinct 5" votes="4" />
                <Precinct name="Precinct 6" votes="9" />
            </VoteType>
            <VoteType name="Election Day Votes" votes="57">
                <Precinct name="Precinct 1" votes="36" />
                <Precinct name="Precinct 5" votes="4" />
                <Precinct name="Precinct 6" votes="17" />
            </VoteType>
            <VoteType name="Provisional Votes" votes="0">
                <Precinct name="Precinct 1" votes="0" />
                <Precinct name="Precinct 5" votes="0" />
                <Precinct name="Precinct 6" votes="0" />
            </VoteType>
        </Choice>
        <Choice key="109" text="Nicole Horn" party="DEM" totalVotes="59">
            <VoteType name="Absentee by Mail Votes" votes="17">
                <Precinct name="Precinct 1" votes="4" />
                <Precinct name="Precinct 5" votes="2" />
                <Precinct name="Precinct 6" votes="11" />
            </VoteType>
            <VoteType name="Advance Voting Votes" votes="14">
                <Precinct name="Precinct 1" votes="2" />
                <Precinct name="Precinct 5" votes="1" />
                <Precinct name="Precinct 6" votes="11" />
            </VoteType>
            <VoteType name="Election Day Votes" votes="28">
                <Precinct name="Precinct 1" votes="11" />
                <Precinct name="Precinct 5" votes="2" />
                <Precinct name="Precinct 6" votes="15" />
            </VoteType>
            <VoteType name="Provisional Votes" votes="0">
                <Precinct name="Precinct 1" votes="0" />
                <Precinct name="Precinct 5" votes="0" />
                <Precinct name="Precinct 6" votes="0" />
            </VoteType>
        </Choice>
    </Contest>
    <Contest key="25" text="REP - US House Dist 2" voteFor="1" isQuestion="false" precinctsReporting="3" precinctsReported="3">
        <VoteType name="Undervotes" votes="0">
            <Precinct name="Precinct 1" votes="0" />
            <Precinct name="Precinct 5" votes="0" />
            <Precinct name="Precinct 6" votes="0" />
        </VoteType>
        <VoteType name="Overvotes" votes="0">
            <Precinct name="Precinct 1" votes="0" />
            <Precinct name="Precinct 5" votes="0" />
            <Precinct name="Precinct 6" votes="0" />
        </VoteType>
        <Choice key="120" text="Jeremy Hunt" party="REP" totalVotes="209">
            <VoteType name="Absentee by Mail Votes" votes="12">
                <Precinct name="Precinct 1" votes="0" />
                <Precinct name="Precinct 5" votes="9" />
                <Precinct name="Precinct 6" votes="3" />
            </VoteType>
            <VoteType name="Advance Voting Votes" votes="58">
                <Precinct name="Precinct 1" votes="3" />
                <Precinct name="Precinct 5" votes="42" />
                <Precinct name="Precinct 6" votes="13" />
            </VoteType>
            <VoteType name="Election Day Votes" votes="139">
                <Precinct name="Precinct 1" votes="5" />
                <Precinct name="Precinct 5" votes="84" />
                <Precinct name="Precinct 6" votes="50" />
            </VoteType>
            <VoteType name="Provisional Votes" votes="0">
                <Precinct name="Precinct 1" votes="0" />
                <Precinct name="Precinct 5" votes="0" />
                <Precinct name="Precinct 6" votes="0" />
            </VoteType>
        </Choice>
        <Choice key="123" text="Chris West" party="REP" totalVotes="254">
            <VoteType name="Absentee by Mail Votes" votes="12">
                <Precinct name="Precinct 1" votes="1" />
                <Precinct name="Precinct 5" votes="8" />
                <Precinct name="Precinct 6" votes="3" />
            </VoteType>
            <VoteType name="Advance Voting Votes" votes="95">
                <Precinct name="Precinct 1" votes="1" />
                <Precinct name="Precinct 5" votes="56" />
                <Precinct name="Precinct 6" votes="38" />
            </VoteType>
            <VoteType name="Election Day Votes" votes="147">
                <Precinct name="Precinct 1" votes="5" />
                <Precinct name="Precinct 5" votes="52" />
                <Precinct name="Precinct 6" votes="90" />
            </VoteType>
            <VoteType name="Provisional Votes" votes="0">
                <Precinct name="Precinct 1" votes="0" />
                <Precinct name="Precinct 5" votes="0" />
                <Precinct name="Precinct 6" votes="0" />
            </VoteType>
        </Choice>
    </Contest>
</ElectionResult>