<?xml version="1.0"?>
<!--Election result snapshot imported from Tabulation System
-->
<ElectionResult>
    <Timestamp>6/24/2022 12:14:43 PM EDT</Timestamp>
    <ElectionName>June 21, 2022 - General Primary -Nonpartisan General Election Runoff</ElectionName>
    <ElectionDate>6/21/2022</ElectionDate>
    <Region>Warren</Region>
    <VoterTurnout totalVoters="3706" ballotsCast="134" voterTurnout="3.62">
        <Precincts>
            <Precinct name="Warrenton" totalVoters="3706" ballotsCast="134" voterTurnout="3.62" percentReporting="4" />
        </Precincts>
    </VoterTurnout>
    <Contest key="6" text="Lieutenant Governor - Dem" voteFor="1" isQuestion="false" precinctsReporting="1" precinctsReported="1">
        <VoteType name="Undervotes" votes="3">
            <Precinct name="Warrenton" votes="3" />
        </VoteType>
        <VoteType name="Overvotes" votes="0">
            <Precinct name="Warrenton" votes="0" />
        </VoteType>
        <Choice key="20" text="Charlie Bailey" party="DEM" totalVotes="87">
            <VoteType name="Absentee by Mail Votes" votes="18">
                <Precinct name="Warrenton" votes="18" />
            </VoteType>
            <VoteType name="Advance Voting Votes" votes="18">
                <Precinct name="Warrenton" votes="18" />
            </VoteType>
            <VoteType name="Election Day Votes" votes="51">
                <Precinct name="Warrenton" votes="51" />
            </VoteType>
            <VoteType name="Provisional Votes" votes="0">
                <Precinct name="Warrenton" votes="0" />
            </VoteType>
        </Choice>
        <Choice key="23" text="Kwanza Hall" party="DEM" totalVotes="44">
            <VoteType name="Absentee by Mail Votes" votes="9">
                <Precinct name="Warrenton" votes="9" />
            </VoteType>
            <VoteType name="Advance Voting Votes" votes="6">
                <Precinct name="Warrenton" votes="6" />
            </VoteType>
            <VoteType name="Election Day Votes" votes="29">
                <Precinct name="Warrenton" votes="29" />
            </VoteType>
            <VoteType name="Provisional Votes" votes="0">
                <Precinct name="Warrenton" votes="0" />
            </VoteType>
        </Choice>
    </Contest>
    <Contest key="8" text="Secretary of State - Dem" voteFor="1" isQuestion="false" precinctsReporting="1" precinctsReported="1">
        <VoteType name="Undervotes" votes="4">
            <Precinct name="Warrenton" votes="4" />
        </VoteType>
        <VoteType name="Overvotes" votes="0">
            <Precinct name="Warrenton" votes="0" />
        </VoteType>
        <Choice key="32" text="Dee Dawkins-Haigler" party="DEM" totalVotes="52">
            <VoteType name="Absentee by Mail Votes" votes="9">
                <Precinct name="Warrenton" votes="9" />
            </VoteType>
            <VoteType name="Advance Voting Votes" votes="11">
                <Precinct name="Warrenton" votes="11" />
            </VoteType>
            <VoteType name="Election Day Votes" votes="32">
                <Precinct name="Warrenton" votes="32" />
            </VoteType>
            <VoteType name="Provisional Votes" votes="0">
                <Precinct name="Warrenton" votes="0" />
            </VoteType>
        </Choice>
        <Choice key="35" text="Bee Nguyen" party="DEM" totalVotes="78">
            <VoteType name="Absentee by Mail Votes" votes="17">
                <Precinct name="Warrenton" votes="17" />
            </VoteType>
            <VoteType name="Advance Voting Votes" votes="13">
                <Precinct name="Warrenton" votes="13" />
            </VoteType>
            <VoteType name="Election Day Votes" votes="48">
                <Precinct name="Warrenton" votes="48" />
            </VoteType>
            <VoteType name="Provisional Votes" votes="0">
                <Precinct name="Warrenton" votes="0" />
            </VoteType>
        </Choice>
    </Contest>
    <Contest key="14" text="Commissioner of Insurance - Dem" voteFor="1" isQuestion="false" precinctsReporting="1" precinctsReported="1">
        <VoteType name="Undervotes" votes="3">
            <Precinct name="Warrenton" votes="3" />
        </VoteType>
        <VoteType name="Overvotes" votes="0">
            <Precinct name="Warrenton" votes="0" />
        </VoteType>
        <Choice key="48" text="Raphael Baker" party="DEM" totalVotes="60">
            <VoteType name="Absentee by Mail Votes" votes="10">
                <Precinct name="Warrenton" votes="10" />
            </VoteType>
            <VoteType name="Advance Voting Votes" votes="10">
                <Precinct name="Warrenton" votes="10" />
            </VoteType>
            <VoteType name="Election Day Votes" votes="40">
                <Precinct name="Warrenton" votes="40" />
            </VoteType>
            <VoteType name="Provisional Votes" votes="0">
                <Precinct name="Warrenton" votes="0" />
            </VoteType>
        </Choice>
        <Choice key="49" text="Janice Laws Robinson" party="DEM" totalVotes="71">
            <VoteType name="Absentee by Mail Votes" votes="15">
                <Precinct name="Warrenton" votes="15" />
            </VoteType>
            <VoteType name="Advance Voting Votes" votes="14">
                <Precinct name="Warrenton" votes="14" />
            </VoteType>
            <VoteType name="Election Day Votes" votes="42">
                <Precinct name="Warrenton" votes="42" />
            </VoteType>
            <VoteType name="Provisional Votes" votes="0">
                <Precinct name="Warrenton" votes="0" />
            </VoteType>
        </Choice>
    </Contest>
    <Contest key="18" text="Commissioner of Labor - Dem" voteFor="1" isQuestion="false" precinctsReporting="1" precinctsReported="1">
        <VoteType name="Undervotes" votes="3">
            <Precinct name="Warrenton" votes="3" />
        </VoteType>
        <VoteType name="Overvotes" votes="0">
            <Precinct name="Warrenton" votes="0" />
        </VoteType>
        <Choice key="60" text="William &quot;&quot;Will&quot;&quot; Boddie, Jr." party="DEM" totalVotes="79">
            <VoteType name="Absentee by Mail Votes" votes="14">
                <Precinct name="Warrenton" votes="14" />
            </VoteType>
            <VoteType name="Advance Voting Votes" votes="14">
                <Precinct name="Warrenton" votes="14" />
            </VoteType>
            <VoteType name="Election Day Votes" votes="51">
                <Precinct name="Warrenton" votes="51" />
            </VoteType>
            <VoteType name="Provisional Votes" votes="0">
                <Precinct name="Warrenton" votes="0" />
            </VoteType>
        </Choice>
        <Choice key="62" text="Nicole Horn" party="DEM" totalVotes="52">
            <VoteType name="Absentee by Mail Votes" votes="13">
                <Precinct name="Warrenton" votes="13" />
            </VoteType>
            <VoteType name="Advance Voting Votes" votes="10">
                <Precinct name="Warrenton" votes="10" />
            </VoteType>
            <VoteType name="Election Day Votes" votes="29">
                <Precinct name="Warrenton" votes="29" />
            </VoteType>
            <VoteType name="Provisional Votes" votes="0">
                <Precinct name="Warrenton" votes="0" />
            </VoteType>
        </Choice>
    </Contest>
</ElectionResult>