<?xml version="1.0"?>
<!--Election result snapshot imported from Tabulation System
-->
<ElectionResult>
    <Timestamp>6/27/2022 4:36:04 PM EDT</Timestamp>
    <ElectionName>June 21, 2022 - General Primary -Nonpartisan General Election Runoff</ElectionName>
    <ElectionDate>6/21/2022</ElectionDate>
    <Region>Dodge</Region>
    <VoterTurnout totalVoters="0" ballotsCast="187" voterTurnout="0.00">
        <Precincts>
            <Precinct name="Chauncey" totalVoters="0" ballotsCast="1" voterTurnout="0.00" percentReporting="4" />
            <Precinct name="Clark" totalVoters="0" ballotsCast="0" voterTurnout="0.00" percentReporting="4" />
            <Precinct name="Eddin" totalVoters="0" ballotsCast="37" voterTurnout="0.00" percentReporting="4" />
            <Precinct name="Empire" totalVoters="0" ballotsCast="0" voterTurnout="0.00" percentReporting="4" />
            <Precinct name="Jaybird" totalVoters="0" ballotsCast="9" voterTurnout="0.00" percentReporting="4" />
            <Precinct name="Jones" totalVoters="0" ballotsCast="5" voterTurnout="0.00" percentReporting="4" />
            <Precinct name="Lee" totalVoters="0" ballotsCast="90" voterTurnout="0.00" percentReporting="4" />
            <Precinct name="McCranie" totalVoters="0" ballotsCast="1" voterTurnout="0.00" percentReporting="4" />
            <Precinct name="Milan" totalVoters="0" ballotsCast="3" voterTurnout="0.00" percentReporting="4" />
            <Precinct name="Mitchell" totalVoters="0" ballotsCast="2" voterTurnout="0.00" percentReporting="4" />
            <Precinct name="Mullis" totalVoters="0" ballotsCast="8" voterTurnout="0.00" percentReporting="4" />
            <Precinct name="Plainfield" totalVoters="0" ballotsCast="6" voterTurnout="0.00" percentReporting="4" />
            <Precinct name="Pondtown" totalVoters="0" ballotsCast="13" voterTurnout="0.00" percentReporting="4" />
            <Precinct name="Rawlins" totalVoters="0" ballotsCast="8" voterTurnout="0.00" percentReporting="4" />
            <Precinct name="Vilula" totalVoters="0" ballotsCast="2" voterTurnout="0.00" percentReporting="4" />
            <Precinct name="Yonker" totalVoters="0" ballotsCast="2" voterTurnout="0.00" percentReporting="4" />
        </Precincts>
    </VoterTurnout>
    <Contest key="6" text="Lieutenant Governor - Dem" voteFor="1" isQuestion="false" precinctsReporting="16" precinctsReported="16">
        <VoteType name="Undervotes" votes="1">
            <Precinct name="Chauncey" votes="0" />
            <Precinct name="Clark" votes="0" />
            <Precinct name="Eddin" votes="1" />
            <Precinct name="Empire" votes="0" />
            <Precinct name="Jaybird" votes="0" />
            <Precinct name="Jones" votes="0" />
            <Precinct name="Lee" votes="0" />
            <Precinct name="McCranie" votes="0" />
            <Precinct name="Milan" votes="0" />
            <Precinct name="Mitchell" votes="0" />
            <Precinct name="Mullis" votes="0" />
            <Precinct name="Plainfield" votes="0" />
            <Precinct name="Pondtown" votes="0" />
            <Precinct name="Rawlins" votes="0" />
            <Precinct name="Vilula" votes="0" />
            <Precinct name="Yonker" votes="0" />
        </VoteType>
        <VoteType name="Overvotes" votes="0">
            <Precinct name="Chauncey" votes="0" />
            <Precinct name="Clark" votes="0" />
            <Precinct name="Eddin" votes="0" />
            <Precinct name="Empire" votes="0" />
            <Precinct name="Jaybird" votes="0" />
            <Precinct name="Jones" votes="0" />
            <Precinct name="Lee" votes="0" />
            <Precinct name="McCranie" votes="0" />
            <Precinct name="Milan" votes="0" />
            <Precinct name="Mitchell" votes="0" />
            <Precinct name="Mullis" votes="0" />
            <Precinct name="Plainfield" votes="0" />
            <Precinct name="Pondtown" votes="0" />
            <Precinct name="Rawlins" votes="0" />
            <Precinct name="Vilula" votes="0" />
            <Precinct name="Yonker" votes="0" />
        </VoteType>
        <Choice key="20" text="Charlie Bailey" party="DEM" totalVotes="96">
            <VoteType name="Absentee by Mail Votes" votes="12">
                <Precinct name="Chauncey" votes="0" />
                <Precinct name="Clark" votes="0" />
                <Precinct name="Eddin" votes="4" />
                <Precinct name="Empire" votes="0" />
                <Precinct name="Jaybird" votes="0" />
                <Precinct name="Jones" votes="0" />
                <Precinct name="Lee" votes="6" />
                <Precinct name="McCranie" votes="0" />
                <Precinct name="Milan" votes="0" />
                <Precinct name="Mitchell" votes="0" />
                <Precinct name="Mullis" votes="0" />
                <Precinct name="Plainfield" votes="0" />
                <Precinct name="Pondtown" votes="0" />
                <Precinct name="Rawlins" votes="0" />
                <Precinct name="Vilula" votes="2" />
                <Precinct name="Yonker" votes="0" />
            </VoteType>
            <VoteType name="Advance Voting Votes" votes="12">
                <Precinct name="Chauncey" votes="0" />
                <Precinct name="Clark" votes="0" />
                <Precinct name="Eddin" votes="1" />
                <Precinct name="Empire" votes="0" />
                <Precinct name="Jaybird" votes="1" />
                <Precinct name="Jones" votes="0" />
                <Precinct name="Lee" votes="8" />
                <Precinct name="McCranie" votes="0" />
                <Precinct name="Milan" votes="0" />
                <Precinct name="Mitchell" votes="0" />
                <Precinct name="Mullis" votes="0" />
                <Precinct name="Plainfield" votes="0" />
                <Precinct name="Pondtown" votes="0" />
                <Precinct name="Rawlins" votes="2" />
                <Precinct name="Vilula" votes="0" />
                <Precinct name="Yonker" votes="0" />
            </VoteType>
            <VoteType name="Election Day Votes" votes="72">
                <Precinct name="Chauncey" votes="1" />
                <Precinct name="Clark" votes="0" />
                <Precinct name="Eddin" votes="11" />
                <Precinct name="Empire" votes="0" />
                <Precinct name="Jaybird" votes="5" />
                <Precinct name="Jones" votes="5" />
                <Precinct name="Lee" votes="28" />
                <Precinct name="McCranie" votes="0" />
                <Precinct name="Milan" votes="3" />
                <Precinct name="Mitchell" votes="1" />
                <Precinct name="Mullis" votes="7" />
                <Precinct name="Plainfield" votes="2" />
                <Precinct name="Pondtown" votes="7" />
                <Precinct name="Rawlins" votes="2" />
                <Precinct name="Vilula" votes="0" />
                <Precinct name="Yonker" votes="0" />
            </VoteType>
            <VoteType name="Provisional Votes" votes="0">
                <Precinct name="Chauncey" votes="0" />
                <Precinct name="Clark" votes="0" />
                <Precinct name="Eddin" votes="0" />
                <Precinct name="Empire" votes="0" />
                <Precinct name="Jaybird" votes="0" />
                <Precinct name="Jones" votes="0" />
                <Precinct name="Lee" votes="0" />
                <Precinct name="McCranie" votes="0" />
                <Precinct name="Milan" votes="0" />
                <Precinct name="Mitchell" votes="0" />
                <Precinct name="Mullis" votes="0" />
                <Precinct name="Plainfield" votes="0" />
                <Precinct name="Pondtown" votes="0" />
                <Precinct name="Rawlins" votes="0" />
                <Precinct name="Vilula" votes="0" />
                <Precinct name="Yonker" votes="0" />
            </VoteType>
        </Choice>
        <Choice key="23" text="Kwanza Hall" party="DEM" totalVotes="90">
            <VoteType name="Absentee by Mail Votes" votes="19">
                <Precinct name="Chauncey" votes="0" />
                <Precinct name="Clark" votes="0" />
                <Precinct name="Eddin" votes="3" />
                <Precinct name="Empire" votes="0" />
                <Precinct name="Jaybird" votes="0" />
                <Precinct name="Jones" votes="0" />
                <Precinct name="Lee" votes="15" />
                <Precinct name="McCranie" votes="0" />
                <Precinct name="Milan" votes="0" />
                <Precinct name="Mitchell" votes="0" />
                <Precinct name="Mullis" votes="0" />
                <Precinct name="Plainfield" votes="0" />
                <Precinct name="Pondtown" votes="0" />
                <Precinct name="Rawlins" votes="1" />
                <Precinct name="Vilula" votes="0" />
                <Precinct name="Yonker" votes="0" />
            </VoteType>
            <VoteType name="Advance Voting Votes" votes="16">
                <Precinct name="Chauncey" votes="0" />
                <Precinct name="Clark" votes="0" />
                <Precinct name="Eddin" votes="3" />
                <Precinct name="Empire" votes="0" />
                <Precinct name="Jaybird" votes="1" />
                <Precinct name="Jones" votes="0" />
                <Precinct name="Lee" votes="8" />
                <Precinct name="McCranie" votes="0" />
                <Precinct name="Milan" votes="0" />
                <Precinct name="Mitchell" votes="1" />
                <Precinct name="Mullis" votes="1" />
                <Precinct name="Plainfield" votes="0" />
                <Precinct name="Pondtown" votes="2" />
                <Precinct name="Rawlins" votes="0" />
                <Precinct name="Vilula" votes="0" />
                <Precinct name="Yonker" votes="0" />
            </VoteType>
            <VoteType name="Election Day Votes" votes="55">
                <Precinct name="Chauncey" votes="0" />
                <Precinct name="Clark" votes="0" />
                <Precinct name="Eddin" votes="14" />
                <Precinct name="Empire" votes="0" />
                <Precinct name="Jaybird" votes="2" />
                <Precinct name="Jones" votes="0" />
                <Precinct name="Lee" votes="25" />
                <Precinct name="McCranie" votes="1" />
                <Precinct name="Milan" votes="0" />
                <Precinct name="Mitchell" votes="0" />
                <Precinct name="Mullis" votes="0" />
                <Precinct name="Plainfield" votes="4" />
                <Precinct name="Pondtown" votes="4" />
                <Precinct name="Rawlins" votes="3" />
                <Precinct name="Vilula" votes="0" />
                <Precinct name="Yonker" votes="2" />
            </VoteType>
            <VoteType name="Provisional Votes" votes="0">
                <Precinct name="Chauncey" votes="0" />
                <Precinct name="Clark" votes="0" />
                <Precinct name="Eddin" votes="0" />
                <Precinct name="Empire" votes="0" />
                <Precinct name="Jaybird" votes="0" />
                <Precinct name="Jones" votes="0" />
                <Precinct name="Lee" votes="0" />
                <Precinct name="McCranie" votes="0" />
                <Precinct name="Milan" votes="0" />
                <Precinct name="Mitchell" votes="0" />
                <Precinct name="Mullis" votes="0" />
                <Precinct name="Plainfield" votes="0" />
                <Precinct name="Pondtown" votes="0" />
                <Precinct name="Rawlins" votes="0" />
                <Precinct name="Vilula" votes="0" />
                <Precinct name="Yonker" votes="0" />
            </VoteType>
        </Choice>
    </Contest>
    <Contest key="8" text="Secretary of State - Dem" voteFor="1" isQuestion="false" precinctsReporting="16" precinctsReported="16">
        <VoteType name="Undervotes" votes="1">
            <Precinct name="Chauncey" votes="0" />
            <Precinct name="Clark" votes="0" />
            <Precinct name="Eddin" votes="1" />
            <Precinct name="Empire" votes="0" />
            <Precinct name="Jaybird" votes="0" />
            <Precinct name="Jones" votes="0" />
            <Precinct name="Lee" votes="0" />
            <Precinct name="McCranie" votes="0" />
            <Precinct name="Milan" votes="0" />
            <Precinct name="Mitchell" votes="0" />
            <Precinct name="Mullis" votes="0" />
            <Precinct name="Plainfield" votes="0" />
            <Precinct name="Pondtown" votes="0" />
            <Precinct name="Rawlins" votes="0" />
            <Precinct name="Vilula" votes="0" />
            <Precinct name="Yonker" votes="0" />
        </VoteType>
        <VoteType name="Overvotes" votes="0">
            <Precinct name="Chauncey" votes="0" />
            <Precinct name="Clark" votes="0" />
            <Precinct name="Eddin" votes="0" />
            <Precinct name="Empire" votes="0" />
            <Precinct name="Jaybird" votes="0" />
            <Precinct name="Jones" votes="0" />
            <Precinct name="Lee" votes="0" />
            <Precinct name="McCranie" votes="0" />
            <Precinct name="Milan" votes="0" />
            <Precinct name="Mitchell" votes="0" />
            <Precinct name="Mullis" votes="0" />
            <Precinct name="Plainfield" votes="0" />
            <Precinct name="Pondtown" votes="0" />
            <Precinct name="Rawlins" votes="0" />
            <Precinct name="Vilula" votes="0" />
            <Precinct name="Yonker" votes="0" />
        </VoteType>
        <Choice key="32" text="Dee Dawkins-Haigler" party="DEM" totalVotes="55">
            <VoteType name="Absentee by Mail Votes" votes="14">
                <Precinct name="Chauncey" votes="0" />
                <Precinct name="Clark" votes="0" />
                <Precinct name="Eddin" votes="3" />
                <Precinct name="Empire" votes="0" />
                <Precinct name="Jaybird" votes="0" />
                <Precinct name="Jones" votes="0" />
                <Precinct name="Lee" votes="9" />
                <Precinct name="McCranie" votes="0" />
                <Precinct name="Milan" votes="0" />
                <Precinct name="Mitchell" votes="0" />
                <Precinct name="Mullis" votes="0" />
                <Precinct name="Plainfield" votes="0" />
                <Precinct name="Pondtown" votes="0" />
                <Precinct name="Rawlins" votes="1" />
                <Precinct name="Vilula" votes="1" />
                <Precinct name="Yonker" votes="0" />
            </VoteType>
            <VoteType name="Advance Voting Votes" votes="9">
                <Precinct name="Chauncey" votes="0" />
                <Precinct name="Clark" votes="0" />
                <Precinct name="Eddin" votes="0" />
                <Precinct name="Empire" votes="0" />
                <Precinct name="Jaybird" votes="2" />
                <Precinct name="Jones" votes="0" />
                <Precinct name="Lee" votes="6" />
                <Precinct name="McCranie" votes="0" />
                <Precinct name="Milan" votes="0" />
                <Precinct name="Mitchell" votes="1" />
                <Precinct name="Mullis" votes="0" />
                <Precinct name="Plainfield" votes="0" />
                <Precinct name="Pondtown" votes="0" />
                <Precinct name="Rawlins" votes="0" />
                <Precinct name="Vilula" votes="0" />
                <Precinct name="Yonker" votes="0" />
            </VoteType>
            <VoteType name="Election Day Votes" votes="32">
                <Precinct name="Chauncey" votes="1" />
                <Precinct name="Clark" votes="0" />
                <Precinct name="Eddin" votes="5" />
                <Precinct name="Empire" votes="0" />
                <Precinct name="Jaybird" votes="1" />
                <Precinct name="Jones" votes="1" />
                <Precinct name="Lee" votes="10" />
                <Precinct name="McCranie" votes="0" />
                <Precinct name="Milan" votes="0" />
                <Precinct name="Mitchell" votes="0" />
                <Precinct name="Mullis" votes="4" />
                <Precinct name="Plainfield" votes="0" />
                <Precinct name="Pondtown" votes="6" />
                <Precinct name="Rawlins" votes="2" />
                <Precinct name="Vilula" votes="0" />
                <Precinct name="Yonker" votes="2" />
            </VoteType>
            <VoteType name="Provisional Votes" votes="0">
                <Precinct name="Chauncey" votes="0" />
                <Precinct name="Clark" votes="0" />
                <Precinct name="Eddin" votes="0" />
                <Precinct name="Empire" votes="0" />
                <Precinct name="Jaybird" votes="0" />
                <Precinct name="Jones" votes="0" />
                <Precinct name="Lee" votes="0" />
                <Precinct name="McCranie" votes="0" />
                <Precinct name="Milan" votes="0" />
                <Precinct name="Mitchell" votes="0" />
                <Precinct name="Mullis" votes="0" />
                <Precinct name="Plainfield" votes="0" />
                <Precinct name="Pondtown" votes="0" />
                <Precinct name="Rawlins" votes="0" />
                <Precinct name="Vilula" votes="0" />
                <Precinct name="Yonker" votes="0" />
            </VoteType>
        </Choice>
        <Choice key="35" text="Bee Nguyen" party="DEM" totalVotes="131">
            <VoteType name="Absentee by Mail Votes" votes="17">
                <Precinct name="Chauncey" votes="0" />
                <Precinct name="Clark" votes="0" />
                <Precinct name="Eddin" votes="4" />
                <Precinct name="Empire" votes="0" />
                <Precinct name="Jaybird" votes="0" />
                <Precinct name="Jones" votes="0" />
                <Precinct name="Lee" votes="12" />
                <Precinct name="McCranie" votes="0" />
                <Precinct name="Milan" votes="0" />
                <Precinct name="Mitchell" votes="0" />
                <Precinct name="Mullis" votes="0" />
                <Precinct name="Plainfield" votes="0" />
                <Precinct name="Pondtown" votes="0" />
                <Precinct name="Rawlins" votes="0" />
                <Precinct name="Vilula" votes="1" />
                <Precinct name="Yonker" votes="0" />
            </VoteType>
            <VoteType name="Advance Voting Votes" votes="19">
                <Precinct name="Chauncey" votes="0" />
                <Precinct name="Clark" votes="0" />
                <Precinct name="Eddin" votes="4" />
                <Precinct name="Empire" votes="0" />
                <Precinct name="Jaybird" votes="0" />
                <Precinct name="Jones" votes="0" />
                <Precinct name="Lee" votes="10" />
                <Precinct name="McCranie" votes="0" />
                <Precinct name="Milan" votes="0" />
                <Precinct name="Mitchell" votes="0" />
                <Precinct name="Mullis" votes="1" />
                <Precinct name="Plainfield" votes="0" />
                <Precinct name="Pondtown" votes="2" />
                <Precinct name="Rawlins" votes="2" />
                <Precinct name="Vilula" votes="0" />
                <Precinct name="Yonker" votes="0" />
            </VoteType>
            <VoteType name="Election Day Votes" votes="95">
                <Precinct name="Chauncey" votes="0" />
                <Precinct name="Clark" votes="0" />
                <Precinct name="Eddin" votes="20" />
                <Precinct name="Empire" votes="0" />
                <Precinct name="Jaybird" votes="6" />
                <Precinct name="Jones" votes="4" />
                <Precinct name="Lee" votes="43" />
                <Precinct name="McCranie" votes="1" />
                <Precinct name="Milan" votes="3" />
                <Precinct name="Mitchell" votes="1" />
                <Precinct name="Mullis" votes="3" />
                <Precinct name="Plainfield" votes="6" />
                <Precinct name="Pondtown" votes="5" />
                <Precinct name="Rawlins" votes="3" />
                <Precinct name="Vilula" votes="0" />
                <Precinct name="Yonker" votes="0" />
            </VoteType>
            <VoteType name="Provisional Votes" votes="0">
                <Precinct name="Chauncey" votes="0" />
                <Precinct name="Clark" votes="0" />
                <Precinct name="Eddin" votes="0" />
                <Precinct name="Empire" votes="0" />
                <Precinct name="Jaybird" votes="0" />
                <Precinct name="Jones" votes="0" />
                <Precinct name="Lee" votes="0" />
                <Precinct name="McCranie" votes="0" />
                <Precinct name="Milan" votes="0" />
                <Precinct name="Mitchell" votes="0" />
                <Precinct name="Mullis" votes="0" />
                <Precinct name="Plainfield" votes="0" />
                <Precinct name="Pondtown" votes="0" />
                <Precinct name="Rawlins" votes="0" />
                <Precinct name="Vilula" votes="0" />
                <Precinct name="Yonker" votes="0" />
            </VoteType>
        </Choice>
    </Contest>
    <Contest key="14" text="Commissioner of Insurance - Dem" voteFor="1" isQuestion="false" precinctsReporting="16" precinctsReported="16">
        <VoteType name="Undervotes" votes="6">
            <Precinct name="Chauncey" votes="0" />
            <Precinct name="Clark" votes="0" />
            <Precinct name="Eddin" votes="2" />
            <Precinct name="Empire" votes="0" />
            <Precinct name="Jaybird" votes="0" />
            <Precinct name="Jones" votes="0" />
            <Precinct name="Lee" votes="2" />
            <Precinct name="McCranie" votes="0" />
            <Precinct name="Milan" votes="0" />
            <Precinct name="Mitchell" votes="0" />
            <Precinct name="Mullis" votes="1" />
            <Precinct name="Plainfield" votes="1" />
            <Precinct name="Pondtown" votes="0" />
            <Precinct name="Rawlins" votes="0" />
            <Precinct name="Vilula" votes="0" />
            <Precinct name="Yonker" votes="0" />
        </VoteType>
        <VoteType name="Overvotes" votes="0">
            <Precinct name="Chauncey" votes="0" />
            <Precinct name="Clark" votes="0" />
            <Precinct name="Eddin" votes="0" />
            <Precinct name="Empire" votes="0" />
            <Precinct name="Jaybird" votes="0" />
            <Precinct name="Jones" votes="0" />
            <Precinct name="Lee" votes="0" />
            <Precinct name="McCranie" votes="0" />
            <Precinct name="Milan" votes="0" />
            <Precinct name="Mitchell" votes="0" />
            <Precinct name="Mullis" votes="0" />
            <Precinct name="Plainfield" votes="0" />
            <Precinct name="Pondtown" votes="0" />
            <Precinct name="Rawlins" votes="0" />
            <Precinct name="Vilula" votes="0" />
            <Precinct name="Yonker" votes="0" />
        </VoteType>
        <Choice key="48" text="Raphael Baker" party="DEM" totalVotes="71">
            <VoteType name="Absentee by Mail Votes" votes="16">
                <Precinct name="Chauncey" votes="0" />
                <Precinct name="Clark" votes="0" />
                <Precinct name="Eddin" votes="5" />
                <Precinct name="Empire" votes="0" />
                <Precinct name="Jaybird" votes="0" />
                <Precinct name="Jones" votes="0" />
                <Precinct name="Lee" votes="9" />
                <Precinct name="McCranie" votes="0" />
                <Precinct name="Milan" votes="0" />
                <Precinct name="Mitchell" votes="0" />
                <Precinct name="Mullis" votes="0" />
                <Precinct name="Plainfield" votes="0" />
                <Precinct name="Pondtown" votes="0" />
                <Precinct name="Rawlins" votes="0" />
                <Precinct name="Vilula" votes="2" />
                <Precinct name="Yonker" votes="0" />
            </VoteType>
            <VoteType name="Advance Voting Votes" votes="10">
                <Precinct name="Chauncey" votes="0" />
                <Precinct name="Clark" votes="0" />
                <Precinct name="Eddin" votes="2" />
                <Precinct name="Empire" votes="0" />
                <Precinct name="Jaybird" votes="1" />
                <Precinct name="Jones" votes="0" />
                <Precinct name="Lee" votes="6" />
                <Precinct name="McCranie" votes="0" />
                <Precinct name="Milan" votes="0" />
                <Precinct name="Mitchell" votes="0" />
                <Precinct name="Mullis" votes="1" />
                <Precinct name="Plainfield" votes="0" />
                <Precinct name="Pondtown" votes="0" />
                <Precinct name="Rawlins" votes="0" />
                <Precinct name="Vilula" votes="0" />
                <Precinct name="Yonker" votes="0" />
            </VoteType>
            <VoteType name="Election Day Votes" votes="45">
                <Precinct name="Chauncey" votes="0" />
                <Precinct name="Clark" votes="0" />
                <Precinct name="Eddin" votes="8" />
                <Precinct name="Empire" votes="0" />
                <Precinct name="Jaybird" votes="2" />
                <Precinct name="Jones" votes="3" />
                <Precinct name="Lee" votes="15" />
                <Precinct name="McCranie" votes="1" />
                <Precinct name="Milan" votes="1" />
                <Precinct name="Mitchell" votes="0" />
                <Precinct name="Mullis" votes="4" />
                <Precinct name="Plainfield" votes="2" />
                <Precinct name="Pondtown" votes="5" />
                <Precinct name="Rawlins" votes="2" />
                <Precinct name="Vilula" votes="0" />
                <Precinct name="Yonker" votes="2" />
            </VoteType>
            <VoteType name="Provisional Votes" votes="0">
                <Precinct name="Chauncey" votes="0" />
                <Precinct name="Clark" votes="0" />
                <Precinct name="Eddin" votes="0" />
                <Precinct name="Empire" votes="0" />
                <Precinct name="Jaybird" votes="0" />
                <Precinct name="Jones" votes="0" />
                <Precinct name="Lee" votes="0" />
                <Precinct name="McCranie" votes="0" />
                <Precinct name="Milan" votes="0" />
                <Precinct name="Mitchell" votes="0" />
                <Precinct name="Mullis" votes="0" />
                <Precinct name="Plainfield" votes="0" />
                <Precinct name="Pondtown" votes="0" />
                <Precinct name="Rawlins" votes="0" />
                <Precinct name="Vilula" votes="0" />
                <Precinct name="Yonker" votes="0" />
            </VoteType>
        </Choice>
        <Choice key="49" text="Janice Laws Robinson" party="DEM" totalVotes="110">
            <VoteType name="Absentee by Mail Votes" votes="15">
                <Precinct name="Chauncey" votes="0" />
                <Precinct name="Clark" votes="0" />
                <Precinct name="Eddin" votes="2" />
                <Precinct name="Empire" votes="0" />
                <Precinct name="Jaybird" votes="0" />
                <Precinct name="Jones" votes="0" />
                <Precinct name="Lee" votes="12" />
                <Precinct name="McCranie" votes="0" />
                <Precinct name="Milan" votes="0" />
                <Precinct name="Mitchell" votes="0" />
                <Precinct name="Mullis" votes="0" />
                <Precinct name="Plainfield" votes="0" />
                <Precinct name="Pondtown" votes="0" />
                <Precinct name="Rawlins" votes="1" />
                <Precinct name="Vilula" votes="0" />
                <Precinct name="Yonker" votes="0" />
            </VoteType>
            <VoteType name="Advance Voting Votes" votes="18">
                <Precinct name="Chauncey" votes="0" />
                <Precinct name="Clark" votes="0" />
                <Precinct name="Eddin" votes="2" />
                <Precinct name="Empire" votes="0" />
                <Precinct name="Jaybird" votes="1" />
                <Precinct name="Jones" votes="0" />
                <Precinct name="Lee" votes="10" />
                <Precinct name="McCranie" votes="0" />
                <Precinct name="Milan" votes="0" />
                <Precinct name="Mitchell" votes="1" />
                <Precinct name="Mullis" votes="0" />
                <Precinct name="Plainfield" votes="0" />
                <Precinct name="Pondtown" votes="2" />
                <Precinct name="Rawlins" votes="2" />
                <Precinct name="Vilula" votes="0" />
                <Precinct name="Yonker" votes="0" />
            </VoteType>
            <VoteType name="Election Day Votes" votes="77">
                <Precinct name="Chauncey" votes="1" />
                <Precinct name="Clark" votes="0" />
                <Precinct name="Eddin" votes="16" />
                <Precinct name="Empire" votes="0" />
                <Precinct name="Jaybird" votes="5" />
                <Precinct name="Jones" votes="2" />
                <Precinct name="Lee" votes="36" />
                <Precinct name="McCranie" votes="0" />
                <Precinct name="Milan" votes="2" />
                <Precinct name="Mitchell" votes="1" />
                <Precinct name="Mullis" votes="2" />
                <Precinct name="Plainfield" votes="3" />
                <Precinct name="Pondtown" votes="6" />
                <Precinct name="Rawlins" votes="3" />
                <Precinct name="Vilula" votes="0" />
                <Precinct name="Yonker" votes="0" />
            </VoteType>
            <VoteType name="Provisional Votes" votes="0">
                <Precinct name="Chauncey" votes="0" />
                <Precinct name="Clark" votes="0" />
                <Precinct name="Eddin" votes="0" />
                <Precinct name="Empire" votes="0" />
                <Precinct name="Jaybird" votes="0" />
                <Precinct name="Jones" votes="0" />
                <Precinct name="Lee" votes="0" />
                <Precinct name="McCranie" votes="0" />
                <Precinct name="Milan" votes="0" />
                <Precinct name="Mitchell" votes="0" />
                <Precinct name="Mullis" votes="0" />
                <Precinct name="Plainfield" votes="0" />
                <Precinct name="Pondtown" votes="0" />
                <Precinct name="Rawlins" votes="0" />
                <Precinct name="Vilula" votes="0" />
                <Precinct name="Yonker" votes="0" />
            </VoteType>
        </Choice>
    </Contest>
    <Contest key="18" text="Commissioner of Labor - Dem" voteFor="1" isQuestion="false" precinctsReporting="16" precinctsReported="16">
        <VoteType name="Undervotes" votes="5">
            <Precinct name="Chauncey" votes="0" />
            <Precinct name="Clark" votes="0" />
            <Precinct name="Eddin" votes="1" />
            <Precinct name="Empire" votes="0" />
            <Precinct name="Jaybird" votes="0" />
            <Precinct name="Jones" votes="0" />
            <Precinct name="Lee" votes="3" />
            <Precinct name="McCranie" votes="0" />
            <Precinct name="Milan" votes="0" />
            <Precinct name="Mitchell" votes="0" />
            <Precinct name="Mullis" votes="1" />
            <Precinct name="Plainfield" votes="0" />
            <Precinct name="Pondtown" votes="0" />
            <Precinct name="Rawlins" votes="0" />
            <Precinct name="Vilula" votes="0" />
            <Precinct name="Yonker" votes="0" />
        </VoteType>
        <VoteType name="Overvotes" votes="0">
            <Precinct name="Chauncey" votes="0" />
            <Precinct name="Clark" votes="0" />
            <Precinct name="Eddin" votes="0" />
            <Precinct name="Empire" votes="0" />
            <Precinct name="Jaybird" votes="0" />
            <Precinct name="Jones" votes="0" />
            <Precinct name="Lee" votes="0" />
            <Precinct name="McCranie" votes="0" />
            <Precinct name="Milan" votes="0" />
            <Precinct name="Mitchell" votes="0" />
            <Precinct name="Mullis" votes="0" />
            <Precinct name="Plainfield" votes="0" />
            <Precinct name="Pondtown" votes="0" />
            <Precinct name="Rawlins" votes="0" />
            <Precinct name="Vilula" votes="0" />
            <Precinct name="Yonker" votes="0" />
        </VoteType>
        <Choice key="60" text="William &quot;&quot;Will&quot;&quot; Boddie, Jr." party="DEM" totalVotes="109">
            <VoteType name="Absentee by Mail Votes" votes="15">
                <Precinct name="Chauncey" votes="0" />
                <Precinct name="Clark" votes="0" />
                <Precinct name="Eddin" votes="4" />
                <Precinct name="Empire" votes="0" />
                <Precinct name="Jaybird" votes="0" />
                <Precinct name="Jones" votes="0" />
                <Precinct name="Lee" votes="9" />
                <Precinct name="McCranie" votes="0" />
                <Precinct name="Milan" votes="0" />
                <Precinct name="Mitchell" votes="0" />
                <Precinct name="Mullis" votes="0" />
                <Precinct name="Plainfield" votes="0" />
                <Precinct name="Pondtown" votes="0" />
                <Precinct name="Rawlins" votes="1" />
                <Precinct name="Vilula" votes="1" />
                <Precinct name="Yonker" votes="0" />
            </VoteType>
            <VoteType name="Advance Voting Votes" votes="18">
                <Precinct name="Chauncey" votes="0" />
                <Precinct name="Clark" votes="0" />
                <Precinct name="Eddin" votes="3" />
                <Precinct name="Empire" votes="0" />
                <Precinct name="Jaybird" votes="1" />
                <Precinct name="Jones" votes="0" />
                <Precinct name="Lee" votes="11" />
                <Precinct name="McCranie" votes="0" />
                <Precinct name="Milan" votes="0" />
                <Precinct name="Mitchell" votes="1" />
                <Precinct name="Mullis" votes="0" />
                <Precinct name="Plainfield" votes="0" />
                <Precinct name="Pondtown" votes="0" />
                <Precinct name="Rawlins" votes="2" />
                <Precinct name="Vilula" votes="0" />
                <Precinct name="Yonker" votes="0" />
            </VoteType>
            <VoteType name="Election Day Votes" votes="76">
                <Precinct name="Chauncey" votes="0" />
                <Precinct name="Clark" votes="0" />
                <Precinct name="Eddin" votes="16" />
                <Precinct name="Empire" votes="0" />
                <Precinct name="Jaybird" votes="3" />
                <Precinct name="Jones" votes="2" />
                <Precinct name="Lee" votes="30" />
                <Precinct name="McCranie" votes="1" />
                <Precinct name="Milan" votes="3" />
                <Precinct name="Mitchell" votes="1" />
                <Precinct name="Mullis" votes="4" />
                <Precinct name="Plainfield" votes="4" />
                <Precinct name="Pondtown" votes="6" />
                <Precinct name="Rawlins" votes="4" />
                <Precinct name="Vilula" votes="0" />
                <Precinct name="Yonker" votes="2" />
            </VoteType>
            <VoteType name="Provisional Votes" votes="0">
                <Precinct name="Chauncey" votes="0" />
                <Precinct name="Clark" votes="0" />
                <Precinct name="Eddin" votes="0" />
                <Precinct name="Empire" votes="0" />
                <Precinct name="Jaybird" votes="0" />
                <Precinct name="Jones" votes="0" />
                <Precinct name="Lee" votes="0" />
                <Precinct name="McCranie" votes="0" />
                <Precinct name="Milan" votes="0" />
                <Precinct name="Mitchell" votes="0" />
                <Precinct name="Mullis" votes="0" />
                <Precinct name="Plainfield" votes="0" />
                <Precinct name="Pondtown" votes="0" />
                <Precinct name="Rawlins" votes="0" />
                <Precinct name="Vilula" votes="0" />
                <Precinct name="Yonker" votes="0" />
            </VoteType>
        </Choice>
        <Choice key="62" text="Nicole Horn" party="DEM" totalVotes="73">
            <VoteType name="Absentee by Mail Votes" votes="16">
                <Precinct name="Chauncey" votes="0" />
                <Precinct name="Clark" votes="0" />
                <Precinct name="Eddin" votes="3" />
                <Precinct name="Empire" votes="0" />
                <Precinct name="Jaybird" votes="0" />
                <Precinct name="Jones" votes="0" />
                <Precinct name="Lee" votes="12" />
                <Precinct name="McCranie" votes="0" />
                <Precinct name="Milan" votes="0" />
                <Precinct name="Mitchell" votes="0" />
                <Precinct name="Mullis" votes="0" />
                <Precinct name="Plainfield" votes="0" />
                <Precinct name="Pondtown" votes="0" />
                <Precinct name="Rawlins" votes="0" />
                <Precinct name="Vilula" votes="1" />
                <Precinct name="Yonker" votes="0" />
            </VoteType>
            <VoteType name="Advance Voting Votes" votes="9">
                <Precinct name="Chauncey" votes="0" />
                <Precinct name="Clark" votes="0" />
                <Precinct name="Eddin" votes="1" />
                <Precinct name="Empire" votes="0" />
                <Precinct name="Jaybird" votes="1" />
                <Precinct name="Jones" votes="0" />
                <Precinct name="Lee" votes="4" />
                <Precinct name="McCranie" votes="0" />
                <Precinct name="Milan" votes="0" />
                <Precinct name="Mitchell" votes="0" />
                <Precinct name="Mullis" votes="1" />
                <Precinct name="Plainfield" votes="0" />
                <Precinct name="Pondtown" votes="2" />
                <Precinct name="Rawlins" votes="0" />
                <Precinct name="Vilula" votes="0" />
                <Precinct name="Yonker" votes="0" />
            </VoteType>
            <VoteType name="Election Day Votes" votes="48">
                <Precinct name="Chauncey" votes="1" />
                <Precinct name="Clark" votes="0" />
                <Precinct name="Eddin" votes="9" />
                <Precinct name="Empire" votes="0" />
                <Precinct name="Jaybird" votes="4" />
                <Precinct name="Jones" votes="3" />
                <Precinct name="Lee" votes="21" />
                <Precinct name="McCranie" votes="0" />
                <Precinct name="Milan" votes="0" />
                <Precinct name="Mitchell" votes="0" />
                <Precinct name="Mullis" votes="2" />
                <Precinct name="Plainfield" votes="2" />
                <Precinct name="Pondtown" votes="5" />
                <Precinct name="Rawlins" votes="1" />
                <Precinct name="Vilula" votes="0" />
                <Precinct name="Yonker" votes="0" />
            </VoteType>
            <VoteType name="Provisional Votes" votes="0">
                <Precinct name="Chauncey" votes="0" />
                <Precinct name="Clark" votes="0" />
                <Precinct name="Eddin" votes="0" />
                <Precinct name="Empire" votes="0" />
                <Precinct name="Jaybird" votes="0" />
                <Precinct name="Jones" votes="0" />
                <Precinct name="Lee" votes="0" />
                <Precinct name="McCranie" votes="0" />
                <Precinct name="Milan" votes="0" />
                <Precinct name="Mitchell" votes="0" />
                <Precinct name="Mullis" votes="0" />
                <Precinct name="Plainfield" votes="0" />
                <Precinct name="Pondtown" votes="0" />
                <Precinct name="Rawlins" votes="0" />
                <Precinct name="Vilula" votes="0" />
                <Precinct name="Yonker" votes="0" />
            </VoteType>
        </Choice>
    </Contest>
</ElectionResult>