<?xml version="1.0"?>
<!--Election result snapshot imported from Tabulation System
-->
<ElectionResult>
    <Timestamp>6/28/2022 2:27:17 PM EDT</Timestamp>
    <ElectionName>June 21, 2022 - General Primary -Nonpartisan General Election Runoff</ElectionName>
    <ElectionDate>6/21/2022</ElectionDate>
    <Region>Newton</Region>
    <VoterTurnout totalVoters="78681" ballotsCast="2789" voterTurnout="3.54">
        <Precincts>
            <Precinct name="01-City Pond" totalVoters="1826" ballotsCast="74" voterTurnout="4.05" percentReporting="4" />
            <Precinct name="02-Town" totalVoters="4338" ballotsCast="217" voterTurnout="5.00" percentReporting="4" />
            <Precinct name="03-Almon" totalVoters="4899" ballotsCast="258" voterTurnout="5.27" percentReporting="4" />
            <Precinct name="04-Alcovy" totalVoters="4741" ballotsCast="151" voterTurnout="3.18" percentReporting="4" />
            <Precinct name="05-Covington Mills" totalVoters="3171" ballotsCast="128" voterTurnout="4.04" percentReporting="4" />
            <Precinct name="06-Brewers" totalVoters="3586" ballotsCast="63" voterTurnout="1.76" percentReporting="4" />
            <Precinct name="07-Brick Store" totalVoters="2727" ballotsCast="55" voterTurnout="2.02" percentReporting="4" />
            <Precinct name="08-Cedar Shoals" totalVoters="2934" ballotsCast="91" voterTurnout="3.10" percentReporting="4" />
            <Precinct name="09-Livingston" totalVoters="4549" ballotsCast="199" voterTurnout="4.37" percentReporting="4" />
            <Precinct name="10-Downs" totalVoters="6181" ballotsCast="222" voterTurnout="3.59" percentReporting="4" />
            <Precinct name="12-Gum Creek" totalVoters="4093" ballotsCast="130" voterTurnout="3.18" percentReporting="4" />
            <Precinct name="13-Beaverdam" totalVoters="5325" ballotsCast="247" voterTurnout="4.64" percentReporting="4" />
            <Precinct name="14-Leguinn" totalVoters="2271" ballotsCast="46" voterTurnout="2.03" percentReporting="4" />
            <Precinct name="15-Mansfield" totalVoters="1551" ballotsCast="28" voterTurnout="1.81" percentReporting="4" />
            <Precinct name="16-Newborn" totalVoters="787" ballotsCast="17" voterTurnout="2.16" percentReporting="4" />
            <Precinct name="17-Oxford" totalVoters="2361" ballotsCast="70" voterTurnout="2.96" percentReporting="4" />
            <Precinct name="18-Rocky Plains" totalVoters="3680" ballotsCast="66" voterTurnout="1.79" percentReporting="4" />
            <Precinct name="19-Buck Creek" totalVoters="4717" ballotsCast="177" voterTurnout="3.75" percentReporting="4" />
            <Precinct name="20-Stansells" totalVoters="5014" ballotsCast="225" voterTurnout="4.49" percentReporting="4" />
            <Precinct name="23-Fairview" totalVoters="2837" ballotsCast="88" voterTurnout="3.10" percentReporting="4" />
            <Precinct name="24-Crowell" totalVoters="4740" ballotsCast="196" voterTurnout="4.14" percentReporting="4" />
            <Precinct name="25-Hub" totalVoters="2353" ballotsCast="41" voterTurnout="1.74" percentReporting="4" />
        </Precincts>
    </VoterTurnout>
    <Contest key="6" text="Lieutenant Governor - Dem" voteFor="1" isQuestion="false" precinctsReporting="22" precinctsReported="22">
        <VoteType name="Undervotes" votes="18">
            <Precinct name="01-City Pond" votes="1" />
            <Precinct name="02-Town" votes="3" />
            <Precinct name="03-Almon" votes="1" />
            <Precinct name="04-Alcovy" votes="2" />
            <Precinct name="05-Covington Mills" votes="0" />
            <Precinct name="06-Brewers" votes="0" />
            <Precinct name="07-Brick Store" votes="1" />
            <Precinct name="08-Cedar Shoals" votes="1" />
            <Precinct name="09-Livingston" votes="0" />
            <Precinct name="10-Downs" votes="1" />
            <Precinct name="12-Gum Creek" votes="0" />
            <Precinct name="13-Beaverdam" votes="0" />
            <Precinct name="14-Leguinn" votes="0" />
            <Precinct name="15-Mansfield" votes="0" />
            <Precinct name="16-Newborn" votes="2" />
            <Precinct name="17-Oxford" votes="2" />
            <Precinct name="18-Rocky Plains" votes="1" />
            <Precinct name="19-Buck Creek" votes="0" />
            <Precinct name="20-Stansells" votes="2" />
            <Precinct name="23-Fairview" votes="0" />
            <Precinct name="24-Crowell" votes="1" />
            <Precinct name="25-Hub" votes="0" />
        </VoteType>
        <VoteType name="Overvotes" votes="0">
            <Precinct name="01-City Pond" votes="0" />
            <Precinct name="02-Town" votes="0" />
            <Precinct name="03-Almon" votes="0" />
            <Precinct name="04-Alcovy" votes="0" />
            <Precinct name="05-Covington Mills" votes="0" />
            <Precinct name="06-Brewers" votes="0" />
            <Precinct name="07-Brick Store" votes="0" />
            <Precinct name="08-Cedar Shoals" votes="0" />
            <Precinct name="09-Livingston" votes="0" />
            <Precinct name="10-Downs" votes="0" />
            <Precinct name="12-Gum Creek" votes="0" />
            <Precinct name="13-Beaverdam" votes="0" />
            <Precinct name="14-Leguinn" votes="0" />
            <Precinct name="15-Mansfield" votes="0" />
            <Precinct name="16-Newborn" votes="0" />
            <Precinct name="17-Oxford" votes="0" />
            <Precinct name="18-Rocky Plains" votes="0" />
            <Precinct name="19-Buck Creek" votes="0" />
            <Precinct name="20-Stansells" votes="0" />
            <Precinct name="23-Fairview" votes="0" />
            <Precinct name="24-Crowell" votes="0" />
            <Precinct name="25-Hub" votes="0" />
        </VoteType>
        <Choice key="20" text="Charlie Bailey" party="DEM" totalVotes="1726">
            <VoteType name="Absentee by Mail Votes" votes="240">
                <Precinct name="01-City Pond" votes="11" />
                <Precinct name="02-Town" votes="45" />
                <Precinct name="03-Almon" votes="20" />
                <Precinct name="04-Alcovy" votes="9" />
                <Precinct name="05-Covington Mills" votes="6" />
                <Precinct name="06-Brewers" votes="11" />
                <Precinct name="07-Brick Store" votes="7" />
                <Precinct name="08-Cedar Shoals" votes="8" />
                <Precinct name="09-Livingston" votes="10" />
                <Precinct name="10-Downs" votes="11" />
                <Precinct name="12-Gum Creek" votes="12" />
                <Precinct name="13-Beaverdam" votes="13" />
                <Precinct name="14-Leguinn" votes="6" />
                <Precinct name="15-Mansfield" votes="5" />
                <Precinct name="16-Newborn" votes="3" />
                <Precinct name="17-Oxford" votes="3" />
                <Precinct name="18-Rocky Plains" votes="3" />
                <Precinct name="19-Buck Creek" votes="16" />
                <Precinct name="20-Stansells" votes="21" />
                <Precinct name="23-Fairview" votes="7" />
                <Precinct name="24-Crowell" votes="9" />
                <Precinct name="25-Hub" votes="4" />
            </VoteType>
            <VoteType name="Advance Voting Votes" votes="439">
                <Precinct name="01-City Pond" votes="12" />
                <Precinct name="02-Town" votes="45" />
                <Precinct name="03-Almon" votes="27" />
                <Precinct name="04-Alcovy" votes="35" />
                <Precinct name="05-Covington Mills" votes="32" />
                <Precinct name="06-Brewers" votes="8" />
                <Precinct name="07-Brick Store" votes="9" />
                <Precinct name="08-Cedar Shoals" votes="13" />
                <Precinct name="09-Livingston" votes="34" />
                <Precinct name="10-Downs" votes="28" />
                <Precinct name="12-Gum Creek" votes="31" />
                <Precinct name="13-Beaverdam" votes="27" />
                <Precinct name="14-Leguinn" votes="4" />
                <Precinct name="15-Mansfield" votes="5" />
                <Precinct name="16-Newborn" votes="2" />
                <Precinct name="17-Oxford" votes="8" />
                <Precinct name="18-Rocky Plains" votes="9" />
                <Precinct name="19-Buck Creek" votes="29" />
                <Precinct name="20-Stansells" votes="34" />
                <Precinct name="23-Fairview" votes="5" />
                <Precinct name="24-Crowell" votes="34" />
                <Precinct name="25-Hub" votes="8" />
            </VoteType>
            <VoteType name="Election Day Votes" votes="1042">
                <Precinct name="01-City Pond" votes="29" />
                <Precinct name="02-Town" votes="31" />
                <Precinct name="03-Almon" votes="94" />
                <Precinct name="04-Alcovy" votes="66" />
                <Precinct name="05-Covington Mills" votes="45" />
                <Precinct name="06-Brewers" votes="31" />
                <Precinct name="07-Brick Store" votes="24" />
                <Precinct name="08-Cedar Shoals" votes="36" />
                <Precinct name="09-Livingston" votes="66" />
                <Precinct name="10-Downs" votes="94" />
                <Precinct name="12-Gum Creek" votes="43" />
                <Precinct name="13-Beaverdam" votes="110" />
                <Precinct name="14-Leguinn" votes="16" />
                <Precinct name="15-Mansfield" votes="11" />
                <Precinct name="16-Newborn" votes="6" />
                <Precinct name="17-Oxford" votes="31" />
                <Precinct name="18-Rocky Plains" votes="29" />
                <Precinct name="19-Buck Creek" votes="72" />
                <Precinct name="20-Stansells" votes="88" />
                <Precinct name="23-Fairview" votes="35" />
                <Precinct name="24-Crowell" votes="71" />
                <Precinct name="25-Hub" votes="14" />
            </VoteType>
            <VoteType name="Provisional Votes" votes="5">
                <Precinct name="01-City Pond" votes="0" />
                <Precinct name="02-Town" votes="3" />
                <Precinct name="03-Almon" votes="0" />
                <Precinct name="04-Alcovy" votes="1" />
                <Precinct name="05-Covington Mills" votes="0" />
                <Precinct name="06-Brewers" votes="0" />
                <Precinct name="07-Brick Store" votes="0" />
                <Precinct name="08-Cedar Shoals" votes="0" />
                <Precinct name="09-Livingston" votes="0" />
                <Precinct name="10-Downs" votes="0" />
                <Precinct name="12-Gum Creek" votes="0" />
                <Precinct name="13-Beaverdam" votes="0" />
                <Precinct name="14-Leguinn" votes="1" />
                <Precinct name="15-Mansfield" votes="0" />
                <Precinct name="16-Newborn" votes="0" />
                <Precinct name="17-Oxford" votes="0" />
                <Precinct name="18-Rocky Plains" votes="0" />
                <Precinct name="19-Buck Creek" votes="0" />
                <Precinct name="20-Stansells" votes="0" />
                <Precinct name="23-Fairview" votes="0" />
                <Precinct name="24-Crowell" votes="0" />
                <Precinct name="25-Hub" votes="0" />
            </VoteType>
        </Choice>
        <Choice key="23" text="Kwanza Hall" party="DEM" totalVotes="1045">
            <VoteType name="Absentee by Mail Votes" votes="151">
                <Precinct name="01-City Pond" votes="4" />
                <Precinct name="02-Town" votes="26" />
                <Precinct name="03-Almon" votes="14" />
                <Precinct name="04-Alcovy" votes="4" />
                <Precinct name="05-Covington Mills" votes="7" />
                <Precinct name="06-Brewers" votes="0" />
                <Precinct name="07-Brick Store" votes="2" />
                <Precinct name="08-Cedar Shoals" votes="7" />
                <Precinct name="09-Livingston" votes="13" />
                <Precinct name="10-Downs" votes="7" />
                <Precinct name="12-Gum Creek" votes="2" />
                <Precinct name="13-Beaverdam" votes="13" />
                <Precinct name="14-Leguinn" votes="0" />
                <Precinct name="15-Mansfield" votes="3" />
                <Precinct name="16-Newborn" votes="0" />
                <Precinct name="17-Oxford" votes="7" />
                <Precinct name="18-Rocky Plains" votes="4" />
                <Precinct name="19-Buck Creek" votes="10" />
                <Precinct name="20-Stansells" votes="13" />
                <Precinct name="23-Fairview" votes="6" />
                <Precinct name="24-Crowell" votes="9" />
                <Precinct name="25-Hub" votes="0" />
            </VoteType>
            <VoteType name="Advance Voting Votes" votes="272">
                <Precinct name="01-City Pond" votes="8" />
                <Precinct name="02-Town" votes="42" />
                <Precinct name="03-Almon" votes="23" />
                <Precinct name="04-Alcovy" votes="11" />
                <Precinct name="05-Covington Mills" votes="9" />
                <Precinct name="06-Brewers" votes="2" />
                <Precinct name="07-Brick Store" votes="4" />
                <Precinct name="08-Cedar Shoals" votes="8" />
                <Precinct name="09-Livingston" votes="19" />
                <Precinct name="10-Downs" votes="19" />
                <Precinct name="12-Gum Creek" votes="12" />
                <Precinct name="13-Beaverdam" votes="27" />
                <Precinct name="14-Leguinn" votes="0" />
                <Precinct name="15-Mansfield" votes="3" />
                <Precinct name="16-Newborn" votes="3" />
                <Precinct name="17-Oxford" votes="4" />
                <Precinct name="18-Rocky Plains" votes="3" />
                <Precinct name="19-Buck Creek" votes="18" />
                <Precinct name="20-Stansells" votes="11" />
                <Precinct name="23-Fairview" votes="10" />
                <Precinct name="24-Crowell" votes="29" />
                <Precinct name="25-Hub" votes="7" />
            </VoteType>
            <VoteType name="Election Day Votes" votes="619">
                <Precinct name="01-City Pond" votes="9" />
                <Precinct name="02-Town" votes="21" />
                <Precinct name="03-Almon" votes="78" />
                <Precinct name="04-Alcovy" votes="23" />
                <Precinct name="05-Covington Mills" votes="29" />
                <Precinct name="06-Brewers" votes="11" />
                <Precinct name="07-Brick Store" votes="8" />
                <Precinct name="08-Cedar Shoals" votes="17" />
                <Precinct name="09-Livingston" votes="57" />
                <Precinct name="10-Downs" votes="62" />
                <Precinct name="12-Gum Creek" votes="30" />
                <Precinct name="13-Beaverdam" votes="57" />
                <Precinct name="14-Leguinn" votes="19" />
                <Precinct name="15-Mansfield" votes="1" />
                <Precinct name="16-Newborn" votes="1" />
                <Precinct name="17-Oxford" votes="15" />
                <Precinct name="18-Rocky Plains" votes="17" />
                <Precinct name="19-Buck Creek" votes="32" />
                <Precinct name="20-Stansells" votes="56" />
                <Precinct name="23-Fairview" votes="25" />
                <Precinct name="24-Crowell" votes="43" />
                <Precinct name="25-Hub" votes="8" />
            </VoteType>
            <VoteType name="Provisional Votes" votes="3">
                <Precinct name="01-City Pond" votes="0" />
                <Precinct name="02-Town" votes="1" />
                <Precinct name="03-Almon" votes="1" />
                <Precinct name="04-Alcovy" votes="0" />
                <Precinct name="05-Covington Mills" votes="0" />
                <Precinct name="06-Brewers" votes="0" />
                <Precinct name="07-Brick Store" votes="0" />
                <Precinct name="08-Cedar Shoals" votes="1" />
                <Precinct name="09-Livingston" votes="0" />
                <Precinct name="10-Downs" votes="0" />
                <Precinct name="12-Gum Creek" votes="0" />
                <Precinct name="13-Beaverdam" votes="0" />
                <Precinct name="14-Leguinn" votes="0" />
                <Precinct name="15-Mansfield" votes="0" />
                <Precinct name="16-Newborn" votes="0" />
                <Precinct name="17-Oxford" votes="0" />
                <Precinct name="18-Rocky Plains" votes="0" />
                <Precinct name="19-Buck Creek" votes="0" />
                <Precinct name="20-Stansells" votes="0" />
                <Precinct name="23-Fairview" votes="0" />
                <Precinct name="24-Crowell" votes="0" />
                <Precinct name="25-Hub" votes="0" />
            </VoteType>
        </Choice>
    </Contest>
    <Contest key="8" text="Secretary of State - Dem" voteFor="1" isQuestion="false" precinctsReporting="22" precinctsReported="22">
        <VoteType name="Undervotes" votes="24">
            <Precinct name="01-City Pond" votes="1" />
            <Precinct name="02-Town" votes="2" />
            <Precinct name="03-Almon" votes="1" />
            <Precinct name="04-Alcovy" votes="3" />
            <Precinct name="05-Covington Mills" votes="1" />
            <Precinct name="06-Brewers" votes="1" />
            <Precinct name="07-Brick Store" votes="1" />
            <Precinct name="08-Cedar Shoals" votes="0" />
            <Precinct name="09-Livingston" votes="2" />
            <Precinct name="10-Downs" votes="1" />
            <Precinct name="12-Gum Creek" votes="0" />
            <Precinct name="13-Beaverdam" votes="1" />
            <Precinct name="14-Leguinn" votes="0" />
            <Precinct name="15-Mansfield" votes="0" />
            <Precinct name="16-Newborn" votes="2" />
            <Precinct name="17-Oxford" votes="2" />
            <Precinct name="18-Rocky Plains" votes="0" />
            <Precinct name="19-Buck Creek" votes="0" />
            <Precinct name="20-Stansells" votes="4" />
            <Precinct name="23-Fairview" votes="0" />
            <Precinct name="24-Crowell" votes="2" />
            <Precinct name="25-Hub" votes="0" />
        </VoteType>
        <VoteType name="Overvotes" votes="0">
            <Precinct name="01-City Pond" votes="0" />
            <Precinct name="02-Town" votes="0" />
            <Precinct name="03-Almon" votes="0" />
            <Precinct name="04-Alcovy" votes="0" />
            <Precinct name="05-Covington Mills" votes="0" />
            <Precinct name="06-Brewers" votes="0" />
            <Precinct name="07-Brick Store" votes="0" />
            <Precinct name="08-Cedar Shoals" votes="0" />
            <Precinct name="09-Livingston" votes="0" />
            <Precinct name="10-Downs" votes="0" />
            <Precinct name="12-Gum Creek" votes="0" />
            <Precinct name="13-Beaverdam" votes="0" />
            <Precinct name="14-Leguinn" votes="0" />
            <Precinct name="15-Mansfield" votes="0" />
            <Precinct name="16-Newborn" votes="0" />
            <Precinct name="17-Oxford" votes="0" />
            <Precinct name="18-Rocky Plains" votes="0" />
            <Precinct name="19-Buck Creek" votes="0" />
            <Precinct name="20-Stansells" votes="0" />
            <Precinct name="23-Fairview" votes="0" />
            <Precinct name="24-Crowell" votes="0" />
            <Precinct name="25-Hub" votes="0" />
        </VoteType>
        <Choice key="32" text="Dee Dawkins-Haigler" party="DEM" totalVotes="695">
            <VoteType name="Absentee by Mail Votes" votes="78">
                <Precinct name="01-City Pond" votes="4" />
                <Precinct name="02-Town" votes="22" />
                <Precinct name="03-Almon" votes="6" />
                <Precinct name="04-Alcovy" votes="1" />
                <Precinct name="05-Covington Mills" votes="4" />
                <Precinct name="06-Brewers" votes="1" />
                <Precinct name="07-Brick Store" votes="2" />
                <Precinct name="08-Cedar Shoals" votes="6" />
                <Precinct name="09-Livingston" votes="3" />
                <Precinct name="10-Downs" votes="2" />
                <Precinct name="12-Gum Creek" votes="1" />
                <Precinct name="13-Beaverdam" votes="8" />
                <Precinct name="14-Leguinn" votes="0" />
                <Precinct name="15-Mansfield" votes="1" />
                <Precinct name="16-Newborn" votes="0" />
                <Precinct name="17-Oxford" votes="1" />
                <Precinct name="18-Rocky Plains" votes="0" />
                <Precinct name="19-Buck Creek" votes="3" />
                <Precinct name="20-Stansells" votes="7" />
                <Precinct name="23-Fairview" votes="1" />
                <Precinct name="24-Crowell" votes="4" />
                <Precinct name="25-Hub" votes="1" />
            </VoteType>
            <VoteType name="Advance Voting Votes" votes="159">
                <Precinct name="01-City Pond" votes="7" />
                <Precinct name="02-Town" votes="33" />
                <Precinct name="03-Almon" votes="14" />
                <Precinct name="04-Alcovy" votes="6" />
                <Precinct name="05-Covington Mills" votes="4" />
                <Precinct name="06-Brewers" votes="2" />
                <Precinct name="07-Brick Store" votes="2" />
                <Precinct name="08-Cedar Shoals" votes="5" />
                <Precinct name="09-Livingston" votes="8" />
                <Precinct name="10-Downs" votes="13" />
                <Precinct name="12-Gum Creek" votes="8" />
                <Precinct name="13-Beaverdam" votes="12" />
                <Precinct name="14-Leguinn" votes="0" />
                <Precinct name="15-Mansfield" votes="0" />
                <Precinct name="16-Newborn" votes="0" />
                <Precinct name="17-Oxford" votes="3" />
                <Precinct name="18-Rocky Plains" votes="1" />
                <Precinct name="19-Buck Creek" votes="12" />
                <Precinct name="20-Stansells" votes="11" />
                <Precinct name="23-Fairview" votes="7" />
                <Precinct name="24-Crowell" votes="11" />
                <Precinct name="25-Hub" votes="0" />
            </VoteType>
            <VoteType name="Election Day Votes" votes="455">
                <Precinct name="01-City Pond" votes="15" />
                <Precinct name="02-Town" votes="19" />
                <Precinct name="03-Almon" votes="57" />
                <Precinct name="04-Alcovy" votes="24" />
                <Precinct name="05-Covington Mills" votes="19" />
                <Precinct name="06-Brewers" votes="6" />
                <Precinct name="07-Brick Store" votes="6" />
                <Precinct name="08-Cedar Shoals" votes="13" />
                <Precinct name="09-Livingston" votes="35" />
                <Precinct name="10-Downs" votes="40" />
                <Precinct name="12-Gum Creek" votes="16" />
                <Precinct name="13-Beaverdam" votes="40" />
                <Precinct name="14-Leguinn" votes="7" />
                <Precinct name="15-Mansfield" votes="2" />
                <Precinct name="16-Newborn" votes="0" />
                <Precinct name="17-Oxford" votes="7" />
                <Precinct name="18-Rocky Plains" votes="16" />
                <Precinct name="19-Buck Creek" votes="30" />
                <Precinct name="20-Stansells" votes="45" />
                <Precinct name="23-Fairview" votes="24" />
                <Precinct name="24-Crowell" votes="32" />
                <Precinct name="25-Hub" votes="2" />
            </VoteType>
            <VoteType name="Provisional Votes" votes="3">
                <Precinct name="01-City Pond" votes="0" />
                <Precinct name="02-Town" votes="2" />
                <Precinct name="03-Almon" votes="1" />
                <Precinct name="04-Alcovy" votes="0" />
                <Precinct name="05-Covington Mills" votes="0" />
                <Precinct name="06-Brewers" votes="0" />
                <Precinct name="07-Brick Store" votes="0" />
                <Precinct name="08-Cedar Shoals" votes="0" />
                <Precinct name="09-Livingston" votes="0" />
                <Precinct name="10-Downs" votes="0" />
                <Precinct name="12-Gum Creek" votes="0" />
                <Precinct name="13-Beaverdam" votes="0" />
                <Precinct name="14-Leguinn" votes="0" />
                <Precinct name="15-Mansfield" votes="0" />
                <Precinct name="16-Newborn" votes="0" />
                <Precinct name="17-Oxford" votes="0" />
                <Precinct name="18-Rocky Plains" votes="0" />
                <Precinct name="19-Buck Creek" votes="0" />
                <Precinct name="20-Stansells" votes="0" />
                <Precinct name="23-Fairview" votes="0" />
                <Precinct name="24-Crowell" votes="0" />
                <Precinct name="25-Hub" votes="0" />
            </VoteType>
        </Choice>
        <Choice key="35" text="Bee Nguyen" party="DEM" totalVotes="2070">
            <VoteType name="Absentee by Mail Votes" votes="314">
                <Precinct name="01-City Pond" votes="11" />
                <Precinct name="02-Town" votes="50" />
                <Precinct name="03-Almon" votes="28" />
                <Precinct name="04-Alcovy" votes="12" />
                <Precinct name="05-Covington Mills" votes="9" />
                <Precinct name="06-Brewers" votes="10" />
                <Precinct name="07-Brick Store" votes="6" />
                <Precinct name="08-Cedar Shoals" votes="9" />
                <Precinct name="09-Livingston" votes="19" />
                <Precinct name="10-Downs" votes="16" />
                <Precinct name="12-Gum Creek" votes="13" />
                <Precinct name="13-Beaverdam" votes="18" />
                <Precinct name="14-Leguinn" votes="6" />
                <Precinct name="15-Mansfield" votes="7" />
                <Precinct name="16-Newborn" votes="3" />
                <Precinct name="17-Oxford" votes="10" />
                <Precinct name="18-Rocky Plains" votes="8" />
                <Precinct name="19-Buck Creek" votes="23" />
                <Precinct name="20-Stansells" votes="27" />
                <Precinct name="23-Fairview" votes="12" />
                <Precinct name="24-Crowell" votes="14" />
                <Precinct name="25-Hub" votes="3" />
            </VoteType>
            <VoteType name="Advance Voting Votes" votes="553">
                <Precinct name="01-City Pond" votes="13" />
                <Precinct name="02-Town" votes="54" />
                <Precinct name="03-Almon" votes="36" />
                <Precinct name="04-Alcovy" votes="41" />
                <Precinct name="05-Covington Mills" votes="37" />
                <Precinct name="06-Brewers" votes="7" />
                <Precinct name="07-Brick Store" votes="11" />
                <Precinct name="08-Cedar Shoals" votes="16" />
                <Precinct name="09-Livingston" votes="45" />
                <Precinct name="10-Downs" votes="34" />
                <Precinct name="12-Gum Creek" votes="35" />
                <Precinct name="13-Beaverdam" votes="41" />
                <Precinct name="14-Leguinn" votes="4" />
                <Precinct name="15-Mansfield" votes="8" />
                <Precinct name="16-Newborn" votes="5" />
                <Precinct name="17-Oxford" votes="9" />
                <Precinct name="18-Rocky Plains" votes="11" />
                <Precinct name="19-Buck Creek" votes="35" />
                <Precinct name="20-Stansells" votes="35" />
                <Precinct name="23-Fairview" votes="8" />
                <Precinct name="24-Crowell" votes="53" />
                <Precinct name="25-Hub" votes="15" />
            </VoteType>
            <VoteType name="Election Day Votes" votes="1198">
                <Precinct name="01-City Pond" votes="23" />
                <Precinct name="02-Town" votes="33" />
                <Precinct name="03-Almon" votes="115" />
                <Precinct name="04-Alcovy" votes="63" />
                <Precinct name="05-Covington Mills" votes="54" />
                <Precinct name="06-Brewers" votes="36" />
                <Precinct name="07-Brick Store" votes="27" />
                <Precinct name="08-Cedar Shoals" votes="41" />
                <Precinct name="09-Livingston" votes="87" />
                <Precinct name="10-Downs" votes="116" />
                <Precinct name="12-Gum Creek" votes="57" />
                <Precinct name="13-Beaverdam" votes="127" />
                <Precinct name="14-Leguinn" votes="28" />
                <Precinct name="15-Mansfield" votes="10" />
                <Precinct name="16-Newborn" votes="7" />
                <Precinct name="17-Oxford" votes="38" />
                <Precinct name="18-Rocky Plains" votes="30" />
                <Precinct name="19-Buck Creek" votes="74" />
                <Precinct name="20-Stansells" votes="96" />
                <Precinct name="23-Fairview" votes="36" />
                <Precinct name="24-Crowell" votes="80" />
                <Precinct name="25-Hub" votes="20" />
            </VoteType>
            <VoteType name="Provisional Votes" votes="5">
                <Precinct name="01-City Pond" votes="0" />
                <Precinct name="02-Town" votes="2" />
                <Precinct name="03-Almon" votes="0" />
                <Precinct name="04-Alcovy" votes="1" />
                <Precinct name="05-Covington Mills" votes="0" />
                <Precinct name="06-Brewers" votes="0" />
                <Precinct name="07-Brick Store" votes="0" />
                <Precinct name="08-Cedar Shoals" votes="1" />
                <Precinct name="09-Livingston" votes="0" />
                <Precinct name="10-Downs" votes="0" />
                <Precinct name="12-Gum Creek" votes="0" />
                <Precinct name="13-Beaverdam" votes="0" />
                <Precinct name="14-Leguinn" votes="1" />
                <Precinct name="15-Mansfield" votes="0" />
                <Precinct name="16-Newborn" votes="0" />
                <Precinct name="17-Oxford" votes="0" />
                <Precinct name="18-Rocky Plains" votes="0" />
                <Precinct name="19-Buck Creek" votes="0" />
                <Precinct name="20-Stansells" votes="0" />
                <Precinct name="23-Fairview" votes="0" />
                <Precinct name="24-Crowell" votes="0" />
                <Precinct name="25-Hub" votes="0" />
            </VoteType>
        </Choice>
    </Contest>
    <Contest key="14" text="Commissioner of Insurance - Dem" voteFor="1" isQuestion="false" precinctsReporting="22" precinctsReported="22">
        <VoteType name="Undervotes" votes="83">
            <Precinct name="01-City Pond" votes="1" />
            <Precinct name="02-Town" votes="7" />
            <Precinct name="03-Almon" votes="9" />
            <Precinct name="04-Alcovy" votes="8" />
            <Precinct name="05-Covington Mills" votes="5" />
            <Precinct name="06-Brewers" votes="1" />
            <Precinct name="07-Brick Store" votes="5" />
            <Precinct name="08-Cedar Shoals" votes="5" />
            <Precinct name="09-Livingston" votes="3" />
            <Precinct name="10-Downs" votes="7" />
            <Precinct name="12-Gum Creek" votes="8" />
            <Precinct name="13-Beaverdam" votes="5" />
            <Precinct name="14-Leguinn" votes="0" />
            <Precinct name="15-Mansfield" votes="0" />
            <Precinct name="16-Newborn" votes="2" />
            <Precinct name="17-Oxford" votes="4" />
            <Precinct name="18-Rocky Plains" votes="2" />
            <Precinct name="19-Buck Creek" votes="1" />
            <Precinct name="20-Stansells" votes="5" />
            <Precinct name="23-Fairview" votes="1" />
            <Precinct name="24-Crowell" votes="3" />
            <Precinct name="25-Hub" votes="1" />
        </VoteType>
        <VoteType name="Overvotes" votes="0">
            <Precinct name="01-City Pond" votes="0" />
            <Precinct name="02-Town" votes="0" />
            <Precinct name="03-Almon" votes="0" />
            <Precinct name="04-Alcovy" votes="0" />
            <Precinct name="05-Covington Mills" votes="0" />
            <Precinct name="06-Brewers" votes="0" />
            <Precinct name="07-Brick Store" votes="0" />
            <Precinct name="08-Cedar Shoals" votes="0" />
            <Precinct name="09-Livingston" votes="0" />
            <Precinct name="10-Downs" votes="0" />
            <Precinct name="12-Gum Creek" votes="0" />
            <Precinct name="13-Beaverdam" votes="0" />
            <Precinct name="14-Leguinn" votes="0" />
            <Precinct name="15-Mansfield" votes="0" />
            <Precinct name="16-Newborn" votes="0" />
            <Precinct name="17-Oxford" votes="0" />
            <Precinct name="18-Rocky Plains" votes="0" />
            <Precinct name="19-Buck Creek" votes="0" />
            <Precinct name="20-Stansells" votes="0" />
            <Precinct name="23-Fairview" votes="0" />
            <Precinct name="24-Crowell" votes="0" />
            <Precinct name="25-Hub" votes="0" />
        </VoteType>
        <Choice key="48" text="Raphael Baker" party="DEM" totalVotes="1133">
            <VoteType name="Absentee by Mail Votes" votes="130">
                <Precinct name="01-City Pond" votes="5" />
                <Precinct name="02-Town" votes="23" />
                <Precinct name="03-Almon" votes="9" />
                <Precinct name="04-Alcovy" votes="6" />
                <Precinct name="05-Covington Mills" votes="3" />
                <Precinct name="06-Brewers" votes="3" />
                <Precinct name="07-Brick Store" votes="3" />
                <Precinct name="08-Cedar Shoals" votes="0" />
                <Precinct name="09-Livingston" votes="6" />
                <Precinct name="10-Downs" votes="7" />
                <Precinct name="12-Gum Creek" votes="3" />
                <Precinct name="13-Beaverdam" votes="9" />
                <Precinct name="14-Leguinn" votes="4" />
                <Precinct name="15-Mansfield" votes="7" />
                <Precinct name="16-Newborn" votes="0" />
                <Precinct name="17-Oxford" votes="5" />
                <Precinct name="18-Rocky Plains" votes="4" />
                <Precinct name="19-Buck Creek" votes="8" />
                <Precinct name="20-Stansells" votes="13" />
                <Precinct name="23-Fairview" votes="3" />
                <Precinct name="24-Crowell" votes="9" />
                <Precinct name="25-Hub" votes="0" />
            </VoteType>
            <VoteType name="Advance Voting Votes" votes="293">
                <Precinct name="01-City Pond" votes="9" />
                <Precinct name="02-Town" votes="46" />
                <Precinct name="03-Almon" votes="15" />
                <Precinct name="04-Alcovy" votes="16" />
                <Precinct name="05-Covington Mills" votes="16" />
                <Precinct name="06-Brewers" votes="5" />
                <Precinct name="07-Brick Store" votes="5" />
                <Precinct name="08-Cedar Shoals" votes="9" />
                <Precinct name="09-Livingston" votes="21" />
                <Precinct name="10-Downs" votes="14" />
                <Precinct name="12-Gum Creek" votes="19" />
                <Precinct name="13-Beaverdam" votes="18" />
                <Precinct name="14-Leguinn" votes="3" />
                <Precinct name="15-Mansfield" votes="3" />
                <Precinct name="16-Newborn" votes="3" />
                <Precinct name="17-Oxford" votes="3" />
                <Precinct name="18-Rocky Plains" votes="6" />
                <Precinct name="19-Buck Creek" votes="25" />
                <Precinct name="20-Stansells" votes="22" />
                <Precinct name="23-Fairview" votes="5" />
                <Precinct name="24-Crowell" votes="26" />
                <Precinct name="25-Hub" votes="4" />
            </VoteType>
            <VoteType name="Election Day Votes" votes="706">
                <Precinct name="01-City Pond" votes="22" />
                <Precinct name="02-Town" votes="33" />
                <Precinct name="03-Almon" votes="80" />
                <Precinct name="04-Alcovy" votes="27" />
                <Precinct name="05-Covington Mills" votes="38" />
                <Precinct name="06-Brewers" votes="15" />
                <Precinct name="07-Brick Store" votes="10" />
                <Precinct name="08-Cedar Shoals" votes="14" />
                <Precinct name="09-Livingston" votes="58" />
                <Precinct name="10-Downs" votes="74" />
                <Precinct name="12-Gum Creek" votes="28" />
                <Precinct name="13-Beaverdam" votes="81" />
                <Precinct name="14-Leguinn" votes="13" />
                <Precinct name="15-Mansfield" votes="8" />
                <Precinct name="16-Newborn" votes="3" />
                <Precinct name="17-Oxford" votes="12" />
                <Precinct name="18-Rocky Plains" votes="23" />
                <Precinct name="19-Buck Creek" votes="41" />
                <Precinct name="20-Stansells" votes="53" />
                <Precinct name="23-Fairview" votes="19" />
                <Precinct name="24-Crowell" votes="49" />
                <Precinct name="25-Hub" votes="5" />
            </VoteType>
            <VoteType name="Provisional Votes" votes="4">
                <Precinct name="01-City Pond" votes="0" />
                <Precinct name="02-Town" votes="2" />
                <Precinct name="03-Almon" votes="1" />
                <Precinct name="04-Alcovy" votes="0" />
                <Precinct name="05-Covington Mills" votes="0" />
                <Precinct name="06-Brewers" votes="0" />
                <Precinct name="07-Brick Store" votes="0" />
                <Precinct name="08-Cedar Shoals" votes="0" />
                <Precinct name="09-Livingston" votes="0" />
                <Precinct name="10-Downs" votes="0" />
                <Precinct name="12-Gum Creek" votes="0" />
                <Precinct name="13-Beaverdam" votes="0" />
                <Precinct name="14-Leguinn" votes="1" />
                <Precinct name="15-Mansfield" votes="0" />
                <Precinct name="16-Newborn" votes="0" />
                <Precinct name="17-Oxford" votes="0" />
                <Precinct name="18-Rocky Plains" votes="0" />
                <Precinct name="19-Buck Creek" votes="0" />
                <Precinct name="20-Stansells" votes="0" />
                <Precinct name="23-Fairview" votes="0" />
                <Precinct name="24-Crowell" votes="0" />
                <Precinct name="25-Hub" votes="0" />
            </VoteType>
        </Choice>
        <Choice key="49" text="Janice Laws Robinson" party="DEM" totalVotes="1573">
            <VoteType name="Absentee by Mail Votes" votes="257">
                <Precinct name="01-City Pond" votes="10" />
                <Precinct name="02-Town" votes="48" />
                <Precinct name="03-Almon" votes="25" />
                <Precinct name="04-Alcovy" votes="7" />
                <Precinct name="05-Covington Mills" votes="9" />
                <Precinct name="06-Brewers" votes="8" />
                <Precinct name="07-Brick Store" votes="5" />
                <Precinct name="08-Cedar Shoals" votes="15" />
                <Precinct name="09-Livingston" votes="17" />
                <Precinct name="10-Downs" votes="9" />
                <Precinct name="12-Gum Creek" votes="11" />
                <Precinct name="13-Beaverdam" votes="17" />
                <Precinct name="14-Leguinn" votes="2" />
                <Precinct name="15-Mansfield" votes="1" />
                <Precinct name="16-Newborn" votes="3" />
                <Precinct name="17-Oxford" votes="5" />
                <Precinct name="18-Rocky Plains" votes="4" />
                <Precinct name="19-Buck Creek" votes="18" />
                <Precinct name="20-Stansells" votes="20" />
                <Precinct name="23-Fairview" votes="10" />
                <Precinct name="24-Crowell" votes="9" />
                <Precinct name="25-Hub" votes="4" />
            </VoteType>
            <VoteType name="Advance Voting Votes" votes="399">
                <Precinct name="01-City Pond" votes="12" />
                <Precinct name="02-Town" votes="38" />
                <Precinct name="03-Almon" votes="32" />
                <Precinct name="04-Alcovy" votes="27" />
                <Precinct name="05-Covington Mills" votes="24" />
                <Precinct name="06-Brewers" votes="5" />
                <Precinct name="07-Brick Store" votes="8" />
                <Precinct name="08-Cedar Shoals" votes="11" />
                <Precinct name="09-Livingston" votes="32" />
                <Precinct name="10-Downs" votes="33" />
                <Precinct name="12-Gum Creek" votes="22" />
                <Precinct name="13-Beaverdam" votes="33" />
                <Precinct name="14-Leguinn" votes="1" />
                <Precinct name="15-Mansfield" votes="5" />
                <Precinct name="16-Newborn" votes="2" />
                <Precinct name="17-Oxford" votes="9" />
                <Precinct name="18-Rocky Plains" votes="4" />
                <Precinct name="19-Buck Creek" votes="22" />
                <Precinct name="20-Stansells" votes="23" />
                <Precinct name="23-Fairview" votes="9" />
                <Precinct name="24-Crowell" votes="37" />
                <Precinct name="25-Hub" votes="10" />
            </VoteType>
            <VoteType name="Election Day Votes" votes="913">
                <Precinct name="01-City Pond" votes="15" />
                <Precinct name="02-Town" votes="18" />
                <Precinct name="03-Almon" votes="87" />
                <Precinct name="04-Alcovy" votes="59" />
                <Precinct name="05-Covington Mills" votes="33" />
                <Precinct name="06-Brewers" votes="26" />
                <Precinct name="07-Brick Store" votes="19" />
                <Precinct name="08-Cedar Shoals" votes="36" />
                <Precinct name="09-Livingston" votes="62" />
                <Precinct name="10-Downs" votes="78" />
                <Precinct name="12-Gum Creek" votes="39" />
                <Precinct name="13-Beaverdam" votes="84" />
                <Precinct name="14-Leguinn" votes="22" />
                <Precinct name="15-Mansfield" votes="4" />
                <Precinct name="16-Newborn" votes="4" />
                <Precinct name="17-Oxford" votes="32" />
                <Precinct name="18-Rocky Plains" votes="23" />
                <Precinct name="19-Buck Creek" votes="62" />
                <Precinct name="20-Stansells" votes="89" />
                <Precinct name="23-Fairview" votes="41" />
                <Precinct name="24-Crowell" votes="63" />
                <Precinct name="25-Hub" votes="17" />
            </VoteType>
            <VoteType name="Provisional Votes" votes="4">
                <Precinct name="01-City Pond" votes="0" />
                <Precinct name="02-Town" votes="2" />
                <Precinct name="03-Almon" votes="0" />
                <Precinct name="04-Alcovy" votes="1" />
                <Precinct name="05-Covington Mills" votes="0" />
                <Precinct name="06-Brewers" votes="0" />
                <Precinct name="07-Brick Store" votes="0" />
                <Precinct name="08-Cedar Shoals" votes="1" />
                <Precinct name="09-Livingston" votes="0" />
                <Precinct name="10-Downs" votes="0" />
                <Precinct name="12-Gum Creek" votes="0" />
                <Precinct name="13-Beaverdam" votes="0" />
                <Precinct name="14-Leguinn" votes="0" />
                <Precinct name="15-Mansfield" votes="0" />
                <Precinct name="16-Newborn" votes="0" />
                <Precinct name="17-Oxford" votes="0" />
                <Precinct name="18-Rocky Plains" votes="0" />
                <Precinct name="19-Buck Creek" votes="0" />
                <Precinct name="20-Stansells" votes="0" />
                <Precinct name="23-Fairview" votes="0" />
                <Precinct name="24-Crowell" votes="0" />
                <Precinct name="25-Hub" votes="0" />
            </VoteType>
        </Choice>
    </Contest>
    <Contest key="18" text="Commissioner of Labor - Dem" voteFor="1" isQuestion="false" precinctsReporting="22" precinctsReported="22">
        <VoteType name="Undervotes" votes="64">
            <Precinct name="01-City Pond" votes="0" />
            <Precinct name="02-Town" votes="5" />
            <Precinct name="03-Almon" votes="8" />
            <Precinct name="04-Alcovy" votes="5" />
            <Precinct name="05-Covington Mills" votes="2" />
            <Precinct name="06-Brewers" votes="2" />
            <Precinct name="07-Brick Store" votes="5" />
            <Precinct name="08-Cedar Shoals" votes="2" />
            <Precinct name="09-Livingston" votes="3" />
            <Precinct name="10-Downs" votes="4" />
            <Precinct name="12-Gum Creek" votes="3" />
            <Precinct name="13-Beaverdam" votes="4" />
            <Precinct name="14-Leguinn" votes="0" />
            <Precinct name="15-Mansfield" votes="1" />
            <Precinct name="16-Newborn" votes="2" />
            <Precinct name="17-Oxford" votes="3" />
            <Precinct name="18-Rocky Plains" votes="2" />
            <Precinct name="19-Buck Creek" votes="1" />
            <Precinct name="20-Stansells" votes="6" />
            <Precinct name="23-Fairview" votes="2" />
            <Precinct name="24-Crowell" votes="4" />
            <Precinct name="25-Hub" votes="0" />
        </VoteType>
        <VoteType name="Overvotes" votes="0">
            <Precinct name="01-City Pond" votes="0" />
            <Precinct name="02-Town" votes="0" />
            <Precinct name="03-Almon" votes="0" />
            <Precinct name="04-Alcovy" votes="0" />
            <Precinct name="05-Covington Mills" votes="0" />
            <Precinct name="06-Brewers" votes="0" />
            <Precinct name="07-Brick Store" votes="0" />
            <Precinct name="08-Cedar Shoals" votes="0" />
            <Precinct name="09-Livingston" votes="0" />
            <Precinct name="10-Downs" votes="0" />
            <Precinct name="12-Gum Creek" votes="0" />
            <Precinct name="13-Beaverdam" votes="0" />
            <Precinct name="14-Leguinn" votes="0" />
            <Precinct name="15-Mansfield" votes="0" />
            <Precinct name="16-Newborn" votes="0" />
            <Precinct name="17-Oxford" votes="0" />
            <Precinct name="18-Rocky Plains" votes="0" />
            <Precinct name="19-Buck Creek" votes="0" />
            <Precinct name="20-Stansells" votes="0" />
            <Precinct name="23-Fairview" votes="0" />
            <Precinct name="24-Crowell" votes="0" />
            <Precinct name="25-Hub" votes="0" />
        </VoteType>
        <Choice key="60" text="William &quot;&quot;Will&quot;&quot; Boddie, Jr." party="DEM" totalVotes="1875">
            <VoteType name="Absentee by Mail Votes" votes="281">
                <Precinct name="01-City Pond" votes="11" />
                <Precinct name="02-Town" votes="52" />
                <Precinct name="03-Almon" votes="30" />
                <Precinct name="04-Alcovy" votes="10" />
                <Precinct name="05-Covington Mills" votes="9" />
                <Precinct name="06-Brewers" votes="7" />
                <Precinct name="07-Brick Store" votes="6" />
                <Precinct name="08-Cedar Shoals" votes="13" />
                <Precinct name="09-Livingston" votes="14" />
                <Precinct name="10-Downs" votes="14" />
                <Precinct name="12-Gum Creek" votes="8" />
                <Precinct name="13-Beaverdam" votes="18" />
                <Precinct name="14-Leguinn" votes="5" />
                <Precinct name="15-Mansfield" votes="3" />
                <Precinct name="16-Newborn" votes="2" />
                <Precinct name="17-Oxford" votes="6" />
                <Precinct name="18-Rocky Plains" votes="6" />
                <Precinct name="19-Buck Creek" votes="19" />
                <Precinct name="20-Stansells" votes="26" />
                <Precinct name="23-Fairview" votes="9" />
                <Precinct name="24-Crowell" votes="10" />
                <Precinct name="25-Hub" votes="3" />
            </VoteType>
            <VoteType name="Advance Voting Votes" votes="514">
                <Precinct name="01-City Pond" votes="11" />
                <Precinct name="02-Town" votes="69" />
                <Precinct name="03-Almon" votes="32" />
                <Precinct name="04-Alcovy" votes="36" />
                <Precinct name="05-Covington Mills" votes="30" />
                <Precinct name="06-Brewers" votes="8" />
                <Precinct name="07-Brick Store" votes="9" />
                <Precinct name="08-Cedar Shoals" votes="13" />
                <Precinct name="09-Livingston" votes="43" />
                <Precinct name="10-Downs" votes="39" />
                <Precinct name="12-Gum Creek" votes="27" />
                <Precinct name="13-Beaverdam" votes="35" />
                <Precinct name="14-Leguinn" votes="4" />
                <Precinct name="15-Mansfield" votes="4" />
                <Precinct name="16-Newborn" votes="5" />
                <Precinct name="17-Oxford" votes="9" />
                <Precinct name="18-Rocky Plains" votes="8" />
                <Precinct name="19-Buck Creek" votes="36" />
                <Precinct name="20-Stansells" votes="30" />
                <Precinct name="23-Fairview" votes="13" />
                <Precinct name="24-Crowell" votes="44" />
                <Precinct name="25-Hub" votes="9" />
            </VoteType>
            <VoteType name="Election Day Votes" votes="1075">
                <Precinct name="01-City Pond" votes="31" />
                <Precinct name="02-Town" votes="33" />
                <Precinct name="03-Almon" votes="100" />
                <Precinct name="04-Alcovy" votes="58" />
                <Precinct name="05-Covington Mills" votes="49" />
                <Precinct name="06-Brewers" votes="25" />
                <Precinct name="07-Brick Store" votes="18" />
                <Precinct name="08-Cedar Shoals" votes="37" />
                <Precinct name="09-Livingston" votes="78" />
                <Precinct name="10-Downs" votes="105" />
                <Precinct name="12-Gum Creek" votes="43" />
                <Precinct name="13-Beaverdam" votes="121" />
                <Precinct name="14-Leguinn" votes="21" />
                <Precinct name="15-Mansfield" votes="12" />
                <Precinct name="16-Newborn" votes="5" />
                <Precinct name="17-Oxford" votes="21" />
                <Precinct name="18-Rocky Plains" votes="32" />
                <Precinct name="19-Buck Creek" votes="62" />
                <Precinct name="20-Stansells" votes="93" />
                <Precinct name="23-Fairview" votes="37" />
                <Precinct name="24-Crowell" votes="79" />
                <Precinct name="25-Hub" votes="15" />
            </VoteType>
            <VoteType name="Provisional Votes" votes="5">
                <Precinct name="01-City Pond" votes="0" />
                <Precinct name="02-Town" votes="3" />
                <Precinct name="03-Almon" votes="1" />
                <Precinct name="04-Alcovy" votes="0" />
                <Precinct name="05-Covington Mills" votes="0" />
                <Precinct name="06-Brewers" votes="0" />
                <Precinct name="07-Brick Store" votes="0" />
                <Precinct name="08-Cedar Shoals" votes="0" />
                <Precinct name="09-Livingston" votes="0" />
                <Precinct name="10-Downs" votes="0" />
                <Precinct name="12-Gum Creek" votes="0" />
                <Precinct name="13-Beaverdam" votes="0" />
                <Precinct name="14-Leguinn" votes="1" />
                <Precinct name="15-Mansfield" votes="0" />
                <Precinct name="16-Newborn" votes="0" />
                <Precinct name="17-Oxford" votes="0" />
                <Precinct name="18-Rocky Plains" votes="0" />
                <Precinct name="19-Buck Creek" votes="0" />
                <Precinct name="20-Stansells" votes="0" />
                <Precinct name="23-Fairview" votes="0" />
                <Precinct name="24-Crowell" votes="0" />
                <Precinct name="25-Hub" votes="0" />
            </VoteType>
        </Choice>
        <Choice key="62" text="Nicole Horn" party="DEM" totalVotes="850">
            <VoteType name="Absentee by Mail Votes" votes="108">
                <Precinct name="01-City Pond" votes="4" />
                <Precinct name="02-Town" votes="19" />
                <Precinct name="03-Almon" votes="4" />
                <Precinct name="04-Alcovy" votes="3" />
                <Precinct name="05-Covington Mills" votes="4" />
                <Precinct name="06-Brewers" votes="4" />
                <Precinct name="07-Brick Store" votes="2" />
                <Precinct name="08-Cedar Shoals" votes="2" />
                <Precinct name="09-Livingston" votes="9" />
                <Precinct name="10-Downs" votes="2" />
                <Precinct name="12-Gum Creek" votes="6" />
                <Precinct name="13-Beaverdam" votes="8" />
                <Precinct name="14-Leguinn" votes="1" />
                <Precinct name="15-Mansfield" votes="4" />
                <Precinct name="16-Newborn" votes="1" />
                <Precinct name="17-Oxford" votes="5" />
                <Precinct name="18-Rocky Plains" votes="2" />
                <Precinct name="19-Buck Creek" votes="7" />
                <Precinct name="20-Stansells" votes="8" />
                <Precinct name="23-Fairview" votes="4" />
                <Precinct name="24-Crowell" votes="8" />
                <Precinct name="25-Hub" votes="1" />
            </VoteType>
            <VoteType name="Advance Voting Votes" votes="185">
                <Precinct name="01-City Pond" votes="10" />
                <Precinct name="02-Town" votes="18" />
                <Precinct name="03-Almon" votes="17" />
                <Precinct name="04-Alcovy" votes="8" />
                <Precinct name="05-Covington Mills" votes="10" />
                <Precinct name="06-Brewers" votes="2" />
                <Precinct name="07-Brick Store" votes="4" />
                <Precinct name="08-Cedar Shoals" votes="8" />
                <Precinct name="09-Livingston" votes="10" />
                <Precinct name="10-Downs" votes="8" />
                <Precinct name="12-Gum Creek" votes="15" />
                <Precinct name="13-Beaverdam" votes="17" />
                <Precinct name="14-Leguinn" votes="0" />
                <Precinct name="15-Mansfield" votes="4" />
                <Precinct name="16-Newborn" votes="0" />
                <Precinct name="17-Oxford" votes="3" />
                <Precinct name="18-Rocky Plains" votes="2" />
                <Precinct name="19-Buck Creek" votes="11" />
                <Precinct name="20-Stansells" votes="14" />
                <Precinct name="23-Fairview" votes="1" />
                <Precinct name="24-Crowell" votes="17" />
                <Precinct name="25-Hub" votes="6" />
            </VoteType>
            <VoteType name="Election Day Votes" votes="554">
                <Precinct name="01-City Pond" votes="7" />
                <Precinct name="02-Town" votes="17" />
                <Precinct name="03-Almon" votes="66" />
                <Precinct name="04-Alcovy" votes="30" />
                <Precinct name="05-Covington Mills" votes="24" />
                <Precinct name="06-Brewers" votes="15" />
                <Precinct name="07-Brick Store" votes="11" />
                <Precinct name="08-Cedar Shoals" votes="15" />
                <Precinct name="09-Livingston" votes="42" />
                <Precinct name="10-Downs" votes="50" />
                <Precinct name="12-Gum Creek" votes="28" />
                <Precinct name="13-Beaverdam" votes="44" />
                <Precinct name="14-Leguinn" votes="14" />
                <Precinct name="15-Mansfield" votes="0" />
                <Precinct name="16-Newborn" votes="2" />
                <Precinct name="17-Oxford" votes="23" />
                <Precinct name="18-Rocky Plains" votes="14" />
                <Precinct name="19-Buck Creek" votes="41" />
                <Precinct name="20-Stansells" votes="48" />
                <Precinct name="23-Fairview" votes="22" />
                <Precinct name="24-Crowell" votes="34" />
                <Precinct name="25-Hub" votes="7" />
            </VoteType>
            <VoteType name="Provisional Votes" votes="3">
                <Precinct name="01-City Pond" votes="0" />
                <Precinct name="02-Town" votes="1" />
                <Precinct name="03-Almon" votes="0" />
                <Precinct name="04-Alcovy" votes="1" />
                <Precinct name="05-Covington Mills" votes="0" />
                <Precinct name="06-Brewers" votes="0" />
                <Precinct name="07-Brick Store" votes="0" />
                <Precinct name="08-Cedar Shoals" votes="1" />
                <Precinct name="09-Livingston" votes="0" />
                <Precinct name="10-Downs" votes="0" />
                <Precinct name="12-Gum Creek" votes="0" />
                <Precinct name="13-Beaverdam" votes="0" />
                <Precinct name="14-Leguinn" votes="0" />
                <Precinct name="15-Mansfield" votes="0" />
                <Precinct name="16-Newborn" votes="0" />
                <Precinct name="17-Oxford" votes="0" />
                <Precinct name="18-Rocky Plains" votes="0" />
                <Precinct name="19-Buck Creek" votes="0" />
                <Precinct name="20-Stansells" votes="0" />
                <Precinct name="23-Fairview" votes="0" />
                <Precinct name="24-Crowell" votes="0" />
                <Precinct name="25-Hub" votes="0" />
            </VoteType>
        </Choice>
    </Contest>
    <Contest key="25" text="US House of Representatives - District 10 - Rep" voteFor="1" isQuestion="false" precinctsReporting="13" precinctsReported="13">
        <VoteType name="Undervotes" votes="0">
            <Precinct name="01-City Pond" votes="0" />
            <Precinct name="04-Alcovy" votes="0" />
            <Precinct name="06-Brewers" votes="0" />
            <Precinct name="07-Brick Store" votes="0" />
            <Precinct name="09-Livingston" votes="0" />
            <Precinct name="10-Downs" votes="0" />
            <Precinct name="12-Gum Creek" votes="0" />
            <Precinct name="14-Leguinn" votes="0" />
            <Precinct name="15-Mansfield" votes="0" />
            <Precinct name="16-Newborn" votes="0" />
            <Precinct name="17-Oxford" votes="0" />
            <Precinct name="18-Rocky Plains" votes="0" />
            <Precinct name="25-Hub" votes="0" />
        </VoteType>
        <VoteType name="Overvotes" votes="0">
            <Precinct name="01-City Pond" votes="0" />
            <Precinct name="04-Alcovy" votes="0" />
            <Precinct name="06-Brewers" votes="0" />
            <Precinct name="07-Brick Store" votes="0" />
            <Precinct name="09-Livingston" votes="0" />
            <Precinct name="10-Downs" votes="0" />
            <Precinct name="12-Gum Creek" votes="0" />
            <Precinct name="14-Leguinn" votes="0" />
            <Precinct name="15-Mansfield" votes="0" />
            <Precinct name="16-Newborn" votes="0" />
            <Precinct name="17-Oxford" votes="0" />
            <Precinct name="18-Rocky Plains" votes="0" />
            <Precinct name="25-Hub" votes="0" />
        </VoteType>
        <Choice key="77" text="Mike Collins" party="REP" totalVotes="1628">
            <VoteType name="Absentee by Mail Votes" votes="130">
                <Precinct name="01-City Pond" votes="0" />
                <Precinct name="04-Alcovy" votes="2" />
                <Precinct name="06-Brewers" votes="14" />
                <Precinct name="07-Brick Store" votes="18" />
                <Precinct name="09-Livingston" votes="3" />
                <Precinct name="10-Downs" votes="2" />
                <Precinct name="12-Gum Creek" votes="27" />
                <Precinct name="14-Leguinn" votes="13" />
                <Precinct name="15-Mansfield" votes="10" />
                <Precinct name="16-Newborn" votes="3" />
                <Precinct name="17-Oxford" votes="8" />
                <Precinct name="18-Rocky Plains" votes="5" />
                <Precinct name="25-Hub" votes="25" />
            </VoteType>
            <VoteType name="Advance Voting Votes" votes="227">
                <Precinct name="01-City Pond" votes="2" />
                <Precinct name="04-Alcovy" votes="7" />
                <Precinct name="06-Brewers" votes="18" />
                <Precinct name="07-Brick Store" votes="38" />
                <Precinct name="09-Livingston" votes="1" />
                <Precinct name="10-Downs" votes="19" />
                <Precinct name="12-Gum Creek" votes="55" />
                <Precinct name="14-Leguinn" votes="12" />
                <Precinct name="15-Mansfield" votes="7" />
                <Precinct name="16-Newborn" votes="5" />
                <Precinct name="17-Oxford" votes="20" />
                <Precinct name="18-Rocky Plains" votes="6" />
                <Precinct name="25-Hub" votes="37" />
            </VoteType>
            <VoteType name="Election Day Votes" votes="1266">
                <Precinct name="01-City Pond" votes="5" />
                <Precinct name="04-Alcovy" votes="22" />
                <Precinct name="06-Brewers" votes="167" />
                <Precinct name="07-Brick Store" votes="153" />
                <Precinct name="09-Livingston" votes="6" />
                <Precinct name="10-Downs" votes="141" />
                <Precinct name="12-Gum Creek" votes="161" />
                <Precinct name="14-Leguinn" votes="104" />
                <Precinct name="15-Mansfield" votes="136" />
                <Precinct name="16-Newborn" votes="58" />
                <Precinct name="17-Oxford" votes="84" />
                <Precinct name="18-Rocky Plains" votes="75" />
                <Precinct name="25-Hub" votes="154" />
            </VoteType>
            <VoteType name="Provisional Votes" votes="5">
                <Precinct name="01-City Pond" votes="0" />
                <Precinct name="04-Alcovy" votes="0" />
                <Precinct name="06-Brewers" votes="0" />
                <Precinct name="07-Brick Store" votes="0" />
                <Precinct name="09-Livingston" votes="0" />
                <Precinct name="10-Downs" votes="4" />
                <Precinct name="12-Gum Creek" votes="0" />
                <Precinct name="14-Leguinn" votes="1" />
                <Precinct name="15-Mansfield" votes="0" />
                <Precinct name="16-Newborn" votes="0" />
                <Precinct name="17-Oxford" votes="0" />
                <Precinct name="18-Rocky Plains" votes="0" />
                <Precinct name="25-Hub" votes="0" />
            </VoteType>
        </Choice>
        <Choice key="79" text="Vernon Jones" party="REP" totalVotes="541">
            <VoteType name="Absentee by Mail Votes" votes="28">
                <Precinct name="01-City Pond" votes="0" />
                <Precinct name="04-Alcovy" votes="0" />
                <Precinct name="06-Brewers" votes="1" />
                <Precinct name="07-Brick Store" votes="6" />
                <Precinct name="09-Livingston" votes="0" />
                <Precinct name="10-Downs" votes="0" />
                <Precinct name="12-Gum Creek" votes="10" />
                <Precinct name="14-Leguinn" votes="5" />
                <Precinct name="15-Mansfield" votes="2" />
                <Precinct name="16-Newborn" votes="0" />
                <Precinct name="17-Oxford" votes="1" />
                <Precinct name="18-Rocky Plains" votes="0" />
                <Precinct name="25-Hub" votes="3" />
            </VoteType>
            <VoteType name="Advance Voting Votes" votes="58">
                <Precinct name="01-City Pond" votes="2" />
                <Precinct name="04-Alcovy" votes="2" />
                <Precinct name="06-Brewers" votes="7" />
                <Precinct name="07-Brick Store" votes="9" />
                <Precinct name="09-Livingston" votes="4" />
                <Precinct name="10-Downs" votes="2" />
                <Precinct name="12-Gum Creek" votes="17" />
                <Precinct name="14-Leguinn" votes="3" />
                <Precinct name="15-Mansfield" votes="1" />
                <Precinct name="16-Newborn" votes="0" />
                <Precinct name="17-Oxford" votes="3" />
                <Precinct name="18-Rocky Plains" votes="4" />
                <Precinct name="25-Hub" votes="4" />
            </VoteType>
            <VoteType name="Election Day Votes" votes="454">
                <Precinct name="01-City Pond" votes="5" />
                <Precinct name="04-Alcovy" votes="6" />
                <Precinct name="06-Brewers" votes="72" />
                <Precinct name="07-Brick Store" votes="51" />
                <Precinct name="09-Livingston" votes="2" />
                <Precinct name="10-Downs" votes="59" />
                <Precinct name="12-Gum Creek" votes="47" />
                <Precinct name="14-Leguinn" votes="32" />
                <Precinct name="15-Mansfield" votes="56" />
                <Precinct name="16-Newborn" votes="19" />
                <Precinct name="17-Oxford" votes="28" />
                <Precinct name="18-Rocky Plains" votes="24" />
                <Precinct name="25-Hub" votes="53" />
            </VoteType>
            <VoteType name="Provisional Votes" votes="1">
                <Precinct name="01-City Pond" votes="0" />
                <Precinct name="04-Alcovy" votes="0" />
                <Precinct name="06-Brewers" votes="0" />
                <Precinct name="07-Brick Store" votes="0" />
                <Precinct name="09-Livingston" votes="0" />
                <Precinct name="10-Downs" votes="0" />
                <Precinct name="12-Gum Creek" votes="0" />
                <Precinct name="14-Leguinn" votes="0" />
                <Precinct name="15-Mansfield" votes="0" />
                <Precinct name="16-Newborn" votes="0" />
                <Precinct name="17-Oxford" votes="1" />
                <Precinct name="18-Rocky Plains" votes="0" />
                <Precinct name="25-Hub" votes="0" />
            </VoteType>
        </Choice>
    </Contest>
    <Contest key="26" text="US House of Representatives - District 10 - Dem" voteFor="1" isQuestion="false" precinctsReporting="13" precinctsReported="13">
        <VoteType name="Undervotes" votes="33">
            <Precinct name="01-City Pond" votes="0" />
            <Precinct name="04-Alcovy" votes="0" />
            <Precinct name="06-Brewers" votes="2" />
            <Precinct name="07-Brick Store" votes="4" />
            <Precinct name="09-Livingston" votes="4" />
            <Precinct name="10-Downs" votes="5" />
            <Precinct name="12-Gum Creek" votes="9" />
            <Precinct name="14-Leguinn" votes="0" />
            <Precinct name="15-Mansfield" votes="1" />
            <Precinct name="16-Newborn" votes="1" />
            <Precinct name="17-Oxford" votes="2" />
            <Precinct name="18-Rocky Plains" votes="3" />
            <Precinct name="25-Hub" votes="2" />
        </VoteType>
        <VoteType name="Overvotes" votes="0">
            <Precinct name="01-City Pond" votes="0" />
            <Precinct name="04-Alcovy" votes="0" />
            <Precinct name="06-Brewers" votes="0" />
            <Precinct name="07-Brick Store" votes="0" />
            <Precinct name="09-Livingston" votes="0" />
            <Precinct name="10-Downs" votes="0" />
            <Precinct name="12-Gum Creek" votes="0" />
            <Precinct name="14-Leguinn" votes="0" />
            <Precinct name="15-Mansfield" votes="0" />
            <Precinct name="16-Newborn" votes="0" />
            <Precinct name="17-Oxford" votes="0" />
            <Precinct name="18-Rocky Plains" votes="0" />
            <Precinct name="25-Hub" votes="0" />
        </VoteType>
        <Choice key="83" text="Jessica Allison Fore" party="DEM" totalVotes="188">
            <VoteType name="Absentee by Mail Votes" votes="24">
                <Precinct name="01-City Pond" votes="0" />
                <Precinct name="04-Alcovy" votes="0" />
                <Precinct name="06-Brewers" votes="3" />
                <Precinct name="07-Brick Store" votes="3" />
                <Precinct name="09-Livingston" votes="1" />
                <Precinct name="10-Downs" votes="2" />
                <Precinct name="12-Gum Creek" votes="5" />
                <Precinct name="14-Leguinn" votes="2" />
                <Precinct name="15-Mansfield" votes="1" />
                <Precinct name="16-Newborn" votes="1" />
                <Precinct name="17-Oxford" votes="1" />
                <Precinct name="18-Rocky Plains" votes="3" />
                <Precinct name="25-Hub" votes="2" />
            </VoteType>
            <VoteType name="Advance Voting Votes" votes="33">
                <Precinct name="01-City Pond" votes="0" />
                <Precinct name="04-Alcovy" votes="0" />
                <Precinct name="06-Brewers" votes="1" />
                <Precinct name="07-Brick Store" votes="2" />
                <Precinct name="09-Livingston" votes="1" />
                <Precinct name="10-Downs" votes="10" />
                <Precinct name="12-Gum Creek" votes="7" />
                <Precinct name="14-Leguinn" votes="2" />
                <Precinct name="15-Mansfield" votes="1" />
                <Precinct name="16-Newborn" votes="0" />
                <Precinct name="17-Oxford" votes="1" />
                <Precinct name="18-Rocky Plains" votes="3" />
                <Precinct name="25-Hub" votes="5" />
            </VoteType>
            <VoteType name="Election Day Votes" votes="131">
                <Precinct name="01-City Pond" votes="2" />
                <Precinct name="04-Alcovy" votes="1" />
                <Precinct name="06-Brewers" votes="10" />
                <Precinct name="07-Brick Store" votes="8" />
                <Precinct name="09-Livingston" votes="16" />
                <Precinct name="10-Downs" votes="38" />
                <Precinct name="12-Gum Creek" votes="21" />
                <Precinct name="14-Leguinn" votes="8" />
                <Precinct name="15-Mansfield" votes="1" />
                <Precinct name="16-Newborn" votes="5" />
                <Precinct name="17-Oxford" votes="8" />
                <Precinct name="18-Rocky Plains" votes="7" />
                <Precinct name="25-Hub" votes="6" />
            </VoteType>
            <VoteType name="Provisional Votes" votes="0">
                <Precinct name="01-City Pond" votes="0" />
                <Precinct name="04-Alcovy" votes="0" />
                <Precinct name="06-Brewers" votes="0" />
                <Precinct name="07-Brick Store" votes="0" />
                <Precinct name="09-Livingston" votes="0" />
                <Precinct name="10-Downs" votes="0" />
                <Precinct name="12-Gum Creek" votes="0" />
                <Precinct name="14-Leguinn" votes="0" />
                <Precinct name="15-Mansfield" votes="0" />
                <Precinct name="16-Newborn" votes="0" />
                <Precinct name="17-Oxford" votes="0" />
                <Precinct name="18-Rocky Plains" votes="0" />
                <Precinct name="25-Hub" votes="0" />
            </VoteType>
        </Choice>
        <Choice key="84" text="Tabitha Johnson-Green" party="DEM" totalVotes="552">
            <VoteType name="Absentee by Mail Votes" votes="64">
                <Precinct name="01-City Pond" votes="1" />
                <Precinct name="04-Alcovy" votes="0" />
                <Precinct name="06-Brewers" votes="8" />
                <Precinct name="07-Brick Store" votes="5" />
                <Precinct name="09-Livingston" votes="5" />
                <Precinct name="10-Downs" votes="13" />
                <Precinct name="12-Gum Creek" votes="9" />
                <Precinct name="14-Leguinn" votes="4" />
                <Precinct name="15-Mansfield" votes="7" />
                <Precinct name="16-Newborn" votes="2" />
                <Precinct name="17-Oxford" votes="3" />
                <Precinct name="18-Rocky Plains" votes="5" />
                <Precinct name="25-Hub" votes="2" />
            </VoteType>
            <VoteType name="Advance Voting Votes" votes="128">
                <Precinct name="01-City Pond" votes="2" />
                <Precinct name="04-Alcovy" votes="3" />
                <Precinct name="06-Brewers" votes="9" />
                <Precinct name="07-Brick Store" votes="10" />
                <Precinct name="09-Livingston" votes="4" />
                <Precinct name="10-Downs" votes="36" />
                <Precinct name="12-Gum Creek" votes="31" />
                <Precinct name="14-Leguinn" votes="2" />
                <Precinct name="15-Mansfield" votes="6" />
                <Precinct name="16-Newborn" votes="5" />
                <Precinct name="17-Oxford" votes="5" />
                <Precinct name="18-Rocky Plains" votes="7" />
                <Precinct name="25-Hub" votes="8" />
            </VoteType>
            <VoteType name="Election Day Votes" votes="359">
                <Precinct name="01-City Pond" votes="4" />
                <Precinct name="04-Alcovy" votes="2" />
                <Precinct name="06-Brewers" votes="30" />
                <Precinct name="07-Brick Store" votes="24" />
                <Precinct name="09-Livingston" votes="34" />
                <Precinct name="10-Downs" votes="112" />
                <Precinct name="12-Gum Creek" votes="48" />
                <Precinct name="14-Leguinn" votes="27" />
                <Precinct name="15-Mansfield" votes="11" />
                <Precinct name="16-Newborn" votes="3" />
                <Precinct name="17-Oxford" votes="10" />
                <Precinct name="18-Rocky Plains" votes="38" />
                <Precinct name="25-Hub" votes="16" />
            </VoteType>
            <VoteType name="Provisional Votes" votes="1">
                <Precinct name="01-City Pond" votes="0" />
                <Precinct name="04-Alcovy" votes="0" />
                <Precinct name="06-Brewers" votes="0" />
                <Precinct name="07-Brick Store" votes="0" />
                <Precinct name="09-Livingston" votes="0" />
                <Precinct name="10-Downs" votes="0" />
                <Precinct name="12-Gum Creek" votes="0" />
                <Precinct name="14-Leguinn" votes="1" />
                <Precinct name="15-Mansfield" votes="0" />
                <Precinct name="16-Newborn" votes="0" />
                <Precinct name="17-Oxford" votes="0" />
                <Precinct name="18-Rocky Plains" votes="0" />
                <Precinct name="25-Hub" votes="0" />
            </VoteType>
        </Choice>
    </Contest>
</ElectionResult>