<?xml version="1.0"?>
<!--Election result snapshot imported from Tabulation System
-->
<ElectionResult>
    <Timestamp>6/23/2022 11:20:25 AM EDT</Timestamp>
    <ElectionName>June 21, 2022 - General Primary -Nonpartisan General Election Runoff</ElectionName>
    <ElectionDate>6/21/2022</ElectionDate>
    <Region>Wayne</Region>
    <VoterTurnout totalVoters="0" ballotsCast="333" voterTurnout="0.00">
        <Precincts>
            <Precinct name="Odum" totalVoters="0" ballotsCast="16" voterTurnout="0.00" percentReporting="4" />
            <Precinct name="Madray Springs" totalVoters="0" ballotsCast="2" voterTurnout="0.00" percentReporting="4" />
            <Precinct name="Oglethorpe" totalVoters="0" ballotsCast="17" voterTurnout="0.00" percentReporting="4" />
            <Precinct name="Screven" totalVoters="0" ballotsCast="31" voterTurnout="0.00" percentReporting="4" />
            <Precinct name="Empire" totalVoters="0" ballotsCast="8" voterTurnout="0.00" percentReporting="4" />
            <Precinct name="Red Hill" totalVoters="0" ballotsCast="13" voterTurnout="0.00" percentReporting="4" />
            <Precinct name="Altamaha" totalVoters="0" ballotsCast="33" voterTurnout="0.00" percentReporting="4" />
            <Precinct name="Gardi" totalVoters="0" ballotsCast="9" voterTurnout="0.00" percentReporting="4" />
            <Precinct name="VFW" totalVoters="0" ballotsCast="81" voterTurnout="0.00" percentReporting="4" />
            <Precinct name="Pine Street" totalVoters="0" ballotsCast="48" voterTurnout="0.00" percentReporting="4" />
            <Precinct name="Unity" totalVoters="0" ballotsCast="50" voterTurnout="0.00" percentReporting="4" />
            <Precinct name="Rec Center" totalVoters="0" ballotsCast="25" voterTurnout="0.00" percentReporting="4" />
        </Precincts>
    </VoterTurnout>
    <Contest key="6" text="Lieutenant Governor - Dem" voteFor="1" isQuestion="false" precinctsReporting="12" precinctsReported="12">
        <VoteType name="Undervotes" votes="16">
            <Precinct name="Odum" votes="1" />
            <Precinct name="Madray Springs" votes="2" />
            <Precinct name="Oglethorpe" votes="1" />
            <Precinct name="Screven" votes="0" />
            <Precinct name="Empire" votes="1" />
            <Precinct name="Red Hill" votes="1" />
            <Precinct name="Altamaha" votes="2" />
            <Precinct name="Gardi" votes="0" />
            <Precinct name="VFW" votes="5" />
            <Precinct name="Pine Street" votes="1" />
            <Precinct name="Unity" votes="1" />
            <Precinct name="Rec Center" votes="1" />
        </VoteType>
        <VoteType name="Overvotes" votes="0">
            <Precinct name="Odum" votes="0" />
            <Precinct name="Madray Springs" votes="0" />
            <Precinct name="Oglethorpe" votes="0" />
            <Precinct name="Screven" votes="0" />
            <Precinct name="Empire" votes="0" />
            <Precinct name="Red Hill" votes="0" />
            <Precinct name="Altamaha" votes="0" />
            <Precinct name="Gardi" votes="0" />
            <Precinct name="VFW" votes="0" />
            <Precinct name="Pine Street" votes="0" />
            <Precinct name="Unity" votes="0" />
            <Precinct name="Rec Center" votes="0" />
        </VoteType>
        <Choice key="46" text="Charlie Bailey" party="DEM" totalVotes="174">
            <VoteType name="Absentee by Mail Votes" votes="25">
                <Precinct name="Odum" votes="2" />
                <Precinct name="Madray Springs" votes="0" />
                <Precinct name="Oglethorpe" votes="0" />
                <Precinct name="Screven" votes="4" />
                <Precinct name="Empire" votes="0" />
                <Precinct name="Red Hill" votes="0" />
                <Precinct name="Altamaha" votes="4" />
                <Precinct name="Gardi" votes="2" />
                <Precinct name="VFW" votes="3" />
                <Precinct name="Pine Street" votes="4" />
                <Precinct name="Unity" votes="4" />
                <Precinct name="Rec Center" votes="2" />
            </VoteType>
            <VoteType name="Advance Voting Votes" votes="67">
                <Precinct name="Odum" votes="1" />
                <Precinct name="Madray Springs" votes="0" />
                <Precinct name="Oglethorpe" votes="5" />
                <Precinct name="Screven" votes="8" />
                <Precinct name="Empire" votes="1" />
                <Precinct name="Red Hill" votes="1" />
                <Precinct name="Altamaha" votes="9" />
                <Precinct name="Gardi" votes="1" />
                <Precinct name="VFW" votes="17" />
                <Precinct name="Pine Street" votes="3" />
                <Precinct name="Unity" votes="15" />
                <Precinct name="Rec Center" votes="6" />
            </VoteType>
            <VoteType name="Election Day Votes" votes="82">
                <Precinct name="Odum" votes="7" />
                <Precinct name="Madray Springs" votes="0" />
                <Precinct name="Oglethorpe" votes="4" />
                <Precinct name="Screven" votes="12" />
                <Precinct name="Empire" votes="3" />
                <Precinct name="Red Hill" votes="3" />
                <Precinct name="Altamaha" votes="8" />
                <Precinct name="Gardi" votes="1" />
                <Precinct name="VFW" votes="13" />
                <Precinct name="Pine Street" votes="18" />
                <Precinct name="Unity" votes="6" />
                <Precinct name="Rec Center" votes="7" />
            </VoteType>
            <VoteType name="Provisional Votes" votes="0">
                <Precinct name="Odum" votes="0" />
                <Precinct name="Madray Springs" votes="0" />
                <Precinct name="Oglethorpe" votes="0" />
                <Precinct name="Screven" votes="0" />
                <Precinct name="Empire" votes="0" />
                <Precinct name="Red Hill" votes="0" />
                <Precinct name="Altamaha" votes="0" />
                <Precinct name="Gardi" votes="0" />
                <Precinct name="VFW" votes="0" />
                <Precinct name="Pine Street" votes="0" />
                <Precinct name="Unity" votes="0" />
                <Precinct name="Rec Center" votes="0" />
            </VoteType>
        </Choice>
        <Choice key="49" text="Kwanza Hall" party="DEM" totalVotes="143">
            <VoteType name="Absentee by Mail Votes" votes="6">
                <Precinct name="Odum" votes="0" />
                <Precinct name="Madray Springs" votes="0" />
                <Precinct name="Oglethorpe" votes="0" />
                <Precinct name="Screven" votes="0" />
                <Precinct name="Empire" votes="1" />
                <Precinct name="Red Hill" votes="0" />
                <Precinct name="Altamaha" votes="0" />
                <Precinct name="Gardi" votes="1" />
                <Precinct name="VFW" votes="3" />
                <Precinct name="Pine Street" votes="0" />
                <Precinct name="Unity" votes="1" />
                <Precinct name="Rec Center" votes="0" />
            </VoteType>
            <VoteType name="Advance Voting Votes" votes="69">
                <Precinct name="Odum" votes="0" />
                <Precinct name="Madray Springs" votes="0" />
                <Precinct name="Oglethorpe" votes="4" />
                <Precinct name="Screven" votes="1" />
                <Precinct name="Empire" votes="0" />
                <Precinct name="Red Hill" votes="7" />
                <Precinct name="Altamaha" votes="4" />
                <Precinct name="Gardi" votes="3" />
                <Precinct name="VFW" votes="21" />
                <Precinct name="Pine Street" votes="13" />
                <Precinct name="Unity" votes="13" />
                <Precinct name="Rec Center" votes="3" />
            </VoteType>
            <VoteType name="Election Day Votes" votes="68">
                <Precinct name="Odum" votes="5" />
                <Precinct name="Madray Springs" votes="0" />
                <Precinct name="Oglethorpe" votes="3" />
                <Precinct name="Screven" votes="6" />
                <Precinct name="Empire" votes="2" />
                <Precinct name="Red Hill" votes="1" />
                <Precinct name="Altamaha" votes="6" />
                <Precinct name="Gardi" votes="1" />
                <Precinct name="VFW" votes="19" />
                <Precinct name="Pine Street" votes="9" />
                <Precinct name="Unity" votes="10" />
                <Precinct name="Rec Center" votes="6" />
            </VoteType>
            <VoteType name="Provisional Votes" votes="0">
                <Precinct name="Odum" votes="0" />
                <Precinct name="Madray Springs" votes="0" />
                <Precinct name="Oglethorpe" votes="0" />
                <Precinct name="Screven" votes="0" />
                <Precinct name="Empire" votes="0" />
                <Precinct name="Red Hill" votes="0" />
                <Precinct name="Altamaha" votes="0" />
                <Precinct name="Gardi" votes="0" />
                <Precinct name="VFW" votes="0" />
                <Precinct name="Pine Street" votes="0" />
                <Precinct name="Unity" votes="0" />
                <Precinct name="Rec Center" votes="0" />
            </VoteType>
        </Choice>
    </Contest>
    <Contest key="8" text="Secretary of State - Dem" voteFor="1" isQuestion="false" precinctsReporting="12" precinctsReported="12">
        <VoteType name="Undervotes" votes="14">
            <Precinct name="Odum" votes="0" />
            <Precinct name="Madray Springs" votes="1" />
            <Precinct name="Oglethorpe" votes="1" />
            <Precinct name="Screven" votes="1" />
            <Precinct name="Empire" votes="0" />
            <Precinct name="Red Hill" votes="1" />
            <Precinct name="Altamaha" votes="2" />
            <Precinct name="Gardi" votes="0" />
            <Precinct name="VFW" votes="4" />
            <Precinct name="Pine Street" votes="1" />
            <Precinct name="Unity" votes="1" />
            <Precinct name="Rec Center" votes="2" />
        </VoteType>
        <VoteType name="Overvotes" votes="0">
            <Precinct name="Odum" votes="0" />
            <Precinct name="Madray Springs" votes="0" />
            <Precinct name="Oglethorpe" votes="0" />
            <Precinct name="Screven" votes="0" />
            <Precinct name="Empire" votes="0" />
            <Precinct name="Red Hill" votes="0" />
            <Precinct name="Altamaha" votes="0" />
            <Precinct name="Gardi" votes="0" />
            <Precinct name="VFW" votes="0" />
            <Precinct name="Pine Street" votes="0" />
            <Precinct name="Unity" votes="0" />
            <Precinct name="Rec Center" votes="0" />
        </VoteType>
        <Choice key="58" text="Dee Dawkins-Haigler" party="DEM" totalVotes="139">
            <VoteType name="Absentee by Mail Votes" votes="12">
                <Precinct name="Odum" votes="0" />
                <Precinct name="Madray Springs" votes="0" />
                <Precinct name="Oglethorpe" votes="0" />
                <Precinct name="Screven" votes="1" />
                <Precinct name="Empire" votes="1" />
                <Precinct name="Red Hill" votes="0" />
                <Precinct name="Altamaha" votes="0" />
                <Precinct name="Gardi" votes="2" />
                <Precinct name="VFW" votes="2" />
                <Precinct name="Pine Street" votes="3" />
                <Precinct name="Unity" votes="1" />
                <Precinct name="Rec Center" votes="2" />
            </VoteType>
            <VoteType name="Advance Voting Votes" votes="52">
                <Precinct name="Odum" votes="1" />
                <Precinct name="Madray Springs" votes="0" />
                <Precinct name="Oglethorpe" votes="5" />
                <Precinct name="Screven" votes="3" />
                <Precinct name="Empire" votes="0" />
                <Precinct name="Red Hill" votes="5" />
                <Precinct name="Altamaha" votes="4" />
                <Precinct name="Gardi" votes="0" />
                <Precinct name="VFW" votes="19" />
                <Precinct name="Pine Street" votes="6" />
                <Precinct name="Unity" votes="7" />
                <Precinct name="Rec Center" votes="2" />
            </VoteType>
            <VoteType name="Election Day Votes" votes="75">
                <Precinct name="Odum" votes="6" />
                <Precinct name="Madray Springs" votes="0" />
                <Precinct name="Oglethorpe" votes="3" />
                <Precinct name="Screven" votes="6" />
                <Precinct name="Empire" votes="3" />
                <Precinct name="Red Hill" votes="1" />
                <Precinct name="Altamaha" votes="7" />
                <Precinct name="Gardi" votes="0" />
                <Precinct name="VFW" votes="19" />
                <Precinct name="Pine Street" votes="14" />
                <Precinct name="Unity" votes="9" />
                <Precinct name="Rec Center" votes="7" />
            </VoteType>
            <VoteType name="Provisional Votes" votes="0">
                <Precinct name="Odum" votes="0" />
                <Precinct name="Madray Springs" votes="0" />
                <Precinct name="Oglethorpe" votes="0" />
                <Precinct name="Screven" votes="0" />
                <Precinct name="Empire" votes="0" />
                <Precinct name="Red Hill" votes="0" />
                <Precinct name="Altamaha" votes="0" />
                <Precinct name="Gardi" votes="0" />
                <Precinct name="VFW" votes="0" />
                <Precinct name="Pine Street" votes="0" />
                <Precinct name="Unity" votes="0" />
                <Precinct name="Rec Center" votes="0" />
            </VoteType>
        </Choice>
        <Choice key="61" text="Bee Nguyen" party="DEM" totalVotes="180">
            <VoteType name="Absentee by Mail Votes" votes="21">
                <Precinct name="Odum" votes="2" />
                <Precinct name="Madray Springs" votes="1" />
                <Precinct name="Oglethorpe" votes="0" />
                <Precinct name="Screven" votes="3" />
                <Precinct name="Empire" votes="1" />
                <Precinct name="Red Hill" votes="0" />
                <Precinct name="Altamaha" votes="4" />
                <Precinct name="Gardi" votes="1" />
                <Precinct name="VFW" votes="4" />
                <Precinct name="Pine Street" votes="1" />
                <Precinct name="Unity" votes="4" />
                <Precinct name="Rec Center" votes="0" />
            </VoteType>
            <VoteType name="Advance Voting Votes" votes="84">
                <Precinct name="Odum" votes="0" />
                <Precinct name="Madray Springs" votes="0" />
                <Precinct name="Oglethorpe" votes="4" />
                <Precinct name="Screven" votes="5" />
                <Precinct name="Empire" votes="1" />
                <Precinct name="Red Hill" votes="3" />
                <Precinct name="Altamaha" votes="9" />
                <Precinct name="Gardi" votes="4" />
                <Precinct name="VFW" votes="21" />
                <Precinct name="Pine Street" votes="10" />
                <Precinct name="Unity" votes="21" />
                <Precinct name="Rec Center" votes="6" />
            </VoteType>
            <VoteType name="Election Day Votes" votes="75">
                <Precinct name="Odum" votes="7" />
                <Precinct name="Madray Springs" votes="0" />
                <Precinct name="Oglethorpe" votes="4" />
                <Precinct name="Screven" votes="12" />
                <Precinct name="Empire" votes="2" />
                <Precinct name="Red Hill" votes="3" />
                <Precinct name="Altamaha" votes="7" />
                <Precinct name="Gardi" votes="2" />
                <Precinct name="VFW" votes="12" />
                <Precinct name="Pine Street" votes="13" />
                <Precinct name="Unity" votes="7" />
                <Precinct name="Rec Center" votes="6" />
            </VoteType>
            <VoteType name="Provisional Votes" votes="0">
                <Precinct name="Odum" votes="0" />
                <Precinct name="Madray Springs" votes="0" />
                <Precinct name="Oglethorpe" votes="0" />
                <Precinct name="Screven" votes="0" />
                <Precinct name="Empire" votes="0" />
                <Precinct name="Red Hill" votes="0" />
                <Precinct name="Altamaha" votes="0" />
                <Precinct name="Gardi" votes="0" />
                <Precinct name="VFW" votes="0" />
                <Precinct name="Pine Street" votes="0" />
                <Precinct name="Unity" votes="0" />
                <Precinct name="Rec Center" votes="0" />
            </VoteType>
        </Choice>
    </Contest>
    <Contest key="14" text="Commissioner of Insurance - Dem" voteFor="1" isQuestion="false" precinctsReporting="12" precinctsReported="12">
        <VoteType name="Undervotes" votes="17">
            <Precinct name="Odum" votes="0" />
            <Precinct name="Madray Springs" votes="1" />
            <Precinct name="Oglethorpe" votes="0" />
            <Precinct name="Screven" votes="1" />
            <Precinct name="Empire" votes="1" />
            <Precinct name="Red Hill" votes="1" />
            <Precinct name="Altamaha" votes="1" />
            <Precinct name="Gardi" votes="1" />
            <Precinct name="VFW" votes="5" />
            <Precinct name="Pine Street" votes="3" />
            <Precinct name="Unity" votes="1" />
            <Precinct name="Rec Center" votes="2" />
        </VoteType>
        <VoteType name="Overvotes" votes="0">
            <Precinct name="Odum" votes="0" />
            <Precinct name="Madray Springs" votes="0" />
            <Precinct name="Oglethorpe" votes="0" />
            <Precinct name="Screven" votes="0" />
            <Precinct name="Empire" votes="0" />
            <Precinct name="Red Hill" votes="0" />
            <Precinct name="Altamaha" votes="0" />
            <Precinct name="Gardi" votes="0" />
            <Precinct name="VFW" votes="0" />
            <Precinct name="Pine Street" votes="0" />
            <Precinct name="Unity" votes="0" />
            <Precinct name="Rec Center" votes="0" />
        </VoteType>
        <Choice key="74" text="Raphael Baker" party="DEM" totalVotes="141">
            <VoteType name="Absentee by Mail Votes" votes="13">
                <Precinct name="Odum" votes="2" />
                <Precinct name="Madray Springs" votes="1" />
                <Precinct name="Oglethorpe" votes="0" />
                <Precinct name="Screven" votes="2" />
                <Precinct name="Empire" votes="1" />
                <Precinct name="Red Hill" votes="0" />
                <Precinct name="Altamaha" votes="2" />
                <Precinct name="Gardi" votes="2" />
                <Precinct name="VFW" votes="0" />
                <Precinct name="Pine Street" votes="1" />
                <Precinct name="Unity" votes="2" />
                <Precinct name="Rec Center" votes="0" />
            </VoteType>
            <VoteType name="Advance Voting Votes" votes="63">
                <Precinct name="Odum" votes="1" />
                <Precinct name="Madray Springs" votes="0" />
                <Precinct name="Oglethorpe" votes="4" />
                <Precinct name="Screven" votes="6" />
                <Precinct name="Empire" votes="0" />
                <Precinct name="Red Hill" votes="3" />
                <Precinct name="Altamaha" votes="9" />
                <Precinct name="Gardi" votes="2" />
                <Precinct name="VFW" votes="15" />
                <Precinct name="Pine Street" votes="7" />
                <Precinct name="Unity" votes="14" />
                <Precinct name="Rec Center" votes="2" />
            </VoteType>
            <VoteType name="Election Day Votes" votes="65">
                <Precinct name="Odum" votes="2" />
                <Precinct name="Madray Springs" votes="0" />
                <Precinct name="Oglethorpe" votes="3" />
                <Precinct name="Screven" votes="10" />
                <Precinct name="Empire" votes="3" />
                <Precinct name="Red Hill" votes="1" />
                <Precinct name="Altamaha" votes="9" />
                <Precinct name="Gardi" votes="0" />
                <Precinct name="VFW" votes="15" />
                <Precinct name="Pine Street" votes="9" />
                <Precinct name="Unity" votes="7" />
                <Precinct name="Rec Center" votes="6" />
            </VoteType>
            <VoteType name="Provisional Votes" votes="0">
                <Precinct name="Odum" votes="0" />
                <Precinct name="Madray Springs" votes="0" />
                <Precinct name="Oglethorpe" votes="0" />
                <Precinct name="Screven" votes="0" />
                <Precinct name="Empire" votes="0" />
                <Precinct name="Red Hill" votes="0" />
                <Precinct name="Altamaha" votes="0" />
                <Precinct name="Gardi" votes="0" />
                <Precinct name="VFW" votes="0" />
                <Precinct name="Pine Street" votes="0" />
                <Precinct name="Unity" votes="0" />
                <Precinct name="Rec Center" votes="0" />
            </VoteType>
        </Choice>
        <Choice key="75" text="Janice Laws Robinson" party="DEM" totalVotes="175">
            <VoteType name="Absentee by Mail Votes" votes="20">
                <Precinct name="Odum" votes="0" />
                <Precinct name="Madray Springs" votes="0" />
                <Precinct name="Oglethorpe" votes="0" />
                <Precinct name="Screven" votes="2" />
                <Precinct name="Empire" votes="1" />
                <Precinct name="Red Hill" votes="0" />
                <Precinct name="Altamaha" votes="2" />
                <Precinct name="Gardi" votes="1" />
                <Precinct name="VFW" votes="6" />
                <Precinct name="Pine Street" votes="3" />
                <Precinct name="Unity" votes="3" />
                <Precinct name="Rec Center" votes="2" />
            </VoteType>
            <VoteType name="Advance Voting Votes" votes="70">
                <Precinct name="Odum" votes="0" />
                <Precinct name="Madray Springs" votes="0" />
                <Precinct name="Oglethorpe" votes="5" />
                <Precinct name="Screven" votes="2" />
                <Precinct name="Empire" votes="1" />
                <Precinct name="Red Hill" votes="5" />
                <Precinct name="Altamaha" votes="4" />
                <Precinct name="Gardi" votes="2" />
                <Precinct name="VFW" votes="23" />
                <Precinct name="Pine Street" votes="8" />
                <Precinct name="Unity" votes="14" />
                <Precinct name="Rec Center" votes="6" />
            </VoteType>
            <VoteType name="Election Day Votes" votes="85">
                <Precinct name="Odum" votes="11" />
                <Precinct name="Madray Springs" votes="0" />
                <Precinct name="Oglethorpe" votes="5" />
                <Precinct name="Screven" votes="8" />
                <Precinct name="Empire" votes="1" />
                <Precinct name="Red Hill" votes="3" />
                <Precinct name="Altamaha" votes="6" />
                <Precinct name="Gardi" votes="1" />
                <Precinct name="VFW" votes="17" />
                <Precinct name="Pine Street" votes="17" />
                <Precinct name="Unity" votes="9" />
                <Precinct name="Rec Center" votes="7" />
            </VoteType>
            <VoteType name="Provisional Votes" votes="0">
                <Precinct name="Odum" votes="0" />
                <Precinct name="Madray Springs" votes="0" />
                <Precinct name="Oglethorpe" votes="0" />
                <Precinct name="Screven" votes="0" />
                <Precinct name="Empire" votes="0" />
                <Precinct name="Red Hill" votes="0" />
                <Precinct name="Altamaha" votes="0" />
                <Precinct name="Gardi" votes="0" />
                <Precinct name="VFW" votes="0" />
                <Precinct name="Pine Street" votes="0" />
                <Precinct name="Unity" votes="0" />
                <Precinct name="Rec Center" votes="0" />
            </VoteType>
        </Choice>
    </Contest>
    <Contest key="18" text="Commissioner of Labor - Dem" voteFor="1" isQuestion="false" precinctsReporting="12" precinctsReported="12">
        <VoteType name="Undervotes" votes="16">
            <Precinct name="Odum" votes="1" />
            <Precinct name="Madray Springs" votes="2" />
            <Precinct name="Oglethorpe" votes="1" />
            <Precinct name="Screven" votes="1" />
            <Precinct name="Empire" votes="0" />
            <Precinct name="Red Hill" votes="1" />
            <Precinct name="Altamaha" votes="2" />
            <Precinct name="Gardi" votes="1" />
            <Precinct name="VFW" votes="2" />
            <Precinct name="Pine Street" votes="1" />
            <Precinct name="Unity" votes="2" />
            <Precinct name="Rec Center" votes="2" />
        </VoteType>
        <VoteType name="Overvotes" votes="0">
            <Precinct name="Odum" votes="0" />
            <Precinct name="Madray Springs" votes="0" />
            <Precinct name="Oglethorpe" votes="0" />
            <Precinct name="Screven" votes="0" />
            <Precinct name="Empire" votes="0" />
            <Precinct name="Red Hill" votes="0" />
            <Precinct name="Altamaha" votes="0" />
            <Precinct name="Gardi" votes="0" />
            <Precinct name="VFW" votes="0" />
            <Precinct name="Pine Street" votes="0" />
            <Precinct name="Unity" votes="0" />
            <Precinct name="Rec Center" votes="0" />
        </VoteType>
        <Choice key="86" text="William &quot;&quot;Will&quot;&quot; Boddie, Jr." party="DEM" totalVotes="199">
            <VoteType name="Absentee by Mail Votes" votes="20">
                <Precinct name="Odum" votes="2" />
                <Precinct name="Madray Springs" votes="0" />
                <Precinct name="Oglethorpe" votes="0" />
                <Precinct name="Screven" votes="3" />
                <Precinct name="Empire" votes="1" />
                <Precinct name="Red Hill" votes="0" />
                <Precinct name="Altamaha" votes="1" />
                <Precinct name="Gardi" votes="1" />
                <Precinct name="VFW" votes="4" />
                <Precinct name="Pine Street" votes="3" />
                <Precinct name="Unity" votes="5" />
                <Precinct name="Rec Center" votes="0" />
            </VoteType>
            <VoteType name="Advance Voting Votes" votes="87">
                <Precinct name="Odum" votes="1" />
                <Precinct name="Madray Springs" votes="0" />
                <Precinct name="Oglethorpe" votes="5" />
                <Precinct name="Screven" votes="6" />
                <Precinct name="Empire" votes="1" />
                <Precinct name="Red Hill" votes="6" />
                <Precinct name="Altamaha" votes="10" />
                <Precinct name="Gardi" votes="1" />
                <Precinct name="VFW" votes="32" />
                <Precinct name="Pine Street" votes="9" />
                <Precinct name="Unity" votes="12" />
                <Precinct name="Rec Center" votes="4" />
            </VoteType>
            <VoteType name="Election Day Votes" votes="92">
                <Precinct name="Odum" votes="7" />
                <Precinct name="Madray Springs" votes="0" />
                <Precinct name="Oglethorpe" votes="3" />
                <Precinct name="Screven" votes="12" />
                <Precinct name="Empire" votes="2" />
                <Precinct name="Red Hill" votes="2" />
                <Precinct name="Altamaha" votes="9" />
                <Precinct name="Gardi" votes="0" />
                <Precinct name="VFW" votes="23" />
                <Precinct name="Pine Street" votes="19" />
                <Precinct name="Unity" votes="9" />
                <Precinct name="Rec Center" votes="6" />
            </VoteType>
            <VoteType name="Provisional Votes" votes="0">
                <Precinct name="Odum" votes="0" />
                <Precinct name="Madray Springs" votes="0" />
                <Precinct name="Oglethorpe" votes="0" />
                <Precinct name="Screven" votes="0" />
                <Precinct name="Empire" votes="0" />
                <Precinct name="Red Hill" votes="0" />
                <Precinct name="Altamaha" votes="0" />
                <Precinct name="Gardi" votes="0" />
                <Precinct name="VFW" votes="0" />
                <Precinct name="Pine Street" votes="0" />
                <Precinct name="Unity" votes="0" />
                <Precinct name="Rec Center" votes="0" />
            </VoteType>
        </Choice>
        <Choice key="88" text="Nicole Horn" party="DEM" totalVotes="118">
            <VoteType name="Absentee by Mail Votes" votes="12">
                <Precinct name="Odum" votes="0" />
                <Precinct name="Madray Springs" votes="0" />
                <Precinct name="Oglethorpe" votes="0" />
                <Precinct name="Screven" votes="1" />
                <Precinct name="Empire" votes="1" />
                <Precinct name="Red Hill" votes="0" />
                <Precinct name="Altamaha" votes="3" />
                <Precinct name="Gardi" votes="2" />
                <Precinct name="VFW" votes="2" />
                <Precinct name="Pine Street" votes="1" />
                <Precinct name="Unity" votes="0" />
                <Precinct name="Rec Center" votes="2" />
            </VoteType>
            <VoteType name="Advance Voting Votes" votes="50">
                <Precinct name="Odum" votes="0" />
                <Precinct name="Madray Springs" votes="0" />
                <Precinct name="Oglethorpe" votes="4" />
                <Precinct name="Screven" votes="2" />
                <Precinct name="Empire" votes="0" />
                <Precinct name="Red Hill" votes="2" />
                <Precinct name="Altamaha" votes="3" />
                <Precinct name="Gardi" votes="3" />
                <Precinct name="VFW" votes="9" />
                <Precinct name="Pine Street" votes="7" />
                <Precinct name="Unity" votes="16" />
                <Precinct name="Rec Center" votes="4" />
            </VoteType>
            <VoteType name="Election Day Votes" votes="56">
                <Precinct name="Odum" votes="5" />
                <Precinct name="Madray Springs" votes="0" />
                <Precinct name="Oglethorpe" votes="4" />
                <Precinct name="Screven" votes="6" />
                <Precinct name="Empire" votes="3" />
                <Precinct name="Red Hill" votes="2" />
                <Precinct name="Altamaha" votes="5" />
                <Precinct name="Gardi" votes="1" />
                <Precinct name="VFW" votes="9" />
                <Precinct name="Pine Street" votes="8" />
                <Precinct name="Unity" votes="6" />
                <Precinct name="Rec Center" votes="7" />
            </VoteType>
            <VoteType name="Provisional Votes" votes="0">
                <Precinct name="Odum" votes="0" />
                <Precinct name="Madray Springs" votes="0" />
                <Precinct name="Oglethorpe" votes="0" />
                <Precinct name="Screven" votes="0" />
                <Precinct name="Empire" votes="0" />
                <Precinct name="Red Hill" votes="0" />
                <Precinct name="Altamaha" votes="0" />
                <Precinct name="Gardi" votes="0" />
                <Precinct name="VFW" votes="0" />
                <Precinct name="Pine Street" votes="0" />
                <Precinct name="Unity" votes="0" />
                <Precinct name="Rec Center" votes="0" />
            </VoteType>
        </Choice>
    </Contest>
    <Contest key="69" text="US House of Representatives - District 1 - Dem" voteFor="1" isQuestion="false" precinctsReporting="12" precinctsReported="12">
        <VoteType name="Undervotes" votes="3">
            <Precinct name="Odum" votes="0" />
            <Precinct name="Madray Springs" votes="0" />
            <Precinct name="Oglethorpe" votes="0" />
            <Precinct name="Screven" votes="0" />
            <Precinct name="Empire" votes="0" />
            <Precinct name="Red Hill" votes="0" />
            <Precinct name="Altamaha" votes="1" />
            <Precinct name="Gardi" votes="0" />
            <Precinct name="VFW" votes="1" />
            <Precinct name="Pine Street" votes="0" />
            <Precinct name="Unity" votes="0" />
            <Precinct name="Rec Center" votes="1" />
        </VoteType>
        <VoteType name="Overvotes" votes="0">
            <Precinct name="Odum" votes="0" />
            <Precinct name="Madray Springs" votes="0" />
            <Precinct name="Oglethorpe" votes="0" />
            <Precinct name="Screven" votes="0" />
            <Precinct name="Empire" votes="0" />
            <Precinct name="Red Hill" votes="0" />
            <Precinct name="Altamaha" votes="0" />
            <Precinct name="Gardi" votes="0" />
            <Precinct name="VFW" votes="0" />
            <Precinct name="Pine Street" votes="0" />
            <Precinct name="Unity" votes="0" />
            <Precinct name="Rec Center" votes="0" />
        </VoteType>
        <Choice key="174" text="Joyce Marie Griggs" party="DEM" totalVotes="183">
            <VoteType name="Absentee by Mail Votes" votes="15">
                <Precinct name="Odum" votes="0" />
                <Precinct name="Madray Springs" votes="0" />
                <Precinct name="Oglethorpe" votes="0" />
                <Precinct name="Screven" votes="0" />
                <Precinct name="Empire" votes="1" />
                <Precinct name="Red Hill" votes="0" />
                <Precinct name="Altamaha" votes="1" />
                <Precinct name="Gardi" votes="1" />
                <Precinct name="VFW" votes="5" />
                <Precinct name="Pine Street" votes="2" />
                <Precinct name="Unity" votes="3" />
                <Precinct name="Rec Center" votes="2" />
            </VoteType>
            <VoteType name="Advance Voting Votes" votes="80">
                <Precinct name="Odum" votes="0" />
                <Precinct name="Madray Springs" votes="0" />
                <Precinct name="Oglethorpe" votes="2" />
                <Precinct name="Screven" votes="6" />
                <Precinct name="Empire" votes="0" />
                <Precinct name="Red Hill" votes="5" />
                <Precinct name="Altamaha" votes="10" />
                <Precinct name="Gardi" votes="1" />
                <Precinct name="VFW" votes="33" />
                <Precinct name="Pine Street" votes="13" />
                <Precinct name="Unity" votes="9" />
                <Precinct name="Rec Center" votes="1" />
            </VoteType>
            <VoteType name="Election Day Votes" votes="88">
                <Precinct name="Odum" votes="4" />
                <Precinct name="Madray Springs" votes="0" />
                <Precinct name="Oglethorpe" votes="5" />
                <Precinct name="Screven" votes="9" />
                <Precinct name="Empire" votes="4" />
                <Precinct name="Red Hill" votes="3" />
                <Precinct name="Altamaha" votes="4" />
                <Precinct name="Gardi" votes="1" />
                <Precinct name="VFW" votes="24" />
                <Precinct name="Pine Street" votes="14" />
                <Precinct name="Unity" votes="11" />
                <Precinct name="Rec Center" votes="9" />
            </VoteType>
            <VoteType name="Provisional Votes" votes="0">
                <Precinct name="Odum" votes="0" />
                <Precinct name="Madray Springs" votes="0" />
                <Precinct name="Oglethorpe" votes="0" />
                <Precinct name="Screven" votes="0" />
                <Precinct name="Empire" votes="0" />
                <Precinct name="Red Hill" votes="0" />
                <Precinct name="Altamaha" votes="0" />
                <Precinct name="Gardi" votes="0" />
                <Precinct name="VFW" votes="0" />
                <Precinct name="Pine Street" votes="0" />
                <Precinct name="Unity" votes="0" />
                <Precinct name="Rec Center" votes="0" />
            </VoteType>
        </Choice>
        <Choice key="201" text="Wade Herring" party="DEM" totalVotes="147">
            <VoteType name="Absentee by Mail Votes" votes="20">
                <Precinct name="Odum" votes="2" />
                <Precinct name="Madray Springs" votes="2" />
                <Precinct name="Oglethorpe" votes="0" />
                <Precinct name="Screven" votes="4" />
                <Precinct name="Empire" votes="1" />
                <Precinct name="Red Hill" votes="0" />
                <Precinct name="Altamaha" votes="4" />
                <Precinct name="Gardi" votes="2" />
                <Precinct name="VFW" votes="1" />
                <Precinct name="Pine Street" votes="2" />
                <Precinct name="Unity" votes="2" />
                <Precinct name="Rec Center" votes="0" />
            </VoteType>
            <VoteType name="Advance Voting Votes" votes="60">
                <Precinct name="Odum" votes="1" />
                <Precinct name="Madray Springs" votes="0" />
                <Precinct name="Oglethorpe" votes="7" />
                <Precinct name="Screven" votes="3" />
                <Precinct name="Empire" votes="1" />
                <Precinct name="Red Hill" votes="4" />
                <Precinct name="Altamaha" votes="3" />
                <Precinct name="Gardi" votes="3" />
                <Precinct name="VFW" votes="7" />
                <Precinct name="Pine Street" votes="3" />
                <Precinct name="Unity" votes="20" />
                <Precinct name="Rec Center" votes="8" />
            </VoteType>
            <VoteType name="Election Day Votes" votes="67">
                <Precinct name="Odum" votes="9" />
                <Precinct name="Madray Springs" votes="0" />
                <Precinct name="Oglethorpe" votes="3" />
                <Precinct name="Screven" votes="9" />
                <Precinct name="Empire" votes="1" />
                <Precinct name="Red Hill" votes="1" />
                <Precinct name="Altamaha" votes="10" />
                <Precinct name="Gardi" votes="1" />
                <Precinct name="VFW" votes="10" />
                <Precinct name="Pine Street" votes="14" />
                <Precinct name="Unity" votes="5" />
                <Precinct name="Rec Center" votes="4" />
            </VoteType>
            <VoteType name="Provisional Votes" votes="0">
                <Precinct name="Odum" votes="0" />
                <Precinct name="Madray Springs" votes="0" />
                <Precinct name="Oglethorpe" votes="0" />
                <Precinct name="Screven" votes="0" />
                <Precinct name="Empire" votes="0" />
                <Precinct name="Red Hill" votes="0" />
                <Precinct name="Altamaha" votes="0" />
                <Precinct name="Gardi" votes="0" />
                <Precinct name="VFW" votes="0" />
                <Precinct name="Pine Street" votes="0" />
                <Precinct name="Unity" votes="0" />
                <Precinct name="Rec Center" votes="0" />
            </VoteType>
        </Choice>
    </Contest>
    <Contest key="100" text="County Commissioner - District 1 - Rep" voteFor="1" isQuestion="false" precinctsReporting="3" precinctsReported="3">
        <VoteType name="Undervotes" votes="0">
            <Precinct name="Odum" votes="0" />
            <Precinct name="Madray Springs" votes="0" />
            <Precinct name="Oglethorpe" votes="0" />
        </VoteType>
        <VoteType name="Overvotes" votes="0">
            <Precinct name="Odum" votes="0" />
            <Precinct name="Madray Springs" votes="0" />
            <Precinct name="Oglethorpe" votes="0" />
        </VoteType>
        <Choice key="204" text="Mike Gordon" party="REP" totalVotes="465">
            <VoteType name="Absentee by Mail Votes" votes="12">
                <Precinct name="Odum" votes="2" />
                <Precinct name="Madray Springs" votes="3" />
                <Precinct name="Oglethorpe" votes="7" />
            </VoteType>
            <VoteType name="Advance Voting Votes" votes="134">
                <Precinct name="Odum" votes="44" />
                <Precinct name="Madray Springs" votes="25" />
                <Precinct name="Oglethorpe" votes="65" />
            </VoteType>
            <VoteType name="Election Day Votes" votes="319">
                <Precinct name="Odum" votes="124" />
                <Precinct name="Madray Springs" votes="96" />
                <Precinct name="Oglethorpe" votes="99" />
            </VoteType>
            <VoteType name="Provisional Votes" votes="0">
                <Precinct name="Odum" votes="0" />
                <Precinct name="Madray Springs" votes="0" />
                <Precinct name="Oglethorpe" votes="0" />
            </VoteType>
        </Choice>
        <Choice key="205" text="Bryan Griffis" party="REP" totalVotes="293">
            <VoteType name="Absentee by Mail Votes" votes="15">
                <Precinct name="Odum" votes="0" />
                <Precinct name="Madray Springs" votes="5" />
                <Precinct name="Oglethorpe" votes="10" />
            </VoteType>
            <VoteType name="Advance Voting Votes" votes="77">
                <Precinct name="Odum" votes="20" />
                <Precinct name="Madray Springs" votes="30" />
                <Precinct name="Oglethorpe" votes="27" />
            </VoteType>
            <VoteType name="Election Day Votes" votes="201">
                <Precinct name="Odum" votes="84" />
                <Precinct name="Madray Springs" votes="60" />
                <Precinct name="Oglethorpe" votes="57" />
            </VoteType>
            <VoteType name="Provisional Votes" votes="0">
                <Precinct name="Odum" votes="0" />
                <Precinct name="Madray Springs" votes="0" />
                <Precinct name="Oglethorpe" votes="0" />
            </VoteType>
        </Choice>
    </Contest>
</ElectionResult>