<?xml version="1.0"?>
<!--Election result snapshot imported from Tabulation System
-->
<ElectionResult>
    <Timestamp>6/24/2022 4:54:10 PM EDT</Timestamp>
    <ElectionName>June 21, 2022 - General Primary -Nonpartisan General Election Runoff</ElectionName>
    <ElectionDate>6/21/2022</ElectionDate>
    <Region>Pike</Region>
    <VoterTurnout totalVoters="14038" ballotsCast="222" voterTurnout="1.58">
        <Precincts>
            <Precinct name="Concord" totalVoters="1483" ballotsCast="44" voterTurnout="2.97" percentReporting="4" />
            <Precinct name="Hollonville" totalVoters="1785" ballotsCast="12" voterTurnout="0.67" percentReporting="4" />
            <Precinct name="Meansville" totalVoters="1327" ballotsCast="22" voterTurnout="1.66" percentReporting="4" />
            <Precinct name="Molena" totalVoters="1576" ballotsCast="13" voterTurnout="0.82" percentReporting="4" />
            <Precinct name="Second District" totalVoters="2672" ballotsCast="22" voterTurnout="0.82" percentReporting="4" />
            <Precinct name="Lifsey Springs" totalVoters="1144" ballotsCast="25" voterTurnout="2.19" percentReporting="4" />
            <Precinct name="Williamson" totalVoters="1851" ballotsCast="9" voterTurnout="0.49" percentReporting="4" />
            <Precinct name="Zebulon" totalVoters="2200" ballotsCast="75" voterTurnout="3.41" percentReporting="4" />
        </Precincts>
    </VoterTurnout>
    <Contest key="6" text="Lieutenant Governor - Dem" voteFor="1" isQuestion="false" precinctsReporting="8" precinctsReported="8">
        <VoteType name="Undervotes" votes="4">
            <Precinct name="Concord" votes="0" />
            <Precinct name="Hollonville" votes="0" />
            <Precinct name="Meansville" votes="0" />
            <Precinct name="Molena" votes="1" />
            <Precinct name="Second District" votes="1" />
            <Precinct name="Lifsey Springs" votes="1" />
            <Precinct name="Williamson" votes="0" />
            <Precinct name="Zebulon" votes="1" />
        </VoteType>
        <VoteType name="Overvotes" votes="0">
            <Precinct name="Concord" votes="0" />
            <Precinct name="Hollonville" votes="0" />
            <Precinct name="Meansville" votes="0" />
            <Precinct name="Molena" votes="0" />
            <Precinct name="Second District" votes="0" />
            <Precinct name="Lifsey Springs" votes="0" />
            <Precinct name="Williamson" votes="0" />
            <Precinct name="Zebulon" votes="0" />
        </VoteType>
        <Choice key="20" text="Charlie Bailey" party="DEM" totalVotes="141">
            <VoteType name="Absentee by Mail Votes" votes="50">
                <Precinct name="Concord" votes="5" />
                <Precinct name="Hollonville" votes="2" />
                <Precinct name="Meansville" votes="1" />
                <Precinct name="Molena" votes="1" />
                <Precinct name="Second District" votes="5" />
                <Precinct name="Lifsey Springs" votes="7" />
                <Precinct name="Williamson" votes="2" />
                <Precinct name="Zebulon" votes="27" />
            </VoteType>
            <VoteType name="Advance Voting Votes" votes="26">
                <Precinct name="Concord" votes="2" />
                <Precinct name="Hollonville" votes="3" />
                <Precinct name="Meansville" votes="3" />
                <Precinct name="Molena" votes="2" />
                <Precinct name="Second District" votes="2" />
                <Precinct name="Lifsey Springs" votes="3" />
                <Precinct name="Williamson" votes="0" />
                <Precinct name="Zebulon" votes="11" />
            </VoteType>
            <VoteType name="Election Day Votes" votes="64">
                <Precinct name="Concord" votes="17" />
                <Precinct name="Hollonville" votes="2" />
                <Precinct name="Meansville" votes="2" />
                <Precinct name="Molena" votes="6" />
                <Precinct name="Second District" votes="9" />
                <Precinct name="Lifsey Springs" votes="9" />
                <Precinct name="Williamson" votes="5" />
                <Precinct name="Zebulon" votes="14" />
            </VoteType>
            <VoteType name="Provisional Votes" votes="1">
                <Precinct name="Concord" votes="1" />
                <Precinct name="Hollonville" votes="0" />
                <Precinct name="Meansville" votes="0" />
                <Precinct name="Molena" votes="0" />
                <Precinct name="Second District" votes="0" />
                <Precinct name="Lifsey Springs" votes="0" />
                <Precinct name="Williamson" votes="0" />
                <Precinct name="Zebulon" votes="0" />
            </VoteType>
        </Choice>
        <Choice key="23" text="Kwanza Hall" party="DEM" totalVotes="77">
            <VoteType name="Absentee by Mail Votes" votes="20">
                <Precinct name="Concord" votes="1" />
                <Precinct name="Hollonville" votes="1" />
                <Precinct name="Meansville" votes="5" />
                <Precinct name="Molena" votes="0" />
                <Precinct name="Second District" votes="2" />
                <Precinct name="Lifsey Springs" votes="1" />
                <Precinct name="Williamson" votes="0" />
                <Precinct name="Zebulon" votes="10" />
            </VoteType>
            <VoteType name="Advance Voting Votes" votes="22">
                <Precinct name="Concord" votes="1" />
                <Precinct name="Hollonville" votes="2" />
                <Precinct name="Meansville" votes="7" />
                <Precinct name="Molena" votes="1" />
                <Precinct name="Second District" votes="0" />
                <Precinct name="Lifsey Springs" votes="2" />
                <Precinct name="Williamson" votes="1" />
                <Precinct name="Zebulon" votes="8" />
            </VoteType>
            <VoteType name="Election Day Votes" votes="35">
                <Precinct name="Concord" votes="17" />
                <Precinct name="Hollonville" votes="2" />
                <Precinct name="Meansville" votes="4" />
                <Precinct name="Molena" votes="2" />
                <Precinct name="Second District" votes="3" />
                <Precinct name="Lifsey Springs" votes="2" />
                <Precinct name="Williamson" votes="1" />
                <Precinct name="Zebulon" votes="4" />
            </VoteType>
            <VoteType name="Provisional Votes" votes="0">
                <Precinct name="Concord" votes="0" />
                <Precinct name="Hollonville" votes="0" />
                <Precinct name="Meansville" votes="0" />
                <Precinct name="Molena" votes="0" />
                <Precinct name="Second District" votes="0" />
                <Precinct name="Lifsey Springs" votes="0" />
                <Precinct name="Williamson" votes="0" />
                <Precinct name="Zebulon" votes="0" />
            </VoteType>
        </Choice>
    </Contest>
    <Contest key="8" text="Secretary of State - Dem" voteFor="1" isQuestion="false" precinctsReporting="8" precinctsReported="8">
        <VoteType name="Undervotes" votes="6">
            <Precinct name="Concord" votes="1" />
            <Precinct name="Hollonville" votes="0" />
            <Precinct name="Meansville" votes="0" />
            <Precinct name="Molena" votes="2" />
            <Precinct name="Second District" votes="1" />
            <Precinct name="Lifsey Springs" votes="0" />
            <Precinct name="Williamson" votes="0" />
            <Precinct name="Zebulon" votes="2" />
        </VoteType>
        <VoteType name="Overvotes" votes="0">
            <Precinct name="Concord" votes="0" />
            <Precinct name="Hollonville" votes="0" />
            <Precinct name="Meansville" votes="0" />
            <Precinct name="Molena" votes="0" />
            <Precinct name="Second District" votes="0" />
            <Precinct name="Lifsey Springs" votes="0" />
            <Precinct name="Williamson" votes="0" />
            <Precinct name="Zebulon" votes="0" />
        </VoteType>
        <Choice key="32" text="Dee Dawkins-Haigler" party="DEM" totalVotes="40">
            <VoteType name="Absentee by Mail Votes" votes="5">
                <Precinct name="Concord" votes="1" />
                <Precinct name="Hollonville" votes="1" />
                <Precinct name="Meansville" votes="2" />
                <Precinct name="Molena" votes="0" />
                <Precinct name="Second District" votes="0" />
                <Precinct name="Lifsey Springs" votes="0" />
                <Precinct name="Williamson" votes="0" />
                <Precinct name="Zebulon" votes="1" />
            </VoteType>
            <VoteType name="Advance Voting Votes" votes="9">
                <Precinct name="Concord" votes="0" />
                <Precinct name="Hollonville" votes="1" />
                <Precinct name="Meansville" votes="1" />
                <Precinct name="Molena" votes="0" />
                <Precinct name="Second District" votes="1" />
                <Precinct name="Lifsey Springs" votes="3" />
                <Precinct name="Williamson" votes="0" />
                <Precinct name="Zebulon" votes="3" />
            </VoteType>
            <VoteType name="Election Day Votes" votes="26">
                <Precinct name="Concord" votes="13" />
                <Precinct name="Hollonville" votes="2" />
                <Precinct name="Meansville" votes="1" />
                <Precinct name="Molena" votes="3" />
                <Precinct name="Second District" votes="2" />
                <Precinct name="Lifsey Springs" votes="3" />
                <Precinct name="Williamson" votes="2" />
                <Precinct name="Zebulon" votes="0" />
            </VoteType>
            <VoteType name="Provisional Votes" votes="0">
                <Precinct name="Concord" votes="0" />
                <Precinct name="Hollonville" votes="0" />
                <Precinct name="Meansville" votes="0" />
                <Precinct name="Molena" votes="0" />
                <Precinct name="Second District" votes="0" />
                <Precinct name="Lifsey Springs" votes="0" />
                <Precinct name="Williamson" votes="0" />
                <Precinct name="Zebulon" votes="0" />
            </VoteType>
        </Choice>
        <Choice key="35" text="Bee Nguyen" party="DEM" totalVotes="176">
            <VoteType name="Absentee by Mail Votes" votes="65">
                <Precinct name="Concord" votes="5" />
                <Precinct name="Hollonville" votes="2" />
                <Precinct name="Meansville" votes="4" />
                <Precinct name="Molena" votes="1" />
                <Precinct name="Second District" votes="7" />
                <Precinct name="Lifsey Springs" votes="8" />
                <Precinct name="Williamson" votes="2" />
                <Precinct name="Zebulon" votes="36" />
            </VoteType>
            <VoteType name="Advance Voting Votes" votes="38">
                <Precinct name="Concord" votes="3" />
                <Precinct name="Hollonville" votes="4" />
                <Precinct name="Meansville" votes="9" />
                <Precinct name="Molena" votes="3" />
                <Precinct name="Second District" votes="1" />
                <Precinct name="Lifsey Springs" votes="2" />
                <Precinct name="Williamson" votes="1" />
                <Precinct name="Zebulon" votes="15" />
            </VoteType>
            <VoteType name="Election Day Votes" votes="72">
                <Precinct name="Concord" votes="20" />
                <Precinct name="Hollonville" votes="2" />
                <Precinct name="Meansville" votes="5" />
                <Precinct name="Molena" votes="4" />
                <Precinct name="Second District" votes="10" />
                <Precinct name="Lifsey Springs" votes="9" />
                <Precinct name="Williamson" votes="4" />
                <Precinct name="Zebulon" votes="18" />
            </VoteType>
            <VoteType name="Provisional Votes" votes="1">
                <Precinct name="Concord" votes="1" />
                <Precinct name="Hollonville" votes="0" />
                <Precinct name="Meansville" votes="0" />
                <Precinct name="Molena" votes="0" />
                <Precinct name="Second District" votes="0" />
                <Precinct name="Lifsey Springs" votes="0" />
                <Precinct name="Williamson" votes="0" />
                <Precinct name="Zebulon" votes="0" />
            </VoteType>
        </Choice>
    </Contest>
    <Contest key="14" text="Commissioner of Insurance - Dem" voteFor="1" isQuestion="false" precinctsReporting="8" precinctsReported="8">
        <VoteType name="Undervotes" votes="9">
            <Precinct name="Concord" votes="1" />
            <Precinct name="Hollonville" votes="0" />
            <Precinct name="Meansville" votes="1" />
            <Precinct name="Molena" votes="2" />
            <Precinct name="Second District" votes="1" />
            <Precinct name="Lifsey Springs" votes="2" />
            <Precinct name="Williamson" votes="0" />
            <Precinct name="Zebulon" votes="2" />
        </VoteType>
        <VoteType name="Overvotes" votes="0">
            <Precinct name="Concord" votes="0" />
            <Precinct name="Hollonville" votes="0" />
            <Precinct name="Meansville" votes="0" />
            <Precinct name="Molena" votes="0" />
            <Precinct name="Second District" votes="0" />
            <Precinct name="Lifsey Springs" votes="0" />
            <Precinct name="Williamson" votes="0" />
            <Precinct name="Zebulon" votes="0" />
        </VoteType>
        <Choice key="48" text="Raphael Baker" party="DEM" totalVotes="74">
            <VoteType name="Absentee by Mail Votes" votes="22">
                <Precinct name="Concord" votes="2" />
                <Precinct name="Hollonville" votes="1" />
                <Precinct name="Meansville" votes="3" />
                <Precinct name="Molena" votes="0" />
                <Precinct name="Second District" votes="1" />
                <Precinct name="Lifsey Springs" votes="2" />
                <Precinct name="Williamson" votes="0" />
                <Precinct name="Zebulon" votes="13" />
            </VoteType>
            <VoteType name="Advance Voting Votes" votes="16">
                <Precinct name="Concord" votes="0" />
                <Precinct name="Hollonville" votes="1" />
                <Precinct name="Meansville" votes="5" />
                <Precinct name="Molena" votes="0" />
                <Precinct name="Second District" votes="0" />
                <Precinct name="Lifsey Springs" votes="2" />
                <Precinct name="Williamson" votes="1" />
                <Precinct name="Zebulon" votes="7" />
            </VoteType>
            <VoteType name="Election Day Votes" votes="35">
                <Precinct name="Concord" votes="9" />
                <Precinct name="Hollonville" votes="2" />
                <Precinct name="Meansville" votes="3" />
                <Precinct name="Molena" votes="4" />
                <Precinct name="Second District" votes="7" />
                <Precinct name="Lifsey Springs" votes="1" />
                <Precinct name="Williamson" votes="1" />
                <Precinct name="Zebulon" votes="8" />
            </VoteType>
            <VoteType name="Provisional Votes" votes="1">
                <Precinct name="Concord" votes="1" />
                <Precinct name="Hollonville" votes="0" />
                <Precinct name="Meansville" votes="0" />
                <Precinct name="Molena" votes="0" />
                <Precinct name="Second District" votes="0" />
                <Precinct name="Lifsey Springs" votes="0" />
                <Precinct name="Williamson" votes="0" />
                <Precinct name="Zebulon" votes="0" />
            </VoteType>
        </Choice>
        <Choice key="49" text="Janice Laws Robinson" party="DEM" totalVotes="139">
            <VoteType name="Absentee by Mail Votes" votes="47">
                <Precinct name="Concord" votes="4" />
                <Precinct name="Hollonville" votes="2" />
                <Precinct name="Meansville" votes="3" />
                <Precinct name="Molena" votes="1" />
                <Precinct name="Second District" votes="6" />
                <Precinct name="Lifsey Springs" votes="6" />
                <Precinct name="Williamson" votes="2" />
                <Precinct name="Zebulon" votes="23" />
            </VoteType>
            <VoteType name="Advance Voting Votes" votes="31">
                <Precinct name="Concord" votes="3" />
                <Precinct name="Hollonville" votes="4" />
                <Precinct name="Meansville" votes="5" />
                <Precinct name="Molena" votes="3" />
                <Precinct name="Second District" votes="2" />
                <Precinct name="Lifsey Springs" votes="2" />
                <Precinct name="Williamson" votes="0" />
                <Precinct name="Zebulon" votes="12" />
            </VoteType>
            <VoteType name="Election Day Votes" votes="61">
                <Precinct name="Concord" votes="24" />
                <Precinct name="Hollonville" votes="2" />
                <Precinct name="Meansville" votes="2" />
                <Precinct name="Molena" votes="3" />
                <Precinct name="Second District" votes="5" />
                <Precinct name="Lifsey Springs" votes="10" />
                <Precinct name="Williamson" votes="5" />
                <Precinct name="Zebulon" votes="10" />
            </VoteType>
            <VoteType name="Provisional Votes" votes="0">
                <Precinct name="Concord" votes="0" />
                <Precinct name="Hollonville" votes="0" />
                <Precinct name="Meansville" votes="0" />
                <Precinct name="Molena" votes="0" />
                <Precinct name="Second District" votes="0" />
                <Precinct name="Lifsey Springs" votes="0" />
                <Precinct name="Williamson" votes="0" />
                <Precinct name="Zebulon" votes="0" />
            </VoteType>
        </Choice>
    </Contest>
    <Contest key="18" text="Commissioner of Labor - Dem" voteFor="1" isQuestion="false" precinctsReporting="8" precinctsReported="8">
        <VoteType name="Undervotes" votes="7">
            <Precinct name="Concord" votes="1" />
            <Precinct name="Hollonville" votes="0" />
            <Precinct name="Meansville" votes="1" />
            <Precinct name="Molena" votes="1" />
            <Precinct name="Second District" votes="1" />
            <Precinct name="Lifsey Springs" votes="0" />
            <Precinct name="Williamson" votes="0" />
            <Precinct name="Zebulon" votes="3" />
        </VoteType>
        <VoteType name="Overvotes" votes="0">
            <Precinct name="Concord" votes="0" />
            <Precinct name="Hollonville" votes="0" />
            <Precinct name="Meansville" votes="0" />
            <Precinct name="Molena" votes="0" />
            <Precinct name="Second District" votes="0" />
            <Precinct name="Lifsey Springs" votes="0" />
            <Precinct name="Williamson" votes="0" />
            <Precinct name="Zebulon" votes="0" />
        </VoteType>
        <Choice key="60" text="William &quot;&quot;Will&quot;&quot; Boddie, Jr." party="DEM" totalVotes="112">
            <VoteType name="Absentee by Mail Votes" votes="34">
                <Precinct name="Concord" votes="2" />
                <Precinct name="Hollonville" votes="3" />
                <Precinct name="Meansville" votes="2" />
                <Precinct name="Molena" votes="0" />
                <Precinct name="Second District" votes="2" />
                <Precinct name="Lifsey Springs" votes="2" />
                <Precinct name="Williamson" votes="0" />
                <Precinct name="Zebulon" votes="23" />
            </VoteType>
            <VoteType name="Advance Voting Votes" votes="22">
                <Precinct name="Concord" votes="3" />
                <Precinct name="Hollonville" votes="4" />
                <Precinct name="Meansville" votes="1" />
                <Precinct name="Molena" votes="0" />
                <Precinct name="Second District" votes="1" />
                <Precinct name="Lifsey Springs" votes="2" />
                <Precinct name="Williamson" votes="1" />
                <Precinct name="Zebulon" votes="10" />
            </VoteType>
            <VoteType name="Election Day Votes" votes="55">
                <Precinct name="Concord" votes="22" />
                <Precinct name="Hollonville" votes="1" />
                <Precinct name="Meansville" votes="2" />
                <Precinct name="Molena" votes="5" />
                <Precinct name="Second District" votes="8" />
                <Precinct name="Lifsey Springs" votes="6" />
                <Precinct name="Williamson" votes="2" />
                <Precinct name="Zebulon" votes="9" />
            </VoteType>
            <VoteType name="Provisional Votes" votes="1">
                <Precinct name="Concord" votes="1" />
                <Precinct name="Hollonville" votes="0" />
                <Precinct name="Meansville" votes="0" />
                <Precinct name="Molena" votes="0" />
                <Precinct name="Second District" votes="0" />
                <Precinct name="Lifsey Springs" votes="0" />
                <Precinct name="Williamson" votes="0" />
                <Precinct name="Zebulon" votes="0" />
            </VoteType>
        </Choice>
        <Choice key="62" text="Nicole Horn" party="DEM" totalVotes="103">
            <VoteType name="Absentee by Mail Votes" votes="36">
                <Precinct name="Concord" votes="4" />
                <Precinct name="Hollonville" votes="0" />
                <Precinct name="Meansville" votes="4" />
                <Precinct name="Molena" votes="1" />
                <Precinct name="Second District" votes="5" />
                <Precinct name="Lifsey Springs" votes="6" />
                <Precinct name="Williamson" votes="2" />
                <Precinct name="Zebulon" votes="14" />
            </VoteType>
            <VoteType name="Advance Voting Votes" votes="24">
                <Precinct name="Concord" votes="0" />
                <Precinct name="Hollonville" votes="1" />
                <Precinct name="Meansville" votes="9" />
                <Precinct name="Molena" votes="3" />
                <Precinct name="Second District" votes="1" />
                <Precinct name="Lifsey Springs" votes="3" />
                <Precinct name="Williamson" votes="0" />
                <Precinct name="Zebulon" votes="7" />
            </VoteType>
            <VoteType name="Election Day Votes" votes="43">
                <Precinct name="Concord" votes="11" />
                <Precinct name="Hollonville" votes="3" />
                <Precinct name="Meansville" votes="3" />
                <Precinct name="Molena" votes="3" />
                <Precinct name="Second District" votes="4" />
                <Precinct name="Lifsey Springs" votes="6" />
                <Precinct name="Williamson" votes="4" />
                <Precinct name="Zebulon" votes="9" />
            </VoteType>
            <VoteType name="Provisional Votes" votes="0">
                <Precinct name="Concord" votes="0" />
                <Precinct name="Hollonville" votes="0" />
                <Precinct name="Meansville" votes="0" />
                <Precinct name="Molena" votes="0" />
                <Precinct name="Second District" votes="0" />
                <Precinct name="Lifsey Springs" votes="0" />
                <Precinct name="Williamson" votes="0" />
                <Precinct name="Zebulon" votes="0" />
            </VoteType>
        </Choice>
    </Contest>
</ElectionResult>