<?xml version="1.0"?>
<!--Election result snapshot imported from Tabulation System
-->
<ElectionResult>
    <Timestamp>6/24/2022 6:26:27 PM EDT</Timestamp>
    <ElectionName>June 21, 2022 - General Primary -Nonpartisan General Election Runoff</ElectionName>
    <ElectionDate>6/21/2022</ElectionDate>
    <Region>Decatur</Region>
    <VoterTurnout totalVoters="16060" ballotsCast="505" voterTurnout="3.14">
        <Precincts>
            <Precinct name="Mt. Pleasant" totalVoters="573" ballotsCast="5" voterTurnout="0.87" percentReporting="4" />
            <Precinct name="Recovery" totalVoters="656" ballotsCast="6" voterTurnout="0.91" percentReporting="4" />
            <Precinct name="Kendrick" totalVoters="577" ballotsCast="6" voterTurnout="1.04" percentReporting="4" />
            <Precinct name="Climax" totalVoters="978" ballotsCast="19" voterTurnout="1.94" percentReporting="4" />
            <Precinct name="Brinson" totalVoters="833" ballotsCast="15" voterTurnout="1.80" percentReporting="4" />
            <Precinct name="West Bainbridge" totalVoters="2195" ballotsCast="69" voterTurnout="3.14" percentReporting="4" />
            <Precinct name="Bainbridge-Coliseum" totalVoters="2164" ballotsCast="55" voterTurnout="2.54" percentReporting="4" />
            <Precinct name="Bainbridge-Fairgrounds" totalVoters="3141" ballotsCast="130" voterTurnout="4.14" percentReporting="4" />
            <Precinct name="Attapulgus" totalVoters="1692" ballotsCast="93" voterTurnout="5.50" percentReporting="4" />
            <Precinct name="Kirbo Center" totalVoters="3251" ballotsCast="107" voterTurnout="3.29" percentReporting="4" />
        </Precincts>
    </VoterTurnout>
    <Contest key="6" text="Lieutenant Governor - Dem" voteFor="1" isQuestion="false" precinctsReporting="10" precinctsReported="10">
        <VoteType name="Undervotes" votes="11">
            <Precinct name="Mt. Pleasant" votes="0" />
            <Precinct name="Recovery" votes="0" />
            <Precinct name="Kendrick" votes="0" />
            <Precinct name="Climax" votes="0" />
            <Precinct name="Brinson" votes="0" />
            <Precinct name="West Bainbridge" votes="3" />
            <Precinct name="Bainbridge-Coliseum" votes="1" />
            <Precinct name="Bainbridge-Fairgrounds" votes="2" />
            <Precinct name="Attapulgus" votes="4" />
            <Precinct name="Kirbo Center" votes="1" />
        </VoteType>
        <VoteType name="Overvotes" votes="0">
            <Precinct name="Mt. Pleasant" votes="0" />
            <Precinct name="Recovery" votes="0" />
            <Precinct name="Kendrick" votes="0" />
            <Precinct name="Climax" votes="0" />
            <Precinct name="Brinson" votes="0" />
            <Precinct name="West Bainbridge" votes="0" />
            <Precinct name="Bainbridge-Coliseum" votes="0" />
            <Precinct name="Bainbridge-Fairgrounds" votes="0" />
            <Precinct name="Attapulgus" votes="0" />
            <Precinct name="Kirbo Center" votes="0" />
        </VoteType>
        <Choice key="20" text="Charlie Bailey" party="DEM" totalVotes="263">
            <VoteType name="Absentee by Mail Votes" votes="21">
                <Precinct name="Mt. Pleasant" votes="1" />
                <Precinct name="Recovery" votes="0" />
                <Precinct name="Kendrick" votes="0" />
                <Precinct name="Climax" votes="1" />
                <Precinct name="Brinson" votes="1" />
                <Precinct name="West Bainbridge" votes="3" />
                <Precinct name="Bainbridge-Coliseum" votes="4" />
                <Precinct name="Bainbridge-Fairgrounds" votes="5" />
                <Precinct name="Attapulgus" votes="4" />
                <Precinct name="Kirbo Center" votes="2" />
            </VoteType>
            <VoteType name="Advance Voting Votes" votes="73">
                <Precinct name="Mt. Pleasant" votes="0" />
                <Precinct name="Recovery" votes="0" />
                <Precinct name="Kendrick" votes="0" />
                <Precinct name="Climax" votes="2" />
                <Precinct name="Brinson" votes="5" />
                <Precinct name="West Bainbridge" votes="15" />
                <Precinct name="Bainbridge-Coliseum" votes="6" />
                <Precinct name="Bainbridge-Fairgrounds" votes="18" />
                <Precinct name="Attapulgus" votes="11" />
                <Precinct name="Kirbo Center" votes="16" />
            </VoteType>
            <VoteType name="Election Day Votes" votes="169">
                <Precinct name="Mt. Pleasant" votes="1" />
                <Precinct name="Recovery" votes="2" />
                <Precinct name="Kendrick" votes="5" />
                <Precinct name="Climax" votes="5" />
                <Precinct name="Brinson" votes="2" />
                <Precinct name="West Bainbridge" votes="24" />
                <Precinct name="Bainbridge-Coliseum" votes="17" />
                <Precinct name="Bainbridge-Fairgrounds" votes="42" />
                <Precinct name="Attapulgus" votes="42" />
                <Precinct name="Kirbo Center" votes="29" />
            </VoteType>
            <VoteType name="Provisional Votes" votes="0">
                <Precinct name="Mt. Pleasant" votes="0" />
                <Precinct name="Recovery" votes="0" />
                <Precinct name="Kendrick" votes="0" />
                <Precinct name="Climax" votes="0" />
                <Precinct name="Brinson" votes="0" />
                <Precinct name="West Bainbridge" votes="0" />
                <Precinct name="Bainbridge-Coliseum" votes="0" />
                <Precinct name="Bainbridge-Fairgrounds" votes="0" />
                <Precinct name="Attapulgus" votes="0" />
                <Precinct name="Kirbo Center" votes="0" />
            </VoteType>
        </Choice>
        <Choice key="23" text="Kwanza Hall" party="DEM" totalVotes="231">
            <VoteType name="Absentee by Mail Votes" votes="32">
                <Precinct name="Mt. Pleasant" votes="0" />
                <Precinct name="Recovery" votes="4" />
                <Precinct name="Kendrick" votes="0" />
                <Precinct name="Climax" votes="3" />
                <Precinct name="Brinson" votes="0" />
                <Precinct name="West Bainbridge" votes="2" />
                <Precinct name="Bainbridge-Coliseum" votes="6" />
                <Precinct name="Bainbridge-Fairgrounds" votes="7" />
                <Precinct name="Attapulgus" votes="3" />
                <Precinct name="Kirbo Center" votes="7" />
            </VoteType>
            <VoteType name="Advance Voting Votes" votes="68">
                <Precinct name="Mt. Pleasant" votes="2" />
                <Precinct name="Recovery" votes="0" />
                <Precinct name="Kendrick" votes="0" />
                <Precinct name="Climax" votes="2" />
                <Precinct name="Brinson" votes="5" />
                <Precinct name="West Bainbridge" votes="4" />
                <Precinct name="Bainbridge-Coliseum" votes="7" />
                <Precinct name="Bainbridge-Fairgrounds" votes="15" />
                <Precinct name="Attapulgus" votes="13" />
                <Precinct name="Kirbo Center" votes="20" />
            </VoteType>
            <VoteType name="Election Day Votes" votes="131">
                <Precinct name="Mt. Pleasant" votes="1" />
                <Precinct name="Recovery" votes="0" />
                <Precinct name="Kendrick" votes="1" />
                <Precinct name="Climax" votes="6" />
                <Precinct name="Brinson" votes="2" />
                <Precinct name="West Bainbridge" votes="18" />
                <Precinct name="Bainbridge-Coliseum" votes="14" />
                <Precinct name="Bainbridge-Fairgrounds" votes="41" />
                <Precinct name="Attapulgus" votes="16" />
                <Precinct name="Kirbo Center" votes="32" />
            </VoteType>
            <VoteType name="Provisional Votes" votes="0">
                <Precinct name="Mt. Pleasant" votes="0" />
                <Precinct name="Recovery" votes="0" />
                <Precinct name="Kendrick" votes="0" />
                <Precinct name="Climax" votes="0" />
                <Precinct name="Brinson" votes="0" />
                <Precinct name="West Bainbridge" votes="0" />
                <Precinct name="Bainbridge-Coliseum" votes="0" />
                <Precinct name="Bainbridge-Fairgrounds" votes="0" />
                <Precinct name="Attapulgus" votes="0" />
                <Precinct name="Kirbo Center" votes="0" />
            </VoteType>
        </Choice>
    </Contest>
    <Contest key="8" text="Secretary of State - Dem" voteFor="1" isQuestion="false" precinctsReporting="10" precinctsReported="10">
        <VoteType name="Undervotes" votes="6">
            <Precinct name="Mt. Pleasant" votes="0" />
            <Precinct name="Recovery" votes="0" />
            <Precinct name="Kendrick" votes="0" />
            <Precinct name="Climax" votes="0" />
            <Precinct name="Brinson" votes="0" />
            <Precinct name="West Bainbridge" votes="1" />
            <Precinct name="Bainbridge-Coliseum" votes="0" />
            <Precinct name="Bainbridge-Fairgrounds" votes="2" />
            <Precinct name="Attapulgus" votes="2" />
            <Precinct name="Kirbo Center" votes="1" />
        </VoteType>
        <VoteType name="Overvotes" votes="0">
            <Precinct name="Mt. Pleasant" votes="0" />
            <Precinct name="Recovery" votes="0" />
            <Precinct name="Kendrick" votes="0" />
            <Precinct name="Climax" votes="0" />
            <Precinct name="Brinson" votes="0" />
            <Precinct name="West Bainbridge" votes="0" />
            <Precinct name="Bainbridge-Coliseum" votes="0" />
            <Precinct name="Bainbridge-Fairgrounds" votes="0" />
            <Precinct name="Attapulgus" votes="0" />
            <Precinct name="Kirbo Center" votes="0" />
        </VoteType>
        <Choice key="32" text="Dee Dawkins-Haigler" party="DEM" totalVotes="208">
            <VoteType name="Absentee by Mail Votes" votes="25">
                <Precinct name="Mt. Pleasant" votes="0" />
                <Precinct name="Recovery" votes="2" />
                <Precinct name="Kendrick" votes="0" />
                <Precinct name="Climax" votes="1" />
                <Precinct name="Brinson" votes="1" />
                <Precinct name="West Bainbridge" votes="4" />
                <Precinct name="Bainbridge-Coliseum" votes="7" />
                <Precinct name="Bainbridge-Fairgrounds" votes="3" />
                <Precinct name="Attapulgus" votes="2" />
                <Precinct name="Kirbo Center" votes="5" />
            </VoteType>
            <VoteType name="Advance Voting Votes" votes="46">
                <Precinct name="Mt. Pleasant" votes="1" />
                <Precinct name="Recovery" votes="0" />
                <Precinct name="Kendrick" votes="0" />
                <Precinct name="Climax" votes="2" />
                <Precinct name="Brinson" votes="2" />
                <Precinct name="West Bainbridge" votes="3" />
                <Precinct name="Bainbridge-Coliseum" votes="7" />
                <Precinct name="Bainbridge-Fairgrounds" votes="11" />
                <Precinct name="Attapulgus" votes="6" />
                <Precinct name="Kirbo Center" votes="14" />
            </VoteType>
            <VoteType name="Election Day Votes" votes="137">
                <Precinct name="Mt. Pleasant" votes="1" />
                <Precinct name="Recovery" votes="0" />
                <Precinct name="Kendrick" votes="4" />
                <Precinct name="Climax" votes="7" />
                <Precinct name="Brinson" votes="3" />
                <Precinct name="West Bainbridge" votes="14" />
                <Precinct name="Bainbridge-Coliseum" votes="13" />
                <Precinct name="Bainbridge-Fairgrounds" votes="40" />
                <Precinct name="Attapulgus" votes="28" />
                <Precinct name="Kirbo Center" votes="27" />
            </VoteType>
            <VoteType name="Provisional Votes" votes="0">
                <Precinct name="Mt. Pleasant" votes="0" />
                <Precinct name="Recovery" votes="0" />
                <Precinct name="Kendrick" votes="0" />
                <Precinct name="Climax" votes="0" />
                <Precinct name="Brinson" votes="0" />
                <Precinct name="West Bainbridge" votes="0" />
                <Precinct name="Bainbridge-Coliseum" votes="0" />
                <Precinct name="Bainbridge-Fairgrounds" votes="0" />
                <Precinct name="Attapulgus" votes="0" />
                <Precinct name="Kirbo Center" votes="0" />
            </VoteType>
        </Choice>
        <Choice key="35" text="Bee Nguyen" party="DEM" totalVotes="291">
            <VoteType name="Absentee by Mail Votes" votes="27">
                <Precinct name="Mt. Pleasant" votes="1" />
                <Precinct name="Recovery" votes="2" />
                <Precinct name="Kendrick" votes="0" />
                <Precinct name="Climax" votes="3" />
                <Precinct name="Brinson" votes="0" />
                <Precinct name="West Bainbridge" votes="1" />
                <Precinct name="Bainbridge-Coliseum" votes="3" />
                <Precinct name="Bainbridge-Fairgrounds" votes="9" />
                <Precinct name="Attapulgus" votes="4" />
                <Precinct name="Kirbo Center" votes="4" />
            </VoteType>
            <VoteType name="Advance Voting Votes" votes="97">
                <Precinct name="Mt. Pleasant" votes="1" />
                <Precinct name="Recovery" votes="0" />
                <Precinct name="Kendrick" votes="0" />
                <Precinct name="Climax" votes="2" />
                <Precinct name="Brinson" votes="8" />
                <Precinct name="West Bainbridge" votes="17" />
                <Precinct name="Bainbridge-Coliseum" votes="7" />
                <Precinct name="Bainbridge-Fairgrounds" votes="22" />
                <Precinct name="Attapulgus" votes="18" />
                <Precinct name="Kirbo Center" votes="22" />
            </VoteType>
            <VoteType name="Election Day Votes" votes="167">
                <Precinct name="Mt. Pleasant" votes="1" />
                <Precinct name="Recovery" votes="2" />
                <Precinct name="Kendrick" votes="2" />
                <Precinct name="Climax" votes="4" />
                <Precinct name="Brinson" votes="1" />
                <Precinct name="West Bainbridge" votes="29" />
                <Precinct name="Bainbridge-Coliseum" votes="18" />
                <Precinct name="Bainbridge-Fairgrounds" votes="43" />
                <Precinct name="Attapulgus" votes="33" />
                <Precinct name="Kirbo Center" votes="34" />
            </VoteType>
            <VoteType name="Provisional Votes" votes="0">
                <Precinct name="Mt. Pleasant" votes="0" />
                <Precinct name="Recovery" votes="0" />
                <Precinct name="Kendrick" votes="0" />
                <Precinct name="Climax" votes="0" />
                <Precinct name="Brinson" votes="0" />
                <Precinct name="West Bainbridge" votes="0" />
                <Precinct name="Bainbridge-Coliseum" votes="0" />
                <Precinct name="Bainbridge-Fairgrounds" votes="0" />
                <Precinct name="Attapulgus" votes="0" />
                <Precinct name="Kirbo Center" votes="0" />
            </VoteType>
        </Choice>
    </Contest>
    <Contest key="14" text="Commissioner of Insurance - Dem" voteFor="1" isQuestion="false" precinctsReporting="10" precinctsReported="10">
        <VoteType name="Undervotes" votes="16">
            <Precinct name="Mt. Pleasant" votes="0" />
            <Precinct name="Recovery" votes="0" />
            <Precinct name="Kendrick" votes="0" />
            <Precinct name="Climax" votes="0" />
            <Precinct name="Brinson" votes="0" />
            <Precinct name="West Bainbridge" votes="2" />
            <Precinct name="Bainbridge-Coliseum" votes="2" />
            <Precinct name="Bainbridge-Fairgrounds" votes="4" />
            <Precinct name="Attapulgus" votes="6" />
            <Precinct name="Kirbo Center" votes="2" />
        </VoteType>
        <VoteType name="Overvotes" votes="0">
            <Precinct name="Mt. Pleasant" votes="0" />
            <Precinct name="Recovery" votes="0" />
            <Precinct name="Kendrick" votes="0" />
            <Precinct name="Climax" votes="0" />
            <Precinct name="Brinson" votes="0" />
            <Precinct name="West Bainbridge" votes="0" />
            <Precinct name="Bainbridge-Coliseum" votes="0" />
            <Precinct name="Bainbridge-Fairgrounds" votes="0" />
            <Precinct name="Attapulgus" votes="0" />
            <Precinct name="Kirbo Center" votes="0" />
        </VoteType>
        <Choice key="48" text="Raphael Baker" party="DEM" totalVotes="177">
            <VoteType name="Absentee by Mail Votes" votes="11">
                <Precinct name="Mt. Pleasant" votes="0" />
                <Precinct name="Recovery" votes="1" />
                <Precinct name="Kendrick" votes="0" />
                <Precinct name="Climax" votes="0" />
                <Precinct name="Brinson" votes="0" />
                <Precinct name="West Bainbridge" votes="1" />
                <Precinct name="Bainbridge-Coliseum" votes="3" />
                <Precinct name="Bainbridge-Fairgrounds" votes="4" />
                <Precinct name="Attapulgus" votes="2" />
                <Precinct name="Kirbo Center" votes="0" />
            </VoteType>
            <VoteType name="Advance Voting Votes" votes="44">
                <Precinct name="Mt. Pleasant" votes="1" />
                <Precinct name="Recovery" votes="0" />
                <Precinct name="Kendrick" votes="0" />
                <Precinct name="Climax" votes="0" />
                <Precinct name="Brinson" votes="6" />
                <Precinct name="West Bainbridge" votes="6" />
                <Precinct name="Bainbridge-Coliseum" votes="4" />
                <Precinct name="Bainbridge-Fairgrounds" votes="10" />
                <Precinct name="Attapulgus" votes="9" />
                <Precinct name="Kirbo Center" votes="8" />
            </VoteType>
            <VoteType name="Election Day Votes" votes="122">
                <Precinct name="Mt. Pleasant" votes="0" />
                <Precinct name="Recovery" votes="0" />
                <Precinct name="Kendrick" votes="4" />
                <Precinct name="Climax" votes="5" />
                <Precinct name="Brinson" votes="0" />
                <Precinct name="West Bainbridge" votes="20" />
                <Precinct name="Bainbridge-Coliseum" votes="12" />
                <Precinct name="Bainbridge-Fairgrounds" votes="42" />
                <Precinct name="Attapulgus" votes="16" />
                <Precinct name="Kirbo Center" votes="23" />
            </VoteType>
            <VoteType name="Provisional Votes" votes="0">
                <Precinct name="Mt. Pleasant" votes="0" />
                <Precinct name="Recovery" votes="0" />
                <Precinct name="Kendrick" votes="0" />
                <Precinct name="Climax" votes="0" />
                <Precinct name="Brinson" votes="0" />
                <Precinct name="West Bainbridge" votes="0" />
                <Precinct name="Bainbridge-Coliseum" votes="0" />
                <Precinct name="Bainbridge-Fairgrounds" votes="0" />
                <Precinct name="Attapulgus" votes="0" />
                <Precinct name="Kirbo Center" votes="0" />
            </VoteType>
        </Choice>
        <Choice key="49" text="Janice Laws Robinson" party="DEM" totalVotes="312">
            <VoteType name="Absentee by Mail Votes" votes="41">
                <Precinct name="Mt. Pleasant" votes="1" />
                <Precinct name="Recovery" votes="3" />
                <Precinct name="Kendrick" votes="0" />
                <Precinct name="Climax" votes="4" />
                <Precinct name="Brinson" votes="1" />
                <Precinct name="West Bainbridge" votes="4" />
                <Precinct name="Bainbridge-Coliseum" votes="6" />
                <Precinct name="Bainbridge-Fairgrounds" votes="8" />
                <Precinct name="Attapulgus" votes="5" />
                <Precinct name="Kirbo Center" votes="9" />
            </VoteType>
            <VoteType name="Advance Voting Votes" votes="97">
                <Precinct name="Mt. Pleasant" votes="1" />
                <Precinct name="Recovery" votes="0" />
                <Precinct name="Kendrick" votes="0" />
                <Precinct name="Climax" votes="4" />
                <Precinct name="Brinson" votes="4" />
                <Precinct name="West Bainbridge" votes="14" />
                <Precinct name="Bainbridge-Coliseum" votes="9" />
                <Precinct name="Bainbridge-Fairgrounds" votes="23" />
                <Precinct name="Attapulgus" votes="15" />
                <Precinct name="Kirbo Center" votes="27" />
            </VoteType>
            <VoteType name="Election Day Votes" votes="174">
                <Precinct name="Mt. Pleasant" votes="2" />
                <Precinct name="Recovery" votes="2" />
                <Precinct name="Kendrick" votes="2" />
                <Precinct name="Climax" votes="6" />
                <Precinct name="Brinson" votes="4" />
                <Precinct name="West Bainbridge" votes="22" />
                <Precinct name="Bainbridge-Coliseum" votes="19" />
                <Precinct name="Bainbridge-Fairgrounds" votes="39" />
                <Precinct name="Attapulgus" votes="40" />
                <Precinct name="Kirbo Center" votes="38" />
            </VoteType>
            <VoteType name="Provisional Votes" votes="0">
                <Precinct name="Mt. Pleasant" votes="0" />
                <Precinct name="Recovery" votes="0" />
                <Precinct name="Kendrick" votes="0" />
                <Precinct name="Climax" votes="0" />
                <Precinct name="Brinson" votes="0" />
                <Precinct name="West Bainbridge" votes="0" />
                <Precinct name="Bainbridge-Coliseum" votes="0" />
                <Precinct name="Bainbridge-Fairgrounds" votes="0" />
                <Precinct name="Attapulgus" votes="0" />
                <Precinct name="Kirbo Center" votes="0" />
            </VoteType>
        </Choice>
    </Contest>
    <Contest key="18" text="Commissioner of Labor - Dem" voteFor="1" isQuestion="false" precinctsReporting="10" precinctsReported="10">
        <VoteType name="Undervotes" votes="12">
            <Precinct name="Mt. Pleasant" votes="0" />
            <Precinct name="Recovery" votes="0" />
            <Precinct name="Kendrick" votes="0" />
            <Precinct name="Climax" votes="0" />
            <Precinct name="Brinson" votes="0" />
            <Precinct name="West Bainbridge" votes="2" />
            <Precinct name="Bainbridge-Coliseum" votes="1" />
            <Precinct name="Bainbridge-Fairgrounds" votes="4" />
            <Precinct name="Attapulgus" votes="2" />
            <Precinct name="Kirbo Center" votes="3" />
        </VoteType>
        <VoteType name="Overvotes" votes="0">
            <Precinct name="Mt. Pleasant" votes="0" />
            <Precinct name="Recovery" votes="0" />
            <Precinct name="Kendrick" votes="0" />
            <Precinct name="Climax" votes="0" />
            <Precinct name="Brinson" votes="0" />
            <Precinct name="West Bainbridge" votes="0" />
            <Precinct name="Bainbridge-Coliseum" votes="0" />
            <Precinct name="Bainbridge-Fairgrounds" votes="0" />
            <Precinct name="Attapulgus" votes="0" />
            <Precinct name="Kirbo Center" votes="0" />
        </VoteType>
        <Choice key="60" text="William &quot;&quot;Will&quot;&quot; Boddie, Jr." party="DEM" totalVotes="285">
            <VoteType name="Absentee by Mail Votes" votes="21">
                <Precinct name="Mt. Pleasant" votes="0" />
                <Precinct name="Recovery" votes="0" />
                <Precinct name="Kendrick" votes="0" />
                <Precinct name="Climax" votes="4" />
                <Precinct name="Brinson" votes="0" />
                <Precinct name="West Bainbridge" votes="2" />
                <Precinct name="Bainbridge-Coliseum" votes="8" />
                <Precinct name="Bainbridge-Fairgrounds" votes="3" />
                <Precinct name="Attapulgus" votes="2" />
                <Precinct name="Kirbo Center" votes="2" />
            </VoteType>
            <VoteType name="Advance Voting Votes" votes="90">
                <Precinct name="Mt. Pleasant" votes="0" />
                <Precinct name="Recovery" votes="0" />
                <Precinct name="Kendrick" votes="0" />
                <Precinct name="Climax" votes="2" />
                <Precinct name="Brinson" votes="8" />
                <Precinct name="West Bainbridge" votes="17" />
                <Precinct name="Bainbridge-Coliseum" votes="5" />
                <Precinct name="Bainbridge-Fairgrounds" votes="24" />
                <Precinct name="Attapulgus" votes="18" />
                <Precinct name="Kirbo Center" votes="16" />
            </VoteType>
            <VoteType name="Election Day Votes" votes="174">
                <Precinct name="Mt. Pleasant" votes="2" />
                <Precinct name="Recovery" votes="0" />
                <Precinct name="Kendrick" votes="5" />
                <Precinct name="Climax" votes="5" />
                <Precinct name="Brinson" votes="4" />
                <Precinct name="West Bainbridge" votes="22" />
                <Precinct name="Bainbridge-Coliseum" votes="15" />
                <Precinct name="Bainbridge-Fairgrounds" votes="47" />
                <Precinct name="Attapulgus" votes="41" />
                <Precinct name="Kirbo Center" votes="33" />
            </VoteType>
            <VoteType name="Provisional Votes" votes="0">
                <Precinct name="Mt. Pleasant" votes="0" />
                <Precinct name="Recovery" votes="0" />
                <Precinct name="Kendrick" votes="0" />
                <Precinct name="Climax" votes="0" />
                <Precinct name="Brinson" votes="0" />
                <Precinct name="West Bainbridge" votes="0" />
                <Precinct name="Bainbridge-Coliseum" votes="0" />
                <Precinct name="Bainbridge-Fairgrounds" votes="0" />
                <Precinct name="Attapulgus" votes="0" />
                <Precinct name="Kirbo Center" votes="0" />
            </VoteType>
        </Choice>
        <Choice key="62" text="Nicole Horn" party="DEM" totalVotes="208">
            <VoteType name="Absentee by Mail Votes" votes="32">
                <Precinct name="Mt. Pleasant" votes="1" />
                <Precinct name="Recovery" votes="4" />
                <Precinct name="Kendrick" votes="0" />
                <Precinct name="Climax" votes="0" />
                <Precinct name="Brinson" votes="1" />
                <Precinct name="West Bainbridge" votes="3" />
                <Precinct name="Bainbridge-Coliseum" votes="2" />
                <Precinct name="Bainbridge-Fairgrounds" votes="9" />
                <Precinct name="Attapulgus" votes="5" />
                <Precinct name="Kirbo Center" votes="7" />
            </VoteType>
            <VoteType name="Advance Voting Votes" votes="50">
                <Precinct name="Mt. Pleasant" votes="2" />
                <Precinct name="Recovery" votes="0" />
                <Precinct name="Kendrick" votes="0" />
                <Precinct name="Climax" votes="2" />
                <Precinct name="Brinson" votes="2" />
                <Precinct name="West Bainbridge" votes="4" />
                <Precinct name="Bainbridge-Coliseum" votes="8" />
                <Precinct name="Bainbridge-Fairgrounds" votes="8" />
                <Precinct name="Attapulgus" votes="6" />
                <Precinct name="Kirbo Center" votes="18" />
            </VoteType>
            <VoteType name="Election Day Votes" votes="126">
                <Precinct name="Mt. Pleasant" votes="0" />
                <Precinct name="Recovery" votes="2" />
                <Precinct name="Kendrick" votes="1" />
                <Precinct name="Climax" votes="6" />
                <Precinct name="Brinson" votes="0" />
                <Precinct name="West Bainbridge" votes="19" />
                <Precinct name="Bainbridge-Coliseum" votes="16" />
                <Precinct name="Bainbridge-Fairgrounds" votes="35" />
                <Precinct name="Attapulgus" votes="19" />
                <Precinct name="Kirbo Center" votes="28" />
            </VoteType>
            <VoteType name="Provisional Votes" votes="0">
                <Precinct name="Mt. Pleasant" votes="0" />
                <Precinct name="Recovery" votes="0" />
                <Precinct name="Kendrick" votes="0" />
                <Precinct name="Climax" votes="0" />
                <Precinct name="Brinson" votes="0" />
                <Precinct name="West Bainbridge" votes="0" />
                <Precinct name="Bainbridge-Coliseum" votes="0" />
                <Precinct name="Bainbridge-Fairgrounds" votes="0" />
                <Precinct name="Attapulgus" votes="0" />
                <Precinct name="Kirbo Center" votes="0" />
            </VoteType>
        </Choice>
    </Contest>
    <Contest key="23" text="US House of Representatives - District 2 - Rep" voteFor="1" isQuestion="false" precinctsReporting="10" precinctsReported="10">
        <VoteType name="Undervotes" votes="0">
            <Precinct name="Mt. Pleasant" votes="0" />
            <Precinct name="Recovery" votes="0" />
            <Precinct name="Kendrick" votes="0" />
            <Precinct name="Climax" votes="0" />
            <Precinct name="Brinson" votes="0" />
            <Precinct name="West Bainbridge" votes="0" />
            <Precinct name="Bainbridge-Coliseum" votes="0" />
            <Precinct name="Bainbridge-Fairgrounds" votes="0" />
            <Precinct name="Attapulgus" votes="0" />
            <Precinct name="Kirbo Center" votes="0" />
        </VoteType>
        <VoteType name="Overvotes" votes="0">
            <Precinct name="Mt. Pleasant" votes="0" />
            <Precinct name="Recovery" votes="0" />
            <Precinct name="Kendrick" votes="0" />
            <Precinct name="Climax" votes="0" />
            <Precinct name="Brinson" votes="0" />
            <Precinct name="West Bainbridge" votes="0" />
            <Precinct name="Bainbridge-Coliseum" votes="0" />
            <Precinct name="Bainbridge-Fairgrounds" votes="0" />
            <Precinct name="Attapulgus" votes="0" />
            <Precinct name="Kirbo Center" votes="0" />
        </VoteType>
        <Choice key="73" text="Jeremy Hunt" party="REP" totalVotes="710">
            <VoteType name="Absentee by Mail Votes" votes="19">
                <Precinct name="Mt. Pleasant" votes="1" />
                <Precinct name="Recovery" votes="3" />
                <Precinct name="Kendrick" votes="0" />
                <Precinct name="Climax" votes="2" />
                <Precinct name="Brinson" votes="2" />
                <Precinct name="West Bainbridge" votes="1" />
                <Precinct name="Bainbridge-Coliseum" votes="0" />
                <Precinct name="Bainbridge-Fairgrounds" votes="3" />
                <Precinct name="Attapulgus" votes="1" />
                <Precinct name="Kirbo Center" votes="6" />
            </VoteType>
            <VoteType name="Advance Voting Votes" votes="157">
                <Precinct name="Mt. Pleasant" votes="6" />
                <Precinct name="Recovery" votes="5" />
                <Precinct name="Kendrick" votes="4" />
                <Precinct name="Climax" votes="13" />
                <Precinct name="Brinson" votes="2" />
                <Precinct name="West Bainbridge" votes="19" />
                <Precinct name="Bainbridge-Coliseum" votes="20" />
                <Precinct name="Bainbridge-Fairgrounds" votes="19" />
                <Precinct name="Attapulgus" votes="3" />
                <Precinct name="Kirbo Center" votes="66" />
            </VoteType>
            <VoteType name="Election Day Votes" votes="531">
                <Precinct name="Mt. Pleasant" votes="27" />
                <Precinct name="Recovery" votes="27" />
                <Precinct name="Kendrick" votes="36" />
                <Precinct name="Climax" votes="72" />
                <Precinct name="Brinson" votes="29" />
                <Precinct name="West Bainbridge" votes="48" />
                <Precinct name="Bainbridge-Coliseum" votes="42" />
                <Precinct name="Bainbridge-Fairgrounds" votes="63" />
                <Precinct name="Attapulgus" votes="35" />
                <Precinct name="Kirbo Center" votes="152" />
            </VoteType>
            <VoteType name="Provisional Votes" votes="3">
                <Precinct name="Mt. Pleasant" votes="0" />
                <Precinct name="Recovery" votes="0" />
                <Precinct name="Kendrick" votes="0" />
                <Precinct name="Climax" votes="2" />
                <Precinct name="Brinson" votes="0" />
                <Precinct name="West Bainbridge" votes="0" />
                <Precinct name="Bainbridge-Coliseum" votes="1" />
                <Precinct name="Bainbridge-Fairgrounds" votes="0" />
                <Precinct name="Attapulgus" votes="0" />
                <Precinct name="Kirbo Center" votes="0" />
            </VoteType>
        </Choice>
        <Choice key="76" text="Chris West" party="REP" totalVotes="581">
            <VoteType name="Absentee by Mail Votes" votes="21">
                <Precinct name="Mt. Pleasant" votes="3" />
                <Precinct name="Recovery" votes="4" />
                <Precinct name="Kendrick" votes="0" />
                <Precinct name="Climax" votes="0" />
                <Precinct name="Brinson" votes="0" />
                <Precinct name="West Bainbridge" votes="1" />
                <Precinct name="Bainbridge-Coliseum" votes="3" />
                <Precinct name="Bainbridge-Fairgrounds" votes="3" />
                <Precinct name="Attapulgus" votes="3" />
                <Precinct name="Kirbo Center" votes="4" />
            </VoteType>
            <VoteType name="Advance Voting Votes" votes="136">
                <Precinct name="Mt. Pleasant" votes="7" />
                <Precinct name="Recovery" votes="6" />
                <Precinct name="Kendrick" votes="1" />
                <Precinct name="Climax" votes="3" />
                <Precinct name="Brinson" votes="12" />
                <Precinct name="West Bainbridge" votes="14" />
                <Precinct name="Bainbridge-Coliseum" votes="15" />
                <Precinct name="Bainbridge-Fairgrounds" votes="14" />
                <Precinct name="Attapulgus" votes="5" />
                <Precinct name="Kirbo Center" votes="59" />
            </VoteType>
            <VoteType name="Election Day Votes" votes="424">
                <Precinct name="Mt. Pleasant" votes="52" />
                <Precinct name="Recovery" votes="39" />
                <Precinct name="Kendrick" votes="25" />
                <Precinct name="Climax" votes="34" />
                <Precinct name="Brinson" votes="34" />
                <Precinct name="West Bainbridge" votes="24" />
                <Precinct name="Bainbridge-Coliseum" votes="24" />
                <Precinct name="Bainbridge-Fairgrounds" votes="60" />
                <Precinct name="Attapulgus" votes="25" />
                <Precinct name="Kirbo Center" votes="107" />
            </VoteType>
            <VoteType name="Provisional Votes" votes="0">
                <Precinct name="Mt. Pleasant" votes="0" />
                <Precinct name="Recovery" votes="0" />
                <Precinct name="Kendrick" votes="0" />
                <Precinct name="Climax" votes="0" />
                <Precinct name="Brinson" votes="0" />
                <Precinct name="West Bainbridge" votes="0" />
                <Precinct name="Bainbridge-Coliseum" votes="0" />
                <Precinct name="Bainbridge-Fairgrounds" votes="0" />
                <Precinct name="Attapulgus" votes="0" />
                <Precinct name="Kirbo Center" votes="0" />
            </VoteType>
        </Choice>
    </Contest>
</ElectionResult>