<?xml version="1.0"?>
<!--Election result snapshot imported from Tabulation System
-->
<ElectionResult>
    <Timestamp>6/24/2022 11:33:03 AM EDT</Timestamp>
    <ElectionName>June 21, 2022 - General Primary -Nonpartisan General Election Runoff</ElectionName>
    <ElectionDate>6/21/2022</ElectionDate>
    <Region>Tift</Region>
    <VoterTurnout totalVoters="22604" ballotsCast="519" voterTurnout="2.30">
        <Precincts>
            <Precinct name="Tifton NE" totalVoters="3212" ballotsCast="33" voterTurnout="1.03" percentReporting="4" />
            <Precinct name="Brighton" totalVoters="2209" ballotsCast="23" voterTurnout="1.04" percentReporting="4" />
            <Precinct name="Brookfield " totalVoters="1471" ballotsCast="2" voterTurnout="0.14" percentReporting="4" />
            <Precinct name="Chula" totalVoters="1281" ballotsCast="8" voterTurnout="0.62" percentReporting="4" />
            <Precinct name="Docia" totalVoters="1016" ballotsCast="3" voterTurnout="0.30" percentReporting="4" />
            <Precinct name="Eldorado" totalVoters="1325" ballotsCast="3" voterTurnout="0.23" percentReporting="4" />
            <Precinct name="Omega" totalVoters="879" ballotsCast="2" voterTurnout="0.23" percentReporting="4" />
            <Precinct name="TY TY" totalVoters="1212" ballotsCast="16" voterTurnout="1.32" percentReporting="4" />
            <Precinct name="Tifton NW" totalVoters="3318" ballotsCast="61" voterTurnout="1.84" percentReporting="4" />
            <Precinct name="Tifton South" totalVoters="2285" ballotsCast="178" voterTurnout="7.79" percentReporting="4" />
            <Precinct name="Mott-Litman Gym" totalVoters="1348" ballotsCast="151" voterTurnout="11.20" percentReporting="4" />
            <Precinct name="Tifton Lodge " totalVoters="3048" ballotsCast="39" voterTurnout="1.28" percentReporting="4" />
        </Precincts>
    </VoterTurnout>
    <Contest key="6" text="Lieutenant Governor - Dem" voteFor="1" isQuestion="false" precinctsReporting="12" precinctsReported="12">
        <VoteType name="Undervotes" votes="30">
            <Precinct name="Tifton NE" votes="1" />
            <Precinct name="Brighton" votes="0" />
            <Precinct name="Brookfield " votes="0" />
            <Precinct name="Chula" votes="0" />
            <Precinct name="Docia" votes="0" />
            <Precinct name="Eldorado" votes="0" />
            <Precinct name="Omega" votes="0" />
            <Precinct name="TY TY" votes="0" />
            <Precinct name="Tifton NW" votes="0" />
            <Precinct name="Tifton South" votes="18" />
            <Precinct name="Mott-Litman Gym" votes="11" />
            <Precinct name="Tifton Lodge " votes="0" />
        </VoteType>
        <VoteType name="Overvotes" votes="0">
            <Precinct name="Tifton NE" votes="0" />
            <Precinct name="Brighton" votes="0" />
            <Precinct name="Brookfield " votes="0" />
            <Precinct name="Chula" votes="0" />
            <Precinct name="Docia" votes="0" />
            <Precinct name="Eldorado" votes="0" />
            <Precinct name="Omega" votes="0" />
            <Precinct name="TY TY" votes="0" />
            <Precinct name="Tifton NW" votes="0" />
            <Precinct name="Tifton South" votes="0" />
            <Precinct name="Mott-Litman Gym" votes="0" />
            <Precinct name="Tifton Lodge " votes="0" />
        </VoteType>
        <Choice key="20" text="Charlie Bailey" party="DEM" totalVotes="255">
            <VoteType name="Absentee by Mail Votes" votes="36">
                <Precinct name="Tifton NE" votes="5" />
                <Precinct name="Brighton" votes="2" />
                <Precinct name="Brookfield " votes="0" />
                <Precinct name="Chula" votes="0" />
                <Precinct name="Docia" votes="0" />
                <Precinct name="Eldorado" votes="0" />
                <Precinct name="Omega" votes="0" />
                <Precinct name="TY TY" votes="0" />
                <Precinct name="Tifton NW" votes="9" />
                <Precinct name="Tifton South" votes="5" />
                <Precinct name="Mott-Litman Gym" votes="12" />
                <Precinct name="Tifton Lodge " votes="3" />
            </VoteType>
            <VoteType name="Advance Voting Votes" votes="82">
                <Precinct name="Tifton NE" votes="5" />
                <Precinct name="Brighton" votes="5" />
                <Precinct name="Brookfield " votes="0" />
                <Precinct name="Chula" votes="0" />
                <Precinct name="Docia" votes="0" />
                <Precinct name="Eldorado" votes="2" />
                <Precinct name="Omega" votes="0" />
                <Precinct name="TY TY" votes="1" />
                <Precinct name="Tifton NW" votes="9" />
                <Precinct name="Tifton South" votes="29" />
                <Precinct name="Mott-Litman Gym" votes="22" />
                <Precinct name="Tifton Lodge " votes="9" />
            </VoteType>
            <VoteType name="Election Day Votes" votes="137">
                <Precinct name="Tifton NE" votes="8" />
                <Precinct name="Brighton" votes="5" />
                <Precinct name="Brookfield " votes="2" />
                <Precinct name="Chula" votes="0" />
                <Precinct name="Docia" votes="3" />
                <Precinct name="Eldorado" votes="1" />
                <Precinct name="Omega" votes="2" />
                <Precinct name="TY TY" votes="11" />
                <Precinct name="Tifton NW" votes="14" />
                <Precinct name="Tifton South" votes="36" />
                <Precinct name="Mott-Litman Gym" votes="41" />
                <Precinct name="Tifton Lodge " votes="14" />
            </VoteType>
            <VoteType name="Provisional Votes" votes="0">
                <Precinct name="Tifton NE" votes="0" />
                <Precinct name="Brighton" votes="0" />
                <Precinct name="Brookfield " votes="0" />
                <Precinct name="Chula" votes="0" />
                <Precinct name="Docia" votes="0" />
                <Precinct name="Eldorado" votes="0" />
                <Precinct name="Omega" votes="0" />
                <Precinct name="TY TY" votes="0" />
                <Precinct name="Tifton NW" votes="0" />
                <Precinct name="Tifton South" votes="0" />
                <Precinct name="Mott-Litman Gym" votes="0" />
                <Precinct name="Tifton Lodge " votes="0" />
            </VoteType>
        </Choice>
        <Choice key="23" text="Kwanza Hall" party="DEM" totalVotes="234">
            <VoteType name="Absentee by Mail Votes" votes="20">
                <Precinct name="Tifton NE" votes="3" />
                <Precinct name="Brighton" votes="2" />
                <Precinct name="Brookfield " votes="0" />
                <Precinct name="Chula" votes="1" />
                <Precinct name="Docia" votes="0" />
                <Precinct name="Eldorado" votes="0" />
                <Precinct name="Omega" votes="0" />
                <Precinct name="TY TY" votes="0" />
                <Precinct name="Tifton NW" votes="1" />
                <Precinct name="Tifton South" votes="8" />
                <Precinct name="Mott-Litman Gym" votes="3" />
                <Precinct name="Tifton Lodge " votes="2" />
            </VoteType>
            <VoteType name="Advance Voting Votes" votes="84">
                <Precinct name="Tifton NE" votes="3" />
                <Precinct name="Brighton" votes="6" />
                <Precinct name="Brookfield " votes="0" />
                <Precinct name="Chula" votes="1" />
                <Precinct name="Docia" votes="0" />
                <Precinct name="Eldorado" votes="0" />
                <Precinct name="Omega" votes="0" />
                <Precinct name="TY TY" votes="0" />
                <Precinct name="Tifton NW" votes="10" />
                <Precinct name="Tifton South" votes="39" />
                <Precinct name="Mott-Litman Gym" votes="23" />
                <Precinct name="Tifton Lodge " votes="2" />
            </VoteType>
            <VoteType name="Election Day Votes" votes="130">
                <Precinct name="Tifton NE" votes="8" />
                <Precinct name="Brighton" votes="3" />
                <Precinct name="Brookfield " votes="0" />
                <Precinct name="Chula" votes="6" />
                <Precinct name="Docia" votes="0" />
                <Precinct name="Eldorado" votes="0" />
                <Precinct name="Omega" votes="0" />
                <Precinct name="TY TY" votes="4" />
                <Precinct name="Tifton NW" votes="18" />
                <Precinct name="Tifton South" votes="43" />
                <Precinct name="Mott-Litman Gym" votes="39" />
                <Precinct name="Tifton Lodge " votes="9" />
            </VoteType>
            <VoteType name="Provisional Votes" votes="0">
                <Precinct name="Tifton NE" votes="0" />
                <Precinct name="Brighton" votes="0" />
                <Precinct name="Brookfield " votes="0" />
                <Precinct name="Chula" votes="0" />
                <Precinct name="Docia" votes="0" />
                <Precinct name="Eldorado" votes="0" />
                <Precinct name="Omega" votes="0" />
                <Precinct name="TY TY" votes="0" />
                <Precinct name="Tifton NW" votes="0" />
                <Precinct name="Tifton South" votes="0" />
                <Precinct name="Mott-Litman Gym" votes="0" />
                <Precinct name="Tifton Lodge " votes="0" />
            </VoteType>
        </Choice>
    </Contest>
    <Contest key="8" text="Secretary of State - Dem" voteFor="1" isQuestion="false" precinctsReporting="12" precinctsReported="12">
        <VoteType name="Undervotes" votes="36">
            <Precinct name="Tifton NE" votes="1" />
            <Precinct name="Brighton" votes="0" />
            <Precinct name="Brookfield " votes="0" />
            <Precinct name="Chula" votes="0" />
            <Precinct name="Docia" votes="0" />
            <Precinct name="Eldorado" votes="0" />
            <Precinct name="Omega" votes="0" />
            <Precinct name="TY TY" votes="0" />
            <Precinct name="Tifton NW" votes="2" />
            <Precinct name="Tifton South" votes="17" />
            <Precinct name="Mott-Litman Gym" votes="16" />
            <Precinct name="Tifton Lodge " votes="0" />
        </VoteType>
        <VoteType name="Overvotes" votes="0">
            <Precinct name="Tifton NE" votes="0" />
            <Precinct name="Brighton" votes="0" />
            <Precinct name="Brookfield " votes="0" />
            <Precinct name="Chula" votes="0" />
            <Precinct name="Docia" votes="0" />
            <Precinct name="Eldorado" votes="0" />
            <Precinct name="Omega" votes="0" />
            <Precinct name="TY TY" votes="0" />
            <Precinct name="Tifton NW" votes="0" />
            <Precinct name="Tifton South" votes="0" />
            <Precinct name="Mott-Litman Gym" votes="0" />
            <Precinct name="Tifton Lodge " votes="0" />
        </VoteType>
        <Choice key="32" text="Dee Dawkins-Haigler" party="DEM" totalVotes="212">
            <VoteType name="Absentee by Mail Votes" votes="18">
                <Precinct name="Tifton NE" votes="2" />
                <Precinct name="Brighton" votes="2" />
                <Precinct name="Brookfield " votes="0" />
                <Precinct name="Chula" votes="1" />
                <Precinct name="Docia" votes="0" />
                <Precinct name="Eldorado" votes="0" />
                <Precinct name="Omega" votes="0" />
                <Precinct name="TY TY" votes="0" />
                <Precinct name="Tifton NW" votes="1" />
                <Precinct name="Tifton South" votes="4" />
                <Precinct name="Mott-Litman Gym" votes="7" />
                <Precinct name="Tifton Lodge " votes="1" />
            </VoteType>
            <VoteType name="Advance Voting Votes" votes="64">
                <Precinct name="Tifton NE" votes="2" />
                <Precinct name="Brighton" votes="4" />
                <Precinct name="Brookfield " votes="0" />
                <Precinct name="Chula" votes="1" />
                <Precinct name="Docia" votes="0" />
                <Precinct name="Eldorado" votes="1" />
                <Precinct name="Omega" votes="0" />
                <Precinct name="TY TY" votes="0" />
                <Precinct name="Tifton NW" votes="6" />
                <Precinct name="Tifton South" votes="31" />
                <Precinct name="Mott-Litman Gym" votes="16" />
                <Precinct name="Tifton Lodge " votes="3" />
            </VoteType>
            <VoteType name="Election Day Votes" votes="130">
                <Precinct name="Tifton NE" votes="9" />
                <Precinct name="Brighton" votes="1" />
                <Precinct name="Brookfield " votes="2" />
                <Precinct name="Chula" votes="4" />
                <Precinct name="Docia" votes="0" />
                <Precinct name="Eldorado" votes="1" />
                <Precinct name="Omega" votes="0" />
                <Precinct name="TY TY" votes="7" />
                <Precinct name="Tifton NW" votes="8" />
                <Precinct name="Tifton South" votes="44" />
                <Precinct name="Mott-Litman Gym" votes="47" />
                <Precinct name="Tifton Lodge " votes="7" />
            </VoteType>
            <VoteType name="Provisional Votes" votes="0">
                <Precinct name="Tifton NE" votes="0" />
                <Precinct name="Brighton" votes="0" />
                <Precinct name="Brookfield " votes="0" />
                <Precinct name="Chula" votes="0" />
                <Precinct name="Docia" votes="0" />
                <Precinct name="Eldorado" votes="0" />
                <Precinct name="Omega" votes="0" />
                <Precinct name="TY TY" votes="0" />
                <Precinct name="Tifton NW" votes="0" />
                <Precinct name="Tifton South" votes="0" />
                <Precinct name="Mott-Litman Gym" votes="0" />
                <Precinct name="Tifton Lodge " votes="0" />
            </VoteType>
        </Choice>
        <Choice key="35" text="Bee Nguyen" party="DEM" totalVotes="271">
            <VoteType name="Absentee by Mail Votes" votes="37">
                <Precinct name="Tifton NE" votes="6" />
                <Precinct name="Brighton" votes="2" />
                <Precinct name="Brookfield " votes="0" />
                <Precinct name="Chula" votes="0" />
                <Precinct name="Docia" votes="0" />
                <Precinct name="Eldorado" votes="0" />
                <Precinct name="Omega" votes="0" />
                <Precinct name="TY TY" votes="0" />
                <Precinct name="Tifton NW" votes="9" />
                <Precinct name="Tifton South" votes="9" />
                <Precinct name="Mott-Litman Gym" votes="7" />
                <Precinct name="Tifton Lodge " votes="4" />
            </VoteType>
            <VoteType name="Advance Voting Votes" votes="101">
                <Precinct name="Tifton NE" votes="6" />
                <Precinct name="Brighton" votes="7" />
                <Precinct name="Brookfield " votes="0" />
                <Precinct name="Chula" votes="0" />
                <Precinct name="Docia" votes="0" />
                <Precinct name="Eldorado" votes="1" />
                <Precinct name="Omega" votes="0" />
                <Precinct name="TY TY" votes="1" />
                <Precinct name="Tifton NW" votes="13" />
                <Precinct name="Tifton South" votes="37" />
                <Precinct name="Mott-Litman Gym" votes="28" />
                <Precinct name="Tifton Lodge " votes="8" />
            </VoteType>
            <VoteType name="Election Day Votes" votes="133">
                <Precinct name="Tifton NE" votes="7" />
                <Precinct name="Brighton" votes="7" />
                <Precinct name="Brookfield " votes="0" />
                <Precinct name="Chula" votes="2" />
                <Precinct name="Docia" votes="3" />
                <Precinct name="Eldorado" votes="0" />
                <Precinct name="Omega" votes="2" />
                <Precinct name="TY TY" votes="8" />
                <Precinct name="Tifton NW" votes="22" />
                <Precinct name="Tifton South" votes="36" />
                <Precinct name="Mott-Litman Gym" votes="30" />
                <Precinct name="Tifton Lodge " votes="16" />
            </VoteType>
            <VoteType name="Provisional Votes" votes="0">
                <Precinct name="Tifton NE" votes="0" />
                <Precinct name="Brighton" votes="0" />
                <Precinct name="Brookfield " votes="0" />
                <Precinct name="Chula" votes="0" />
                <Precinct name="Docia" votes="0" />
                <Precinct name="Eldorado" votes="0" />
                <Precinct name="Omega" votes="0" />
                <Precinct name="TY TY" votes="0" />
                <Precinct name="Tifton NW" votes="0" />
                <Precinct name="Tifton South" votes="0" />
                <Precinct name="Mott-Litman Gym" votes="0" />
                <Precinct name="Tifton Lodge " votes="0" />
            </VoteType>
        </Choice>
    </Contest>
    <Contest key="14" text="Commissioner of Insurance - Dem" voteFor="1" isQuestion="false" precinctsReporting="12" precinctsReported="12">
        <VoteType name="Undervotes" votes="42">
            <Precinct name="Tifton NE" votes="2" />
            <Precinct name="Brighton" votes="1" />
            <Precinct name="Brookfield " votes="0" />
            <Precinct name="Chula" votes="1" />
            <Precinct name="Docia" votes="0" />
            <Precinct name="Eldorado" votes="0" />
            <Precinct name="Omega" votes="0" />
            <Precinct name="TY TY" votes="0" />
            <Precinct name="Tifton NW" votes="3" />
            <Precinct name="Tifton South" votes="20" />
            <Precinct name="Mott-Litman Gym" votes="15" />
            <Precinct name="Tifton Lodge " votes="0" />
        </VoteType>
        <VoteType name="Overvotes" votes="0">
            <Precinct name="Tifton NE" votes="0" />
            <Precinct name="Brighton" votes="0" />
            <Precinct name="Brookfield " votes="0" />
            <Precinct name="Chula" votes="0" />
            <Precinct name="Docia" votes="0" />
            <Precinct name="Eldorado" votes="0" />
            <Precinct name="Omega" votes="0" />
            <Precinct name="TY TY" votes="0" />
            <Precinct name="Tifton NW" votes="0" />
            <Precinct name="Tifton South" votes="0" />
            <Precinct name="Mott-Litman Gym" votes="0" />
            <Precinct name="Tifton Lodge " votes="0" />
        </VoteType>
        <Choice key="48" text="Raphael Baker" party="DEM" totalVotes="199">
            <VoteType name="Absentee by Mail Votes" votes="21">
                <Precinct name="Tifton NE" votes="5" />
                <Precinct name="Brighton" votes="2" />
                <Precinct name="Brookfield " votes="0" />
                <Precinct name="Chula" votes="1" />
                <Precinct name="Docia" votes="0" />
                <Precinct name="Eldorado" votes="0" />
                <Precinct name="Omega" votes="0" />
                <Precinct name="TY TY" votes="0" />
                <Precinct name="Tifton NW" votes="3" />
                <Precinct name="Tifton South" votes="6" />
                <Precinct name="Mott-Litman Gym" votes="3" />
                <Precinct name="Tifton Lodge " votes="1" />
            </VoteType>
            <VoteType name="Advance Voting Votes" votes="65">
                <Precinct name="Tifton NE" votes="6" />
                <Precinct name="Brighton" votes="2" />
                <Precinct name="Brookfield " votes="0" />
                <Precinct name="Chula" votes="1" />
                <Precinct name="Docia" votes="0" />
                <Precinct name="Eldorado" votes="1" />
                <Precinct name="Omega" votes="0" />
                <Precinct name="TY TY" votes="1" />
                <Precinct name="Tifton NW" votes="7" />
                <Precinct name="Tifton South" votes="24" />
                <Precinct name="Mott-Litman Gym" votes="19" />
                <Precinct name="Tifton Lodge " votes="4" />
            </VoteType>
            <VoteType name="Election Day Votes" votes="113">
                <Precinct name="Tifton NE" votes="6" />
                <Precinct name="Brighton" votes="1" />
                <Precinct name="Brookfield " votes="2" />
                <Precinct name="Chula" votes="0" />
                <Precinct name="Docia" votes="2" />
                <Precinct name="Eldorado" votes="0" />
                <Precinct name="Omega" votes="0" />
                <Precinct name="TY TY" votes="10" />
                <Precinct name="Tifton NW" votes="6" />
                <Precinct name="Tifton South" votes="40" />
                <Precinct name="Mott-Litman Gym" votes="39" />
                <Precinct name="Tifton Lodge " votes="7" />
            </VoteType>
            <VoteType name="Provisional Votes" votes="0">
                <Precinct name="Tifton NE" votes="0" />
                <Precinct name="Brighton" votes="0" />
                <Precinct name="Brookfield " votes="0" />
                <Precinct name="Chula" votes="0" />
                <Precinct name="Docia" votes="0" />
                <Precinct name="Eldorado" votes="0" />
                <Precinct name="Omega" votes="0" />
                <Precinct name="TY TY" votes="0" />
                <Precinct name="Tifton NW" votes="0" />
                <Precinct name="Tifton South" votes="0" />
                <Precinct name="Mott-Litman Gym" votes="0" />
                <Precinct name="Tifton Lodge " votes="0" />
            </VoteType>
        </Choice>
        <Choice key="49" text="Janice Laws Robinson" party="DEM" totalVotes="278">
            <VoteType name="Absentee by Mail Votes" votes="33">
                <Precinct name="Tifton NE" votes="3" />
                <Precinct name="Brighton" votes="2" />
                <Precinct name="Brookfield " votes="0" />
                <Precinct name="Chula" votes="0" />
                <Precinct name="Docia" votes="0" />
                <Precinct name="Eldorado" votes="0" />
                <Precinct name="Omega" votes="0" />
                <Precinct name="TY TY" votes="0" />
                <Precinct name="Tifton NW" votes="7" />
                <Precinct name="Tifton South" votes="7" />
                <Precinct name="Mott-Litman Gym" votes="10" />
                <Precinct name="Tifton Lodge " votes="4" />
            </VoteType>
            <VoteType name="Advance Voting Votes" votes="95">
                <Precinct name="Tifton NE" votes="3" />
                <Precinct name="Brighton" votes="8" />
                <Precinct name="Brookfield " votes="0" />
                <Precinct name="Chula" votes="0" />
                <Precinct name="Docia" votes="0" />
                <Precinct name="Eldorado" votes="1" />
                <Precinct name="Omega" votes="0" />
                <Precinct name="TY TY" votes="0" />
                <Precinct name="Tifton NW" votes="12" />
                <Precinct name="Tifton South" votes="39" />
                <Precinct name="Mott-Litman Gym" votes="25" />
                <Precinct name="Tifton Lodge " votes="7" />
            </VoteType>
            <VoteType name="Election Day Votes" votes="150">
                <Precinct name="Tifton NE" votes="8" />
                <Precinct name="Brighton" votes="7" />
                <Precinct name="Brookfield " votes="0" />
                <Precinct name="Chula" votes="5" />
                <Precinct name="Docia" votes="1" />
                <Precinct name="Eldorado" votes="1" />
                <Precinct name="Omega" votes="2" />
                <Precinct name="TY TY" votes="5" />
                <Precinct name="Tifton NW" votes="23" />
                <Precinct name="Tifton South" votes="42" />
                <Precinct name="Mott-Litman Gym" votes="40" />
                <Precinct name="Tifton Lodge " votes="16" />
            </VoteType>
            <VoteType name="Provisional Votes" votes="0">
                <Precinct name="Tifton NE" votes="0" />
                <Precinct name="Brighton" votes="0" />
                <Precinct name="Brookfield " votes="0" />
                <Precinct name="Chula" votes="0" />
                <Precinct name="Docia" votes="0" />
                <Precinct name="Eldorado" votes="0" />
                <Precinct name="Omega" votes="0" />
                <Precinct name="TY TY" votes="0" />
                <Precinct name="Tifton NW" votes="0" />
                <Precinct name="Tifton South" votes="0" />
                <Precinct name="Mott-Litman Gym" votes="0" />
                <Precinct name="Tifton Lodge " votes="0" />
            </VoteType>
        </Choice>
    </Contest>
    <Contest key="18" text="Commissioner of Labor - Dem" voteFor="1" isQuestion="false" precinctsReporting="12" precinctsReported="12">
        <VoteType name="Undervotes" votes="46">
            <Precinct name="Tifton NE" votes="1" />
            <Precinct name="Brighton" votes="1" />
            <Precinct name="Brookfield " votes="0" />
            <Precinct name="Chula" votes="0" />
            <Precinct name="Docia" votes="0" />
            <Precinct name="Eldorado" votes="0" />
            <Precinct name="Omega" votes="0" />
            <Precinct name="TY TY" votes="0" />
            <Precinct name="Tifton NW" votes="3" />
            <Precinct name="Tifton South" votes="22" />
            <Precinct name="Mott-Litman Gym" votes="19" />
            <Precinct name="Tifton Lodge " votes="0" />
        </VoteType>
        <VoteType name="Overvotes" votes="0">
            <Precinct name="Tifton NE" votes="0" />
            <Precinct name="Brighton" votes="0" />
            <Precinct name="Brookfield " votes="0" />
            <Precinct name="Chula" votes="0" />
            <Precinct name="Docia" votes="0" />
            <Precinct name="Eldorado" votes="0" />
            <Precinct name="Omega" votes="0" />
            <Precinct name="TY TY" votes="0" />
            <Precinct name="Tifton NW" votes="0" />
            <Precinct name="Tifton South" votes="0" />
            <Precinct name="Mott-Litman Gym" votes="0" />
            <Precinct name="Tifton Lodge " votes="0" />
        </VoteType>
        <Choice key="60" text="William &quot;&quot;Will&quot;&quot; Boddie, Jr." party="DEM" totalVotes="250">
            <VoteType name="Absentee by Mail Votes" votes="34">
                <Precinct name="Tifton NE" votes="6" />
                <Precinct name="Brighton" votes="3" />
                <Precinct name="Brookfield " votes="0" />
                <Precinct name="Chula" votes="1" />
                <Precinct name="Docia" votes="0" />
                <Precinct name="Eldorado" votes="0" />
                <Precinct name="Omega" votes="0" />
                <Precinct name="TY TY" votes="0" />
                <Precinct name="Tifton NW" votes="5" />
                <Precinct name="Tifton South" votes="7" />
                <Precinct name="Mott-Litman Gym" votes="10" />
                <Precinct name="Tifton Lodge " votes="2" />
            </VoteType>
            <VoteType name="Advance Voting Votes" votes="80">
                <Precinct name="Tifton NE" votes="5" />
                <Precinct name="Brighton" votes="8" />
                <Precinct name="Brookfield " votes="0" />
                <Precinct name="Chula" votes="1" />
                <Precinct name="Docia" votes="0" />
                <Precinct name="Eldorado" votes="1" />
                <Precinct name="Omega" votes="0" />
                <Precinct name="TY TY" votes="0" />
                <Precinct name="Tifton NW" votes="5" />
                <Precinct name="Tifton South" votes="33" />
                <Precinct name="Mott-Litman Gym" votes="22" />
                <Precinct name="Tifton Lodge " votes="5" />
            </VoteType>
            <VoteType name="Election Day Votes" votes="136">
                <Precinct name="Tifton NE" votes="10" />
                <Precinct name="Brighton" votes="6" />
                <Precinct name="Brookfield " votes="1" />
                <Precinct name="Chula" votes="1" />
                <Precinct name="Docia" votes="3" />
                <Precinct name="Eldorado" votes="1" />
                <Precinct name="Omega" votes="2" />
                <Precinct name="TY TY" votes="9" />
                <Precinct name="Tifton NW" votes="15" />
                <Precinct name="Tifton South" votes="33" />
                <Precinct name="Mott-Litman Gym" votes="43" />
                <Precinct name="Tifton Lodge " votes="12" />
            </VoteType>
            <VoteType name="Provisional Votes" votes="0">
                <Precinct name="Tifton NE" votes="0" />
                <Precinct name="Brighton" votes="0" />
                <Precinct name="Brookfield " votes="0" />
                <Precinct name="Chula" votes="0" />
                <Precinct name="Docia" votes="0" />
                <Precinct name="Eldorado" votes="0" />
                <Precinct name="Omega" votes="0" />
                <Precinct name="TY TY" votes="0" />
                <Precinct name="Tifton NW" votes="0" />
                <Precinct name="Tifton South" votes="0" />
                <Precinct name="Mott-Litman Gym" votes="0" />
                <Precinct name="Tifton Lodge " votes="0" />
            </VoteType>
        </Choice>
        <Choice key="62" text="Nicole Horn" party="DEM" totalVotes="223">
            <VoteType name="Absentee by Mail Votes" votes="22">
                <Precinct name="Tifton NE" votes="2" />
                <Precinct name="Brighton" votes="1" />
                <Precinct name="Brookfield " votes="0" />
                <Precinct name="Chula" votes="0" />
                <Precinct name="Docia" votes="0" />
                <Precinct name="Eldorado" votes="0" />
                <Precinct name="Omega" votes="0" />
                <Precinct name="TY TY" votes="0" />
                <Precinct name="Tifton NW" votes="5" />
                <Precinct name="Tifton South" votes="6" />
                <Precinct name="Mott-Litman Gym" votes="5" />
                <Precinct name="Tifton Lodge " votes="3" />
            </VoteType>
            <VoteType name="Advance Voting Votes" votes="79">
                <Precinct name="Tifton NE" votes="3" />
                <Precinct name="Brighton" votes="2" />
                <Precinct name="Brookfield " votes="0" />
                <Precinct name="Chula" votes="0" />
                <Precinct name="Docia" votes="0" />
                <Precinct name="Eldorado" votes="1" />
                <Precinct name="Omega" votes="0" />
                <Precinct name="TY TY" votes="1" />
                <Precinct name="Tifton NW" votes="13" />
                <Precinct name="Tifton South" votes="32" />
                <Precinct name="Mott-Litman Gym" votes="21" />
                <Precinct name="Tifton Lodge " votes="6" />
            </VoteType>
            <VoteType name="Election Day Votes" votes="122">
                <Precinct name="Tifton NE" votes="6" />
                <Precinct name="Brighton" votes="2" />
                <Precinct name="Brookfield " votes="1" />
                <Precinct name="Chula" votes="5" />
                <Precinct name="Docia" votes="0" />
                <Precinct name="Eldorado" votes="0" />
                <Precinct name="Omega" votes="0" />
                <Precinct name="TY TY" votes="6" />
                <Precinct name="Tifton NW" votes="15" />
                <Precinct name="Tifton South" votes="45" />
                <Precinct name="Mott-Litman Gym" votes="31" />
                <Precinct name="Tifton Lodge " votes="11" />
            </VoteType>
            <VoteType name="Provisional Votes" votes="0">
                <Precinct name="Tifton NE" votes="0" />
                <Precinct name="Brighton" votes="0" />
                <Precinct name="Brookfield " votes="0" />
                <Precinct name="Chula" votes="0" />
                <Precinct name="Docia" votes="0" />
                <Precinct name="Eldorado" votes="0" />
                <Precinct name="Omega" votes="0" />
                <Precinct name="TY TY" votes="0" />
                <Precinct name="Tifton NW" votes="0" />
                <Precinct name="Tifton South" votes="0" />
                <Precinct name="Mott-Litman Gym" votes="0" />
                <Precinct name="Tifton Lodge " votes="0" />
            </VoteType>
        </Choice>
    </Contest>
    <Contest key="34" text="County Commissioner D1 - Dem" voteFor="1" isQuestion="false" precinctsReporting="5" precinctsReported="5">
        <VoteType name="Undervotes" votes="5">
            <Precinct name="Docia" votes="0" />
            <Precinct name="Eldorado" votes="0" />
            <Precinct name="Tifton NW" votes="2" />
            <Precinct name="Tifton South" votes="2" />
            <Precinct name="Mott-Litman Gym" votes="1" />
        </VoteType>
        <VoteType name="Overvotes" votes="0">
            <Precinct name="Docia" votes="0" />
            <Precinct name="Eldorado" votes="0" />
            <Precinct name="Tifton NW" votes="0" />
            <Precinct name="Tifton South" votes="0" />
            <Precinct name="Mott-Litman Gym" votes="0" />
        </VoteType>
        <Choice key="129" text="James Edward Burroughs, Jr." party="DEM" totalVotes="126">
            <VoteType name="Absentee by Mail Votes" votes="14">
                <Precinct name="Docia" votes="0" />
                <Precinct name="Eldorado" votes="0" />
                <Precinct name="Tifton NW" votes="4" />
                <Precinct name="Tifton South" votes="7" />
                <Precinct name="Mott-Litman Gym" votes="3" />
            </VoteType>
            <VoteType name="Advance Voting Votes" votes="48">
                <Precinct name="Docia" votes="0" />
                <Precinct name="Eldorado" votes="1" />
                <Precinct name="Tifton NW" votes="4" />
                <Precinct name="Tifton South" votes="35" />
                <Precinct name="Mott-Litman Gym" votes="8" />
            </VoteType>
            <VoteType name="Election Day Votes" votes="64">
                <Precinct name="Docia" votes="0" />
                <Precinct name="Eldorado" votes="0" />
                <Precinct name="Tifton NW" votes="6" />
                <Precinct name="Tifton South" votes="40" />
                <Precinct name="Mott-Litman Gym" votes="18" />
            </VoteType>
            <VoteType name="Provisional Votes" votes="0">
                <Precinct name="Docia" votes="0" />
                <Precinct name="Eldorado" votes="0" />
                <Precinct name="Tifton NW" votes="0" />
                <Precinct name="Tifton South" votes="0" />
                <Precinct name="Mott-Litman Gym" votes="0" />
            </VoteType>
        </Choice>
        <Choice key="130" text="Donnie Hester (I)" party="DEM" totalVotes="133">
            <VoteType name="Absentee by Mail Votes" votes="12">
                <Precinct name="Docia" votes="0" />
                <Precinct name="Eldorado" votes="0" />
                <Precinct name="Tifton NW" votes="0" />
                <Precinct name="Tifton South" votes="6" />
                <Precinct name="Mott-Litman Gym" votes="6" />
            </VoteType>
            <VoteType name="Advance Voting Votes" votes="55">
                <Precinct name="Docia" votes="0" />
                <Precinct name="Eldorado" votes="0" />
                <Precinct name="Tifton NW" votes="3" />
                <Precinct name="Tifton South" votes="42" />
                <Precinct name="Mott-Litman Gym" votes="10" />
            </VoteType>
            <VoteType name="Election Day Votes" votes="66">
                <Precinct name="Docia" votes="1" />
                <Precinct name="Eldorado" votes="0" />
                <Precinct name="Tifton NW" votes="5" />
                <Precinct name="Tifton South" votes="46" />
                <Precinct name="Mott-Litman Gym" votes="14" />
            </VoteType>
            <VoteType name="Provisional Votes" votes="0">
                <Precinct name="Docia" votes="0" />
                <Precinct name="Eldorado" votes="0" />
                <Precinct name="Tifton NW" votes="0" />
                <Precinct name="Tifton South" votes="0" />
                <Precinct name="Mott-Litman Gym" votes="0" />
            </VoteType>
        </Choice>
    </Contest>
</ElectionResult>