<?xml version="1.0"?>
<!--Election result snapshot imported from Tabulation System
-->
<ElectionResult>
    <Timestamp>6/27/2022 12:31:57 PM EDT</Timestamp>
    <ElectionName>June 21, 2022 - General Primary -Nonpartisan General Election Runoff</ElectionName>
    <ElectionDate>6/21/2022</ElectionDate>
    <Region>Randolph</Region>
    <VoterTurnout totalVoters="4230" ballotsCast="289" voterTurnout="6.83">
        <Precincts>
            <Precinct name="Coleman" totalVoters="245" ballotsCast="17" voterTurnout="6.94" percentReporting="4" />
            <Precinct name="Shellman" totalVoters="890" ballotsCast="32" voterTurnout="3.60" percentReporting="4" />
            <Precinct name="Benevolence" totalVoters="245" ballotsCast="18" voterTurnout="7.35" percentReporting="4" />
            <Precinct name="Cuthbert-Courthouse" totalVoters="2243" ballotsCast="140" voterTurnout="6.24" percentReporting="4" />
            <Precinct name="Cuthbert" totalVoters="358" ballotsCast="47" voterTurnout="13.13" percentReporting="4" />
            <Precinct name="Springvale" totalVoters="249" ballotsCast="35" voterTurnout="14.06" percentReporting="4" />
        </Precincts>
    </VoterTurnout>
    <Contest key="6" text="Lieutenant Governor - Dem" voteFor="1" isQuestion="false" precinctsReporting="6" precinctsReported="6">
        <VoteType name="Undervotes" votes="7">
            <Precinct name="Coleman" votes="1" />
            <Precinct name="Shellman" votes="0" />
            <Precinct name="Benevolence" votes="0" />
            <Precinct name="Cuthbert-Courthouse" votes="3" />
            <Precinct name="Cuthbert" votes="1" />
            <Precinct name="Springvale" votes="2" />
        </VoteType>
        <VoteType name="Overvotes" votes="0">
            <Precinct name="Coleman" votes="0" />
            <Precinct name="Shellman" votes="0" />
            <Precinct name="Benevolence" votes="0" />
            <Precinct name="Cuthbert-Courthouse" votes="0" />
            <Precinct name="Cuthbert" votes="0" />
            <Precinct name="Springvale" votes="0" />
        </VoteType>
        <Choice key="20" text="Charlie Bailey" party="DEM" totalVotes="174">
            <VoteType name="Absentee by Mail Votes" votes="24">
                <Precinct name="Coleman" votes="0" />
                <Precinct name="Shellman" votes="5" />
                <Precinct name="Benevolence" votes="0" />
                <Precinct name="Cuthbert-Courthouse" votes="17" />
                <Precinct name="Cuthbert" votes="2" />
                <Precinct name="Springvale" votes="0" />
            </VoteType>
            <VoteType name="Advance Voting Votes" votes="52">
                <Precinct name="Coleman" votes="0" />
                <Precinct name="Shellman" votes="0" />
                <Precinct name="Benevolence" votes="1" />
                <Precinct name="Cuthbert-Courthouse" votes="29" />
                <Precinct name="Cuthbert" votes="15" />
                <Precinct name="Springvale" votes="7" />
            </VoteType>
            <VoteType name="Election Day Votes" votes="98">
                <Precinct name="Coleman" votes="7" />
                <Precinct name="Shellman" votes="19" />
                <Precinct name="Benevolence" votes="11" />
                <Precinct name="Cuthbert-Courthouse" votes="38" />
                <Precinct name="Cuthbert" votes="13" />
                <Precinct name="Springvale" votes="10" />
            </VoteType>
            <VoteType name="Provisional Votes" votes="0">
                <Precinct name="Coleman" votes="0" />
                <Precinct name="Shellman" votes="0" />
                <Precinct name="Benevolence" votes="0" />
                <Precinct name="Cuthbert-Courthouse" votes="0" />
                <Precinct name="Cuthbert" votes="0" />
                <Precinct name="Springvale" votes="0" />
            </VoteType>
        </Choice>
        <Choice key="23" text="Kwanza Hall" party="DEM" totalVotes="108">
            <VoteType name="Absentee by Mail Votes" votes="16">
                <Precinct name="Coleman" votes="1" />
                <Precinct name="Shellman" votes="0" />
                <Precinct name="Benevolence" votes="0" />
                <Precinct name="Cuthbert-Courthouse" votes="13" />
                <Precinct name="Cuthbert" votes="2" />
                <Precinct name="Springvale" votes="0" />
            </VoteType>
            <VoteType name="Advance Voting Votes" votes="35">
                <Precinct name="Coleman" votes="0" />
                <Precinct name="Shellman" votes="0" />
                <Precinct name="Benevolence" votes="1" />
                <Precinct name="Cuthbert-Courthouse" votes="21" />
                <Precinct name="Cuthbert" votes="8" />
                <Precinct name="Springvale" votes="5" />
            </VoteType>
            <VoteType name="Election Day Votes" votes="57">
                <Precinct name="Coleman" votes="8" />
                <Precinct name="Shellman" votes="8" />
                <Precinct name="Benevolence" votes="5" />
                <Precinct name="Cuthbert-Courthouse" votes="19" />
                <Precinct name="Cuthbert" votes="6" />
                <Precinct name="Springvale" votes="11" />
            </VoteType>
            <VoteType name="Provisional Votes" votes="0">
                <Precinct name="Coleman" votes="0" />
                <Precinct name="Shellman" votes="0" />
                <Precinct name="Benevolence" votes="0" />
                <Precinct name="Cuthbert-Courthouse" votes="0" />
                <Precinct name="Cuthbert" votes="0" />
                <Precinct name="Springvale" votes="0" />
            </VoteType>
        </Choice>
    </Contest>
    <Contest key="8" text="Secretary of State - Dem" voteFor="1" isQuestion="false" precinctsReporting="6" precinctsReported="6">
        <VoteType name="Undervotes" votes="6">
            <Precinct name="Coleman" votes="0" />
            <Precinct name="Shellman" votes="0" />
            <Precinct name="Benevolence" votes="1" />
            <Precinct name="Cuthbert-Courthouse" votes="4" />
            <Precinct name="Cuthbert" votes="0" />
            <Precinct name="Springvale" votes="1" />
        </VoteType>
        <VoteType name="Overvotes" votes="0">
            <Precinct name="Coleman" votes="0" />
            <Precinct name="Shellman" votes="0" />
            <Precinct name="Benevolence" votes="0" />
            <Precinct name="Cuthbert-Courthouse" votes="0" />
            <Precinct name="Cuthbert" votes="0" />
            <Precinct name="Springvale" votes="0" />
        </VoteType>
        <Choice key="32" text="Dee Dawkins-Haigler" party="DEM" totalVotes="144">
            <VoteType name="Absentee by Mail Votes" votes="19">
                <Precinct name="Coleman" votes="1" />
                <Precinct name="Shellman" votes="1" />
                <Precinct name="Benevolence" votes="0" />
                <Precinct name="Cuthbert-Courthouse" votes="16" />
                <Precinct name="Cuthbert" votes="1" />
                <Precinct name="Springvale" votes="0" />
            </VoteType>
            <VoteType name="Advance Voting Votes" votes="43">
                <Precinct name="Coleman" votes="0" />
                <Precinct name="Shellman" votes="0" />
                <Precinct name="Benevolence" votes="2" />
                <Precinct name="Cuthbert-Courthouse" votes="23" />
                <Precinct name="Cuthbert" votes="14" />
                <Precinct name="Springvale" votes="4" />
            </VoteType>
            <VoteType name="Election Day Votes" votes="82">
                <Precinct name="Coleman" votes="5" />
                <Precinct name="Shellman" votes="14" />
                <Precinct name="Benevolence" votes="10" />
                <Precinct name="Cuthbert-Courthouse" votes="25" />
                <Precinct name="Cuthbert" votes="14" />
                <Precinct name="Springvale" votes="14" />
            </VoteType>
            <VoteType name="Provisional Votes" votes="0">
                <Precinct name="Coleman" votes="0" />
                <Precinct name="Shellman" votes="0" />
                <Precinct name="Benevolence" votes="0" />
                <Precinct name="Cuthbert-Courthouse" votes="0" />
                <Precinct name="Cuthbert" votes="0" />
                <Precinct name="Springvale" votes="0" />
            </VoteType>
        </Choice>
        <Choice key="35" text="Bee Nguyen" party="DEM" totalVotes="139">
            <VoteType name="Absentee by Mail Votes" votes="21">
                <Precinct name="Coleman" votes="0" />
                <Precinct name="Shellman" votes="4" />
                <Precinct name="Benevolence" votes="0" />
                <Precinct name="Cuthbert-Courthouse" votes="14" />
                <Precinct name="Cuthbert" votes="3" />
                <Precinct name="Springvale" votes="0" />
            </VoteType>
            <VoteType name="Advance Voting Votes" votes="46">
                <Precinct name="Coleman" votes="0" />
                <Precinct name="Shellman" votes="0" />
                <Precinct name="Benevolence" votes="0" />
                <Precinct name="Cuthbert-Courthouse" votes="28" />
                <Precinct name="Cuthbert" votes="10" />
                <Precinct name="Springvale" votes="8" />
            </VoteType>
            <VoteType name="Election Day Votes" votes="72">
                <Precinct name="Coleman" votes="11" />
                <Precinct name="Shellman" votes="13" />
                <Precinct name="Benevolence" votes="5" />
                <Precinct name="Cuthbert-Courthouse" votes="30" />
                <Precinct name="Cuthbert" votes="5" />
                <Precinct name="Springvale" votes="8" />
            </VoteType>
            <VoteType name="Provisional Votes" votes="0">
                <Precinct name="Coleman" votes="0" />
                <Precinct name="Shellman" votes="0" />
                <Precinct name="Benevolence" votes="0" />
                <Precinct name="Cuthbert-Courthouse" votes="0" />
                <Precinct name="Cuthbert" votes="0" />
                <Precinct name="Springvale" votes="0" />
            </VoteType>
        </Choice>
    </Contest>
    <Contest key="14" text="Commissioner of Insurance - Dem" voteFor="1" isQuestion="false" precinctsReporting="6" precinctsReported="6">
        <VoteType name="Undervotes" votes="16">
            <Precinct name="Coleman" votes="0" />
            <Precinct name="Shellman" votes="4" />
            <Precinct name="Benevolence" votes="0" />
            <Precinct name="Cuthbert-Courthouse" votes="6" />
            <Precinct name="Cuthbert" votes="3" />
            <Precinct name="Springvale" votes="3" />
        </VoteType>
        <VoteType name="Overvotes" votes="0">
            <Precinct name="Coleman" votes="0" />
            <Precinct name="Shellman" votes="0" />
            <Precinct name="Benevolence" votes="0" />
            <Precinct name="Cuthbert-Courthouse" votes="0" />
            <Precinct name="Cuthbert" votes="0" />
            <Precinct name="Springvale" votes="0" />
        </VoteType>
        <Choice key="48" text="Raphael Baker" party="DEM" totalVotes="138">
            <VoteType name="Absentee by Mail Votes" votes="20">
                <Precinct name="Coleman" votes="0" />
                <Precinct name="Shellman" votes="2" />
                <Precinct name="Benevolence" votes="0" />
                <Precinct name="Cuthbert-Courthouse" votes="16" />
                <Precinct name="Cuthbert" votes="2" />
                <Precinct name="Springvale" votes="0" />
            </VoteType>
            <VoteType name="Advance Voting Votes" votes="40">
                <Precinct name="Coleman" votes="0" />
                <Precinct name="Shellman" votes="0" />
                <Precinct name="Benevolence" votes="1" />
                <Precinct name="Cuthbert-Courthouse" votes="25" />
                <Precinct name="Cuthbert" votes="9" />
                <Precinct name="Springvale" votes="5" />
            </VoteType>
            <VoteType name="Election Day Votes" votes="78">
                <Precinct name="Coleman" votes="11" />
                <Precinct name="Shellman" votes="10" />
                <Precinct name="Benevolence" votes="9" />
                <Precinct name="Cuthbert-Courthouse" votes="26" />
                <Precinct name="Cuthbert" votes="10" />
                <Precinct name="Springvale" votes="12" />
            </VoteType>
            <VoteType name="Provisional Votes" votes="0">
                <Precinct name="Coleman" votes="0" />
                <Precinct name="Shellman" votes="0" />
                <Precinct name="Benevolence" votes="0" />
                <Precinct name="Cuthbert-Courthouse" votes="0" />
                <Precinct name="Cuthbert" votes="0" />
                <Precinct name="Springvale" votes="0" />
            </VoteType>
        </Choice>
        <Choice key="49" text="Janice Laws Robinson" party="DEM" totalVotes="135">
            <VoteType name="Absentee by Mail Votes" votes="18">
                <Precinct name="Coleman" votes="1" />
                <Precinct name="Shellman" votes="2" />
                <Precinct name="Benevolence" votes="0" />
                <Precinct name="Cuthbert-Courthouse" votes="13" />
                <Precinct name="Cuthbert" votes="2" />
                <Precinct name="Springvale" votes="0" />
            </VoteType>
            <VoteType name="Advance Voting Votes" votes="44">
                <Precinct name="Coleman" votes="0" />
                <Precinct name="Shellman" votes="0" />
                <Precinct name="Benevolence" votes="1" />
                <Precinct name="Cuthbert-Courthouse" votes="24" />
                <Precinct name="Cuthbert" votes="13" />
                <Precinct name="Springvale" votes="6" />
            </VoteType>
            <VoteType name="Election Day Votes" votes="73">
                <Precinct name="Coleman" votes="5" />
                <Precinct name="Shellman" votes="14" />
                <Precinct name="Benevolence" votes="7" />
                <Precinct name="Cuthbert-Courthouse" votes="30" />
                <Precinct name="Cuthbert" votes="8" />
                <Precinct name="Springvale" votes="9" />
            </VoteType>
            <VoteType name="Provisional Votes" votes="0">
                <Precinct name="Coleman" votes="0" />
                <Precinct name="Shellman" votes="0" />
                <Precinct name="Benevolence" votes="0" />
                <Precinct name="Cuthbert-Courthouse" votes="0" />
                <Precinct name="Cuthbert" votes="0" />
                <Precinct name="Springvale" votes="0" />
            </VoteType>
        </Choice>
    </Contest>
    <Contest key="18" text="Commissioner of Labor - Dem" voteFor="1" isQuestion="false" precinctsReporting="6" precinctsReported="6">
        <VoteType name="Undervotes" votes="13">
            <Precinct name="Coleman" votes="1" />
            <Precinct name="Shellman" votes="0" />
            <Precinct name="Benevolence" votes="2" />
            <Precinct name="Cuthbert-Courthouse" votes="6" />
            <Precinct name="Cuthbert" votes="1" />
            <Precinct name="Springvale" votes="3" />
        </VoteType>
        <VoteType name="Overvotes" votes="0">
            <Precinct name="Coleman" votes="0" />
            <Precinct name="Shellman" votes="0" />
            <Precinct name="Benevolence" votes="0" />
            <Precinct name="Cuthbert-Courthouse" votes="0" />
            <Precinct name="Cuthbert" votes="0" />
            <Precinct name="Springvale" votes="0" />
        </VoteType>
        <Choice key="60" text="William &quot;&quot;Will&quot;&quot; Boddie, Jr." party="DEM" totalVotes="184">
            <VoteType name="Absentee by Mail Votes" votes="28">
                <Precinct name="Coleman" votes="0" />
                <Precinct name="Shellman" votes="5" />
                <Precinct name="Benevolence" votes="0" />
                <Precinct name="Cuthbert-Courthouse" votes="22" />
                <Precinct name="Cuthbert" votes="1" />
                <Precinct name="Springvale" votes="0" />
            </VoteType>
            <VoteType name="Advance Voting Votes" votes="63">
                <Precinct name="Coleman" votes="0" />
                <Precinct name="Shellman" votes="0" />
                <Precinct name="Benevolence" votes="1" />
                <Precinct name="Cuthbert-Courthouse" votes="38" />
                <Precinct name="Cuthbert" votes="17" />
                <Precinct name="Springvale" votes="7" />
            </VoteType>
            <VoteType name="Election Day Votes" votes="93">
                <Precinct name="Coleman" votes="6" />
                <Precinct name="Shellman" votes="20" />
                <Precinct name="Benevolence" votes="7" />
                <Precinct name="Cuthbert-Courthouse" votes="37" />
                <Precinct name="Cuthbert" votes="9" />
                <Precinct name="Springvale" votes="14" />
            </VoteType>
            <VoteType name="Provisional Votes" votes="0">
                <Precinct name="Coleman" votes="0" />
                <Precinct name="Shellman" votes="0" />
                <Precinct name="Benevolence" votes="0" />
                <Precinct name="Cuthbert-Courthouse" votes="0" />
                <Precinct name="Cuthbert" votes="0" />
                <Precinct name="Springvale" votes="0" />
            </VoteType>
        </Choice>
        <Choice key="62" text="Nicole Horn" party="DEM" totalVotes="92">
            <VoteType name="Absentee by Mail Votes" votes="12">
                <Precinct name="Coleman" votes="1" />
                <Precinct name="Shellman" votes="0" />
                <Precinct name="Benevolence" votes="0" />
                <Precinct name="Cuthbert-Courthouse" votes="8" />
                <Precinct name="Cuthbert" votes="3" />
                <Precinct name="Springvale" votes="0" />
            </VoteType>
            <VoteType name="Advance Voting Votes" votes="23">
                <Precinct name="Coleman" votes="0" />
                <Precinct name="Shellman" votes="0" />
                <Precinct name="Benevolence" votes="1" />
                <Precinct name="Cuthbert-Courthouse" votes="11" />
                <Precinct name="Cuthbert" votes="7" />
                <Precinct name="Springvale" votes="4" />
            </VoteType>
            <VoteType name="Election Day Votes" votes="57">
                <Precinct name="Coleman" votes="9" />
                <Precinct name="Shellman" votes="7" />
                <Precinct name="Benevolence" votes="7" />
                <Precinct name="Cuthbert-Courthouse" votes="18" />
                <Precinct name="Cuthbert" votes="9" />
                <Precinct name="Springvale" votes="7" />
            </VoteType>
            <VoteType name="Provisional Votes" votes="0">
                <Precinct name="Coleman" votes="0" />
                <Precinct name="Shellman" votes="0" />
                <Precinct name="Benevolence" votes="0" />
                <Precinct name="Cuthbert-Courthouse" votes="0" />
                <Precinct name="Cuthbert" votes="0" />
                <Precinct name="Springvale" votes="0" />
            </VoteType>
        </Choice>
    </Contest>
    <Contest key="23" text="US House of Representatives - District 2 - Rep" voteFor="1" isQuestion="false" precinctsReporting="6" precinctsReported="6">
        <VoteType name="Undervotes" votes="0">
            <Precinct name="Coleman" votes="0" />
            <Precinct name="Shellman" votes="0" />
            <Precinct name="Benevolence" votes="0" />
            <Precinct name="Cuthbert-Courthouse" votes="0" />
            <Precinct name="Cuthbert" votes="0" />
            <Precinct name="Springvale" votes="0" />
        </VoteType>
        <VoteType name="Overvotes" votes="0">
            <Precinct name="Coleman" votes="0" />
            <Precinct name="Shellman" votes="0" />
            <Precinct name="Benevolence" votes="0" />
            <Precinct name="Cuthbert-Courthouse" votes="0" />
            <Precinct name="Cuthbert" votes="0" />
            <Precinct name="Springvale" votes="0" />
        </VoteType>
        <Choice key="73" text="Jeremy Hunt" party="REP" totalVotes="236">
            <VoteType name="Absentee by Mail Votes" votes="13">
                <Precinct name="Coleman" votes="3" />
                <Precinct name="Shellman" votes="3" />
                <Precinct name="Benevolence" votes="0" />
                <Precinct name="Cuthbert-Courthouse" votes="5" />
                <Precinct name="Cuthbert" votes="0" />
                <Precinct name="Springvale" votes="2" />
            </VoteType>
            <VoteType name="Advance Voting Votes" votes="50">
                <Precinct name="Coleman" votes="9" />
                <Precinct name="Shellman" votes="3" />
                <Precinct name="Benevolence" votes="2" />
                <Precinct name="Cuthbert-Courthouse" votes="35" />
                <Precinct name="Cuthbert" votes="0" />
                <Precinct name="Springvale" votes="1" />
            </VoteType>
            <VoteType name="Election Day Votes" votes="173">
                <Precinct name="Coleman" votes="17" />
                <Precinct name="Shellman" votes="54" />
                <Precinct name="Benevolence" votes="15" />
                <Precinct name="Cuthbert-Courthouse" votes="76" />
                <Precinct name="Cuthbert" votes="0" />
                <Precinct name="Springvale" votes="11" />
            </VoteType>
            <VoteType name="Provisional Votes" votes="0">
                <Precinct name="Coleman" votes="0" />
                <Precinct name="Shellman" votes="0" />
                <Precinct name="Benevolence" votes="0" />
                <Precinct name="Cuthbert-Courthouse" votes="0" />
                <Precinct name="Cuthbert" votes="0" />
                <Precinct name="Springvale" votes="0" />
            </VoteType>
        </Choice>
        <Choice key="76" text="Chris West" party="REP" totalVotes="60">
            <VoteType name="Absentee by Mail Votes" votes="3">
                <Precinct name="Coleman" votes="1" />
                <Precinct name="Shellman" votes="1" />
                <Precinct name="Benevolence" votes="0" />
                <Precinct name="Cuthbert-Courthouse" votes="1" />
                <Precinct name="Cuthbert" votes="0" />
                <Precinct name="Springvale" votes="0" />
            </VoteType>
            <VoteType name="Advance Voting Votes" votes="15">
                <Precinct name="Coleman" votes="3" />
                <Precinct name="Shellman" votes="5" />
                <Precinct name="Benevolence" votes="1" />
                <Precinct name="Cuthbert-Courthouse" votes="6" />
                <Precinct name="Cuthbert" votes="0" />
                <Precinct name="Springvale" votes="0" />
            </VoteType>
            <VoteType name="Election Day Votes" votes="42">
                <Precinct name="Coleman" votes="2" />
                <Precinct name="Shellman" votes="17" />
                <Precinct name="Benevolence" votes="3" />
                <Precinct name="Cuthbert-Courthouse" votes="18" />
                <Precinct name="Cuthbert" votes="0" />
                <Precinct name="Springvale" votes="2" />
            </VoteType>
            <VoteType name="Provisional Votes" votes="0">
                <Precinct name="Coleman" votes="0" />
                <Precinct name="Shellman" votes="0" />
                <Precinct name="Benevolence" votes="0" />
                <Precinct name="Cuthbert-Courthouse" votes="0" />
                <Precinct name="Cuthbert" votes="0" />
                <Precinct name="Springvale" votes="0" />
            </VoteType>
        </Choice>
    </Contest>
</ElectionResult>