<?xml version="1.0"?>
<!--Election result snapshot imported from Tabulation System
-->
<ElectionResult>
    <Timestamp>6/22/2022 11:51:53 AM EDT</Timestamp>
    <ElectionName>June 21, 2022 - General Primary -Nonpartisan General Election Runoff</ElectionName>
    <ElectionDate>6/21/2022</ElectionDate>
    <Region>Clay</Region>
    <VoterTurnout totalVoters="0" ballotsCast="85" voterTurnout="0.00">
        <Precincts>
            <Precinct name="Bluffton" totalVoters="0" ballotsCast="5" voterTurnout="0.00" percentReporting="4" />
            <Precinct name="Zetto " totalVoters="0" ballotsCast="24" voterTurnout="0.00" percentReporting="4" />
            <Precinct name="Court House" totalVoters="0" ballotsCast="18" voterTurnout="0.00" percentReporting="4" />
            <Precinct name="Old Head Start" totalVoters="0" ballotsCast="19" voterTurnout="0.00" percentReporting="4" />
            <Precinct name="Days Cross Road" totalVoters="0" ballotsCast="19" voterTurnout="0.00" percentReporting="4" />
        </Precincts>
    </VoterTurnout>
    <Contest key="6" text="Lieutenant Governor - Dem" voteFor="1" isQuestion="false" precinctsReporting="5" precinctsReported="5">
        <VoteType name="Undervotes" votes="2">
            <Precinct name="Bluffton" votes="0" />
            <Precinct name="Zetto " votes="0" />
            <Precinct name="Court House" votes="0" />
            <Precinct name="Old Head Start" votes="1" />
            <Precinct name="Days Cross Road" votes="1" />
        </VoteType>
        <VoteType name="Overvotes" votes="0">
            <Precinct name="Bluffton" votes="0" />
            <Precinct name="Zetto " votes="0" />
            <Precinct name="Court House" votes="0" />
            <Precinct name="Old Head Start" votes="0" />
            <Precinct name="Days Cross Road" votes="0" />
        </VoteType>
        <Choice key="20" text="Charlie Bailey" party="DEM" totalVotes="51">
            <VoteType name="Absentee by Mail Votes" votes="3">
                <Precinct name="Bluffton" votes="0" />
                <Precinct name="Zetto " votes="1" />
                <Precinct name="Court House" votes="1" />
                <Precinct name="Old Head Start" votes="1" />
                <Precinct name="Days Cross Road" votes="0" />
            </VoteType>
            <VoteType name="Advance Voting Votes" votes="11">
                <Precinct name="Bluffton" votes="0" />
                <Precinct name="Zetto " votes="1" />
                <Precinct name="Court House" votes="3" />
                <Precinct name="Old Head Start" votes="5" />
                <Precinct name="Days Cross Road" votes="2" />
            </VoteType>
            <VoteType name="Election Day Votes" votes="37">
                <Precinct name="Bluffton" votes="4" />
                <Precinct name="Zetto " votes="12" />
                <Precinct name="Court House" votes="5" />
                <Precinct name="Old Head Start" votes="10" />
                <Precinct name="Days Cross Road" votes="6" />
            </VoteType>
            <VoteType name="Provisional Votes" votes="0">
                <Precinct name="Bluffton" votes="0" />
                <Precinct name="Zetto " votes="0" />
                <Precinct name="Court House" votes="0" />
                <Precinct name="Old Head Start" votes="0" />
                <Precinct name="Days Cross Road" votes="0" />
            </VoteType>
        </Choice>
        <Choice key="23" text="Kwanza Hall" party="DEM" totalVotes="32">
            <VoteType name="Absentee by Mail Votes" votes="0">
                <Precinct name="Bluffton" votes="0" />
                <Precinct name="Zetto " votes="0" />
                <Precinct name="Court House" votes="0" />
                <Precinct name="Old Head Start" votes="0" />
                <Precinct name="Days Cross Road" votes="0" />
            </VoteType>
            <VoteType name="Advance Voting Votes" votes="7">
                <Precinct name="Bluffton" votes="0" />
                <Precinct name="Zetto " votes="3" />
                <Precinct name="Court House" votes="3" />
                <Precinct name="Old Head Start" votes="0" />
                <Precinct name="Days Cross Road" votes="1" />
            </VoteType>
            <VoteType name="Election Day Votes" votes="25">
                <Precinct name="Bluffton" votes="1" />
                <Precinct name="Zetto " votes="7" />
                <Precinct name="Court House" votes="6" />
                <Precinct name="Old Head Start" votes="2" />
                <Precinct name="Days Cross Road" votes="9" />
            </VoteType>
            <VoteType name="Provisional Votes" votes="0">
                <Precinct name="Bluffton" votes="0" />
                <Precinct name="Zetto " votes="0" />
                <Precinct name="Court House" votes="0" />
                <Precinct name="Old Head Start" votes="0" />
                <Precinct name="Days Cross Road" votes="0" />
            </VoteType>
        </Choice>
    </Contest>
    <Contest key="8" text="Secretary of State - Dem" voteFor="1" isQuestion="false" precinctsReporting="5" precinctsReported="5">
        <VoteType name="Undervotes" votes="2">
            <Precinct name="Bluffton" votes="0" />
            <Precinct name="Zetto " votes="0" />
            <Precinct name="Court House" votes="0" />
            <Precinct name="Old Head Start" votes="1" />
            <Precinct name="Days Cross Road" votes="1" />
        </VoteType>
        <VoteType name="Overvotes" votes="0">
            <Precinct name="Bluffton" votes="0" />
            <Precinct name="Zetto " votes="0" />
            <Precinct name="Court House" votes="0" />
            <Precinct name="Old Head Start" votes="0" />
            <Precinct name="Days Cross Road" votes="0" />
        </VoteType>
        <Choice key="32" text="Dee Dawkins-Haigler" party="DEM" totalVotes="34">
            <VoteType name="Absentee by Mail Votes" votes="1">
                <Precinct name="Bluffton" votes="0" />
                <Precinct name="Zetto " votes="0" />
                <Precinct name="Court House" votes="1" />
                <Precinct name="Old Head Start" votes="0" />
                <Precinct name="Days Cross Road" votes="0" />
            </VoteType>
            <VoteType name="Advance Voting Votes" votes="5">
                <Precinct name="Bluffton" votes="0" />
                <Precinct name="Zetto " votes="1" />
                <Precinct name="Court House" votes="2" />
                <Precinct name="Old Head Start" votes="1" />
                <Precinct name="Days Cross Road" votes="1" />
            </VoteType>
            <VoteType name="Election Day Votes" votes="28">
                <Precinct name="Bluffton" votes="2" />
                <Precinct name="Zetto " votes="7" />
                <Precinct name="Court House" votes="2" />
                <Precinct name="Old Head Start" votes="8" />
                <Precinct name="Days Cross Road" votes="9" />
            </VoteType>
            <VoteType name="Provisional Votes" votes="0">
                <Precinct name="Bluffton" votes="0" />
                <Precinct name="Zetto " votes="0" />
                <Precinct name="Court House" votes="0" />
                <Precinct name="Old Head Start" votes="0" />
                <Precinct name="Days Cross Road" votes="0" />
            </VoteType>
        </Choice>
        <Choice key="35" text="Bee Nguyen" party="DEM" totalVotes="49">
            <VoteType name="Absentee by Mail Votes" votes="2">
                <Precinct name="Bluffton" votes="0" />
                <Precinct name="Zetto " votes="1" />
                <Precinct name="Court House" votes="0" />
                <Precinct name="Old Head Start" votes="1" />
                <Precinct name="Days Cross Road" votes="0" />
            </VoteType>
            <VoteType name="Advance Voting Votes" votes="13">
                <Precinct name="Bluffton" votes="0" />
                <Precinct name="Zetto " votes="3" />
                <Precinct name="Court House" votes="4" />
                <Precinct name="Old Head Start" votes="4" />
                <Precinct name="Days Cross Road" votes="2" />
            </VoteType>
            <VoteType name="Election Day Votes" votes="34">
                <Precinct name="Bluffton" votes="3" />
                <Precinct name="Zetto " votes="12" />
                <Precinct name="Court House" votes="9" />
                <Precinct name="Old Head Start" votes="4" />
                <Precinct name="Days Cross Road" votes="6" />
            </VoteType>
            <VoteType name="Provisional Votes" votes="0">
                <Precinct name="Bluffton" votes="0" />
                <Precinct name="Zetto " votes="0" />
                <Precinct name="Court House" votes="0" />
                <Precinct name="Old Head Start" votes="0" />
                <Precinct name="Days Cross Road" votes="0" />
            </VoteType>
        </Choice>
    </Contest>
    <Contest key="14" text="Commissioner of Insurance - Dem" voteFor="1" isQuestion="false" precinctsReporting="5" precinctsReported="5">
        <VoteType name="Undervotes" votes="2">
            <Precinct name="Bluffton" votes="0" />
            <Precinct name="Zetto " votes="0" />
            <Precinct name="Court House" votes="0" />
            <Precinct name="Old Head Start" votes="1" />
            <Precinct name="Days Cross Road" votes="1" />
        </VoteType>
        <VoteType name="Overvotes" votes="0">
            <Precinct name="Bluffton" votes="0" />
            <Precinct name="Zetto " votes="0" />
            <Precinct name="Court House" votes="0" />
            <Precinct name="Old Head Start" votes="0" />
            <Precinct name="Days Cross Road" votes="0" />
        </VoteType>
        <Choice key="48" text="Raphael Baker" party="DEM" totalVotes="50">
            <VoteType name="Absentee by Mail Votes" votes="2">
                <Precinct name="Bluffton" votes="0" />
                <Precinct name="Zetto " votes="1" />
                <Precinct name="Court House" votes="0" />
                <Precinct name="Old Head Start" votes="1" />
                <Precinct name="Days Cross Road" votes="0" />
            </VoteType>
            <VoteType name="Advance Voting Votes" votes="7">
                <Precinct name="Bluffton" votes="0" />
                <Precinct name="Zetto " votes="1" />
                <Precinct name="Court House" votes="1" />
                <Precinct name="Old Head Start" votes="3" />
                <Precinct name="Days Cross Road" votes="2" />
            </VoteType>
            <VoteType name="Election Day Votes" votes="41">
                <Precinct name="Bluffton" votes="2" />
                <Precinct name="Zetto " votes="10" />
                <Precinct name="Court House" votes="8" />
                <Precinct name="Old Head Start" votes="10" />
                <Precinct name="Days Cross Road" votes="11" />
            </VoteType>
            <VoteType name="Provisional Votes" votes="0">
                <Precinct name="Bluffton" votes="0" />
                <Precinct name="Zetto " votes="0" />
                <Precinct name="Court House" votes="0" />
                <Precinct name="Old Head Start" votes="0" />
                <Precinct name="Days Cross Road" votes="0" />
            </VoteType>
        </Choice>
        <Choice key="49" text="Janice Laws Robinson" party="DEM" totalVotes="33">
            <VoteType name="Absentee by Mail Votes" votes="1">
                <Precinct name="Bluffton" votes="0" />
                <Precinct name="Zetto " votes="0" />
                <Precinct name="Court House" votes="1" />
                <Precinct name="Old Head Start" votes="0" />
                <Precinct name="Days Cross Road" votes="0" />
            </VoteType>
            <VoteType name="Advance Voting Votes" votes="11">
                <Precinct name="Bluffton" votes="0" />
                <Precinct name="Zetto " votes="3" />
                <Precinct name="Court House" votes="5" />
                <Precinct name="Old Head Start" votes="2" />
                <Precinct name="Days Cross Road" votes="1" />
            </VoteType>
            <VoteType name="Election Day Votes" votes="21">
                <Precinct name="Bluffton" votes="3" />
                <Precinct name="Zetto " votes="9" />
                <Precinct name="Court House" votes="3" />
                <Precinct name="Old Head Start" votes="2" />
                <Precinct name="Days Cross Road" votes="4" />
            </VoteType>
            <VoteType name="Provisional Votes" votes="0">
                <Precinct name="Bluffton" votes="0" />
                <Precinct name="Zetto " votes="0" />
                <Precinct name="Court House" votes="0" />
                <Precinct name="Old Head Start" votes="0" />
                <Precinct name="Days Cross Road" votes="0" />
            </VoteType>
        </Choice>
    </Contest>
    <Contest key="18" text="Commissioner of Labor - Dem" voteFor="1" isQuestion="false" precinctsReporting="5" precinctsReported="5">
        <VoteType name="Undervotes" votes="2">
            <Precinct name="Bluffton" votes="0" />
            <Precinct name="Zetto " votes="1" />
            <Precinct name="Court House" votes="0" />
            <Precinct name="Old Head Start" votes="1" />
            <Precinct name="Days Cross Road" votes="0" />
        </VoteType>
        <VoteType name="Overvotes" votes="0">
            <Precinct name="Bluffton" votes="0" />
            <Precinct name="Zetto " votes="0" />
            <Precinct name="Court House" votes="0" />
            <Precinct name="Old Head Start" votes="0" />
            <Precinct name="Days Cross Road" votes="0" />
        </VoteType>
        <Choice key="61" text="William &quot;&quot;Will&quot;&quot; Boddie, Jr." party="DEM" totalVotes="60">
            <VoteType name="Absentee by Mail Votes" votes="2">
                <Precinct name="Bluffton" votes="0" />
                <Precinct name="Zetto " votes="1" />
                <Precinct name="Court House" votes="0" />
                <Precinct name="Old Head Start" votes="1" />
                <Precinct name="Days Cross Road" votes="0" />
            </VoteType>
            <VoteType name="Advance Voting Votes" votes="11">
                <Precinct name="Bluffton" votes="0" />
                <Precinct name="Zetto " votes="2" />
                <Precinct name="Court House" votes="4" />
                <Precinct name="Old Head Start" votes="3" />
                <Precinct name="Days Cross Road" votes="2" />
            </VoteType>
            <VoteType name="Election Day Votes" votes="47">
                <Precinct name="Bluffton" votes="3" />
                <Precinct name="Zetto " votes="13" />
                <Precinct name="Court House" votes="10" />
                <Precinct name="Old Head Start" votes="9" />
                <Precinct name="Days Cross Road" votes="12" />
            </VoteType>
            <VoteType name="Provisional Votes" votes="0">
                <Precinct name="Bluffton" votes="0" />
                <Precinct name="Zetto " votes="0" />
                <Precinct name="Court House" votes="0" />
                <Precinct name="Old Head Start" votes="0" />
                <Precinct name="Days Cross Road" votes="0" />
            </VoteType>
        </Choice>
        <Choice key="62" text="Nicole Horn" party="DEM" totalVotes="23">
            <VoteType name="Absentee by Mail Votes" votes="1">
                <Precinct name="Bluffton" votes="0" />
                <Precinct name="Zetto " votes="0" />
                <Precinct name="Court House" votes="1" />
                <Precinct name="Old Head Start" votes="0" />
                <Precinct name="Days Cross Road" votes="0" />
            </VoteType>
            <VoteType name="Advance Voting Votes" votes="7">
                <Precinct name="Bluffton" votes="0" />
                <Precinct name="Zetto " votes="2" />
                <Precinct name="Court House" votes="2" />
                <Precinct name="Old Head Start" votes="2" />
                <Precinct name="Days Cross Road" votes="1" />
            </VoteType>
            <VoteType name="Election Day Votes" votes="15">
                <Precinct name="Bluffton" votes="2" />
                <Precinct name="Zetto " votes="5" />
                <Precinct name="Court House" votes="1" />
                <Precinct name="Old Head Start" votes="3" />
                <Precinct name="Days Cross Road" votes="4" />
            </VoteType>
            <VoteType name="Provisional Votes" votes="0">
                <Precinct name="Bluffton" votes="0" />
                <Precinct name="Zetto " votes="0" />
                <Precinct name="Court House" votes="0" />
                <Precinct name="Old Head Start" votes="0" />
                <Precinct name="Days Cross Road" votes="0" />
            </VoteType>
        </Choice>
    </Contest>
    <Contest key="23" text="US House of Representatives - District 2 - Rep" voteFor="1" isQuestion="false" precinctsReporting="5" precinctsReported="5">
        <VoteType name="Undervotes" votes="0">
            <Precinct name="Bluffton" votes="0" />
            <Precinct name="Zetto " votes="0" />
            <Precinct name="Court House" votes="0" />
            <Precinct name="Old Head Start" votes="0" />
            <Precinct name="Days Cross Road" votes="0" />
        </VoteType>
        <VoteType name="Overvotes" votes="0">
            <Precinct name="Bluffton" votes="0" />
            <Precinct name="Zetto " votes="0" />
            <Precinct name="Court House" votes="0" />
            <Precinct name="Old Head Start" votes="0" />
            <Precinct name="Days Cross Road" votes="0" />
        </VoteType>
        <Choice key="73" text="Jeremy Hunt" party="REP" totalVotes="68">
            <VoteType name="Absentee by Mail Votes" votes="3">
                <Precinct name="Bluffton" votes="0" />
                <Precinct name="Zetto " votes="1" />
                <Precinct name="Court House" votes="0" />
                <Precinct name="Old Head Start" votes="1" />
                <Precinct name="Days Cross Road" votes="1" />
            </VoteType>
            <VoteType name="Advance Voting Votes" votes="29">
                <Precinct name="Bluffton" votes="1" />
                <Precinct name="Zetto " votes="1" />
                <Precinct name="Court House" votes="3" />
                <Precinct name="Old Head Start" votes="11" />
                <Precinct name="Days Cross Road" votes="13" />
            </VoteType>
            <VoteType name="Election Day Votes" votes="36">
                <Precinct name="Bluffton" votes="8" />
                <Precinct name="Zetto " votes="4" />
                <Precinct name="Court House" votes="5" />
                <Precinct name="Old Head Start" votes="9" />
                <Precinct name="Days Cross Road" votes="10" />
            </VoteType>
            <VoteType name="Provisional Votes" votes="0">
                <Precinct name="Bluffton" votes="0" />
                <Precinct name="Zetto " votes="0" />
                <Precinct name="Court House" votes="0" />
                <Precinct name="Old Head Start" votes="0" />
                <Precinct name="Days Cross Road" votes="0" />
            </VoteType>
        </Choice>
        <Choice key="76" text="Chris West" party="REP" totalVotes="64">
            <VoteType name="Absentee by Mail Votes" votes="2">
                <Precinct name="Bluffton" votes="0" />
                <Precinct name="Zetto " votes="0" />
                <Precinct name="Court House" votes="0" />
                <Precinct name="Old Head Start" votes="2" />
                <Precinct name="Days Cross Road" votes="0" />
            </VoteType>
            <VoteType name="Advance Voting Votes" votes="25">
                <Precinct name="Bluffton" votes="7" />
                <Precinct name="Zetto " votes="5" />
                <Precinct name="Court House" votes="2" />
                <Precinct name="Old Head Start" votes="2" />
                <Precinct name="Days Cross Road" votes="9" />
            </VoteType>
            <VoteType name="Election Day Votes" votes="37">
                <Precinct name="Bluffton" votes="5" />
                <Precinct name="Zetto " votes="6" />
                <Precinct name="Court House" votes="6" />
                <Precinct name="Old Head Start" votes="2" />
                <Precinct name="Days Cross Road" votes="18" />
            </VoteType>
            <VoteType name="Provisional Votes" votes="0">
                <Precinct name="Bluffton" votes="0" />
                <Precinct name="Zetto " votes="0" />
                <Precinct name="Court House" votes="0" />
                <Precinct name="Old Head Start" votes="0" />
                <Precinct name="Days Cross Road" votes="0" />
            </VoteType>
        </Choice>
    </Contest>
</ElectionResult>