<?xml version="1.0"?>
<!--Election result snapshot imported from Tabulation System
-->
<ElectionResult>
    <Timestamp>6/27/2022 1:54:58 PM EDT</Timestamp>
    <ElectionName>June 21, 2022 - General Primary -Nonpartisan General Election Runoff</ElectionName>
    <ElectionDate>6/21/2022</ElectionDate>
    <Region>Lumpkin</Region>
    <VoterTurnout totalVoters="22085" ballotsCast="213" voterTurnout="0.96">
        <Precincts>
            <Precinct name="Dahlonega" totalVoters="22085" ballotsCast="213" voterTurnout="0.96" percentReporting="4" />
        </Precincts>
    </VoterTurnout>
    <Contest key="8" text="DEM - Lieutenant Governor" voteFor="1" isQuestion="false" precinctsReporting="1" precinctsReported="1">
        <VoteType name="Undervotes" votes="0">
            <Precinct name="Dahlonega" votes="0" />
        </VoteType>
        <VoteType name="Overvotes" votes="0">
            <Precinct name="Dahlonega" votes="0" />
        </VoteType>
        <Choice key="37" text="Charlie Bailey" party="DEM" totalVotes="186">
            <VoteType name="Absentee by Mail Votes" votes="36">
                <Precinct name="Dahlonega" votes="36" />
            </VoteType>
            <VoteType name="Advance Voting Votes" votes="85">
                <Precinct name="Dahlonega" votes="85" />
            </VoteType>
            <VoteType name="Election Day Votes" votes="64">
                <Precinct name="Dahlonega" votes="64" />
            </VoteType>
            <VoteType name="Provisional Votes" votes="1">
                <Precinct name="Dahlonega" votes="1" />
            </VoteType>
        </Choice>
        <Choice key="40" text="Kwanza Hall" party="DEM" totalVotes="27">
            <VoteType name="Absentee by Mail Votes" votes="6">
                <Precinct name="Dahlonega" votes="6" />
            </VoteType>
            <VoteType name="Advance Voting Votes" votes="5">
                <Precinct name="Dahlonega" votes="5" />
            </VoteType>
            <VoteType name="Election Day Votes" votes="16">
                <Precinct name="Dahlonega" votes="16" />
            </VoteType>
            <VoteType name="Provisional Votes" votes="0">
                <Precinct name="Dahlonega" votes="0" />
            </VoteType>
        </Choice>
    </Contest>
    <Contest key="10" text="DEM - Secretary of State" voteFor="1" isQuestion="false" precinctsReporting="1" precinctsReported="1">
        <VoteType name="Undervotes" votes="0">
            <Precinct name="Dahlonega" votes="0" />
        </VoteType>
        <VoteType name="Overvotes" votes="0">
            <Precinct name="Dahlonega" votes="0" />
        </VoteType>
        <Choice key="49" text="Dee Dawkins-Haigler" party="DEM" totalVotes="21">
            <VoteType name="Absentee by Mail Votes" votes="8">
                <Precinct name="Dahlonega" votes="8" />
            </VoteType>
            <VoteType name="Advance Voting Votes" votes="5">
                <Precinct name="Dahlonega" votes="5" />
            </VoteType>
            <VoteType name="Election Day Votes" votes="8">
                <Precinct name="Dahlonega" votes="8" />
            </VoteType>
            <VoteType name="Provisional Votes" votes="0">
                <Precinct name="Dahlonega" votes="0" />
            </VoteType>
        </Choice>
        <Choice key="52" text="Bee Nguyen" party="DEM" totalVotes="192">
            <VoteType name="Absentee by Mail Votes" votes="34">
                <Precinct name="Dahlonega" votes="34" />
            </VoteType>
            <VoteType name="Advance Voting Votes" votes="85">
                <Precinct name="Dahlonega" votes="85" />
            </VoteType>
            <VoteType name="Election Day Votes" votes="72">
                <Precinct name="Dahlonega" votes="72" />
            </VoteType>
            <VoteType name="Provisional Votes" votes="1">
                <Precinct name="Dahlonega" votes="1" />
            </VoteType>
        </Choice>
    </Contest>
    <Contest key="16" text="DEM - Commissioner Of Insurance" voteFor="1" isQuestion="false" precinctsReporting="1" precinctsReported="1">
        <VoteType name="Undervotes" votes="11">
            <Precinct name="Dahlonega" votes="11" />
        </VoteType>
        <VoteType name="Overvotes" votes="0">
            <Precinct name="Dahlonega" votes="0" />
        </VoteType>
        <Choice key="65" text="Raphael Baker" party="DEM" totalVotes="40">
            <VoteType name="Absentee by Mail Votes" votes="4">
                <Precinct name="Dahlonega" votes="4" />
            </VoteType>
            <VoteType name="Advance Voting Votes" votes="17">
                <Precinct name="Dahlonega" votes="17" />
            </VoteType>
            <VoteType name="Election Day Votes" votes="18">
                <Precinct name="Dahlonega" votes="18" />
            </VoteType>
            <VoteType name="Provisional Votes" votes="1">
                <Precinct name="Dahlonega" votes="1" />
            </VoteType>
        </Choice>
        <Choice key="66" text="Janice Laws Robinson" party="DEM" totalVotes="162">
            <VoteType name="Absentee by Mail Votes" votes="35">
                <Precinct name="Dahlonega" votes="35" />
            </VoteType>
            <VoteType name="Advance Voting Votes" votes="69">
                <Precinct name="Dahlonega" votes="69" />
            </VoteType>
            <VoteType name="Election Day Votes" votes="58">
                <Precinct name="Dahlonega" votes="58" />
            </VoteType>
            <VoteType name="Provisional Votes" votes="0">
                <Precinct name="Dahlonega" votes="0" />
            </VoteType>
        </Choice>
    </Contest>
    <Contest key="20" text="DEM - Commissioner Of Labor" voteFor="1" isQuestion="false" precinctsReporting="1" precinctsReported="1">
        <VoteType name="Undervotes" votes="2">
            <Precinct name="Dahlonega" votes="2" />
        </VoteType>
        <VoteType name="Overvotes" votes="0">
            <Precinct name="Dahlonega" votes="0" />
        </VoteType>
        <Choice key="77" text="William &quot;&quot;Will&quot;&quot; Boddie, Jr." party="DEM" totalVotes="121">
            <VoteType name="Absentee by Mail Votes" votes="18">
                <Precinct name="Dahlonega" votes="18" />
            </VoteType>
            <VoteType name="Advance Voting Votes" votes="62">
                <Precinct name="Dahlonega" votes="62" />
            </VoteType>
            <VoteType name="Election Day Votes" votes="41">
                <Precinct name="Dahlonega" votes="41" />
            </VoteType>
            <VoteType name="Provisional Votes" votes="0">
                <Precinct name="Dahlonega" votes="0" />
            </VoteType>
        </Choice>
        <Choice key="79" text="Nicole Horn" party="DEM" totalVotes="90">
            <VoteType name="Absentee by Mail Votes" votes="23">
                <Precinct name="Dahlonega" votes="23" />
            </VoteType>
            <VoteType name="Advance Voting Votes" votes="28">
                <Precinct name="Dahlonega" votes="28" />
            </VoteType>
            <VoteType name="Election Day Votes" votes="38">
                <Precinct name="Dahlonega" votes="38" />
            </VoteType>
            <VoteType name="Provisional Votes" votes="1">
                <Precinct name="Dahlonega" votes="1" />
            </VoteType>
        </Choice>
    </Contest>
</ElectionResult>