<?xml version="1.0"?>
<!--Election result snapshot imported from Tabulation System
-->
<ElectionResult>
    <Timestamp>6/24/2022 5:24:08 PM EDT</Timestamp>
    <ElectionName>June 21, 2022 - General Primary -Nonpartisan General Election Runoff</ElectionName>
    <ElectionDate>6/21/2022</ElectionDate>
    <Region>Dawson</Region>
    <VoterTurnout totalVoters="21770" ballotsCast="218" voterTurnout="1.00">
        <Precincts>
            <Precinct name="West" totalVoters="2603" ballotsCast="87" voterTurnout="3.34" percentReporting="4" />
            <Precinct name="Central" totalVoters="9876" ballotsCast="52" voterTurnout="0.53" percentReporting="4" />
            <Precinct name="East" totalVoters="9291" ballotsCast="79" voterTurnout="0.85" percentReporting="4" />
        </Precincts>
    </VoterTurnout>
    <Contest key="8" text="DEM - Lieutenant Governor" voteFor="1" isQuestion="false" precinctsReporting="3" precinctsReported="3">
        <VoteType name="Undervotes" votes="2">
            <Precinct name="West" votes="1" />
            <Precinct name="Central" votes="0" />
            <Precinct name="East" votes="1" />
        </VoteType>
        <VoteType name="Overvotes" votes="0">
            <Precinct name="West" votes="0" />
            <Precinct name="Central" votes="0" />
            <Precinct name="East" votes="0" />
        </VoteType>
        <Choice key="67" text="Charlie Bailey" party="DEM" totalVotes="176">
            <VoteType name="Absentee by Mail Votes" votes="38">
                <Precinct name="West" votes="10" />
                <Precinct name="Central" votes="9" />
                <Precinct name="East" votes="19" />
            </VoteType>
            <VoteType name="Advance Voting Votes" votes="69">
                <Precinct name="West" votes="26" />
                <Precinct name="Central" votes="21" />
                <Precinct name="East" votes="22" />
            </VoteType>
            <VoteType name="Election Day Votes" votes="69">
                <Precinct name="West" votes="37" />
                <Precinct name="Central" votes="7" />
                <Precinct name="East" votes="25" />
            </VoteType>
            <VoteType name="Provisional Votes" votes="0">
                <Precinct name="West" votes="0" />
                <Precinct name="Central" votes="0" />
                <Precinct name="East" votes="0" />
            </VoteType>
        </Choice>
        <Choice key="70" text="Kwanza Hall" party="DEM" totalVotes="40">
            <VoteType name="Absentee by Mail Votes" votes="12">
                <Precinct name="West" votes="6" />
                <Precinct name="Central" votes="4" />
                <Precinct name="East" votes="2" />
            </VoteType>
            <VoteType name="Advance Voting Votes" votes="8">
                <Precinct name="West" votes="1" />
                <Precinct name="Central" votes="6" />
                <Precinct name="East" votes="1" />
            </VoteType>
            <VoteType name="Election Day Votes" votes="20">
                <Precinct name="West" votes="6" />
                <Precinct name="Central" votes="5" />
                <Precinct name="East" votes="9" />
            </VoteType>
            <VoteType name="Provisional Votes" votes="0">
                <Precinct name="West" votes="0" />
                <Precinct name="Central" votes="0" />
                <Precinct name="East" votes="0" />
            </VoteType>
        </Choice>
    </Contest>
    <Contest key="10" text="DEM - Secretary of State" voteFor="1" isQuestion="false" precinctsReporting="3" precinctsReported="3">
        <VoteType name="Undervotes" votes="2">
            <Precinct name="West" votes="2" />
            <Precinct name="Central" votes="0" />
            <Precinct name="East" votes="0" />
        </VoteType>
        <VoteType name="Overvotes" votes="0">
            <Precinct name="West" votes="0" />
            <Precinct name="Central" votes="0" />
            <Precinct name="East" votes="0" />
        </VoteType>
        <Choice key="79" text="Dee Dawkins-Haigler" party="DEM" totalVotes="15">
            <VoteType name="Absentee by Mail Votes" votes="3">
                <Precinct name="West" votes="0" />
                <Precinct name="Central" votes="1" />
                <Precinct name="East" votes="2" />
            </VoteType>
            <VoteType name="Advance Voting Votes" votes="5">
                <Precinct name="West" votes="0" />
                <Precinct name="Central" votes="2" />
                <Precinct name="East" votes="3" />
            </VoteType>
            <VoteType name="Election Day Votes" votes="7">
                <Precinct name="West" votes="0" />
                <Precinct name="Central" votes="3" />
                <Precinct name="East" votes="4" />
            </VoteType>
            <VoteType name="Provisional Votes" votes="0">
                <Precinct name="West" votes="0" />
                <Precinct name="Central" votes="0" />
                <Precinct name="East" votes="0" />
            </VoteType>
        </Choice>
        <Choice key="82" text="Bee Nguyen" party="DEM" totalVotes="201">
            <VoteType name="Absentee by Mail Votes" votes="46">
                <Precinct name="West" votes="15" />
                <Precinct name="Central" votes="12" />
                <Precinct name="East" votes="19" />
            </VoteType>
            <VoteType name="Advance Voting Votes" votes="72">
                <Precinct name="West" votes="26" />
                <Precinct name="Central" votes="25" />
                <Precinct name="East" votes="21" />
            </VoteType>
            <VoteType name="Election Day Votes" votes="83">
                <Precinct name="West" votes="44" />
                <Precinct name="Central" votes="9" />
                <Precinct name="East" votes="30" />
            </VoteType>
            <VoteType name="Provisional Votes" votes="0">
                <Precinct name="West" votes="0" />
                <Precinct name="Central" votes="0" />
                <Precinct name="East" votes="0" />
            </VoteType>
        </Choice>
    </Contest>
    <Contest key="16" text="DEM - Commissioner Of Insurance" voteFor="1" isQuestion="false" precinctsReporting="3" precinctsReported="3">
        <VoteType name="Undervotes" votes="8">
            <Precinct name="West" votes="6" />
            <Precinct name="Central" votes="2" />
            <Precinct name="East" votes="0" />
        </VoteType>
        <VoteType name="Overvotes" votes="0">
            <Precinct name="West" votes="0" />
            <Precinct name="Central" votes="0" />
            <Precinct name="East" votes="0" />
        </VoteType>
        <Choice key="95" text="Raphael Baker" party="DEM" totalVotes="46">
            <VoteType name="Absentee by Mail Votes" votes="7">
                <Precinct name="West" votes="1" />
                <Precinct name="Central" votes="0" />
                <Precinct name="East" votes="6" />
            </VoteType>
            <VoteType name="Advance Voting Votes" votes="14">
                <Precinct name="West" votes="2" />
                <Precinct name="Central" votes="5" />
                <Precinct name="East" votes="7" />
            </VoteType>
            <VoteType name="Election Day Votes" votes="25">
                <Precinct name="West" votes="4" />
                <Precinct name="Central" votes="6" />
                <Precinct name="East" votes="15" />
            </VoteType>
            <VoteType name="Provisional Votes" votes="0">
                <Precinct name="West" votes="0" />
                <Precinct name="Central" votes="0" />
                <Precinct name="East" votes="0" />
            </VoteType>
        </Choice>
        <Choice key="96" text="Janice Laws Robinson" party="DEM" totalVotes="164">
            <VoteType name="Absentee by Mail Votes" votes="42">
                <Precinct name="West" votes="15" />
                <Precinct name="Central" votes="12" />
                <Precinct name="East" votes="15" />
            </VoteType>
            <VoteType name="Advance Voting Votes" votes="62">
                <Precinct name="West" votes="24" />
                <Precinct name="Central" votes="21" />
                <Precinct name="East" votes="17" />
            </VoteType>
            <VoteType name="Election Day Votes" votes="60">
                <Precinct name="West" votes="35" />
                <Precinct name="Central" votes="6" />
                <Precinct name="East" votes="19" />
            </VoteType>
            <VoteType name="Provisional Votes" votes="0">
                <Precinct name="West" votes="0" />
                <Precinct name="Central" votes="0" />
                <Precinct name="East" votes="0" />
            </VoteType>
        </Choice>
    </Contest>
    <Contest key="20" text="DEM - Commissioner Of Labor" voteFor="1" isQuestion="false" precinctsReporting="3" precinctsReported="3">
        <VoteType name="Undervotes" votes="5">
            <Precinct name="West" votes="3" />
            <Precinct name="Central" votes="2" />
            <Precinct name="East" votes="0" />
        </VoteType>
        <VoteType name="Overvotes" votes="0">
            <Precinct name="West" votes="0" />
            <Precinct name="Central" votes="0" />
            <Precinct name="East" votes="0" />
        </VoteType>
        <Choice key="107" text="William &quot;&quot;Will&quot;&quot; Boddie, Jr." party="DEM" totalVotes="82">
            <VoteType name="Absentee by Mail Votes" votes="19">
                <Precinct name="West" votes="6" />
                <Precinct name="Central" votes="3" />
                <Precinct name="East" votes="10" />
            </VoteType>
            <VoteType name="Advance Voting Votes" votes="30">
                <Precinct name="West" votes="8" />
                <Precinct name="Central" votes="11" />
                <Precinct name="East" votes="11" />
            </VoteType>
            <VoteType name="Election Day Votes" votes="33">
                <Precinct name="West" votes="16" />
                <Precinct name="Central" votes="5" />
                <Precinct name="East" votes="12" />
            </VoteType>
            <VoteType name="Provisional Votes" votes="0">
                <Precinct name="West" votes="0" />
                <Precinct name="Central" votes="0" />
                <Precinct name="East" votes="0" />
            </VoteType>
        </Choice>
        <Choice key="109" text="Nicole Horn" party="DEM" totalVotes="131">
            <VoteType name="Absentee by Mail Votes" votes="30">
                <Precinct name="West" votes="10" />
                <Precinct name="Central" votes="9" />
                <Precinct name="East" votes="11" />
            </VoteType>
            <VoteType name="Advance Voting Votes" votes="47">
                <Precinct name="West" votes="18" />
                <Precinct name="Central" votes="16" />
                <Precinct name="East" votes="13" />
            </VoteType>
            <VoteType name="Election Day Votes" votes="54">
                <Precinct name="West" votes="26" />
                <Precinct name="Central" votes="6" />
                <Precinct name="East" votes="22" />
            </VoteType>
            <VoteType name="Provisional Votes" votes="0">
                <Precinct name="West" votes="0" />
                <Precinct name="Central" votes="0" />
                <Precinct name="East" votes="0" />
            </VoteType>
        </Choice>
    </Contest>
    <Contest key="25" text="REP - US House Dist 6" voteFor="1" isQuestion="false" precinctsReporting="3" precinctsReported="3">
        <VoteType name="Undervotes" votes="2">
            <Precinct name="West" votes="0" />
            <Precinct name="Central" votes="1" />
            <Precinct name="East" votes="1" />
        </VoteType>
        <VoteType name="Overvotes" votes="0">
            <Precinct name="West" votes="0" />
            <Precinct name="Central" votes="0" />
            <Precinct name="East" votes="0" />
        </VoteType>
        <Choice key="119" text="Jake Evans" party="REP" totalVotes="866">
            <VoteType name="Absentee by Mail Votes" votes="60">
                <Precinct name="West" votes="4" />
                <Precinct name="Central" votes="32" />
                <Precinct name="East" votes="24" />
            </VoteType>
            <VoteType name="Advance Voting Votes" votes="218">
                <Precinct name="West" votes="12" />
                <Precinct name="Central" votes="119" />
                <Precinct name="East" votes="87" />
            </VoteType>
            <VoteType name="Election Day Votes" votes="586">
                <Precinct name="West" votes="85" />
                <Precinct name="Central" votes="256" />
                <Precinct name="East" votes="245" />
            </VoteType>
            <VoteType name="Provisional Votes" votes="2">
                <Precinct name="West" votes="0" />
                <Precinct name="Central" votes="0" />
                <Precinct name="East" votes="2" />
            </VoteType>
        </Choice>
        <Choice key="123" text="Rich McCormick" party="REP" totalVotes="1380">
            <VoteType name="Absentee by Mail Votes" votes="87">
                <Precinct name="West" votes="22" />
                <Precinct name="Central" votes="30" />
                <Precinct name="East" votes="35" />
            </VoteType>
            <VoteType name="Advance Voting Votes" votes="508">
                <Precinct name="West" votes="48" />
                <Precinct name="Central" votes="279" />
                <Precinct name="East" votes="181" />
            </VoteType>
            <VoteType name="Election Day Votes" votes="785">
                <Precinct name="West" votes="125" />
                <Precinct name="Central" votes="322" />
                <Precinct name="East" votes="338" />
            </VoteType>
            <VoteType name="Provisional Votes" votes="0">
                <Precinct name="West" votes="0" />
                <Precinct name="Central" votes="0" />
                <Precinct name="East" votes="0" />
            </VoteType>
        </Choice>
    </Contest>
</ElectionResult>