<?xml version="1.0"?>
<!--Election result snapshot imported from Tabulation System
-->
<ElectionResult>
    <Timestamp>6/30/2022 11:46:32 AM EDT</Timestamp>
    <ElectionName>June 21, 2022 - General Primary -Nonpartisan General Election Runoff</ElectionName>
    <ElectionDate>6/21/2022</ElectionDate>
    <Region>Irwin</Region>
    <VoterTurnout totalVoters="5888" ballotsCast="71" voterTurnout="1.21">
        <Precincts>
            <Precinct name="Irwinville" totalVoters="1736" ballotsCast="5" voterTurnout="0.29" percentReporting="4" />
            <Precinct name="Ocilla" totalVoters="3488" ballotsCast="63" voterTurnout="1.81" percentReporting="4" />
            <Precinct name="Holt" totalVoters="664" ballotsCast="3" voterTurnout="0.45" percentReporting="4" />
        </Precincts>
    </VoterTurnout>
    <Contest key="6" text="Lieutenant Governor - Dem" voteFor="1" isQuestion="false" precinctsReporting="3" precinctsReported="3">
        <VoteType name="Undervotes" votes="3">
            <Precinct name="Irwinville" votes="0" />
            <Precinct name="Ocilla" votes="3" />
            <Precinct name="Holt" votes="0" />
        </VoteType>
        <VoteType name="Overvotes" votes="0">
            <Precinct name="Irwinville" votes="0" />
            <Precinct name="Ocilla" votes="0" />
            <Precinct name="Holt" votes="0" />
        </VoteType>
        <Choice key="20" text="Charlie Bailey" party="DEM" totalVotes="42">
            <VoteType name="Absentee by Mail Votes" votes="10">
                <Precinct name="Irwinville" votes="0" />
                <Precinct name="Ocilla" votes="8" />
                <Precinct name="Holt" votes="2" />
            </VoteType>
            <VoteType name="Advance Voting Votes" votes="13">
                <Precinct name="Irwinville" votes="1" />
                <Precinct name="Ocilla" votes="12" />
                <Precinct name="Holt" votes="0" />
            </VoteType>
            <VoteType name="Election Day Votes" votes="19">
                <Precinct name="Irwinville" votes="2" />
                <Precinct name="Ocilla" votes="16" />
                <Precinct name="Holt" votes="1" />
            </VoteType>
            <VoteType name="Provisional Votes" votes="0">
                <Precinct name="Irwinville" votes="0" />
                <Precinct name="Ocilla" votes="0" />
                <Precinct name="Holt" votes="0" />
            </VoteType>
        </Choice>
        <Choice key="23" text="Kwanza Hall" party="DEM" totalVotes="26">
            <VoteType name="Absentee by Mail Votes" votes="4">
                <Precinct name="Irwinville" votes="1" />
                <Precinct name="Ocilla" votes="3" />
                <Precinct name="Holt" votes="0" />
            </VoteType>
            <VoteType name="Advance Voting Votes" votes="7">
                <Precinct name="Irwinville" votes="1" />
                <Precinct name="Ocilla" votes="6" />
                <Precinct name="Holt" votes="0" />
            </VoteType>
            <VoteType name="Election Day Votes" votes="15">
                <Precinct name="Irwinville" votes="0" />
                <Precinct name="Ocilla" votes="15" />
                <Precinct name="Holt" votes="0" />
            </VoteType>
            <VoteType name="Provisional Votes" votes="0">
                <Precinct name="Irwinville" votes="0" />
                <Precinct name="Ocilla" votes="0" />
                <Precinct name="Holt" votes="0" />
            </VoteType>
        </Choice>
    </Contest>
    <Contest key="8" text="Secretary of State - Dem" voteFor="1" isQuestion="false" precinctsReporting="3" precinctsReported="3">
        <VoteType name="Undervotes" votes="3">
            <Precinct name="Irwinville" votes="0" />
            <Precinct name="Ocilla" votes="3" />
            <Precinct name="Holt" votes="0" />
        </VoteType>
        <VoteType name="Overvotes" votes="0">
            <Precinct name="Irwinville" votes="0" />
            <Precinct name="Ocilla" votes="0" />
            <Precinct name="Holt" votes="0" />
        </VoteType>
        <Choice key="32" text="Dee Dawkins-Haigler" party="DEM" totalVotes="26">
            <VoteType name="Absentee by Mail Votes" votes="4">
                <Precinct name="Irwinville" votes="0" />
                <Precinct name="Ocilla" votes="4" />
                <Precinct name="Holt" votes="0" />
            </VoteType>
            <VoteType name="Advance Voting Votes" votes="10">
                <Precinct name="Irwinville" votes="0" />
                <Precinct name="Ocilla" votes="10" />
                <Precinct name="Holt" votes="0" />
            </VoteType>
            <VoteType name="Election Day Votes" votes="12">
                <Precinct name="Irwinville" votes="0" />
                <Precinct name="Ocilla" votes="12" />
                <Precinct name="Holt" votes="0" />
            </VoteType>
            <VoteType name="Provisional Votes" votes="0">
                <Precinct name="Irwinville" votes="0" />
                <Precinct name="Ocilla" votes="0" />
                <Precinct name="Holt" votes="0" />
            </VoteType>
        </Choice>
        <Choice key="35" text="Bee Nguyen" party="DEM" totalVotes="42">
            <VoteType name="Absentee by Mail Votes" votes="10">
                <Precinct name="Irwinville" votes="1" />
                <Precinct name="Ocilla" votes="7" />
                <Precinct name="Holt" votes="2" />
            </VoteType>
            <VoteType name="Advance Voting Votes" votes="10">
                <Precinct name="Irwinville" votes="2" />
                <Precinct name="Ocilla" votes="8" />
                <Precinct name="Holt" votes="0" />
            </VoteType>
            <VoteType name="Election Day Votes" votes="22">
                <Precinct name="Irwinville" votes="2" />
                <Precinct name="Ocilla" votes="19" />
                <Precinct name="Holt" votes="1" />
            </VoteType>
            <VoteType name="Provisional Votes" votes="0">
                <Precinct name="Irwinville" votes="0" />
                <Precinct name="Ocilla" votes="0" />
                <Precinct name="Holt" votes="0" />
            </VoteType>
        </Choice>
    </Contest>
    <Contest key="14" text="Commissioner of Insurance - Dem" voteFor="1" isQuestion="false" precinctsReporting="3" precinctsReported="3">
        <VoteType name="Undervotes" votes="1">
            <Precinct name="Irwinville" votes="0" />
            <Precinct name="Ocilla" votes="1" />
            <Precinct name="Holt" votes="0" />
        </VoteType>
        <VoteType name="Overvotes" votes="0">
            <Precinct name="Irwinville" votes="0" />
            <Precinct name="Ocilla" votes="0" />
            <Precinct name="Holt" votes="0" />
        </VoteType>
        <Choice key="48" text="Raphael Baker" party="DEM" totalVotes="26">
            <VoteType name="Absentee by Mail Votes" votes="2">
                <Precinct name="Irwinville" votes="0" />
                <Precinct name="Ocilla" votes="2" />
                <Precinct name="Holt" votes="0" />
            </VoteType>
            <VoteType name="Advance Voting Votes" votes="12">
                <Precinct name="Irwinville" votes="0" />
                <Precinct name="Ocilla" votes="12" />
                <Precinct name="Holt" votes="0" />
            </VoteType>
            <VoteType name="Election Day Votes" votes="12">
                <Precinct name="Irwinville" votes="0" />
                <Precinct name="Ocilla" votes="12" />
                <Precinct name="Holt" votes="0" />
            </VoteType>
            <VoteType name="Provisional Votes" votes="0">
                <Precinct name="Irwinville" votes="0" />
                <Precinct name="Ocilla" votes="0" />
                <Precinct name="Holt" votes="0" />
            </VoteType>
        </Choice>
        <Choice key="49" text="Janice Laws Robinson" party="DEM" totalVotes="44">
            <VoteType name="Absentee by Mail Votes" votes="12">
                <Precinct name="Irwinville" votes="1" />
                <Precinct name="Ocilla" votes="9" />
                <Precinct name="Holt" votes="2" />
            </VoteType>
            <VoteType name="Advance Voting Votes" votes="10">
                <Precinct name="Irwinville" votes="2" />
                <Precinct name="Ocilla" votes="8" />
                <Precinct name="Holt" votes="0" />
            </VoteType>
            <VoteType name="Election Day Votes" votes="22">
                <Precinct name="Irwinville" votes="2" />
                <Precinct name="Ocilla" votes="19" />
                <Precinct name="Holt" votes="1" />
            </VoteType>
            <VoteType name="Provisional Votes" votes="0">
                <Precinct name="Irwinville" votes="0" />
                <Precinct name="Ocilla" votes="0" />
                <Precinct name="Holt" votes="0" />
            </VoteType>
        </Choice>
    </Contest>
    <Contest key="18" text="Commissioner of Labor - Dem" voteFor="1" isQuestion="false" precinctsReporting="3" precinctsReported="3">
        <VoteType name="Undervotes" votes="3">
            <Precinct name="Irwinville" votes="0" />
            <Precinct name="Ocilla" votes="3" />
            <Precinct name="Holt" votes="0" />
        </VoteType>
        <VoteType name="Overvotes" votes="0">
            <Precinct name="Irwinville" votes="0" />
            <Precinct name="Ocilla" votes="0" />
            <Precinct name="Holt" votes="0" />
        </VoteType>
        <Choice key="60" text="William &quot;&quot;Will&quot;&quot; Boddie, Jr." party="DEM" totalVotes="38">
            <VoteType name="Absentee by Mail Votes" votes="11">
                <Precinct name="Irwinville" votes="0" />
                <Precinct name="Ocilla" votes="11" />
                <Precinct name="Holt" votes="0" />
            </VoteType>
            <VoteType name="Advance Voting Votes" votes="10">
                <Precinct name="Irwinville" votes="0" />
                <Precinct name="Ocilla" votes="10" />
                <Precinct name="Holt" votes="0" />
            </VoteType>
            <VoteType name="Election Day Votes" votes="17">
                <Precinct name="Irwinville" votes="0" />
                <Precinct name="Ocilla" votes="16" />
                <Precinct name="Holt" votes="1" />
            </VoteType>
            <VoteType name="Provisional Votes" votes="0">
                <Precinct name="Irwinville" votes="0" />
                <Precinct name="Ocilla" votes="0" />
                <Precinct name="Holt" votes="0" />
            </VoteType>
        </Choice>
        <Choice key="62" text="Nicole Horn" party="DEM" totalVotes="30">
            <VoteType name="Absentee by Mail Votes" votes="3">
                <Precinct name="Irwinville" votes="1" />
                <Precinct name="Ocilla" votes="0" />
                <Precinct name="Holt" votes="2" />
            </VoteType>
            <VoteType name="Advance Voting Votes" votes="11">
                <Precinct name="Irwinville" votes="2" />
                <Precinct name="Ocilla" votes="9" />
                <Precinct name="Holt" votes="0" />
            </VoteType>
            <VoteType name="Election Day Votes" votes="16">
                <Precinct name="Irwinville" votes="2" />
                <Precinct name="Ocilla" votes="14" />
                <Precinct name="Holt" votes="0" />
            </VoteType>
            <VoteType name="Provisional Votes" votes="0">
                <Precinct name="Irwinville" votes="0" />
                <Precinct name="Ocilla" votes="0" />
                <Precinct name="Holt" votes="0" />
            </VoteType>
        </Choice>
    </Contest>
</ElectionResult>