<?xml version="1.0"?>
<!--Election result snapshot imported from Tabulation System
-->
<ElectionResult>
    <Timestamp>6/22/2022 1:20:57 PM EDT</Timestamp>
    <ElectionName>June 21, 2022 - General Primary -Nonpartisan General Election Runoff</ElectionName>
    <ElectionDate>6/21/2022</ElectionDate>
    <Region>Walker</Region>
    <VoterTurnout totalVoters="42506" ballotsCast="214" voterTurnout="0.50">
        <Precincts>
            <Precinct name="La Fayette" totalVoters="6592" ballotsCast="36" voterTurnout="0.55" percentReporting="4" />
            <Precinct name="Walnut Grove" totalVoters="2181" ballotsCast="6" voterTurnout="0.28" percentReporting="4" />
            <Precinct name="Rock Spring" totalVoters="6236" ballotsCast="34" voterTurnout="0.55" percentReporting="4" />
            <Precinct name="Armuchee Valley" totalVoters="1447" ballotsCast="1" voterTurnout="0.07" percentReporting="4" />
            <Precinct name="Mountain" totalVoters="1224" ballotsCast="8" voterTurnout="0.65" percentReporting="4" />
            <Precinct name="Chattanooga Valley" totalVoters="6301" ballotsCast="31" voterTurnout="0.49" percentReporting="4" />
            <Precinct name="Kensington" totalVoters="1341" ballotsCast="6" voterTurnout="0.45" percentReporting="4" />
            <Precinct name="Rossville" totalVoters="6095" ballotsCast="43" voterTurnout="0.71" percentReporting="4" />
            <Precinct name="Chickamauga" totalVoters="6829" ballotsCast="27" voterTurnout="0.40" percentReporting="4" />
            <Precinct name="Fairyland" totalVoters="1222" ballotsCast="10" voterTurnout="0.82" percentReporting="4" />
            <Precinct name="Fairview" totalVoters="3038" ballotsCast="12" voterTurnout="0.39" percentReporting="4" />
        </Precincts>
    </VoterTurnout>
    <Contest key="8" text="DEM - Lieutenant Governor" voteFor="1" isQuestion="false" precinctsReporting="11" precinctsReported="11">
        <VoteType name="Undervotes" votes="1">
            <Precinct name="La Fayette" votes="0" />
            <Precinct name="Walnut Grove" votes="0" />
            <Precinct name="Rock Spring" votes="0" />
            <Precinct name="Armuchee Valley" votes="0" />
            <Precinct name="Mountain" votes="0" />
            <Precinct name="Chattanooga Valley" votes="1" />
            <Precinct name="Kensington" votes="0" />
            <Precinct name="Rossville" votes="0" />
            <Precinct name="Chickamauga" votes="0" />
            <Precinct name="Fairyland" votes="0" />
            <Precinct name="Fairview" votes="0" />
        </VoteType>
        <VoteType name="Overvotes" votes="0">
            <Precinct name="La Fayette" votes="0" />
            <Precinct name="Walnut Grove" votes="0" />
            <Precinct name="Rock Spring" votes="0" />
            <Precinct name="Armuchee Valley" votes="0" />
            <Precinct name="Mountain" votes="0" />
            <Precinct name="Chattanooga Valley" votes="0" />
            <Precinct name="Kensington" votes="0" />
            <Precinct name="Rossville" votes="0" />
            <Precinct name="Chickamauga" votes="0" />
            <Precinct name="Fairyland" votes="0" />
            <Precinct name="Fairview" votes="0" />
        </VoteType>
        <Choice key="30" text="Charlie Bailey" party="DEM" totalVotes="141">
            <VoteType name="Absentee by Mail Votes" votes="73">
                <Precinct name="La Fayette" votes="12" />
                <Precinct name="Walnut Grove" votes="0" />
                <Precinct name="Rock Spring" votes="9" />
                <Precinct name="Armuchee Valley" votes="1" />
                <Precinct name="Mountain" votes="3" />
                <Precinct name="Chattanooga Valley" votes="13" />
                <Precinct name="Kensington" votes="3" />
                <Precinct name="Rossville" votes="16" />
                <Precinct name="Chickamauga" votes="6" />
                <Precinct name="Fairyland" votes="2" />
                <Precinct name="Fairview" votes="8" />
            </VoteType>
            <VoteType name="Advance Voting Votes" votes="18">
                <Precinct name="La Fayette" votes="6" />
                <Precinct name="Walnut Grove" votes="3" />
                <Precinct name="Rock Spring" votes="5" />
                <Precinct name="Armuchee Valley" votes="0" />
                <Precinct name="Mountain" votes="0" />
                <Precinct name="Chattanooga Valley" votes="0" />
                <Precinct name="Kensington" votes="3" />
                <Precinct name="Rossville" votes="0" />
                <Precinct name="Chickamauga" votes="1" />
                <Precinct name="Fairyland" votes="0" />
                <Precinct name="Fairview" votes="0" />
            </VoteType>
            <VoteType name="Election Day Votes" votes="50">
                <Precinct name="La Fayette" votes="8" />
                <Precinct name="Walnut Grove" votes="1" />
                <Precinct name="Rock Spring" votes="3" />
                <Precinct name="Armuchee Valley" votes="0" />
                <Precinct name="Mountain" votes="1" />
                <Precinct name="Chattanooga Valley" votes="8" />
                <Precinct name="Kensington" votes="0" />
                <Precinct name="Rossville" votes="15" />
                <Precinct name="Chickamauga" votes="9" />
                <Precinct name="Fairyland" votes="4" />
                <Precinct name="Fairview" votes="1" />
            </VoteType>
            <VoteType name="Provisional Votes" votes="0">
                <Precinct name="La Fayette" votes="0" />
                <Precinct name="Walnut Grove" votes="0" />
                <Precinct name="Rock Spring" votes="0" />
                <Precinct name="Armuchee Valley" votes="0" />
                <Precinct name="Mountain" votes="0" />
                <Precinct name="Chattanooga Valley" votes="0" />
                <Precinct name="Kensington" votes="0" />
                <Precinct name="Rossville" votes="0" />
                <Precinct name="Chickamauga" votes="0" />
                <Precinct name="Fairyland" votes="0" />
                <Precinct name="Fairview" votes="0" />
            </VoteType>
        </Choice>
        <Choice key="33" text="Kwanza Hall" party="DEM" totalVotes="72">
            <VoteType name="Absentee by Mail Votes" votes="45">
                <Precinct name="La Fayette" votes="8" />
                <Precinct name="Walnut Grove" votes="0" />
                <Precinct name="Rock Spring" votes="13" />
                <Precinct name="Armuchee Valley" votes="0" />
                <Precinct name="Mountain" votes="1" />
                <Precinct name="Chattanooga Valley" votes="8" />
                <Precinct name="Kensington" votes="0" />
                <Precinct name="Rossville" votes="4" />
                <Precinct name="Chickamauga" votes="8" />
                <Precinct name="Fairyland" votes="0" />
                <Precinct name="Fairview" votes="3" />
            </VoteType>
            <VoteType name="Advance Voting Votes" votes="2">
                <Precinct name="La Fayette" votes="0" />
                <Precinct name="Walnut Grove" votes="0" />
                <Precinct name="Rock Spring" votes="2" />
                <Precinct name="Armuchee Valley" votes="0" />
                <Precinct name="Mountain" votes="0" />
                <Precinct name="Chattanooga Valley" votes="0" />
                <Precinct name="Kensington" votes="0" />
                <Precinct name="Rossville" votes="0" />
                <Precinct name="Chickamauga" votes="0" />
                <Precinct name="Fairyland" votes="0" />
                <Precinct name="Fairview" votes="0" />
            </VoteType>
            <VoteType name="Election Day Votes" votes="25">
                <Precinct name="La Fayette" votes="2" />
                <Precinct name="Walnut Grove" votes="2" />
                <Precinct name="Rock Spring" votes="2" />
                <Precinct name="Armuchee Valley" votes="0" />
                <Precinct name="Mountain" votes="3" />
                <Precinct name="Chattanooga Valley" votes="1" />
                <Precinct name="Kensington" votes="0" />
                <Precinct name="Rossville" votes="8" />
                <Precinct name="Chickamauga" votes="3" />
                <Precinct name="Fairyland" votes="4" />
                <Precinct name="Fairview" votes="0" />
            </VoteType>
            <VoteType name="Provisional Votes" votes="0">
                <Precinct name="La Fayette" votes="0" />
                <Precinct name="Walnut Grove" votes="0" />
                <Precinct name="Rock Spring" votes="0" />
                <Precinct name="Armuchee Valley" votes="0" />
                <Precinct name="Mountain" votes="0" />
                <Precinct name="Chattanooga Valley" votes="0" />
                <Precinct name="Kensington" votes="0" />
                <Precinct name="Rossville" votes="0" />
                <Precinct name="Chickamauga" votes="0" />
                <Precinct name="Fairyland" votes="0" />
                <Precinct name="Fairview" votes="0" />
            </VoteType>
        </Choice>
    </Contest>
    <Contest key="10" text="DEM - Secretary of State" voteFor="1" isQuestion="false" precinctsReporting="11" precinctsReported="11">
        <VoteType name="Undervotes" votes="1">
            <Precinct name="La Fayette" votes="0" />
            <Precinct name="Walnut Grove" votes="0" />
            <Precinct name="Rock Spring" votes="0" />
            <Precinct name="Armuchee Valley" votes="0" />
            <Precinct name="Mountain" votes="0" />
            <Precinct name="Chattanooga Valley" votes="1" />
            <Precinct name="Kensington" votes="0" />
            <Precinct name="Rossville" votes="0" />
            <Precinct name="Chickamauga" votes="0" />
            <Precinct name="Fairyland" votes="0" />
            <Precinct name="Fairview" votes="0" />
        </VoteType>
        <VoteType name="Overvotes" votes="0">
            <Precinct name="La Fayette" votes="0" />
            <Precinct name="Walnut Grove" votes="0" />
            <Precinct name="Rock Spring" votes="0" />
            <Precinct name="Armuchee Valley" votes="0" />
            <Precinct name="Mountain" votes="0" />
            <Precinct name="Chattanooga Valley" votes="0" />
            <Precinct name="Kensington" votes="0" />
            <Precinct name="Rossville" votes="0" />
            <Precinct name="Chickamauga" votes="0" />
            <Precinct name="Fairyland" votes="0" />
            <Precinct name="Fairview" votes="0" />
        </VoteType>
        <Choice key="42" text="Dee Dawkins-Haigler" party="DEM" totalVotes="50">
            <VoteType name="Absentee by Mail Votes" votes="35">
                <Precinct name="La Fayette" votes="4" />
                <Precinct name="Walnut Grove" votes="0" />
                <Precinct name="Rock Spring" votes="7" />
                <Precinct name="Armuchee Valley" votes="0" />
                <Precinct name="Mountain" votes="1" />
                <Precinct name="Chattanooga Valley" votes="3" />
                <Precinct name="Kensington" votes="3" />
                <Precinct name="Rossville" votes="8" />
                <Precinct name="Chickamauga" votes="5" />
                <Precinct name="Fairyland" votes="0" />
                <Precinct name="Fairview" votes="4" />
            </VoteType>
            <VoteType name="Advance Voting Votes" votes="1">
                <Precinct name="La Fayette" votes="0" />
                <Precinct name="Walnut Grove" votes="0" />
                <Precinct name="Rock Spring" votes="1" />
                <Precinct name="Armuchee Valley" votes="0" />
                <Precinct name="Mountain" votes="0" />
                <Precinct name="Chattanooga Valley" votes="0" />
                <Precinct name="Kensington" votes="0" />
                <Precinct name="Rossville" votes="0" />
                <Precinct name="Chickamauga" votes="0" />
                <Precinct name="Fairyland" votes="0" />
                <Precinct name="Fairview" votes="0" />
            </VoteType>
            <VoteType name="Election Day Votes" votes="14">
                <Precinct name="La Fayette" votes="3" />
                <Precinct name="Walnut Grove" votes="0" />
                <Precinct name="Rock Spring" votes="2" />
                <Precinct name="Armuchee Valley" votes="0" />
                <Precinct name="Mountain" votes="0" />
                <Precinct name="Chattanooga Valley" votes="1" />
                <Precinct name="Kensington" votes="0" />
                <Precinct name="Rossville" votes="3" />
                <Precinct name="Chickamauga" votes="3" />
                <Precinct name="Fairyland" votes="1" />
                <Precinct name="Fairview" votes="1" />
            </VoteType>
            <VoteType name="Provisional Votes" votes="0">
                <Precinct name="La Fayette" votes="0" />
                <Precinct name="Walnut Grove" votes="0" />
                <Precinct name="Rock Spring" votes="0" />
                <Precinct name="Armuchee Valley" votes="0" />
                <Precinct name="Mountain" votes="0" />
                <Precinct name="Chattanooga Valley" votes="0" />
                <Precinct name="Kensington" votes="0" />
                <Precinct name="Rossville" votes="0" />
                <Precinct name="Chickamauga" votes="0" />
                <Precinct name="Fairyland" votes="0" />
                <Precinct name="Fairview" votes="0" />
            </VoteType>
        </Choice>
        <Choice key="45" text="Bee Nguyen" party="DEM" totalVotes="163">
            <VoteType name="Absentee by Mail Votes" votes="83">
                <Precinct name="La Fayette" votes="16" />
                <Precinct name="Walnut Grove" votes="0" />
                <Precinct name="Rock Spring" votes="15" />
                <Precinct name="Armuchee Valley" votes="1" />
                <Precinct name="Mountain" votes="3" />
                <Precinct name="Chattanooga Valley" votes="18" />
                <Precinct name="Kensington" votes="0" />
                <Precinct name="Rossville" votes="12" />
                <Precinct name="Chickamauga" votes="9" />
                <Precinct name="Fairyland" votes="2" />
                <Precinct name="Fairview" votes="7" />
            </VoteType>
            <VoteType name="Advance Voting Votes" votes="19">
                <Precinct name="La Fayette" votes="6" />
                <Precinct name="Walnut Grove" votes="3" />
                <Precinct name="Rock Spring" votes="6" />
                <Precinct name="Armuchee Valley" votes="0" />
                <Precinct name="Mountain" votes="0" />
                <Precinct name="Chattanooga Valley" votes="0" />
                <Precinct name="Kensington" votes="3" />
                <Precinct name="Rossville" votes="0" />
                <Precinct name="Chickamauga" votes="1" />
                <Precinct name="Fairyland" votes="0" />
                <Precinct name="Fairview" votes="0" />
            </VoteType>
            <VoteType name="Election Day Votes" votes="61">
                <Precinct name="La Fayette" votes="7" />
                <Precinct name="Walnut Grove" votes="3" />
                <Precinct name="Rock Spring" votes="3" />
                <Precinct name="Armuchee Valley" votes="0" />
                <Precinct name="Mountain" votes="4" />
                <Precinct name="Chattanooga Valley" votes="8" />
                <Precinct name="Kensington" votes="0" />
                <Precinct name="Rossville" votes="20" />
                <Precinct name="Chickamauga" votes="9" />
                <Precinct name="Fairyland" votes="7" />
                <Precinct name="Fairview" votes="0" />
            </VoteType>
            <VoteType name="Provisional Votes" votes="0">
                <Precinct name="La Fayette" votes="0" />
                <Precinct name="Walnut Grove" votes="0" />
                <Precinct name="Rock Spring" votes="0" />
                <Precinct name="Armuchee Valley" votes="0" />
                <Precinct name="Mountain" votes="0" />
                <Precinct name="Chattanooga Valley" votes="0" />
                <Precinct name="Kensington" votes="0" />
                <Precinct name="Rossville" votes="0" />
                <Precinct name="Chickamauga" votes="0" />
                <Precinct name="Fairyland" votes="0" />
                <Precinct name="Fairview" votes="0" />
            </VoteType>
        </Choice>
    </Contest>
    <Contest key="16" text="DEM - Commissioner Of Insurance" voteFor="1" isQuestion="false" precinctsReporting="11" precinctsReported="11">
        <VoteType name="Undervotes" votes="5">
            <Precinct name="La Fayette" votes="0" />
            <Precinct name="Walnut Grove" votes="0" />
            <Precinct name="Rock Spring" votes="0" />
            <Precinct name="Armuchee Valley" votes="0" />
            <Precinct name="Mountain" votes="0" />
            <Precinct name="Chattanooga Valley" votes="2" />
            <Precinct name="Kensington" votes="0" />
            <Precinct name="Rossville" votes="0" />
            <Precinct name="Chickamauga" votes="1" />
            <Precinct name="Fairyland" votes="2" />
            <Precinct name="Fairview" votes="0" />
        </VoteType>
        <VoteType name="Overvotes" votes="0">
            <Precinct name="La Fayette" votes="0" />
            <Precinct name="Walnut Grove" votes="0" />
            <Precinct name="Rock Spring" votes="0" />
            <Precinct name="Armuchee Valley" votes="0" />
            <Precinct name="Mountain" votes="0" />
            <Precinct name="Chattanooga Valley" votes="0" />
            <Precinct name="Kensington" votes="0" />
            <Precinct name="Rossville" votes="0" />
            <Precinct name="Chickamauga" votes="0" />
            <Precinct name="Fairyland" votes="0" />
            <Precinct name="Fairview" votes="0" />
        </VoteType>
        <Choice key="58" text="Raphael Baker" party="DEM" totalVotes="65">
            <VoteType name="Absentee by Mail Votes" votes="32">
                <Precinct name="La Fayette" votes="5" />
                <Precinct name="Walnut Grove" votes="0" />
                <Precinct name="Rock Spring" votes="7" />
                <Precinct name="Armuchee Valley" votes="0" />
                <Precinct name="Mountain" votes="1" />
                <Precinct name="Chattanooga Valley" votes="5" />
                <Precinct name="Kensington" votes="2" />
                <Precinct name="Rossville" votes="5" />
                <Precinct name="Chickamauga" votes="4" />
                <Precinct name="Fairyland" votes="0" />
                <Precinct name="Fairview" votes="3" />
            </VoteType>
            <VoteType name="Advance Voting Votes" votes="10">
                <Precinct name="La Fayette" votes="3" />
                <Precinct name="Walnut Grove" votes="1" />
                <Precinct name="Rock Spring" votes="4" />
                <Precinct name="Armuchee Valley" votes="0" />
                <Precinct name="Mountain" votes="0" />
                <Precinct name="Chattanooga Valley" votes="0" />
                <Precinct name="Kensington" votes="1" />
                <Precinct name="Rossville" votes="0" />
                <Precinct name="Chickamauga" votes="1" />
                <Precinct name="Fairyland" votes="0" />
                <Precinct name="Fairview" votes="0" />
            </VoteType>
            <VoteType name="Election Day Votes" votes="23">
                <Precinct name="La Fayette" votes="1" />
                <Precinct name="Walnut Grove" votes="0" />
                <Precinct name="Rock Spring" votes="3" />
                <Precinct name="Armuchee Valley" votes="0" />
                <Precinct name="Mountain" votes="0" />
                <Precinct name="Chattanooga Valley" votes="3" />
                <Precinct name="Kensington" votes="0" />
                <Precinct name="Rossville" votes="10" />
                <Precinct name="Chickamauga" votes="4" />
                <Precinct name="Fairyland" votes="1" />
                <Precinct name="Fairview" votes="1" />
            </VoteType>
            <VoteType name="Provisional Votes" votes="0">
                <Precinct name="La Fayette" votes="0" />
                <Precinct name="Walnut Grove" votes="0" />
                <Precinct name="Rock Spring" votes="0" />
                <Precinct name="Armuchee Valley" votes="0" />
                <Precinct name="Mountain" votes="0" />
                <Precinct name="Chattanooga Valley" votes="0" />
                <Precinct name="Kensington" votes="0" />
                <Precinct name="Rossville" votes="0" />
                <Precinct name="Chickamauga" votes="0" />
                <Precinct name="Fairyland" votes="0" />
                <Precinct name="Fairview" votes="0" />
            </VoteType>
        </Choice>
        <Choice key="59" text="Janice Laws Robinson" party="DEM" totalVotes="144">
            <VoteType name="Absentee by Mail Votes" votes="85">
                <Precinct name="La Fayette" votes="15" />
                <Precinct name="Walnut Grove" votes="0" />
                <Precinct name="Rock Spring" votes="15" />
                <Precinct name="Armuchee Valley" votes="1" />
                <Precinct name="Mountain" votes="3" />
                <Precinct name="Chattanooga Valley" votes="15" />
                <Precinct name="Kensington" votes="1" />
                <Precinct name="Rossville" votes="15" />
                <Precinct name="Chickamauga" votes="10" />
                <Precinct name="Fairyland" votes="2" />
                <Precinct name="Fairview" votes="8" />
            </VoteType>
            <VoteType name="Advance Voting Votes" votes="10">
                <Precinct name="La Fayette" votes="3" />
                <Precinct name="Walnut Grove" votes="2" />
                <Precinct name="Rock Spring" votes="3" />
                <Precinct name="Armuchee Valley" votes="0" />
                <Precinct name="Mountain" votes="0" />
                <Precinct name="Chattanooga Valley" votes="0" />
                <Precinct name="Kensington" votes="2" />
                <Precinct name="Rossville" votes="0" />
                <Precinct name="Chickamauga" votes="0" />
                <Precinct name="Fairyland" votes="0" />
                <Precinct name="Fairview" votes="0" />
            </VoteType>
            <VoteType name="Election Day Votes" votes="49">
                <Precinct name="La Fayette" votes="9" />
                <Precinct name="Walnut Grove" votes="3" />
                <Precinct name="Rock Spring" votes="2" />
                <Precinct name="Armuchee Valley" votes="0" />
                <Precinct name="Mountain" votes="4" />
                <Precinct name="Chattanooga Valley" votes="6" />
                <Precinct name="Kensington" votes="0" />
                <Precinct name="Rossville" votes="13" />
                <Precinct name="Chickamauga" votes="7" />
                <Precinct name="Fairyland" votes="5" />
                <Precinct name="Fairview" votes="0" />
            </VoteType>
            <VoteType name="Provisional Votes" votes="0">
                <Precinct name="La Fayette" votes="0" />
                <Precinct name="Walnut Grove" votes="0" />
                <Precinct name="Rock Spring" votes="0" />
                <Precinct name="Armuchee Valley" votes="0" />
                <Precinct name="Mountain" votes="0" />
                <Precinct name="Chattanooga Valley" votes="0" />
                <Precinct name="Kensington" votes="0" />
                <Precinct name="Rossville" votes="0" />
                <Precinct name="Chickamauga" votes="0" />
                <Precinct name="Fairyland" votes="0" />
                <Precinct name="Fairview" votes="0" />
            </VoteType>
        </Choice>
    </Contest>
    <Contest key="20" text="DEM - Commissioner Of Labor" voteFor="1" isQuestion="false" precinctsReporting="11" precinctsReported="11">
        <VoteType name="Undervotes" votes="4">
            <Precinct name="La Fayette" votes="0" />
            <Precinct name="Walnut Grove" votes="0" />
            <Precinct name="Rock Spring" votes="0" />
            <Precinct name="Armuchee Valley" votes="0" />
            <Precinct name="Mountain" votes="0" />
            <Precinct name="Chattanooga Valley" votes="1" />
            <Precinct name="Kensington" votes="0" />
            <Precinct name="Rossville" votes="1" />
            <Precinct name="Chickamauga" votes="0" />
            <Precinct name="Fairyland" votes="2" />
            <Precinct name="Fairview" votes="0" />
        </VoteType>
        <VoteType name="Overvotes" votes="0">
            <Precinct name="La Fayette" votes="0" />
            <Precinct name="Walnut Grove" votes="0" />
            <Precinct name="Rock Spring" votes="0" />
            <Precinct name="Armuchee Valley" votes="0" />
            <Precinct name="Mountain" votes="0" />
            <Precinct name="Chattanooga Valley" votes="0" />
            <Precinct name="Kensington" votes="0" />
            <Precinct name="Rossville" votes="0" />
            <Precinct name="Chickamauga" votes="0" />
            <Precinct name="Fairyland" votes="0" />
            <Precinct name="Fairview" votes="0" />
        </VoteType>
        <Choice key="70" text="William &quot;&quot;Will&quot;&quot; Boddie, Jr." party="DEM" totalVotes="96">
            <VoteType name="Absentee by Mail Votes" votes="53">
                <Precinct name="La Fayette" votes="10" />
                <Precinct name="Walnut Grove" votes="0" />
                <Precinct name="Rock Spring" votes="12" />
                <Precinct name="Armuchee Valley" votes="0" />
                <Precinct name="Mountain" votes="1" />
                <Precinct name="Chattanooga Valley" votes="8" />
                <Precinct name="Kensington" votes="2" />
                <Precinct name="Rossville" votes="9" />
                <Precinct name="Chickamauga" votes="8" />
                <Precinct name="Fairyland" votes="0" />
                <Precinct name="Fairview" votes="3" />
            </VoteType>
            <VoteType name="Advance Voting Votes" votes="11">
                <Precinct name="La Fayette" votes="4" />
                <Precinct name="Walnut Grove" votes="3" />
                <Precinct name="Rock Spring" votes="3" />
                <Precinct name="Armuchee Valley" votes="0" />
                <Precinct name="Mountain" votes="0" />
                <Precinct name="Chattanooga Valley" votes="0" />
                <Precinct name="Kensington" votes="0" />
                <Precinct name="Rossville" votes="0" />
                <Precinct name="Chickamauga" votes="1" />
                <Precinct name="Fairyland" votes="0" />
                <Precinct name="Fairview" votes="0" />
            </VoteType>
            <VoteType name="Election Day Votes" votes="32">
                <Precinct name="La Fayette" votes="6" />
                <Precinct name="Walnut Grove" votes="0" />
                <Precinct name="Rock Spring" votes="4" />
                <Precinct name="Armuchee Valley" votes="0" />
                <Precinct name="Mountain" votes="2" />
                <Precinct name="Chattanooga Valley" votes="3" />
                <Precinct name="Kensington" votes="0" />
                <Precinct name="Rossville" votes="10" />
                <Precinct name="Chickamauga" votes="4" />
                <Precinct name="Fairyland" votes="2" />
                <Precinct name="Fairview" votes="1" />
            </VoteType>
            <VoteType name="Provisional Votes" votes="0">
                <Precinct name="La Fayette" votes="0" />
                <Precinct name="Walnut Grove" votes="0" />
                <Precinct name="Rock Spring" votes="0" />
                <Precinct name="Armuchee Valley" votes="0" />
                <Precinct name="Mountain" votes="0" />
                <Precinct name="Chattanooga Valley" votes="0" />
                <Precinct name="Kensington" votes="0" />
                <Precinct name="Rossville" votes="0" />
                <Precinct name="Chickamauga" votes="0" />
                <Precinct name="Fairyland" votes="0" />
                <Precinct name="Fairview" votes="0" />
            </VoteType>
        </Choice>
        <Choice key="72" text="Nicole Horn" party="DEM" totalVotes="114">
            <VoteType name="Absentee by Mail Votes" votes="65">
                <Precinct name="La Fayette" votes="10" />
                <Precinct name="Walnut Grove" votes="0" />
                <Precinct name="Rock Spring" votes="10" />
                <Precinct name="Armuchee Valley" votes="1" />
                <Precinct name="Mountain" votes="3" />
                <Precinct name="Chattanooga Valley" votes="13" />
                <Precinct name="Kensington" votes="1" />
                <Precinct name="Rossville" votes="11" />
                <Precinct name="Chickamauga" votes="6" />
                <Precinct name="Fairyland" votes="2" />
                <Precinct name="Fairview" votes="8" />
            </VoteType>
            <VoteType name="Advance Voting Votes" votes="9">
                <Precinct name="La Fayette" votes="2" />
                <Precinct name="Walnut Grove" votes="0" />
                <Precinct name="Rock Spring" votes="4" />
                <Precinct name="Armuchee Valley" votes="0" />
                <Precinct name="Mountain" votes="0" />
                <Precinct name="Chattanooga Valley" votes="0" />
                <Precinct name="Kensington" votes="3" />
                <Precinct name="Rossville" votes="0" />
                <Precinct name="Chickamauga" votes="0" />
                <Precinct name="Fairyland" votes="0" />
                <Precinct name="Fairview" votes="0" />
            </VoteType>
            <VoteType name="Election Day Votes" votes="40">
                <Precinct name="La Fayette" votes="4" />
                <Precinct name="Walnut Grove" votes="3" />
                <Precinct name="Rock Spring" votes="1" />
                <Precinct name="Armuchee Valley" votes="0" />
                <Precinct name="Mountain" votes="2" />
                <Precinct name="Chattanooga Valley" votes="6" />
                <Precinct name="Kensington" votes="0" />
                <Precinct name="Rossville" votes="12" />
                <Precinct name="Chickamauga" votes="8" />
                <Precinct name="Fairyland" votes="4" />
                <Precinct name="Fairview" votes="0" />
            </VoteType>
            <VoteType name="Provisional Votes" votes="0">
                <Precinct name="La Fayette" votes="0" />
                <Precinct name="Walnut Grove" votes="0" />
                <Precinct name="Rock Spring" votes="0" />
                <Precinct name="Armuchee Valley" votes="0" />
                <Precinct name="Mountain" votes="0" />
                <Precinct name="Chattanooga Valley" votes="0" />
                <Precinct name="Kensington" votes="0" />
                <Precinct name="Rossville" votes="0" />
                <Precinct name="Chickamauga" votes="0" />
                <Precinct name="Fairyland" votes="0" />
                <Precinct name="Fairview" votes="0" />
            </VoteType>
        </Choice>
    </Contest>
</ElectionResult>