<?xml version="1.0"?>
<!--Election result snapshot imported from Tabulation System
-->
<ElectionResult>
    <Timestamp>6/27/2022 9:41:28 AM EDT</Timestamp>
    <ElectionName>June 21, 2022 - General Primary -Nonpartisan General Election Runoff</ElectionName>
    <ElectionDate>6/21/2022</ElectionDate>
    <Region>Wilcox</Region>
    <VoterTurnout totalVoters="4369" ballotsCast="79" voterTurnout="1.81">
        <Precincts>
            <Precinct name="Rochelle North #1" totalVoters="485" ballotsCast="6" voterTurnout="1.24" percentReporting="4" />
            <Precinct name="Abbeville North #2" totalVoters="378" ballotsCast="12" voterTurnout="3.17" percentReporting="4" />
            <Precinct name="Pineview #2" totalVoters="592" ballotsCast="30" voterTurnout="5.07" percentReporting="4" />
            <Precinct name="Pitts #3" totalVoters="857" ballotsCast="2" voterTurnout="0.23" percentReporting="4" />
            <Precinct name="Rochelle South #4" totalVoters="992" ballotsCast="3" voterTurnout="0.30" percentReporting="4" />
            <Precinct name="Abbeville South #5" totalVoters="1065" ballotsCast="26" voterTurnout="2.44" percentReporting="4" />
        </Precincts>
    </VoterTurnout>
    <Contest key="6" text="Lieutenant Governor - Dem" voteFor="1" isQuestion="false" precinctsReporting="6" precinctsReported="6">
        <VoteType name="Undervotes" votes="3">
            <Precinct name="Rochelle North #1" votes="0" />
            <Precinct name="Abbeville North #2" votes="1" />
            <Precinct name="Pineview #2" votes="1" />
            <Precinct name="Pitts #3" votes="0" />
            <Precinct name="Rochelle South #4" votes="0" />
            <Precinct name="Abbeville South #5" votes="1" />
        </VoteType>
        <VoteType name="Overvotes" votes="0">
            <Precinct name="Rochelle North #1" votes="0" />
            <Precinct name="Abbeville North #2" votes="0" />
            <Precinct name="Pineview #2" votes="0" />
            <Precinct name="Pitts #3" votes="0" />
            <Precinct name="Rochelle South #4" votes="0" />
            <Precinct name="Abbeville South #5" votes="0" />
        </VoteType>
        <Choice key="46" text="Charlie Bailey" party="DEM" totalVotes="51">
            <VoteType name="Absentee by Mail Votes" votes="3">
                <Precinct name="Rochelle North #1" votes="0" />
                <Precinct name="Abbeville North #2" votes="2" />
                <Precinct name="Pineview #2" votes="1" />
                <Precinct name="Pitts #3" votes="0" />
                <Precinct name="Rochelle South #4" votes="0" />
                <Precinct name="Abbeville South #5" votes="0" />
            </VoteType>
            <VoteType name="Advance Voting Votes" votes="16">
                <Precinct name="Rochelle North #1" votes="1" />
                <Precinct name="Abbeville North #2" votes="0" />
                <Precinct name="Pineview #2" votes="0" />
                <Precinct name="Pitts #3" votes="0" />
                <Precinct name="Rochelle South #4" votes="1" />
                <Precinct name="Abbeville South #5" votes="14" />
            </VoteType>
            <VoteType name="Election Day Votes" votes="32">
                <Precinct name="Rochelle North #1" votes="3" />
                <Precinct name="Abbeville North #2" votes="4" />
                <Precinct name="Pineview #2" votes="17" />
                <Precinct name="Pitts #3" votes="2" />
                <Precinct name="Rochelle South #4" votes="2" />
                <Precinct name="Abbeville South #5" votes="4" />
            </VoteType>
            <VoteType name="Provisional Votes" votes="0">
                <Precinct name="Rochelle North #1" votes="0" />
                <Precinct name="Abbeville North #2" votes="0" />
                <Precinct name="Pineview #2" votes="0" />
                <Precinct name="Pitts #3" votes="0" />
                <Precinct name="Rochelle South #4" votes="0" />
                <Precinct name="Abbeville South #5" votes="0" />
            </VoteType>
        </Choice>
        <Choice key="49" text="Kwanza Hall" party="DEM" totalVotes="25">
            <VoteType name="Absentee by Mail Votes" votes="0">
                <Precinct name="Rochelle North #1" votes="0" />
                <Precinct name="Abbeville North #2" votes="0" />
                <Precinct name="Pineview #2" votes="0" />
                <Precinct name="Pitts #3" votes="0" />
                <Precinct name="Rochelle South #4" votes="0" />
                <Precinct name="Abbeville South #5" votes="0" />
            </VoteType>
            <VoteType name="Advance Voting Votes" votes="8">
                <Precinct name="Rochelle North #1" votes="0" />
                <Precinct name="Abbeville North #2" votes="2" />
                <Precinct name="Pineview #2" votes="0" />
                <Precinct name="Pitts #3" votes="0" />
                <Precinct name="Rochelle South #4" votes="0" />
                <Precinct name="Abbeville South #5" votes="6" />
            </VoteType>
            <VoteType name="Election Day Votes" votes="17">
                <Precinct name="Rochelle North #1" votes="2" />
                <Precinct name="Abbeville North #2" votes="3" />
                <Precinct name="Pineview #2" votes="11" />
                <Precinct name="Pitts #3" votes="0" />
                <Precinct name="Rochelle South #4" votes="0" />
                <Precinct name="Abbeville South #5" votes="1" />
            </VoteType>
            <VoteType name="Provisional Votes" votes="0">
                <Precinct name="Rochelle North #1" votes="0" />
                <Precinct name="Abbeville North #2" votes="0" />
                <Precinct name="Pineview #2" votes="0" />
                <Precinct name="Pitts #3" votes="0" />
                <Precinct name="Rochelle South #4" votes="0" />
                <Precinct name="Abbeville South #5" votes="0" />
            </VoteType>
        </Choice>
    </Contest>
    <Contest key="8" text="Secretary of State - Dem" voteFor="1" isQuestion="false" precinctsReporting="6" precinctsReported="6">
        <VoteType name="Undervotes" votes="2">
            <Precinct name="Rochelle North #1" votes="0" />
            <Precinct name="Abbeville North #2" votes="1" />
            <Precinct name="Pineview #2" votes="0" />
            <Precinct name="Pitts #3" votes="0" />
            <Precinct name="Rochelle South #4" votes="0" />
            <Precinct name="Abbeville South #5" votes="1" />
        </VoteType>
        <VoteType name="Overvotes" votes="0">
            <Precinct name="Rochelle North #1" votes="0" />
            <Precinct name="Abbeville North #2" votes="0" />
            <Precinct name="Pineview #2" votes="0" />
            <Precinct name="Pitts #3" votes="0" />
            <Precinct name="Rochelle South #4" votes="0" />
            <Precinct name="Abbeville South #5" votes="0" />
        </VoteType>
        <Choice key="58" text="Dee Dawkins-Haigler" party="DEM" totalVotes="18">
            <VoteType name="Absentee by Mail Votes" votes="0">
                <Precinct name="Rochelle North #1" votes="0" />
                <Precinct name="Abbeville North #2" votes="0" />
                <Precinct name="Pineview #2" votes="0" />
                <Precinct name="Pitts #3" votes="0" />
                <Precinct name="Rochelle South #4" votes="0" />
                <Precinct name="Abbeville South #5" votes="0" />
            </VoteType>
            <VoteType name="Advance Voting Votes" votes="1">
                <Precinct name="Rochelle North #1" votes="0" />
                <Precinct name="Abbeville North #2" votes="0" />
                <Precinct name="Pineview #2" votes="0" />
                <Precinct name="Pitts #3" votes="0" />
                <Precinct name="Rochelle South #4" votes="0" />
                <Precinct name="Abbeville South #5" votes="1" />
            </VoteType>
            <VoteType name="Election Day Votes" votes="17">
                <Precinct name="Rochelle North #1" votes="1" />
                <Precinct name="Abbeville North #2" votes="3" />
                <Precinct name="Pineview #2" votes="11" />
                <Precinct name="Pitts #3" votes="0" />
                <Precinct name="Rochelle South #4" votes="1" />
                <Precinct name="Abbeville South #5" votes="1" />
            </VoteType>
            <VoteType name="Provisional Votes" votes="0">
                <Precinct name="Rochelle North #1" votes="0" />
                <Precinct name="Abbeville North #2" votes="0" />
                <Precinct name="Pineview #2" votes="0" />
                <Precinct name="Pitts #3" votes="0" />
                <Precinct name="Rochelle South #4" votes="0" />
                <Precinct name="Abbeville South #5" votes="0" />
            </VoteType>
        </Choice>
        <Choice key="61" text="Bee Nguyen" party="DEM" totalVotes="59">
            <VoteType name="Absentee by Mail Votes" votes="3">
                <Precinct name="Rochelle North #1" votes="0" />
                <Precinct name="Abbeville North #2" votes="2" />
                <Precinct name="Pineview #2" votes="1" />
                <Precinct name="Pitts #3" votes="0" />
                <Precinct name="Rochelle South #4" votes="0" />
                <Precinct name="Abbeville South #5" votes="0" />
            </VoteType>
            <VoteType name="Advance Voting Votes" votes="23">
                <Precinct name="Rochelle North #1" votes="1" />
                <Precinct name="Abbeville North #2" votes="2" />
                <Precinct name="Pineview #2" votes="0" />
                <Precinct name="Pitts #3" votes="0" />
                <Precinct name="Rochelle South #4" votes="1" />
                <Precinct name="Abbeville South #5" votes="19" />
            </VoteType>
            <VoteType name="Election Day Votes" votes="33">
                <Precinct name="Rochelle North #1" votes="4" />
                <Precinct name="Abbeville North #2" votes="4" />
                <Precinct name="Pineview #2" votes="18" />
                <Precinct name="Pitts #3" votes="2" />
                <Precinct name="Rochelle South #4" votes="1" />
                <Precinct name="Abbeville South #5" votes="4" />
            </VoteType>
            <VoteType name="Provisional Votes" votes="0">
                <Precinct name="Rochelle North #1" votes="0" />
                <Precinct name="Abbeville North #2" votes="0" />
                <Precinct name="Pineview #2" votes="0" />
                <Precinct name="Pitts #3" votes="0" />
                <Precinct name="Rochelle South #4" votes="0" />
                <Precinct name="Abbeville South #5" votes="0" />
            </VoteType>
        </Choice>
    </Contest>
    <Contest key="14" text="Commissioner of Insurance - Dem" voteFor="1" isQuestion="false" precinctsReporting="6" precinctsReported="6">
        <VoteType name="Undervotes" votes="4">
            <Precinct name="Rochelle North #1" votes="0" />
            <Precinct name="Abbeville North #2" votes="1" />
            <Precinct name="Pineview #2" votes="0" />
            <Precinct name="Pitts #3" votes="0" />
            <Precinct name="Rochelle South #4" votes="0" />
            <Precinct name="Abbeville South #5" votes="3" />
        </VoteType>
        <VoteType name="Overvotes" votes="0">
            <Precinct name="Rochelle North #1" votes="0" />
            <Precinct name="Abbeville North #2" votes="0" />
            <Precinct name="Pineview #2" votes="0" />
            <Precinct name="Pitts #3" votes="0" />
            <Precinct name="Rochelle South #4" votes="0" />
            <Precinct name="Abbeville South #5" votes="0" />
        </VoteType>
        <Choice key="74" text="Raphael Baker" party="DEM" totalVotes="26">
            <VoteType name="Absentee by Mail Votes" votes="1">
                <Precinct name="Rochelle North #1" votes="0" />
                <Precinct name="Abbeville North #2" votes="1" />
                <Precinct name="Pineview #2" votes="0" />
                <Precinct name="Pitts #3" votes="0" />
                <Precinct name="Rochelle South #4" votes="0" />
                <Precinct name="Abbeville South #5" votes="0" />
            </VoteType>
            <VoteType name="Advance Voting Votes" votes="7">
                <Precinct name="Rochelle North #1" votes="0" />
                <Precinct name="Abbeville North #2" votes="1" />
                <Precinct name="Pineview #2" votes="0" />
                <Precinct name="Pitts #3" votes="0" />
                <Precinct name="Rochelle South #4" votes="1" />
                <Precinct name="Abbeville South #5" votes="5" />
            </VoteType>
            <VoteType name="Election Day Votes" votes="18">
                <Precinct name="Rochelle North #1" votes="2" />
                <Precinct name="Abbeville North #2" votes="4" />
                <Precinct name="Pineview #2" votes="10" />
                <Precinct name="Pitts #3" votes="0" />
                <Precinct name="Rochelle South #4" votes="1" />
                <Precinct name="Abbeville South #5" votes="1" />
            </VoteType>
            <VoteType name="Provisional Votes" votes="0">
                <Precinct name="Rochelle North #1" votes="0" />
                <Precinct name="Abbeville North #2" votes="0" />
                <Precinct name="Pineview #2" votes="0" />
                <Precinct name="Pitts #3" votes="0" />
                <Precinct name="Rochelle South #4" votes="0" />
                <Precinct name="Abbeville South #5" votes="0" />
            </VoteType>
        </Choice>
        <Choice key="75" text="Janice Laws Robinson" party="DEM" totalVotes="49">
            <VoteType name="Absentee by Mail Votes" votes="2">
                <Precinct name="Rochelle North #1" votes="0" />
                <Precinct name="Abbeville North #2" votes="1" />
                <Precinct name="Pineview #2" votes="1" />
                <Precinct name="Pitts #3" votes="0" />
                <Precinct name="Rochelle South #4" votes="0" />
                <Precinct name="Abbeville South #5" votes="0" />
            </VoteType>
            <VoteType name="Advance Voting Votes" votes="16">
                <Precinct name="Rochelle North #1" votes="1" />
                <Precinct name="Abbeville North #2" votes="1" />
                <Precinct name="Pineview #2" votes="0" />
                <Precinct name="Pitts #3" votes="0" />
                <Precinct name="Rochelle South #4" votes="0" />
                <Precinct name="Abbeville South #5" votes="14" />
            </VoteType>
            <VoteType name="Election Day Votes" votes="31">
                <Precinct name="Rochelle North #1" votes="3" />
                <Precinct name="Abbeville North #2" votes="3" />
                <Precinct name="Pineview #2" votes="19" />
                <Precinct name="Pitts #3" votes="2" />
                <Precinct name="Rochelle South #4" votes="1" />
                <Precinct name="Abbeville South #5" votes="3" />
            </VoteType>
            <VoteType name="Provisional Votes" votes="0">
                <Precinct name="Rochelle North #1" votes="0" />
                <Precinct name="Abbeville North #2" votes="0" />
                <Precinct name="Pineview #2" votes="0" />
                <Precinct name="Pitts #3" votes="0" />
                <Precinct name="Rochelle South #4" votes="0" />
                <Precinct name="Abbeville South #5" votes="0" />
            </VoteType>
        </Choice>
    </Contest>
    <Contest key="18" text="Commissioner of Labor - Dem" voteFor="1" isQuestion="false" precinctsReporting="6" precinctsReported="6">
        <VoteType name="Undervotes" votes="4">
            <Precinct name="Rochelle North #1" votes="0" />
            <Precinct name="Abbeville North #2" votes="1" />
            <Precinct name="Pineview #2" votes="0" />
            <Precinct name="Pitts #3" votes="0" />
            <Precinct name="Rochelle South #4" votes="0" />
            <Precinct name="Abbeville South #5" votes="3" />
        </VoteType>
        <VoteType name="Overvotes" votes="0">
            <Precinct name="Rochelle North #1" votes="0" />
            <Precinct name="Abbeville North #2" votes="0" />
            <Precinct name="Pineview #2" votes="0" />
            <Precinct name="Pitts #3" votes="0" />
            <Precinct name="Rochelle South #4" votes="0" />
            <Precinct name="Abbeville South #5" votes="0" />
        </VoteType>
        <Choice key="86" text="William &quot;&quot;Will&quot;&quot; Boddie, Jr." party="DEM" totalVotes="43">
            <VoteType name="Absentee by Mail Votes" votes="3">
                <Precinct name="Rochelle North #1" votes="0" />
                <Precinct name="Abbeville North #2" votes="2" />
                <Precinct name="Pineview #2" votes="1" />
                <Precinct name="Pitts #3" votes="0" />
                <Precinct name="Rochelle South #4" votes="0" />
                <Precinct name="Abbeville South #5" votes="0" />
            </VoteType>
            <VoteType name="Advance Voting Votes" votes="14">
                <Precinct name="Rochelle North #1" votes="1" />
                <Precinct name="Abbeville North #2" votes="1" />
                <Precinct name="Pineview #2" votes="0" />
                <Precinct name="Pitts #3" votes="0" />
                <Precinct name="Rochelle South #4" votes="1" />
                <Precinct name="Abbeville South #5" votes="11" />
            </VoteType>
            <VoteType name="Election Day Votes" votes="26">
                <Precinct name="Rochelle North #1" votes="4" />
                <Precinct name="Abbeville North #2" votes="4" />
                <Precinct name="Pineview #2" votes="12" />
                <Precinct name="Pitts #3" votes="2" />
                <Precinct name="Rochelle South #4" votes="2" />
                <Precinct name="Abbeville South #5" votes="2" />
            </VoteType>
            <VoteType name="Provisional Votes" votes="0">
                <Precinct name="Rochelle North #1" votes="0" />
                <Precinct name="Abbeville North #2" votes="0" />
                <Precinct name="Pineview #2" votes="0" />
                <Precinct name="Pitts #3" votes="0" />
                <Precinct name="Rochelle South #4" votes="0" />
                <Precinct name="Abbeville South #5" votes="0" />
            </VoteType>
        </Choice>
        <Choice key="88" text="Nicole Horn" party="DEM" totalVotes="32">
            <VoteType name="Absentee by Mail Votes" votes="0">
                <Precinct name="Rochelle North #1" votes="0" />
                <Precinct name="Abbeville North #2" votes="0" />
                <Precinct name="Pineview #2" votes="0" />
                <Precinct name="Pitts #3" votes="0" />
                <Precinct name="Rochelle South #4" votes="0" />
                <Precinct name="Abbeville South #5" votes="0" />
            </VoteType>
            <VoteType name="Advance Voting Votes" votes="9">
                <Precinct name="Rochelle North #1" votes="0" />
                <Precinct name="Abbeville North #2" votes="1" />
                <Precinct name="Pineview #2" votes="0" />
                <Precinct name="Pitts #3" votes="0" />
                <Precinct name="Rochelle South #4" votes="0" />
                <Precinct name="Abbeville South #5" votes="8" />
            </VoteType>
            <VoteType name="Election Day Votes" votes="23">
                <Precinct name="Rochelle North #1" votes="1" />
                <Precinct name="Abbeville North #2" votes="3" />
                <Precinct name="Pineview #2" votes="17" />
                <Precinct name="Pitts #3" votes="0" />
                <Precinct name="Rochelle South #4" votes="0" />
                <Precinct name="Abbeville South #5" votes="2" />
            </VoteType>
            <VoteType name="Provisional Votes" votes="0">
                <Precinct name="Rochelle North #1" votes="0" />
                <Precinct name="Abbeville North #2" votes="0" />
                <Precinct name="Pineview #2" votes="0" />
                <Precinct name="Pitts #3" votes="0" />
                <Precinct name="Rochelle South #4" votes="0" />
                <Precinct name="Abbeville South #5" votes="0" />
            </VoteType>
        </Choice>
    </Contest>
</ElectionResult>