<?xml version="1.0"?>
<!--Election result snapshot imported from Tabulation System
-->
<ElectionResult>
    <Timestamp>6/24/2022 9:07:49 AM EDT</Timestamp>
    <ElectionName>June 21, 2022 - General Primary -Nonpartisan General Election Runoff</ElectionName>
    <ElectionDate>6/21/2022</ElectionDate>
    <Region>Seminole</Region>
    <VoterTurnout totalVoters="0" ballotsCast="176" voterTurnout="0.00">
        <Precincts>
            <Precinct name="Precinct 1" totalVoters="0" ballotsCast="35" voterTurnout="0.00" percentReporting="4" />
            <Precinct name="Precinct 2" totalVoters="0" ballotsCast="42" voterTurnout="0.00" percentReporting="4" />
            <Precinct name="Precinct 3" totalVoters="0" ballotsCast="80" voterTurnout="0.00" percentReporting="4" />
            <Precinct name="Precinct 4" totalVoters="0" ballotsCast="9" voterTurnout="0.00" percentReporting="4" />
            <Precinct name="Precinct 5" totalVoters="0" ballotsCast="10" voterTurnout="0.00" percentReporting="4" />
        </Precincts>
    </VoterTurnout>
    <Contest key="6" text="Lieutenant Governor - Dem" voteFor="1" isQuestion="false" precinctsReporting="5" precinctsReported="5">
        <VoteType name="Undervotes" votes="2">
            <Precinct name="Precinct 1" votes="0" />
            <Precinct name="Precinct 2" votes="1" />
            <Precinct name="Precinct 3" votes="0" />
            <Precinct name="Precinct 4" votes="0" />
            <Precinct name="Precinct 5" votes="1" />
        </VoteType>
        <VoteType name="Overvotes" votes="0">
            <Precinct name="Precinct 1" votes="0" />
            <Precinct name="Precinct 2" votes="0" />
            <Precinct name="Precinct 3" votes="0" />
            <Precinct name="Precinct 4" votes="0" />
            <Precinct name="Precinct 5" votes="0" />
        </VoteType>
        <Choice key="20" text="Charlie Bailey" party="DEM" totalVotes="138">
            <VoteType name="Absentee by Mail Votes" votes="3">
                <Precinct name="Precinct 1" votes="1" />
                <Precinct name="Precinct 2" votes="0" />
                <Precinct name="Precinct 3" votes="1" />
                <Precinct name="Precinct 4" votes="0" />
                <Precinct name="Precinct 5" votes="1" />
            </VoteType>
            <VoteType name="Advance Voting Votes" votes="33">
                <Precinct name="Precinct 1" votes="7" />
                <Precinct name="Precinct 2" votes="9" />
                <Precinct name="Precinct 3" votes="15" />
                <Precinct name="Precinct 4" votes="0" />
                <Precinct name="Precinct 5" votes="2" />
            </VoteType>
            <VoteType name="Election Day Votes" votes="102">
                <Precinct name="Precinct 1" votes="20" />
                <Precinct name="Precinct 2" votes="26" />
                <Precinct name="Precinct 3" votes="47" />
                <Precinct name="Precinct 4" votes="5" />
                <Precinct name="Precinct 5" votes="4" />
            </VoteType>
            <VoteType name="Provisional Votes" votes="0">
                <Precinct name="Precinct 1" votes="0" />
                <Precinct name="Precinct 2" votes="0" />
                <Precinct name="Precinct 3" votes="0" />
                <Precinct name="Precinct 4" votes="0" />
                <Precinct name="Precinct 5" votes="0" />
            </VoteType>
        </Choice>
        <Choice key="23" text="Kwanza Hall" party="DEM" totalVotes="36">
            <VoteType name="Absentee by Mail Votes" votes="1">
                <Precinct name="Precinct 1" votes="0" />
                <Precinct name="Precinct 2" votes="0" />
                <Precinct name="Precinct 3" votes="1" />
                <Precinct name="Precinct 4" votes="0" />
                <Precinct name="Precinct 5" votes="0" />
            </VoteType>
            <VoteType name="Advance Voting Votes" votes="11">
                <Precinct name="Precinct 1" votes="3" />
                <Precinct name="Precinct 2" votes="2" />
                <Precinct name="Precinct 3" votes="5" />
                <Precinct name="Precinct 4" votes="1" />
                <Precinct name="Precinct 5" votes="0" />
            </VoteType>
            <VoteType name="Election Day Votes" votes="24">
                <Precinct name="Precinct 1" votes="4" />
                <Precinct name="Precinct 2" votes="4" />
                <Precinct name="Precinct 3" votes="11" />
                <Precinct name="Precinct 4" votes="3" />
                <Precinct name="Precinct 5" votes="2" />
            </VoteType>
            <VoteType name="Provisional Votes" votes="0">
                <Precinct name="Precinct 1" votes="0" />
                <Precinct name="Precinct 2" votes="0" />
                <Precinct name="Precinct 3" votes="0" />
                <Precinct name="Precinct 4" votes="0" />
                <Precinct name="Precinct 5" votes="0" />
            </VoteType>
        </Choice>
    </Contest>
    <Contest key="8" text="Secretary of State - Dem" voteFor="1" isQuestion="false" precinctsReporting="5" precinctsReported="5">
        <VoteType name="Undervotes" votes="3">
            <Precinct name="Precinct 1" votes="0" />
            <Precinct name="Precinct 2" votes="1" />
            <Precinct name="Precinct 3" votes="1" />
            <Precinct name="Precinct 4" votes="0" />
            <Precinct name="Precinct 5" votes="1" />
        </VoteType>
        <VoteType name="Overvotes" votes="0">
            <Precinct name="Precinct 1" votes="0" />
            <Precinct name="Precinct 2" votes="0" />
            <Precinct name="Precinct 3" votes="0" />
            <Precinct name="Precinct 4" votes="0" />
            <Precinct name="Precinct 5" votes="0" />
        </VoteType>
        <Choice key="32" text="Dee Dawkins-Haigler" party="DEM" totalVotes="55">
            <VoteType name="Absentee by Mail Votes" votes="1">
                <Precinct name="Precinct 1" votes="0" />
                <Precinct name="Precinct 2" votes="0" />
                <Precinct name="Precinct 3" votes="0" />
                <Precinct name="Precinct 4" votes="0" />
                <Precinct name="Precinct 5" votes="1" />
            </VoteType>
            <VoteType name="Advance Voting Votes" votes="15">
                <Precinct name="Precinct 1" votes="5" />
                <Precinct name="Precinct 2" votes="5" />
                <Precinct name="Precinct 3" votes="5" />
                <Precinct name="Precinct 4" votes="0" />
                <Precinct name="Precinct 5" votes="0" />
            </VoteType>
            <VoteType name="Election Day Votes" votes="39">
                <Precinct name="Precinct 1" votes="7" />
                <Precinct name="Precinct 2" votes="7" />
                <Precinct name="Precinct 3" votes="20" />
                <Precinct name="Precinct 4" votes="2" />
                <Precinct name="Precinct 5" votes="3" />
            </VoteType>
            <VoteType name="Provisional Votes" votes="0">
                <Precinct name="Precinct 1" votes="0" />
                <Precinct name="Precinct 2" votes="0" />
                <Precinct name="Precinct 3" votes="0" />
                <Precinct name="Precinct 4" votes="0" />
                <Precinct name="Precinct 5" votes="0" />
            </VoteType>
        </Choice>
        <Choice key="35" text="Bee Nguyen" party="DEM" totalVotes="118">
            <VoteType name="Absentee by Mail Votes" votes="3">
                <Precinct name="Precinct 1" votes="1" />
                <Precinct name="Precinct 2" votes="0" />
                <Precinct name="Precinct 3" votes="2" />
                <Precinct name="Precinct 4" votes="0" />
                <Precinct name="Precinct 5" votes="0" />
            </VoteType>
            <VoteType name="Advance Voting Votes" votes="29">
                <Precinct name="Precinct 1" votes="5" />
                <Precinct name="Precinct 2" votes="6" />
                <Precinct name="Precinct 3" votes="15" />
                <Precinct name="Precinct 4" votes="1" />
                <Precinct name="Precinct 5" votes="2" />
            </VoteType>
            <VoteType name="Election Day Votes" votes="86">
                <Precinct name="Precinct 1" votes="17" />
                <Precinct name="Precinct 2" votes="23" />
                <Precinct name="Precinct 3" votes="37" />
                <Precinct name="Precinct 4" votes="6" />
                <Precinct name="Precinct 5" votes="3" />
            </VoteType>
            <VoteType name="Provisional Votes" votes="0">
                <Precinct name="Precinct 1" votes="0" />
                <Precinct name="Precinct 2" votes="0" />
                <Precinct name="Precinct 3" votes="0" />
                <Precinct name="Precinct 4" votes="0" />
                <Precinct name="Precinct 5" votes="0" />
            </VoteType>
        </Choice>
    </Contest>
    <Contest key="14" text="Commissioner of Insurance - Dem" voteFor="1" isQuestion="false" precinctsReporting="5" precinctsReported="5">
        <VoteType name="Undervotes" votes="12">
            <Precinct name="Precinct 1" votes="2" />
            <Precinct name="Precinct 2" votes="6" />
            <Precinct name="Precinct 3" votes="3" />
            <Precinct name="Precinct 4" votes="0" />
            <Precinct name="Precinct 5" votes="1" />
        </VoteType>
        <VoteType name="Overvotes" votes="0">
            <Precinct name="Precinct 1" votes="0" />
            <Precinct name="Precinct 2" votes="0" />
            <Precinct name="Precinct 3" votes="0" />
            <Precinct name="Precinct 4" votes="0" />
            <Precinct name="Precinct 5" votes="0" />
        </VoteType>
        <Choice key="48" text="Raphael Baker" party="DEM" totalVotes="79">
            <VoteType name="Absentee by Mail Votes" votes="2">
                <Precinct name="Precinct 1" votes="0" />
                <Precinct name="Precinct 2" votes="0" />
                <Precinct name="Precinct 3" votes="1" />
                <Precinct name="Precinct 4" votes="0" />
                <Precinct name="Precinct 5" votes="1" />
            </VoteType>
            <VoteType name="Advance Voting Votes" votes="27">
                <Precinct name="Precinct 1" votes="7" />
                <Precinct name="Precinct 2" votes="7" />
                <Precinct name="Precinct 3" votes="10" />
                <Precinct name="Precinct 4" votes="1" />
                <Precinct name="Precinct 5" votes="2" />
            </VoteType>
            <VoteType name="Election Day Votes" votes="50">
                <Precinct name="Precinct 1" votes="8" />
                <Precinct name="Precinct 2" votes="12" />
                <Precinct name="Precinct 3" votes="24" />
                <Precinct name="Precinct 4" votes="5" />
                <Precinct name="Precinct 5" votes="1" />
            </VoteType>
            <VoteType name="Provisional Votes" votes="0">
                <Precinct name="Precinct 1" votes="0" />
                <Precinct name="Precinct 2" votes="0" />
                <Precinct name="Precinct 3" votes="0" />
                <Precinct name="Precinct 4" votes="0" />
                <Precinct name="Precinct 5" votes="0" />
            </VoteType>
        </Choice>
        <Choice key="49" text="Janice Laws Robinson" party="DEM" totalVotes="85">
            <VoteType name="Absentee by Mail Votes" votes="1">
                <Precinct name="Precinct 1" votes="0" />
                <Precinct name="Precinct 2" votes="0" />
                <Precinct name="Precinct 3" votes="1" />
                <Precinct name="Precinct 4" votes="0" />
                <Precinct name="Precinct 5" votes="0" />
            </VoteType>
            <VoteType name="Advance Voting Votes" votes="16">
                <Precinct name="Precinct 1" votes="3" />
                <Precinct name="Precinct 2" votes="3" />
                <Precinct name="Precinct 3" votes="10" />
                <Precinct name="Precinct 4" votes="0" />
                <Precinct name="Precinct 5" votes="0" />
            </VoteType>
            <VoteType name="Election Day Votes" votes="68">
                <Precinct name="Precinct 1" votes="15" />
                <Precinct name="Precinct 2" votes="14" />
                <Precinct name="Precinct 3" votes="31" />
                <Precinct name="Precinct 4" votes="3" />
                <Precinct name="Precinct 5" votes="5" />
            </VoteType>
            <VoteType name="Provisional Votes" votes="0">
                <Precinct name="Precinct 1" votes="0" />
                <Precinct name="Precinct 2" votes="0" />
                <Precinct name="Precinct 3" votes="0" />
                <Precinct name="Precinct 4" votes="0" />
                <Precinct name="Precinct 5" votes="0" />
            </VoteType>
        </Choice>
    </Contest>
    <Contest key="18" text="Commissioner of Labor - Dem" voteFor="1" isQuestion="false" precinctsReporting="5" precinctsReported="5">
        <VoteType name="Undervotes" votes="5">
            <Precinct name="Precinct 1" votes="0" />
            <Precinct name="Precinct 2" votes="1" />
            <Precinct name="Precinct 3" votes="3" />
            <Precinct name="Precinct 4" votes="0" />
            <Precinct name="Precinct 5" votes="1" />
        </VoteType>
        <VoteType name="Overvotes" votes="0">
            <Precinct name="Precinct 1" votes="0" />
            <Precinct name="Precinct 2" votes="0" />
            <Precinct name="Precinct 3" votes="0" />
            <Precinct name="Precinct 4" votes="0" />
            <Precinct name="Precinct 5" votes="0" />
        </VoteType>
        <Choice key="60" text="William &quot;&quot;Will&quot;&quot; Boddie, Jr." party="DEM" totalVotes="130">
            <VoteType name="Absentee by Mail Votes" votes="3">
                <Precinct name="Precinct 1" votes="1" />
                <Precinct name="Precinct 2" votes="0" />
                <Precinct name="Precinct 3" votes="1" />
                <Precinct name="Precinct 4" votes="0" />
                <Precinct name="Precinct 5" votes="1" />
            </VoteType>
            <VoteType name="Advance Voting Votes" votes="37">
                <Precinct name="Precinct 1" votes="10" />
                <Precinct name="Precinct 2" votes="8" />
                <Precinct name="Precinct 3" votes="16" />
                <Precinct name="Precinct 4" votes="1" />
                <Precinct name="Precinct 5" votes="2" />
            </VoteType>
            <VoteType name="Election Day Votes" votes="90">
                <Precinct name="Precinct 1" votes="18" />
                <Precinct name="Precinct 2" votes="22" />
                <Precinct name="Precinct 3" votes="40" />
                <Precinct name="Precinct 4" votes="7" />
                <Precinct name="Precinct 5" votes="3" />
            </VoteType>
            <VoteType name="Provisional Votes" votes="0">
                <Precinct name="Precinct 1" votes="0" />
                <Precinct name="Precinct 2" votes="0" />
                <Precinct name="Precinct 3" votes="0" />
                <Precinct name="Precinct 4" votes="0" />
                <Precinct name="Precinct 5" votes="0" />
            </VoteType>
        </Choice>
        <Choice key="62" text="Nicole Horn" party="DEM" totalVotes="41">
            <VoteType name="Absentee by Mail Votes" votes="1">
                <Precinct name="Precinct 1" votes="0" />
                <Precinct name="Precinct 2" votes="0" />
                <Precinct name="Precinct 3" votes="1" />
                <Precinct name="Precinct 4" votes="0" />
                <Precinct name="Precinct 5" votes="0" />
            </VoteType>
            <VoteType name="Advance Voting Votes" votes="7">
                <Precinct name="Precinct 1" votes="0" />
                <Precinct name="Precinct 2" votes="3" />
                <Precinct name="Precinct 3" votes="4" />
                <Precinct name="Precinct 4" votes="0" />
                <Precinct name="Precinct 5" votes="0" />
            </VoteType>
            <VoteType name="Election Day Votes" votes="33">
                <Precinct name="Precinct 1" votes="6" />
                <Precinct name="Precinct 2" votes="8" />
                <Precinct name="Precinct 3" votes="15" />
                <Precinct name="Precinct 4" votes="1" />
                <Precinct name="Precinct 5" votes="3" />
            </VoteType>
            <VoteType name="Provisional Votes" votes="0">
                <Precinct name="Precinct 1" votes="0" />
                <Precinct name="Precinct 2" votes="0" />
                <Precinct name="Precinct 3" votes="0" />
                <Precinct name="Precinct 4" votes="0" />
                <Precinct name="Precinct 5" votes="0" />
            </VoteType>
        </Choice>
    </Contest>
    <Contest key="23" text="US House of Representatives - District 2 - Rep" voteFor="1" isQuestion="false" precinctsReporting="5" precinctsReported="5">
        <VoteType name="Undervotes" votes="0">
            <Precinct name="Precinct 1" votes="0" />
            <Precinct name="Precinct 2" votes="0" />
            <Precinct name="Precinct 3" votes="0" />
            <Precinct name="Precinct 4" votes="0" />
            <Precinct name="Precinct 5" votes="0" />
        </VoteType>
        <VoteType name="Overvotes" votes="0">
            <Precinct name="Precinct 1" votes="0" />
            <Precinct name="Precinct 2" votes="0" />
            <Precinct name="Precinct 3" votes="0" />
            <Precinct name="Precinct 4" votes="0" />
            <Precinct name="Precinct 5" votes="0" />
        </VoteType>
        <Choice key="73" text="Jeremy Hunt" party="REP" totalVotes="289">
            <VoteType name="Absentee by Mail Votes" votes="4">
                <Precinct name="Precinct 1" votes="0" />
                <Precinct name="Precinct 2" votes="0" />
                <Precinct name="Precinct 3" votes="0" />
                <Precinct name="Precinct 4" votes="1" />
                <Precinct name="Precinct 5" votes="3" />
            </VoteType>
            <VoteType name="Advance Voting Votes" votes="30">
                <Precinct name="Precinct 1" votes="8" />
                <Precinct name="Precinct 2" votes="9" />
                <Precinct name="Precinct 3" votes="2" />
                <Precinct name="Precinct 4" votes="5" />
                <Precinct name="Precinct 5" votes="6" />
            </VoteType>
            <VoteType name="Election Day Votes" votes="255">
                <Precinct name="Precinct 1" votes="76" />
                <Precinct name="Precinct 2" votes="34" />
                <Precinct name="Precinct 3" votes="2" />
                <Precinct name="Precinct 4" votes="68" />
                <Precinct name="Precinct 5" votes="75" />
            </VoteType>
            <VoteType name="Provisional Votes" votes="0">
                <Precinct name="Precinct 1" votes="0" />
                <Precinct name="Precinct 2" votes="0" />
                <Precinct name="Precinct 3" votes="0" />
                <Precinct name="Precinct 4" votes="0" />
                <Precinct name="Precinct 5" votes="0" />
            </VoteType>
        </Choice>
        <Choice key="76" text="Chris West" party="REP" totalVotes="348">
            <VoteType name="Absentee by Mail Votes" votes="10">
                <Precinct name="Precinct 1" votes="5" />
                <Precinct name="Precinct 2" votes="3" />
                <Precinct name="Precinct 3" votes="2" />
                <Precinct name="Precinct 4" votes="0" />
                <Precinct name="Precinct 5" votes="0" />
            </VoteType>
            <VoteType name="Advance Voting Votes" votes="45">
                <Precinct name="Precinct 1" votes="8" />
                <Precinct name="Precinct 2" votes="15" />
                <Precinct name="Precinct 3" votes="1" />
                <Precinct name="Precinct 4" votes="11" />
                <Precinct name="Precinct 5" votes="10" />
            </VoteType>
            <VoteType name="Election Day Votes" votes="293">
                <Precinct name="Precinct 1" votes="69" />
                <Precinct name="Precinct 2" votes="35" />
                <Precinct name="Precinct 3" votes="9" />
                <Precinct name="Precinct 4" votes="67" />
                <Precinct name="Precinct 5" votes="113" />
            </VoteType>
            <VoteType name="Provisional Votes" votes="0">
                <Precinct name="Precinct 1" votes="0" />
                <Precinct name="Precinct 2" votes="0" />
                <Precinct name="Precinct 3" votes="0" />
                <Precinct name="Precinct 4" votes="0" />
                <Precinct name="Precinct 5" votes="0" />
            </VoteType>
        </Choice>
    </Contest>
</ElectionResult>