<?xml version="1.0"?>
<!--Election result snapshot imported from Tabulation System
-->
<ElectionResult>
    <Timestamp>6/24/2022 6:01:48 PM EDT</Timestamp>
    <ElectionName>June 21, 2022 - General Primary -Nonpartisan General Election Runoff</ElectionName>
    <ElectionDate>6/21/2022</ElectionDate>
    <Region>Fayette</Region>
    <VoterTurnout totalVoters="88416" ballotsCast="3625" voterTurnout="4.10">
        <Precincts>
            <Precinct name="Blackrock" totalVoters="2558" ballotsCast="227" voterTurnout="8.87" percentReporting="4" />
            <Precinct name="Brooks" totalVoters="2563" ballotsCast="16" voterTurnout="0.62" percentReporting="4" />
            <Precinct name="Europe" totalVoters="3132" ballotsCast="411" voterTurnout="13.12" percentReporting="4" />
            <Precinct name="Fayetteville East" totalVoters="1963" ballotsCast="95" voterTurnout="4.84" percentReporting="4" />
            <Precinct name="Fayetteville West" totalVoters="2165" ballotsCast="137" voterTurnout="6.33" percentReporting="4" />
            <Precinct name="Flint" totalVoters="1681" ballotsCast="111" voterTurnout="6.60" percentReporting="4" />
            <Precinct name="Hopeful" totalVoters="2185" ballotsCast="156" voterTurnout="7.14" percentReporting="4" />
            <Precinct name="Morning Creek" totalVoters="2890" ballotsCast="212" voterTurnout="7.34" percentReporting="4" />
            <Precinct name="Rareover" totalVoters="2923" ballotsCast="86" voterTurnout="2.94" percentReporting="4" />
            <Precinct name="Sandy Creek" totalVoters="4640" ballotsCast="294" voterTurnout="6.34" percentReporting="4" />
            <Precinct name="Shakerag East" totalVoters="1611" ballotsCast="35" voterTurnout="2.17" percentReporting="4" />
            <Precinct name="Shakerag West" totalVoters="1190" ballotsCast="27" voterTurnout="2.27" percentReporting="4" />
            <Precinct name="Starrs Mill" totalVoters="3406" ballotsCast="57" voterTurnout="1.67" percentReporting="4" />
            <Precinct name="Whitewater" totalVoters="3465" ballotsCast="69" voterTurnout="1.99" percentReporting="4" />
            <Precinct name="Woolsey" totalVoters="2420" ballotsCast="22" voterTurnout="0.91" percentReporting="4" />
            <Precinct name="McIntosh" totalVoters="3078" ballotsCast="72" voterTurnout="2.34" percentReporting="4" />
            <Precinct name="Oak Grove" totalVoters="1291" ballotsCast="37" voterTurnout="2.87" percentReporting="4" />
            <Precinct name="Kedron" totalVoters="5107" ballotsCast="131" voterTurnout="2.57" percentReporting="4" />
            <Precinct name="Aberdeen" totalVoters="1683" ballotsCast="45" voterTurnout="2.67" percentReporting="4" />
            <Precinct name="Windgate" totalVoters="961" ballotsCast="27" voterTurnout="2.81" percentReporting="4" />
            <Precinct name="Flat Creek" totalVoters="1983" ballotsCast="45" voterTurnout="2.27" percentReporting="4" />
            <Precinct name="Braelinn" totalVoters="1738" ballotsCast="23" voterTurnout="1.32" percentReporting="4" />
            <Precinct name="Kenwood" totalVoters="939" ballotsCast="98" voterTurnout="10.44" percentReporting="4" />
            <Precinct name="Banks" totalVoters="1544" ballotsCast="83" voterTurnout="5.38" percentReporting="4" />
            <Precinct name="Harps Crossing" totalVoters="1605" ballotsCast="60" voterTurnout="3.74" percentReporting="4" />
            <Precinct name="Willow Pond" totalVoters="3034" ballotsCast="120" voterTurnout="3.96" percentReporting="4" />
            <Precinct name="Dogwood" totalVoters="3200" ballotsCast="103" voterTurnout="3.22" percentReporting="4" />
            <Precinct name="Oak Ridge" totalVoters="2095" ballotsCast="179" voterTurnout="8.54" percentReporting="4" />
            <Precinct name="Jeff Davis" totalVoters="2699" ballotsCast="142" voterTurnout="5.26" percentReporting="4" />
            <Precinct name="Murphy" totalVoters="3073" ballotsCast="127" voterTurnout="4.13" percentReporting="4" />
            <Precinct name="Fielding Ridge" totalVoters="3280" ballotsCast="69" voterTurnout="2.10" percentReporting="4" />
            <Precinct name="Willowbend" totalVoters="1906" ballotsCast="27" voterTurnout="1.42" percentReporting="4" />
            <Precinct name="Camp Creek" totalVoters="1821" ballotsCast="33" voterTurnout="1.81" percentReporting="4" />
            <Precinct name="Rising Star" totalVoters="3617" ballotsCast="50" voterTurnout="1.38" percentReporting="4" />
            <Precinct name="Spring Hill" totalVoters="3122" ballotsCast="170" voterTurnout="5.45" percentReporting="4" />
            <Precinct name="Antioch" totalVoters="1848" ballotsCast="29" voterTurnout="1.57" percentReporting="4" />
        </Precincts>
    </VoterTurnout>
    <Contest key="8" text="DEM - Lieutenant Governor" voteFor="1" isQuestion="false" precinctsReporting="36" precinctsReported="36">
        <VoteType name="Undervotes" votes="18">
            <Precinct name="Blackrock" votes="1" />
            <Precinct name="Brooks" votes="0" />
            <Precinct name="Europe" votes="2" />
            <Precinct name="Fayetteville East" votes="0" />
            <Precinct name="Fayetteville West" votes="0" />
            <Precinct name="Flint" votes="0" />
            <Precinct name="Hopeful" votes="0" />
            <Precinct name="Morning Creek" votes="0" />
            <Precinct name="Rareover" votes="2" />
            <Precinct name="Sandy Creek" votes="1" />
            <Precinct name="Shakerag East" votes="0" />
            <Precinct name="Shakerag West" votes="1" />
            <Precinct name="Starrs Mill" votes="0" />
            <Precinct name="Whitewater" votes="0" />
            <Precinct name="Woolsey" votes="0" />
            <Precinct name="McIntosh" votes="0" />
            <Precinct name="Oak Grove" votes="1" />
            <Precinct name="Kedron" votes="1" />
            <Precinct name="Aberdeen" votes="2" />
            <Precinct name="Windgate" votes="0" />
            <Precinct name="Flat Creek" votes="0" />
            <Precinct name="Braelinn" votes="0" />
            <Precinct name="Kenwood" votes="0" />
            <Precinct name="Banks" votes="0" />
            <Precinct name="Harps Crossing" votes="0" />
            <Precinct name="Willow Pond" votes="0" />
            <Precinct name="Dogwood" votes="0" />
            <Precinct name="Oak Ridge" votes="3" />
            <Precinct name="Jeff Davis" votes="0" />
            <Precinct name="Murphy" votes="0" />
            <Precinct name="Fielding Ridge" votes="0" />
            <Precinct name="Willowbend" votes="1" />
            <Precinct name="Camp Creek" votes="2" />
            <Precinct name="Rising Star" votes="1" />
            <Precinct name="Spring Hill" votes="0" />
            <Precinct name="Antioch" votes="0" />
        </VoteType>
        <VoteType name="Overvotes" votes="0">
            <Precinct name="Blackrock" votes="0" />
            <Precinct name="Brooks" votes="0" />
            <Precinct name="Europe" votes="0" />
            <Precinct name="Fayetteville East" votes="0" />
            <Precinct name="Fayetteville West" votes="0" />
            <Precinct name="Flint" votes="0" />
            <Precinct name="Hopeful" votes="0" />
            <Precinct name="Morning Creek" votes="0" />
            <Precinct name="Rareover" votes="0" />
            <Precinct name="Sandy Creek" votes="0" />
            <Precinct name="Shakerag East" votes="0" />
            <Precinct name="Shakerag West" votes="0" />
            <Precinct name="Starrs Mill" votes="0" />
            <Precinct name="Whitewater" votes="0" />
            <Precinct name="Woolsey" votes="0" />
            <Precinct name="McIntosh" votes="0" />
            <Precinct name="Oak Grove" votes="0" />
            <Precinct name="Kedron" votes="0" />
            <Precinct name="Aberdeen" votes="0" />
            <Precinct name="Windgate" votes="0" />
            <Precinct name="Flat Creek" votes="0" />
            <Precinct name="Braelinn" votes="0" />
            <Precinct name="Kenwood" votes="0" />
            <Precinct name="Banks" votes="0" />
            <Precinct name="Harps Crossing" votes="0" />
            <Precinct name="Willow Pond" votes="0" />
            <Precinct name="Dogwood" votes="0" />
            <Precinct name="Oak Ridge" votes="0" />
            <Precinct name="Jeff Davis" votes="0" />
            <Precinct name="Murphy" votes="0" />
            <Precinct name="Fielding Ridge" votes="0" />
            <Precinct name="Willowbend" votes="0" />
            <Precinct name="Camp Creek" votes="0" />
            <Precinct name="Rising Star" votes="0" />
            <Precinct name="Spring Hill" votes="0" />
            <Precinct name="Antioch" votes="0" />
        </VoteType>
        <Choice key="67" text="Charlie Bailey" party="DEM" totalVotes="2371">
            <VoteType name="Absentee by Mail Votes" votes="180">
                <Precinct name="Blackrock" votes="13" />
                <Precinct name="Brooks" votes="2" />
                <Precinct name="Europe" votes="14" />
                <Precinct name="Fayetteville East" votes="4" />
                <Precinct name="Fayetteville West" votes="8" />
                <Precinct name="Flint" votes="2" />
                <Precinct name="Hopeful" votes="4" />
                <Precinct name="Morning Creek" votes="13" />
                <Precinct name="Rareover" votes="1" />
                <Precinct name="Sandy Creek" votes="8" />
                <Precinct name="Shakerag East" votes="8" />
                <Precinct name="Shakerag West" votes="0" />
                <Precinct name="Starrs Mill" votes="0" />
                <Precinct name="Whitewater" votes="4" />
                <Precinct name="Woolsey" votes="0" />
                <Precinct name="McIntosh" votes="3" />
                <Precinct name="Oak Grove" votes="0" />
                <Precinct name="Kedron" votes="9" />
                <Precinct name="Aberdeen" votes="5" />
                <Precinct name="Windgate" votes="2" />
                <Precinct name="Flat Creek" votes="5" />
                <Precinct name="Braelinn" votes="3" />
                <Precinct name="Kenwood" votes="7" />
                <Precinct name="Banks" votes="4" />
                <Precinct name="Harps Crossing" votes="6" />
                <Precinct name="Willow Pond" votes="12" />
                <Precinct name="Dogwood" votes="2" />
                <Precinct name="Oak Ridge" votes="14" />
                <Precinct name="Jeff Davis" votes="4" />
                <Precinct name="Murphy" votes="9" />
                <Precinct name="Fielding Ridge" votes="2" />
                <Precinct name="Willowbend" votes="0" />
                <Precinct name="Camp Creek" votes="0" />
                <Precinct name="Rising Star" votes="3" />
                <Precinct name="Spring Hill" votes="9" />
                <Precinct name="Antioch" votes="0" />
            </VoteType>
            <VoteType name="Advance Voting Votes" votes="766">
                <Precinct name="Blackrock" votes="51" />
                <Precinct name="Brooks" votes="4" />
                <Precinct name="Europe" votes="79" />
                <Precinct name="Fayetteville East" votes="20" />
                <Precinct name="Fayetteville West" votes="38" />
                <Precinct name="Flint" votes="19" />
                <Precinct name="Hopeful" votes="29" />
                <Precinct name="Morning Creek" votes="33" />
                <Precinct name="Rareover" votes="24" />
                <Precinct name="Sandy Creek" votes="63" />
                <Precinct name="Shakerag East" votes="5" />
                <Precinct name="Shakerag West" votes="8" />
                <Precinct name="Starrs Mill" votes="15" />
                <Precinct name="Whitewater" votes="22" />
                <Precinct name="Woolsey" votes="4" />
                <Precinct name="McIntosh" votes="24" />
                <Precinct name="Oak Grove" votes="19" />
                <Precinct name="Kedron" votes="23" />
                <Precinct name="Aberdeen" votes="8" />
                <Precinct name="Windgate" votes="5" />
                <Precinct name="Flat Creek" votes="6" />
                <Precinct name="Braelinn" votes="3" />
                <Precinct name="Kenwood" votes="22" />
                <Precinct name="Banks" votes="19" />
                <Precinct name="Harps Crossing" votes="12" />
                <Precinct name="Willow Pond" votes="15" />
                <Precinct name="Dogwood" votes="23" />
                <Precinct name="Oak Ridge" votes="29" />
                <Precinct name="Jeff Davis" votes="24" />
                <Precinct name="Murphy" votes="35" />
                <Precinct name="Fielding Ridge" votes="16" />
                <Precinct name="Willowbend" votes="7" />
                <Precinct name="Camp Creek" votes="7" />
                <Precinct name="Rising Star" votes="12" />
                <Precinct name="Spring Hill" votes="39" />
                <Precinct name="Antioch" votes="4" />
            </VoteType>
            <VoteType name="Election Day Votes" votes="1421">
                <Precinct name="Blackrock" votes="94" />
                <Precinct name="Brooks" votes="8" />
                <Precinct name="Europe" votes="163" />
                <Precinct name="Fayetteville East" votes="30" />
                <Precinct name="Fayetteville West" votes="46" />
                <Precinct name="Flint" votes="51" />
                <Precinct name="Hopeful" votes="71" />
                <Precinct name="Morning Creek" votes="88" />
                <Precinct name="Rareover" votes="41" />
                <Precinct name="Sandy Creek" votes="97" />
                <Precinct name="Shakerag East" votes="16" />
                <Precinct name="Shakerag West" votes="12" />
                <Precinct name="Starrs Mill" votes="31" />
                <Precinct name="Whitewater" votes="20" />
                <Precinct name="Woolsey" votes="5" />
                <Precinct name="McIntosh" votes="28" />
                <Precinct name="Oak Grove" votes="13" />
                <Precinct name="Kedron" votes="54" />
                <Precinct name="Aberdeen" votes="18" />
                <Precinct name="Windgate" votes="14" />
                <Precinct name="Flat Creek" votes="21" />
                <Precinct name="Braelinn" votes="12" />
                <Precinct name="Kenwood" votes="38" />
                <Precinct name="Banks" votes="31" />
                <Precinct name="Harps Crossing" votes="21" />
                <Precinct name="Willow Pond" votes="58" />
                <Precinct name="Dogwood" votes="31" />
                <Precinct name="Oak Ridge" votes="61" />
                <Precinct name="Jeff Davis" votes="64" />
                <Precinct name="Murphy" votes="41" />
                <Precinct name="Fielding Ridge" votes="29" />
                <Precinct name="Willowbend" votes="11" />
                <Precinct name="Camp Creek" votes="16" />
                <Precinct name="Rising Star" votes="19" />
                <Precinct name="Spring Hill" votes="51" />
                <Precinct name="Antioch" votes="17" />
            </VoteType>
            <VoteType name="Provisional Votes" votes="4">
                <Precinct name="Blackrock" votes="0" />
                <Precinct name="Brooks" votes="0" />
                <Precinct name="Europe" votes="1" />
                <Precinct name="Fayetteville East" votes="0" />
                <Precinct name="Fayetteville West" votes="0" />
                <Precinct name="Flint" votes="0" />
                <Precinct name="Hopeful" votes="0" />
                <Precinct name="Morning Creek" votes="0" />
                <Precinct name="Rareover" votes="0" />
                <Precinct name="Sandy Creek" votes="0" />
                <Precinct name="Shakerag East" votes="0" />
                <Precinct name="Shakerag West" votes="0" />
                <Precinct name="Starrs Mill" votes="0" />
                <Precinct name="Whitewater" votes="0" />
                <Precinct name="Woolsey" votes="0" />
                <Precinct name="McIntosh" votes="0" />
                <Precinct name="Oak Grove" votes="0" />
                <Precinct name="Kedron" votes="0" />
                <Precinct name="Aberdeen" votes="1" />
                <Precinct name="Windgate" votes="0" />
                <Precinct name="Flat Creek" votes="0" />
                <Precinct name="Braelinn" votes="0" />
                <Precinct name="Kenwood" votes="1" />
                <Precinct name="Banks" votes="0" />
                <Precinct name="Harps Crossing" votes="0" />
                <Precinct name="Willow Pond" votes="0" />
                <Precinct name="Dogwood" votes="0" />
                <Precinct name="Oak Ridge" votes="0" />
                <Precinct name="Jeff Davis" votes="0" />
                <Precinct name="Murphy" votes="0" />
                <Precinct name="Fielding Ridge" votes="1" />
                <Precinct name="Willowbend" votes="0" />
                <Precinct name="Camp Creek" votes="0" />
                <Precinct name="Rising Star" votes="0" />
                <Precinct name="Spring Hill" votes="0" />
                <Precinct name="Antioch" votes="0" />
            </VoteType>
        </Choice>
        <Choice key="70" text="Kwanza Hall" party="DEM" totalVotes="1236">
            <VoteType name="Absentee by Mail Votes" votes="126">
                <Precinct name="Blackrock" votes="4" />
                <Precinct name="Brooks" votes="0" />
                <Precinct name="Europe" votes="21" />
                <Precinct name="Fayetteville East" votes="9" />
                <Precinct name="Fayetteville West" votes="8" />
                <Precinct name="Flint" votes="3" />
                <Precinct name="Hopeful" votes="5" />
                <Precinct name="Morning Creek" votes="12" />
                <Precinct name="Rareover" votes="3" />
                <Precinct name="Sandy Creek" votes="8" />
                <Precinct name="Shakerag East" votes="1" />
                <Precinct name="Shakerag West" votes="0" />
                <Precinct name="Starrs Mill" votes="0" />
                <Precinct name="Whitewater" votes="1" />
                <Precinct name="Woolsey" votes="4" />
                <Precinct name="McIntosh" votes="1" />
                <Precinct name="Oak Grove" votes="0" />
                <Precinct name="Kedron" votes="3" />
                <Precinct name="Aberdeen" votes="0" />
                <Precinct name="Windgate" votes="0" />
                <Precinct name="Flat Creek" votes="1" />
                <Precinct name="Braelinn" votes="1" />
                <Precinct name="Kenwood" votes="2" />
                <Precinct name="Banks" votes="2" />
                <Precinct name="Harps Crossing" votes="3" />
                <Precinct name="Willow Pond" votes="3" />
                <Precinct name="Dogwood" votes="5" />
                <Precinct name="Oak Ridge" votes="6" />
                <Precinct name="Jeff Davis" votes="6" />
                <Precinct name="Murphy" votes="1" />
                <Precinct name="Fielding Ridge" votes="6" />
                <Precinct name="Willowbend" votes="1" />
                <Precinct name="Camp Creek" votes="2" />
                <Precinct name="Rising Star" votes="1" />
                <Precinct name="Spring Hill" votes="3" />
                <Precinct name="Antioch" votes="0" />
            </VoteType>
            <VoteType name="Advance Voting Votes" votes="437">
                <Precinct name="Blackrock" votes="23" />
                <Precinct name="Brooks" votes="1" />
                <Precinct name="Europe" votes="48" />
                <Precinct name="Fayetteville East" votes="16" />
                <Precinct name="Fayetteville West" votes="16" />
                <Precinct name="Flint" votes="15" />
                <Precinct name="Hopeful" votes="12" />
                <Precinct name="Morning Creek" votes="20" />
                <Precinct name="Rareover" votes="7" />
                <Precinct name="Sandy Creek" votes="47" />
                <Precinct name="Shakerag East" votes="3" />
                <Precinct name="Shakerag West" votes="2" />
                <Precinct name="Starrs Mill" votes="6" />
                <Precinct name="Whitewater" votes="7" />
                <Precinct name="Woolsey" votes="3" />
                <Precinct name="McIntosh" votes="9" />
                <Precinct name="Oak Grove" votes="0" />
                <Precinct name="Kedron" votes="17" />
                <Precinct name="Aberdeen" votes="5" />
                <Precinct name="Windgate" votes="1" />
                <Precinct name="Flat Creek" votes="5" />
                <Precinct name="Braelinn" votes="1" />
                <Precinct name="Kenwood" votes="8" />
                <Precinct name="Banks" votes="11" />
                <Precinct name="Harps Crossing" votes="5" />
                <Precinct name="Willow Pond" votes="13" />
                <Precinct name="Dogwood" votes="23" />
                <Precinct name="Oak Ridge" votes="19" />
                <Precinct name="Jeff Davis" votes="21" />
                <Precinct name="Murphy" votes="12" />
                <Precinct name="Fielding Ridge" votes="6" />
                <Precinct name="Willowbend" votes="3" />
                <Precinct name="Camp Creek" votes="3" />
                <Precinct name="Rising Star" votes="5" />
                <Precinct name="Spring Hill" votes="39" />
                <Precinct name="Antioch" votes="5" />
            </VoteType>
            <VoteType name="Election Day Votes" votes="668">
                <Precinct name="Blackrock" votes="40" />
                <Precinct name="Brooks" votes="1" />
                <Precinct name="Europe" votes="83" />
                <Precinct name="Fayetteville East" votes="16" />
                <Precinct name="Fayetteville West" votes="20" />
                <Precinct name="Flint" votes="21" />
                <Precinct name="Hopeful" votes="35" />
                <Precinct name="Morning Creek" votes="46" />
                <Precinct name="Rareover" votes="8" />
                <Precinct name="Sandy Creek" votes="69" />
                <Precinct name="Shakerag East" votes="2" />
                <Precinct name="Shakerag West" votes="4" />
                <Precinct name="Starrs Mill" votes="5" />
                <Precinct name="Whitewater" votes="15" />
                <Precinct name="Woolsey" votes="6" />
                <Precinct name="McIntosh" votes="7" />
                <Precinct name="Oak Grove" votes="4" />
                <Precinct name="Kedron" votes="23" />
                <Precinct name="Aberdeen" votes="6" />
                <Precinct name="Windgate" votes="5" />
                <Precinct name="Flat Creek" votes="7" />
                <Precinct name="Braelinn" votes="3" />
                <Precinct name="Kenwood" votes="20" />
                <Precinct name="Banks" votes="16" />
                <Precinct name="Harps Crossing" votes="13" />
                <Precinct name="Willow Pond" votes="19" />
                <Precinct name="Dogwood" votes="19" />
                <Precinct name="Oak Ridge" votes="47" />
                <Precinct name="Jeff Davis" votes="22" />
                <Precinct name="Murphy" votes="29" />
                <Precinct name="Fielding Ridge" votes="9" />
                <Precinct name="Willowbend" votes="4" />
                <Precinct name="Camp Creek" votes="3" />
                <Precinct name="Rising Star" votes="9" />
                <Precinct name="Spring Hill" votes="29" />
                <Precinct name="Antioch" votes="3" />
            </VoteType>
            <VoteType name="Provisional Votes" votes="5">
                <Precinct name="Blackrock" votes="1" />
                <Precinct name="Brooks" votes="0" />
                <Precinct name="Europe" votes="0" />
                <Precinct name="Fayetteville East" votes="0" />
                <Precinct name="Fayetteville West" votes="1" />
                <Precinct name="Flint" votes="0" />
                <Precinct name="Hopeful" votes="0" />
                <Precinct name="Morning Creek" votes="0" />
                <Precinct name="Rareover" votes="0" />
                <Precinct name="Sandy Creek" votes="1" />
                <Precinct name="Shakerag East" votes="0" />
                <Precinct name="Shakerag West" votes="0" />
                <Precinct name="Starrs Mill" votes="0" />
                <Precinct name="Whitewater" votes="0" />
                <Precinct name="Woolsey" votes="0" />
                <Precinct name="McIntosh" votes="0" />
                <Precinct name="Oak Grove" votes="0" />
                <Precinct name="Kedron" votes="1" />
                <Precinct name="Aberdeen" votes="0" />
                <Precinct name="Windgate" votes="0" />
                <Precinct name="Flat Creek" votes="0" />
                <Precinct name="Braelinn" votes="0" />
                <Precinct name="Kenwood" votes="0" />
                <Precinct name="Banks" votes="0" />
                <Precinct name="Harps Crossing" votes="0" />
                <Precinct name="Willow Pond" votes="0" />
                <Precinct name="Dogwood" votes="0" />
                <Precinct name="Oak Ridge" votes="0" />
                <Precinct name="Jeff Davis" votes="1" />
                <Precinct name="Murphy" votes="0" />
                <Precinct name="Fielding Ridge" votes="0" />
                <Precinct name="Willowbend" votes="0" />
                <Precinct name="Camp Creek" votes="0" />
                <Precinct name="Rising Star" votes="0" />
                <Precinct name="Spring Hill" votes="0" />
                <Precinct name="Antioch" votes="0" />
            </VoteType>
        </Choice>
    </Contest>
    <Contest key="10" text="DEM - Secretary of State" voteFor="1" isQuestion="false" precinctsReporting="36" precinctsReported="36">
        <VoteType name="Undervotes" votes="30">
            <Precinct name="Blackrock" votes="2" />
            <Precinct name="Brooks" votes="0" />
            <Precinct name="Europe" votes="3" />
            <Precinct name="Fayetteville East" votes="3" />
            <Precinct name="Fayetteville West" votes="1" />
            <Precinct name="Flint" votes="0" />
            <Precinct name="Hopeful" votes="2" />
            <Precinct name="Morning Creek" votes="1" />
            <Precinct name="Rareover" votes="1" />
            <Precinct name="Sandy Creek" votes="1" />
            <Precinct name="Shakerag East" votes="0" />
            <Precinct name="Shakerag West" votes="0" />
            <Precinct name="Starrs Mill" votes="0" />
            <Precinct name="Whitewater" votes="1" />
            <Precinct name="Woolsey" votes="0" />
            <Precinct name="McIntosh" votes="1" />
            <Precinct name="Oak Grove" votes="0" />
            <Precinct name="Kedron" votes="0" />
            <Precinct name="Aberdeen" votes="1" />
            <Precinct name="Windgate" votes="0" />
            <Precinct name="Flat Creek" votes="0" />
            <Precinct name="Braelinn" votes="0" />
            <Precinct name="Kenwood" votes="2" />
            <Precinct name="Banks" votes="1" />
            <Precinct name="Harps Crossing" votes="1" />
            <Precinct name="Willow Pond" votes="0" />
            <Precinct name="Dogwood" votes="0" />
            <Precinct name="Oak Ridge" votes="3" />
            <Precinct name="Jeff Davis" votes="0" />
            <Precinct name="Murphy" votes="2" />
            <Precinct name="Fielding Ridge" votes="0" />
            <Precinct name="Willowbend" votes="2" />
            <Precinct name="Camp Creek" votes="1" />
            <Precinct name="Rising Star" votes="0" />
            <Precinct name="Spring Hill" votes="1" />
            <Precinct name="Antioch" votes="0" />
        </VoteType>
        <VoteType name="Overvotes" votes="0">
            <Precinct name="Blackrock" votes="0" />
            <Precinct name="Brooks" votes="0" />
            <Precinct name="Europe" votes="0" />
            <Precinct name="Fayetteville East" votes="0" />
            <Precinct name="Fayetteville West" votes="0" />
            <Precinct name="Flint" votes="0" />
            <Precinct name="Hopeful" votes="0" />
            <Precinct name="Morning Creek" votes="0" />
            <Precinct name="Rareover" votes="0" />
            <Precinct name="Sandy Creek" votes="0" />
            <Precinct name="Shakerag East" votes="0" />
            <Precinct name="Shakerag West" votes="0" />
            <Precinct name="Starrs Mill" votes="0" />
            <Precinct name="Whitewater" votes="0" />
            <Precinct name="Woolsey" votes="0" />
            <Precinct name="McIntosh" votes="0" />
            <Precinct name="Oak Grove" votes="0" />
            <Precinct name="Kedron" votes="0" />
            <Precinct name="Aberdeen" votes="0" />
            <Precinct name="Windgate" votes="0" />
            <Precinct name="Flat Creek" votes="0" />
            <Precinct name="Braelinn" votes="0" />
            <Precinct name="Kenwood" votes="0" />
            <Precinct name="Banks" votes="0" />
            <Precinct name="Harps Crossing" votes="0" />
            <Precinct name="Willow Pond" votes="0" />
            <Precinct name="Dogwood" votes="0" />
            <Precinct name="Oak Ridge" votes="0" />
            <Precinct name="Jeff Davis" votes="0" />
            <Precinct name="Murphy" votes="0" />
            <Precinct name="Fielding Ridge" votes="0" />
            <Precinct name="Willowbend" votes="0" />
            <Precinct name="Camp Creek" votes="0" />
            <Precinct name="Rising Star" votes="0" />
            <Precinct name="Spring Hill" votes="0" />
            <Precinct name="Antioch" votes="0" />
        </VoteType>
        <Choice key="79" text="Dee Dawkins-Haigler" party="DEM" totalVotes="615">
            <VoteType name="Absentee by Mail Votes" votes="50">
                <Precinct name="Blackrock" votes="0" />
                <Precinct name="Brooks" votes="1" />
                <Precinct name="Europe" votes="12" />
                <Precinct name="Fayetteville East" votes="1" />
                <Precinct name="Fayetteville West" votes="4" />
                <Precinct name="Flint" votes="2" />
                <Precinct name="Hopeful" votes="3" />
                <Precinct name="Morning Creek" votes="4" />
                <Precinct name="Rareover" votes="0" />
                <Precinct name="Sandy Creek" votes="3" />
                <Precinct name="Shakerag East" votes="2" />
                <Precinct name="Shakerag West" votes="0" />
                <Precinct name="Starrs Mill" votes="0" />
                <Precinct name="Whitewater" votes="1" />
                <Precinct name="Woolsey" votes="2" />
                <Precinct name="McIntosh" votes="0" />
                <Precinct name="Oak Grove" votes="0" />
                <Precinct name="Kedron" votes="2" />
                <Precinct name="Aberdeen" votes="0" />
                <Precinct name="Windgate" votes="0" />
                <Precinct name="Flat Creek" votes="2" />
                <Precinct name="Braelinn" votes="1" />
                <Precinct name="Kenwood" votes="1" />
                <Precinct name="Banks" votes="1" />
                <Precinct name="Harps Crossing" votes="2" />
                <Precinct name="Willow Pond" votes="0" />
                <Precinct name="Dogwood" votes="0" />
                <Precinct name="Oak Ridge" votes="1" />
                <Precinct name="Jeff Davis" votes="2" />
                <Precinct name="Murphy" votes="0" />
                <Precinct name="Fielding Ridge" votes="2" />
                <Precinct name="Willowbend" votes="0" />
                <Precinct name="Camp Creek" votes="1" />
                <Precinct name="Rising Star" votes="0" />
                <Precinct name="Spring Hill" votes="0" />
                <Precinct name="Antioch" votes="0" />
            </VoteType>
            <VoteType name="Advance Voting Votes" votes="164">
                <Precinct name="Blackrock" votes="6" />
                <Precinct name="Brooks" votes="0" />
                <Precinct name="Europe" votes="21" />
                <Precinct name="Fayetteville East" votes="2" />
                <Precinct name="Fayetteville West" votes="7" />
                <Precinct name="Flint" votes="7" />
                <Precinct name="Hopeful" votes="2" />
                <Precinct name="Morning Creek" votes="8" />
                <Precinct name="Rareover" votes="6" />
                <Precinct name="Sandy Creek" votes="13" />
                <Precinct name="Shakerag East" votes="2" />
                <Precinct name="Shakerag West" votes="1" />
                <Precinct name="Starrs Mill" votes="4" />
                <Precinct name="Whitewater" votes="2" />
                <Precinct name="Woolsey" votes="0" />
                <Precinct name="McIntosh" votes="0" />
                <Precinct name="Oak Grove" votes="2" />
                <Precinct name="Kedron" votes="8" />
                <Precinct name="Aberdeen" votes="1" />
                <Precinct name="Windgate" votes="0" />
                <Precinct name="Flat Creek" votes="1" />
                <Precinct name="Braelinn" votes="0" />
                <Precinct name="Kenwood" votes="3" />
                <Precinct name="Banks" votes="3" />
                <Precinct name="Harps Crossing" votes="2" />
                <Precinct name="Willow Pond" votes="4" />
                <Precinct name="Dogwood" votes="8" />
                <Precinct name="Oak Ridge" votes="13" />
                <Precinct name="Jeff Davis" votes="9" />
                <Precinct name="Murphy" votes="12" />
                <Precinct name="Fielding Ridge" votes="3" />
                <Precinct name="Willowbend" votes="0" />
                <Precinct name="Camp Creek" votes="0" />
                <Precinct name="Rising Star" votes="0" />
                <Precinct name="Spring Hill" votes="13" />
                <Precinct name="Antioch" votes="1" />
            </VoteType>
            <VoteType name="Election Day Votes" votes="399">
                <Precinct name="Blackrock" votes="31" />
                <Precinct name="Brooks" votes="1" />
                <Precinct name="Europe" votes="48" />
                <Precinct name="Fayetteville East" votes="8" />
                <Precinct name="Fayetteville West" votes="14" />
                <Precinct name="Flint" votes="14" />
                <Precinct name="Hopeful" votes="28" />
                <Precinct name="Morning Creek" votes="25" />
                <Precinct name="Rareover" votes="7" />
                <Precinct name="Sandy Creek" votes="37" />
                <Precinct name="Shakerag East" votes="1" />
                <Precinct name="Shakerag West" votes="0" />
                <Precinct name="Starrs Mill" votes="5" />
                <Precinct name="Whitewater" votes="5" />
                <Precinct name="Woolsey" votes="4" />
                <Precinct name="McIntosh" votes="5" />
                <Precinct name="Oak Grove" votes="3" />
                <Precinct name="Kedron" votes="10" />
                <Precinct name="Aberdeen" votes="3" />
                <Precinct name="Windgate" votes="3" />
                <Precinct name="Flat Creek" votes="1" />
                <Precinct name="Braelinn" votes="3" />
                <Precinct name="Kenwood" votes="10" />
                <Precinct name="Banks" votes="9" />
                <Precinct name="Harps Crossing" votes="9" />
                <Precinct name="Willow Pond" votes="13" />
                <Precinct name="Dogwood" votes="10" />
                <Precinct name="Oak Ridge" votes="29" />
                <Precinct name="Jeff Davis" votes="18" />
                <Precinct name="Murphy" votes="12" />
                <Precinct name="Fielding Ridge" votes="8" />
                <Precinct name="Willowbend" votes="1" />
                <Precinct name="Camp Creek" votes="1" />
                <Precinct name="Rising Star" votes="3" />
                <Precinct name="Spring Hill" votes="18" />
                <Precinct name="Antioch" votes="2" />
            </VoteType>
            <VoteType name="Provisional Votes" votes="2">
                <Precinct name="Blackrock" votes="0" />
                <Precinct name="Brooks" votes="0" />
                <Precinct name="Europe" votes="0" />
                <Precinct name="Fayetteville East" votes="0" />
                <Precinct name="Fayetteville West" votes="0" />
                <Precinct name="Flint" votes="0" />
                <Precinct name="Hopeful" votes="0" />
                <Precinct name="Morning Creek" votes="0" />
                <Precinct name="Rareover" votes="0" />
                <Precinct name="Sandy Creek" votes="1" />
                <Precinct name="Shakerag East" votes="0" />
                <Precinct name="Shakerag West" votes="0" />
                <Precinct name="Starrs Mill" votes="0" />
                <Precinct name="Whitewater" votes="0" />
                <Precinct name="Woolsey" votes="0" />
                <Precinct name="McIntosh" votes="0" />
                <Precinct name="Oak Grove" votes="0" />
                <Precinct name="Kedron" votes="1" />
                <Precinct name="Aberdeen" votes="0" />
                <Precinct name="Windgate" votes="0" />
                <Precinct name="Flat Creek" votes="0" />
                <Precinct name="Braelinn" votes="0" />
                <Precinct name="Kenwood" votes="0" />
                <Precinct name="Banks" votes="0" />
                <Precinct name="Harps Crossing" votes="0" />
                <Precinct name="Willow Pond" votes="0" />
                <Precinct name="Dogwood" votes="0" />
                <Precinct name="Oak Ridge" votes="0" />
                <Precinct name="Jeff Davis" votes="0" />
                <Precinct name="Murphy" votes="0" />
                <Precinct name="Fielding Ridge" votes="0" />
                <Precinct name="Willowbend" votes="0" />
                <Precinct name="Camp Creek" votes="0" />
                <Precinct name="Rising Star" votes="0" />
                <Precinct name="Spring Hill" votes="0" />
                <Precinct name="Antioch" votes="0" />
            </VoteType>
        </Choice>
        <Choice key="82" text="Bee Nguyen" party="DEM" totalVotes="2980">
            <VoteType name="Absentee by Mail Votes" votes="252">
                <Precinct name="Blackrock" votes="17" />
                <Precinct name="Brooks" votes="1" />
                <Precinct name="Europe" votes="22" />
                <Precinct name="Fayetteville East" votes="12" />
                <Precinct name="Fayetteville West" votes="12" />
                <Precinct name="Flint" votes="3" />
                <Precinct name="Hopeful" votes="6" />
                <Precinct name="Morning Creek" votes="20" />
                <Precinct name="Rareover" votes="4" />
                <Precinct name="Sandy Creek" votes="13" />
                <Precinct name="Shakerag East" votes="7" />
                <Precinct name="Shakerag West" votes="1" />
                <Precinct name="Starrs Mill" votes="0" />
                <Precinct name="Whitewater" votes="4" />
                <Precinct name="Woolsey" votes="2" />
                <Precinct name="McIntosh" votes="4" />
                <Precinct name="Oak Grove" votes="0" />
                <Precinct name="Kedron" votes="10" />
                <Precinct name="Aberdeen" votes="5" />
                <Precinct name="Windgate" votes="2" />
                <Precinct name="Flat Creek" votes="4" />
                <Precinct name="Braelinn" votes="3" />
                <Precinct name="Kenwood" votes="6" />
                <Precinct name="Banks" votes="5" />
                <Precinct name="Harps Crossing" votes="6" />
                <Precinct name="Willow Pond" votes="15" />
                <Precinct name="Dogwood" votes="7" />
                <Precinct name="Oak Ridge" votes="19" />
                <Precinct name="Jeff Davis" votes="8" />
                <Precinct name="Murphy" votes="10" />
                <Precinct name="Fielding Ridge" votes="6" />
                <Precinct name="Willowbend" votes="1" />
                <Precinct name="Camp Creek" votes="1" />
                <Precinct name="Rising Star" votes="4" />
                <Precinct name="Spring Hill" votes="12" />
                <Precinct name="Antioch" votes="0" />
            </VoteType>
            <VoteType name="Advance Voting Votes" votes="1036">
                <Precinct name="Blackrock" votes="67" />
                <Precinct name="Brooks" votes="5" />
                <Precinct name="Europe" votes="106" />
                <Precinct name="Fayetteville East" votes="34" />
                <Precinct name="Fayetteville West" votes="47" />
                <Precinct name="Flint" votes="27" />
                <Precinct name="Hopeful" votes="38" />
                <Precinct name="Morning Creek" votes="45" />
                <Precinct name="Rareover" votes="26" />
                <Precinct name="Sandy Creek" votes="97" />
                <Precinct name="Shakerag East" votes="6" />
                <Precinct name="Shakerag West" votes="9" />
                <Precinct name="Starrs Mill" votes="17" />
                <Precinct name="Whitewater" votes="27" />
                <Precinct name="Woolsey" votes="7" />
                <Precinct name="McIntosh" votes="33" />
                <Precinct name="Oak Grove" votes="17" />
                <Precinct name="Kedron" votes="32" />
                <Precinct name="Aberdeen" votes="12" />
                <Precinct name="Windgate" votes="6" />
                <Precinct name="Flat Creek" votes="10" />
                <Precinct name="Braelinn" votes="4" />
                <Precinct name="Kenwood" votes="27" />
                <Precinct name="Banks" votes="26" />
                <Precinct name="Harps Crossing" votes="15" />
                <Precinct name="Willow Pond" votes="24" />
                <Precinct name="Dogwood" votes="38" />
                <Precinct name="Oak Ridge" votes="35" />
                <Precinct name="Jeff Davis" votes="36" />
                <Precinct name="Murphy" votes="34" />
                <Precinct name="Fielding Ridge" votes="19" />
                <Precinct name="Willowbend" votes="10" />
                <Precinct name="Camp Creek" votes="10" />
                <Precinct name="Rising Star" votes="17" />
                <Precinct name="Spring Hill" votes="65" />
                <Precinct name="Antioch" votes="8" />
            </VoteType>
            <VoteType name="Election Day Votes" votes="1685">
                <Precinct name="Blackrock" votes="103" />
                <Precinct name="Brooks" votes="8" />
                <Precinct name="Europe" votes="198" />
                <Precinct name="Fayetteville East" votes="35" />
                <Precinct name="Fayetteville West" votes="51" />
                <Precinct name="Flint" votes="58" />
                <Precinct name="Hopeful" votes="77" />
                <Precinct name="Morning Creek" votes="109" />
                <Precinct name="Rareover" votes="42" />
                <Precinct name="Sandy Creek" votes="129" />
                <Precinct name="Shakerag East" votes="17" />
                <Precinct name="Shakerag West" votes="16" />
                <Precinct name="Starrs Mill" votes="31" />
                <Precinct name="Whitewater" votes="29" />
                <Precinct name="Woolsey" votes="7" />
                <Precinct name="McIntosh" votes="29" />
                <Precinct name="Oak Grove" votes="15" />
                <Precinct name="Kedron" votes="68" />
                <Precinct name="Aberdeen" votes="22" />
                <Precinct name="Windgate" votes="16" />
                <Precinct name="Flat Creek" votes="27" />
                <Precinct name="Braelinn" votes="12" />
                <Precinct name="Kenwood" votes="48" />
                <Precinct name="Banks" votes="38" />
                <Precinct name="Harps Crossing" votes="25" />
                <Precinct name="Willow Pond" votes="64" />
                <Precinct name="Dogwood" votes="40" />
                <Precinct name="Oak Ridge" votes="79" />
                <Precinct name="Jeff Davis" votes="68" />
                <Precinct name="Murphy" votes="57" />
                <Precinct name="Fielding Ridge" votes="30" />
                <Precinct name="Willowbend" votes="13" />
                <Precinct name="Camp Creek" votes="19" />
                <Precinct name="Rising Star" votes="26" />
                <Precinct name="Spring Hill" votes="61" />
                <Precinct name="Antioch" votes="18" />
            </VoteType>
            <VoteType name="Provisional Votes" votes="7">
                <Precinct name="Blackrock" votes="1" />
                <Precinct name="Brooks" votes="0" />
                <Precinct name="Europe" votes="1" />
                <Precinct name="Fayetteville East" votes="0" />
                <Precinct name="Fayetteville West" votes="1" />
                <Precinct name="Flint" votes="0" />
                <Precinct name="Hopeful" votes="0" />
                <Precinct name="Morning Creek" votes="0" />
                <Precinct name="Rareover" votes="0" />
                <Precinct name="Sandy Creek" votes="0" />
                <Precinct name="Shakerag East" votes="0" />
                <Precinct name="Shakerag West" votes="0" />
                <Precinct name="Starrs Mill" votes="0" />
                <Precinct name="Whitewater" votes="0" />
                <Precinct name="Woolsey" votes="0" />
                <Precinct name="McIntosh" votes="0" />
                <Precinct name="Oak Grove" votes="0" />
                <Precinct name="Kedron" votes="0" />
                <Precinct name="Aberdeen" votes="1" />
                <Precinct name="Windgate" votes="0" />
                <Precinct name="Flat Creek" votes="0" />
                <Precinct name="Braelinn" votes="0" />
                <Precinct name="Kenwood" votes="1" />
                <Precinct name="Banks" votes="0" />
                <Precinct name="Harps Crossing" votes="0" />
                <Precinct name="Willow Pond" votes="0" />
                <Precinct name="Dogwood" votes="0" />
                <Precinct name="Oak Ridge" votes="0" />
                <Precinct name="Jeff Davis" votes="1" />
                <Precinct name="Murphy" votes="0" />
                <Precinct name="Fielding Ridge" votes="1" />
                <Precinct name="Willowbend" votes="0" />
                <Precinct name="Camp Creek" votes="0" />
                <Precinct name="Rising Star" votes="0" />
                <Precinct name="Spring Hill" votes="0" />
                <Precinct name="Antioch" votes="0" />
            </VoteType>
        </Choice>
    </Contest>
    <Contest key="16" text="DEM - Commissioner Of Insurance" voteFor="1" isQuestion="false" precinctsReporting="36" precinctsReported="36">
        <VoteType name="Undervotes" votes="108">
            <Precinct name="Blackrock" votes="8" />
            <Precinct name="Brooks" votes="0" />
            <Precinct name="Europe" votes="10" />
            <Precinct name="Fayetteville East" votes="2" />
            <Precinct name="Fayetteville West" votes="3" />
            <Precinct name="Flint" votes="3" />
            <Precinct name="Hopeful" votes="6" />
            <Precinct name="Morning Creek" votes="3" />
            <Precinct name="Rareover" votes="5" />
            <Precinct name="Sandy Creek" votes="7" />
            <Precinct name="Shakerag East" votes="1" />
            <Precinct name="Shakerag West" votes="1" />
            <Precinct name="Starrs Mill" votes="6" />
            <Precinct name="Whitewater" votes="2" />
            <Precinct name="Woolsey" votes="0" />
            <Precinct name="McIntosh" votes="5" />
            <Precinct name="Oak Grove" votes="0" />
            <Precinct name="Kedron" votes="5" />
            <Precinct name="Aberdeen" votes="2" />
            <Precinct name="Windgate" votes="0" />
            <Precinct name="Flat Creek" votes="1" />
            <Precinct name="Braelinn" votes="1" />
            <Precinct name="Kenwood" votes="3" />
            <Precinct name="Banks" votes="1" />
            <Precinct name="Harps Crossing" votes="1" />
            <Precinct name="Willow Pond" votes="3" />
            <Precinct name="Dogwood" votes="1" />
            <Precinct name="Oak Ridge" votes="6" />
            <Precinct name="Jeff Davis" votes="4" />
            <Precinct name="Murphy" votes="3" />
            <Precinct name="Fielding Ridge" votes="5" />
            <Precinct name="Willowbend" votes="1" />
            <Precinct name="Camp Creek" votes="3" />
            <Precinct name="Rising Star" votes="1" />
            <Precinct name="Spring Hill" votes="5" />
            <Precinct name="Antioch" votes="0" />
        </VoteType>
        <VoteType name="Overvotes" votes="0">
            <Precinct name="Blackrock" votes="0" />
            <Precinct name="Brooks" votes="0" />
            <Precinct name="Europe" votes="0" />
            <Precinct name="Fayetteville East" votes="0" />
            <Precinct name="Fayetteville West" votes="0" />
            <Precinct name="Flint" votes="0" />
            <Precinct name="Hopeful" votes="0" />
            <Precinct name="Morning Creek" votes="0" />
            <Precinct name="Rareover" votes="0" />
            <Precinct name="Sandy Creek" votes="0" />
            <Precinct name="Shakerag East" votes="0" />
            <Precinct name="Shakerag West" votes="0" />
            <Precinct name="Starrs Mill" votes="0" />
            <Precinct name="Whitewater" votes="0" />
            <Precinct name="Woolsey" votes="0" />
            <Precinct name="McIntosh" votes="0" />
            <Precinct name="Oak Grove" votes="0" />
            <Precinct name="Kedron" votes="0" />
            <Precinct name="Aberdeen" votes="0" />
            <Precinct name="Windgate" votes="0" />
            <Precinct name="Flat Creek" votes="0" />
            <Precinct name="Braelinn" votes="0" />
            <Precinct name="Kenwood" votes="0" />
            <Precinct name="Banks" votes="0" />
            <Precinct name="Harps Crossing" votes="0" />
            <Precinct name="Willow Pond" votes="0" />
            <Precinct name="Dogwood" votes="0" />
            <Precinct name="Oak Ridge" votes="0" />
            <Precinct name="Jeff Davis" votes="0" />
            <Precinct name="Murphy" votes="0" />
            <Precinct name="Fielding Ridge" votes="0" />
            <Precinct name="Willowbend" votes="0" />
            <Precinct name="Camp Creek" votes="0" />
            <Precinct name="Rising Star" votes="0" />
            <Precinct name="Spring Hill" votes="0" />
            <Precinct name="Antioch" votes="0" />
        </VoteType>
        <Choice key="95" text="Raphael Baker" party="DEM" totalVotes="1205">
            <VoteType name="Absentee by Mail Votes" votes="77">
                <Precinct name="Blackrock" votes="3" />
                <Precinct name="Brooks" votes="1" />
                <Precinct name="Europe" votes="14" />
                <Precinct name="Fayetteville East" votes="1" />
                <Precinct name="Fayetteville West" votes="5" />
                <Precinct name="Flint" votes="1" />
                <Precinct name="Hopeful" votes="3" />
                <Precinct name="Morning Creek" votes="11" />
                <Precinct name="Rareover" votes="1" />
                <Precinct name="Sandy Creek" votes="5" />
                <Precinct name="Shakerag East" votes="0" />
                <Precinct name="Shakerag West" votes="0" />
                <Precinct name="Starrs Mill" votes="0" />
                <Precinct name="Whitewater" votes="1" />
                <Precinct name="Woolsey" votes="0" />
                <Precinct name="McIntosh" votes="0" />
                <Precinct name="Oak Grove" votes="0" />
                <Precinct name="Kedron" votes="2" />
                <Precinct name="Aberdeen" votes="1" />
                <Precinct name="Windgate" votes="0" />
                <Precinct name="Flat Creek" votes="0" />
                <Precinct name="Braelinn" votes="3" />
                <Precinct name="Kenwood" votes="2" />
                <Precinct name="Banks" votes="1" />
                <Precinct name="Harps Crossing" votes="2" />
                <Precinct name="Willow Pond" votes="5" />
                <Precinct name="Dogwood" votes="1" />
                <Precinct name="Oak Ridge" votes="7" />
                <Precinct name="Jeff Davis" votes="3" />
                <Precinct name="Murphy" votes="1" />
                <Precinct name="Fielding Ridge" votes="0" />
                <Precinct name="Willowbend" votes="0" />
                <Precinct name="Camp Creek" votes="1" />
                <Precinct name="Rising Star" votes="0" />
                <Precinct name="Spring Hill" votes="2" />
                <Precinct name="Antioch" votes="0" />
            </VoteType>
            <VoteType name="Advance Voting Votes" votes="362">
                <Precinct name="Blackrock" votes="28" />
                <Precinct name="Brooks" votes="3" />
                <Precinct name="Europe" votes="48" />
                <Precinct name="Fayetteville East" votes="13" />
                <Precinct name="Fayetteville West" votes="16" />
                <Precinct name="Flint" votes="13" />
                <Precinct name="Hopeful" votes="11" />
                <Precinct name="Morning Creek" votes="13" />
                <Precinct name="Rareover" votes="6" />
                <Precinct name="Sandy Creek" votes="31" />
                <Precinct name="Shakerag East" votes="1" />
                <Precinct name="Shakerag West" votes="6" />
                <Precinct name="Starrs Mill" votes="2" />
                <Precinct name="Whitewater" votes="3" />
                <Precinct name="Woolsey" votes="1" />
                <Precinct name="McIntosh" votes="12" />
                <Precinct name="Oak Grove" votes="5" />
                <Precinct name="Kedron" votes="13" />
                <Precinct name="Aberdeen" votes="2" />
                <Precinct name="Windgate" votes="0" />
                <Precinct name="Flat Creek" votes="2" />
                <Precinct name="Braelinn" votes="3" />
                <Precinct name="Kenwood" votes="9" />
                <Precinct name="Banks" votes="8" />
                <Precinct name="Harps Crossing" votes="5" />
                <Precinct name="Willow Pond" votes="5" />
                <Precinct name="Dogwood" votes="11" />
                <Precinct name="Oak Ridge" votes="18" />
                <Precinct name="Jeff Davis" votes="18" />
                <Precinct name="Murphy" votes="14" />
                <Precinct name="Fielding Ridge" votes="5" />
                <Precinct name="Willowbend" votes="3" />
                <Precinct name="Camp Creek" votes="1" />
                <Precinct name="Rising Star" votes="4" />
                <Precinct name="Spring Hill" votes="26" />
                <Precinct name="Antioch" votes="3" />
            </VoteType>
            <VoteType name="Election Day Votes" votes="764">
                <Precinct name="Blackrock" votes="50" />
                <Precinct name="Brooks" votes="3" />
                <Precinct name="Europe" votes="108" />
                <Precinct name="Fayetteville East" votes="17" />
                <Precinct name="Fayetteville West" votes="22" />
                <Precinct name="Flint" votes="29" />
                <Precinct name="Hopeful" votes="40" />
                <Precinct name="Morning Creek" votes="53" />
                <Precinct name="Rareover" votes="11" />
                <Precinct name="Sandy Creek" votes="61" />
                <Precinct name="Shakerag East" votes="3" />
                <Precinct name="Shakerag West" votes="3" />
                <Precinct name="Starrs Mill" votes="13" />
                <Precinct name="Whitewater" votes="14" />
                <Precinct name="Woolsey" votes="6" />
                <Precinct name="McIntosh" votes="9" />
                <Precinct name="Oak Grove" votes="6" />
                <Precinct name="Kedron" votes="20" />
                <Precinct name="Aberdeen" votes="7" />
                <Precinct name="Windgate" votes="5" />
                <Precinct name="Flat Creek" votes="5" />
                <Precinct name="Braelinn" votes="1" />
                <Precinct name="Kenwood" votes="19" />
                <Precinct name="Banks" votes="22" />
                <Precinct name="Harps Crossing" votes="12" />
                <Precinct name="Willow Pond" votes="32" />
                <Precinct name="Dogwood" votes="19" />
                <Precinct name="Oak Ridge" votes="48" />
                <Precinct name="Jeff Davis" votes="37" />
                <Precinct name="Murphy" votes="23" />
                <Precinct name="Fielding Ridge" votes="12" />
                <Precinct name="Willowbend" votes="3" />
                <Precinct name="Camp Creek" votes="2" />
                <Precinct name="Rising Star" votes="9" />
                <Precinct name="Spring Hill" votes="25" />
                <Precinct name="Antioch" votes="15" />
            </VoteType>
            <VoteType name="Provisional Votes" votes="2">
                <Precinct name="Blackrock" votes="0" />
                <Precinct name="Brooks" votes="0" />
                <Precinct name="Europe" votes="0" />
                <Precinct name="Fayetteville East" votes="0" />
                <Precinct name="Fayetteville West" votes="0" />
                <Precinct name="Flint" votes="0" />
                <Precinct name="Hopeful" votes="0" />
                <Precinct name="Morning Creek" votes="0" />
                <Precinct name="Rareover" votes="0" />
                <Precinct name="Sandy Creek" votes="0" />
                <Precinct name="Shakerag East" votes="0" />
                <Precinct name="Shakerag West" votes="0" />
                <Precinct name="Starrs Mill" votes="0" />
                <Precinct name="Whitewater" votes="0" />
                <Precinct name="Woolsey" votes="0" />
                <Precinct name="McIntosh" votes="0" />
                <Precinct name="Oak Grove" votes="0" />
                <Precinct name="Kedron" votes="1" />
                <Precinct name="Aberdeen" votes="0" />
                <Precinct name="Windgate" votes="0" />
                <Precinct name="Flat Creek" votes="0" />
                <Precinct name="Braelinn" votes="0" />
                <Precinct name="Kenwood" votes="1" />
                <Precinct name="Banks" votes="0" />
                <Precinct name="Harps Crossing" votes="0" />
                <Precinct name="Willow Pond" votes="0" />
                <Precinct name="Dogwood" votes="0" />
                <Precinct name="Oak Ridge" votes="0" />
                <Precinct name="Jeff Davis" votes="0" />
                <Precinct name="Murphy" votes="0" />
                <Precinct name="Fielding Ridge" votes="0" />
                <Precinct name="Willowbend" votes="0" />
                <Precinct name="Camp Creek" votes="0" />
                <Precinct name="Rising Star" votes="0" />
                <Precinct name="Spring Hill" votes="0" />
                <Precinct name="Antioch" votes="0" />
            </VoteType>
        </Choice>
        <Choice key="96" text="Janice Laws Robinson" party="DEM" totalVotes="2312">
            <VoteType name="Absentee by Mail Votes" votes="223">
                <Precinct name="Blackrock" votes="14" />
                <Precinct name="Brooks" votes="1" />
                <Precinct name="Europe" votes="21" />
                <Precinct name="Fayetteville East" votes="12" />
                <Precinct name="Fayetteville West" votes="11" />
                <Precinct name="Flint" votes="3" />
                <Precinct name="Hopeful" votes="6" />
                <Precinct name="Morning Creek" votes="12" />
                <Precinct name="Rareover" votes="3" />
                <Precinct name="Sandy Creek" votes="11" />
                <Precinct name="Shakerag East" votes="9" />
                <Precinct name="Shakerag West" votes="1" />
                <Precinct name="Starrs Mill" votes="0" />
                <Precinct name="Whitewater" votes="4" />
                <Precinct name="Woolsey" votes="4" />
                <Precinct name="McIntosh" votes="4" />
                <Precinct name="Oak Grove" votes="0" />
                <Precinct name="Kedron" votes="10" />
                <Precinct name="Aberdeen" votes="4" />
                <Precinct name="Windgate" votes="2" />
                <Precinct name="Flat Creek" votes="5" />
                <Precinct name="Braelinn" votes="1" />
                <Precinct name="Kenwood" votes="6" />
                <Precinct name="Banks" votes="5" />
                <Precinct name="Harps Crossing" votes="7" />
                <Precinct name="Willow Pond" votes="10" />
                <Precinct name="Dogwood" votes="6" />
                <Precinct name="Oak Ridge" votes="13" />
                <Precinct name="Jeff Davis" votes="7" />
                <Precinct name="Murphy" votes="9" />
                <Precinct name="Fielding Ridge" votes="7" />
                <Precinct name="Willowbend" votes="1" />
                <Precinct name="Camp Creek" votes="1" />
                <Precinct name="Rising Star" votes="4" />
                <Precinct name="Spring Hill" votes="9" />
                <Precinct name="Antioch" votes="0" />
            </VoteType>
            <VoteType name="Advance Voting Votes" votes="818">
                <Precinct name="Blackrock" votes="45" />
                <Precinct name="Brooks" votes="2" />
                <Precinct name="Europe" votes="76" />
                <Precinct name="Fayetteville East" votes="23" />
                <Precinct name="Fayetteville West" votes="37" />
                <Precinct name="Flint" votes="20" />
                <Precinct name="Hopeful" votes="28" />
                <Precinct name="Morning Creek" votes="40" />
                <Precinct name="Rareover" votes="24" />
                <Precinct name="Sandy Creek" votes="79" />
                <Precinct name="Shakerag East" votes="6" />
                <Precinct name="Shakerag West" votes="4" />
                <Precinct name="Starrs Mill" votes="16" />
                <Precinct name="Whitewater" votes="24" />
                <Precinct name="Woolsey" votes="6" />
                <Precinct name="McIntosh" votes="20" />
                <Precinct name="Oak Grove" votes="14" />
                <Precinct name="Kedron" votes="26" />
                <Precinct name="Aberdeen" votes="11" />
                <Precinct name="Windgate" votes="6" />
                <Precinct name="Flat Creek" votes="9" />
                <Precinct name="Braelinn" votes="1" />
                <Precinct name="Kenwood" votes="21" />
                <Precinct name="Banks" votes="21" />
                <Precinct name="Harps Crossing" votes="12" />
                <Precinct name="Willow Pond" votes="20" />
                <Precinct name="Dogwood" votes="35" />
                <Precinct name="Oak Ridge" votes="30" />
                <Precinct name="Jeff Davis" votes="27" />
                <Precinct name="Murphy" votes="33" />
                <Precinct name="Fielding Ridge" votes="16" />
                <Precinct name="Willowbend" votes="7" />
                <Precinct name="Camp Creek" votes="9" />
                <Precinct name="Rising Star" votes="13" />
                <Precinct name="Spring Hill" votes="51" />
                <Precinct name="Antioch" votes="6" />
            </VoteType>
            <VoteType name="Election Day Votes" votes="1264">
                <Precinct name="Blackrock" votes="78" />
                <Precinct name="Brooks" votes="6" />
                <Precinct name="Europe" votes="133" />
                <Precinct name="Fayetteville East" votes="27" />
                <Precinct name="Fayetteville West" votes="42" />
                <Precinct name="Flint" votes="42" />
                <Precinct name="Hopeful" votes="62" />
                <Precinct name="Morning Creek" votes="80" />
                <Precinct name="Rareover" votes="36" />
                <Precinct name="Sandy Creek" votes="99" />
                <Precinct name="Shakerag East" votes="15" />
                <Precinct name="Shakerag West" votes="12" />
                <Precinct name="Starrs Mill" votes="20" />
                <Precinct name="Whitewater" votes="21" />
                <Precinct name="Woolsey" votes="5" />
                <Precinct name="McIntosh" votes="22" />
                <Precinct name="Oak Grove" votes="12" />
                <Precinct name="Kedron" votes="54" />
                <Precinct name="Aberdeen" votes="17" />
                <Precinct name="Windgate" votes="14" />
                <Precinct name="Flat Creek" votes="23" />
                <Precinct name="Braelinn" votes="13" />
                <Precinct name="Kenwood" votes="37" />
                <Precinct name="Banks" votes="25" />
                <Precinct name="Harps Crossing" votes="21" />
                <Precinct name="Willow Pond" votes="45" />
                <Precinct name="Dogwood" votes="30" />
                <Precinct name="Oak Ridge" votes="57" />
                <Precinct name="Jeff Davis" votes="45" />
                <Precinct name="Murphy" votes="44" />
                <Precinct name="Fielding Ridge" votes="23" />
                <Precinct name="Willowbend" votes="12" />
                <Precinct name="Camp Creek" votes="16" />
                <Precinct name="Rising Star" votes="19" />
                <Precinct name="Spring Hill" votes="52" />
                <Precinct name="Antioch" votes="5" />
            </VoteType>
            <VoteType name="Provisional Votes" votes="7">
                <Precinct name="Blackrock" votes="1" />
                <Precinct name="Brooks" votes="0" />
                <Precinct name="Europe" votes="1" />
                <Precinct name="Fayetteville East" votes="0" />
                <Precinct name="Fayetteville West" votes="1" />
                <Precinct name="Flint" votes="0" />
                <Precinct name="Hopeful" votes="0" />
                <Precinct name="Morning Creek" votes="0" />
                <Precinct name="Rareover" votes="0" />
                <Precinct name="Sandy Creek" votes="1" />
                <Precinct name="Shakerag East" votes="0" />
                <Precinct name="Shakerag West" votes="0" />
                <Precinct name="Starrs Mill" votes="0" />
                <Precinct name="Whitewater" votes="0" />
                <Precinct name="Woolsey" votes="0" />
                <Precinct name="McIntosh" votes="0" />
                <Precinct name="Oak Grove" votes="0" />
                <Precinct name="Kedron" votes="0" />
                <Precinct name="Aberdeen" votes="1" />
                <Precinct name="Windgate" votes="0" />
                <Precinct name="Flat Creek" votes="0" />
                <Precinct name="Braelinn" votes="0" />
                <Precinct name="Kenwood" votes="0" />
                <Precinct name="Banks" votes="0" />
                <Precinct name="Harps Crossing" votes="0" />
                <Precinct name="Willow Pond" votes="0" />
                <Precinct name="Dogwood" votes="0" />
                <Precinct name="Oak Ridge" votes="0" />
                <Precinct name="Jeff Davis" votes="1" />
                <Precinct name="Murphy" votes="0" />
                <Precinct name="Fielding Ridge" votes="1" />
                <Precinct name="Willowbend" votes="0" />
                <Precinct name="Camp Creek" votes="0" />
                <Precinct name="Rising Star" votes="0" />
                <Precinct name="Spring Hill" votes="0" />
                <Precinct name="Antioch" votes="0" />
            </VoteType>
        </Choice>
    </Contest>
    <Contest key="20" text="DEM - Commissioner Of Labor" voteFor="1" isQuestion="false" precinctsReporting="36" precinctsReported="36">
        <VoteType name="Undervotes" votes="79">
            <Precinct name="Blackrock" votes="6" />
            <Precinct name="Brooks" votes="0" />
            <Precinct name="Europe" votes="3" />
            <Precinct name="Fayetteville East" votes="2" />
            <Precinct name="Fayetteville West" votes="2" />
            <Precinct name="Flint" votes="1" />
            <Precinct name="Hopeful" votes="2" />
            <Precinct name="Morning Creek" votes="4" />
            <Precinct name="Rareover" votes="3" />
            <Precinct name="Sandy Creek" votes="4" />
            <Precinct name="Shakerag East" votes="0" />
            <Precinct name="Shakerag West" votes="1" />
            <Precinct name="Starrs Mill" votes="2" />
            <Precinct name="Whitewater" votes="0" />
            <Precinct name="Woolsey" votes="0" />
            <Precinct name="McIntosh" votes="5" />
            <Precinct name="Oak Grove" votes="0" />
            <Precinct name="Kedron" votes="3" />
            <Precinct name="Aberdeen" votes="3" />
            <Precinct name="Windgate" votes="0" />
            <Precinct name="Flat Creek" votes="1" />
            <Precinct name="Braelinn" votes="1" />
            <Precinct name="Kenwood" votes="3" />
            <Precinct name="Banks" votes="3" />
            <Precinct name="Harps Crossing" votes="1" />
            <Precinct name="Willow Pond" votes="2" />
            <Precinct name="Dogwood" votes="2" />
            <Precinct name="Oak Ridge" votes="8" />
            <Precinct name="Jeff Davis" votes="4" />
            <Precinct name="Murphy" votes="3" />
            <Precinct name="Fielding Ridge" votes="2" />
            <Precinct name="Willowbend" votes="1" />
            <Precinct name="Camp Creek" votes="3" />
            <Precinct name="Rising Star" votes="1" />
            <Precinct name="Spring Hill" votes="2" />
            <Precinct name="Antioch" votes="1" />
        </VoteType>
        <VoteType name="Overvotes" votes="0">
            <Precinct name="Blackrock" votes="0" />
            <Precinct name="Brooks" votes="0" />
            <Precinct name="Europe" votes="0" />
            <Precinct name="Fayetteville East" votes="0" />
            <Precinct name="Fayetteville West" votes="0" />
            <Precinct name="Flint" votes="0" />
            <Precinct name="Hopeful" votes="0" />
            <Precinct name="Morning Creek" votes="0" />
            <Precinct name="Rareover" votes="0" />
            <Precinct name="Sandy Creek" votes="0" />
            <Precinct name="Shakerag East" votes="0" />
            <Precinct name="Shakerag West" votes="0" />
            <Precinct name="Starrs Mill" votes="0" />
            <Precinct name="Whitewater" votes="0" />
            <Precinct name="Woolsey" votes="0" />
            <Precinct name="McIntosh" votes="0" />
            <Precinct name="Oak Grove" votes="0" />
            <Precinct name="Kedron" votes="0" />
            <Precinct name="Aberdeen" votes="0" />
            <Precinct name="Windgate" votes="0" />
            <Precinct name="Flat Creek" votes="0" />
            <Precinct name="Braelinn" votes="0" />
            <Precinct name="Kenwood" votes="0" />
            <Precinct name="Banks" votes="0" />
            <Precinct name="Harps Crossing" votes="0" />
            <Precinct name="Willow Pond" votes="0" />
            <Precinct name="Dogwood" votes="0" />
            <Precinct name="Oak Ridge" votes="0" />
            <Precinct name="Jeff Davis" votes="0" />
            <Precinct name="Murphy" votes="0" />
            <Precinct name="Fielding Ridge" votes="0" />
            <Precinct name="Willowbend" votes="0" />
            <Precinct name="Camp Creek" votes="0" />
            <Precinct name="Rising Star" votes="0" />
            <Precinct name="Spring Hill" votes="0" />
            <Precinct name="Antioch" votes="0" />
        </VoteType>
        <Choice key="107" text="William &quot;&quot;Will&quot;&quot; Boddie, Jr." party="DEM" totalVotes="2255">
            <VoteType name="Absentee by Mail Votes" votes="188">
                <Precinct name="Blackrock" votes="8" />
                <Precinct name="Brooks" votes="0" />
                <Precinct name="Europe" votes="22" />
                <Precinct name="Fayetteville East" votes="10" />
                <Precinct name="Fayetteville West" votes="13" />
                <Precinct name="Flint" votes="4" />
                <Precinct name="Hopeful" votes="5" />
                <Precinct name="Morning Creek" votes="16" />
                <Precinct name="Rareover" votes="1" />
                <Precinct name="Sandy Creek" votes="12" />
                <Precinct name="Shakerag East" votes="6" />
                <Precinct name="Shakerag West" votes="0" />
                <Precinct name="Starrs Mill" votes="0" />
                <Precinct name="Whitewater" votes="2" />
                <Precinct name="Woolsey" votes="4" />
                <Precinct name="McIntosh" votes="0" />
                <Precinct name="Oak Grove" votes="0" />
                <Precinct name="Kedron" votes="8" />
                <Precinct name="Aberdeen" votes="5" />
                <Precinct name="Windgate" votes="0" />
                <Precinct name="Flat Creek" votes="2" />
                <Precinct name="Braelinn" votes="1" />
                <Precinct name="Kenwood" votes="4" />
                <Precinct name="Banks" votes="4" />
                <Precinct name="Harps Crossing" votes="7" />
                <Precinct name="Willow Pond" votes="7" />
                <Precinct name="Dogwood" votes="4" />
                <Precinct name="Oak Ridge" votes="15" />
                <Precinct name="Jeff Davis" votes="8" />
                <Precinct name="Murphy" votes="4" />
                <Precinct name="Fielding Ridge" votes="5" />
                <Precinct name="Willowbend" votes="1" />
                <Precinct name="Camp Creek" votes="0" />
                <Precinct name="Rising Star" votes="2" />
                <Precinct name="Spring Hill" votes="8" />
                <Precinct name="Antioch" votes="0" />
            </VoteType>
            <VoteType name="Advance Voting Votes" votes="791">
                <Precinct name="Blackrock" votes="46" />
                <Precinct name="Brooks" votes="2" />
                <Precinct name="Europe" votes="95" />
                <Precinct name="Fayetteville East" votes="27" />
                <Precinct name="Fayetteville West" votes="45" />
                <Precinct name="Flint" votes="20" />
                <Precinct name="Hopeful" votes="28" />
                <Precinct name="Morning Creek" votes="36" />
                <Precinct name="Rareover" votes="18" />
                <Precinct name="Sandy Creek" votes="65" />
                <Precinct name="Shakerag East" votes="5" />
                <Precinct name="Shakerag West" votes="4" />
                <Precinct name="Starrs Mill" votes="15" />
                <Precinct name="Whitewater" votes="17" />
                <Precinct name="Woolsey" votes="6" />
                <Precinct name="McIntosh" votes="23" />
                <Precinct name="Oak Grove" votes="13" />
                <Precinct name="Kedron" votes="25" />
                <Precinct name="Aberdeen" votes="8" />
                <Precinct name="Windgate" votes="1" />
                <Precinct name="Flat Creek" votes="6" />
                <Precinct name="Braelinn" votes="3" />
                <Precinct name="Kenwood" votes="22" />
                <Precinct name="Banks" votes="17" />
                <Precinct name="Harps Crossing" votes="9" />
                <Precinct name="Willow Pond" votes="17" />
                <Precinct name="Dogwood" votes="36" />
                <Precinct name="Oak Ridge" votes="37" />
                <Precinct name="Jeff Davis" votes="27" />
                <Precinct name="Murphy" votes="29" />
                <Precinct name="Fielding Ridge" votes="13" />
                <Precinct name="Willowbend" votes="5" />
                <Precinct name="Camp Creek" votes="2" />
                <Precinct name="Rising Star" votes="9" />
                <Precinct name="Spring Hill" votes="55" />
                <Precinct name="Antioch" votes="5" />
            </VoteType>
            <VoteType name="Election Day Votes" votes="1273">
                <Precinct name="Blackrock" votes="89" />
                <Precinct name="Brooks" votes="5" />
                <Precinct name="Europe" votes="168" />
                <Precinct name="Fayetteville East" votes="26" />
                <Precinct name="Fayetteville West" votes="38" />
                <Precinct name="Flint" votes="42" />
                <Precinct name="Hopeful" votes="74" />
                <Precinct name="Morning Creek" votes="83" />
                <Precinct name="Rareover" votes="30" />
                <Precinct name="Sandy Creek" votes="111" />
                <Precinct name="Shakerag East" votes="5" />
                <Precinct name="Shakerag West" votes="6" />
                <Precinct name="Starrs Mill" votes="23" />
                <Precinct name="Whitewater" votes="15" />
                <Precinct name="Woolsey" votes="8" />
                <Precinct name="McIntosh" votes="19" />
                <Precinct name="Oak Grove" votes="12" />
                <Precinct name="Kedron" votes="44" />
                <Precinct name="Aberdeen" votes="8" />
                <Precinct name="Windgate" votes="9" />
                <Precinct name="Flat Creek" votes="12" />
                <Precinct name="Braelinn" votes="9" />
                <Precinct name="Kenwood" votes="35" />
                <Precinct name="Banks" votes="27" />
                <Precinct name="Harps Crossing" votes="17" />
                <Precinct name="Willow Pond" votes="45" />
                <Precinct name="Dogwood" votes="34" />
                <Precinct name="Oak Ridge" votes="69" />
                <Precinct name="Jeff Davis" votes="51" />
                <Precinct name="Murphy" votes="35" />
                <Precinct name="Fielding Ridge" votes="25" />
                <Precinct name="Willowbend" votes="12" />
                <Precinct name="Camp Creek" votes="7" />
                <Precinct name="Rising Star" votes="22" />
                <Precinct name="Spring Hill" votes="44" />
                <Precinct name="Antioch" votes="14" />
            </VoteType>
            <VoteType name="Provisional Votes" votes="3">
                <Precinct name="Blackrock" votes="0" />
                <Precinct name="Brooks" votes="0" />
                <Precinct name="Europe" votes="0" />
                <Precinct name="Fayetteville East" votes="0" />
                <Precinct name="Fayetteville West" votes="0" />
                <Precinct name="Flint" votes="0" />
                <Precinct name="Hopeful" votes="0" />
                <Precinct name="Morning Creek" votes="0" />
                <Precinct name="Rareover" votes="0" />
                <Precinct name="Sandy Creek" votes="1" />
                <Precinct name="Shakerag East" votes="0" />
                <Precinct name="Shakerag West" votes="0" />
                <Precinct name="Starrs Mill" votes="0" />
                <Precinct name="Whitewater" votes="0" />
                <Precinct name="Woolsey" votes="0" />
                <Precinct name="McIntosh" votes="0" />
                <Precinct name="Oak Grove" votes="0" />
                <Precinct name="Kedron" votes="1" />
                <Precinct name="Aberdeen" votes="0" />
                <Precinct name="Windgate" votes="0" />
                <Precinct name="Flat Creek" votes="0" />
                <Precinct name="Braelinn" votes="0" />
                <Precinct name="Kenwood" votes="0" />
                <Precinct name="Banks" votes="0" />
                <Precinct name="Harps Crossing" votes="0" />
                <Precinct name="Willow Pond" votes="0" />
                <Precinct name="Dogwood" votes="0" />
                <Precinct name="Oak Ridge" votes="0" />
                <Precinct name="Jeff Davis" votes="0" />
                <Precinct name="Murphy" votes="0" />
                <Precinct name="Fielding Ridge" votes="1" />
                <Precinct name="Willowbend" votes="0" />
                <Precinct name="Camp Creek" votes="0" />
                <Precinct name="Rising Star" votes="0" />
                <Precinct name="Spring Hill" votes="0" />
                <Precinct name="Antioch" votes="0" />
            </VoteType>
        </Choice>
        <Choice key="109" text="Nicole Horn" party="DEM" totalVotes="1291">
            <VoteType name="Absentee by Mail Votes" votes="108">
                <Precinct name="Blackrock" votes="9" />
                <Precinct name="Brooks" votes="2" />
                <Precinct name="Europe" votes="13" />
                <Precinct name="Fayetteville East" votes="3" />
                <Precinct name="Fayetteville West" votes="3" />
                <Precinct name="Flint" votes="0" />
                <Precinct name="Hopeful" votes="4" />
                <Precinct name="Morning Creek" votes="6" />
                <Precinct name="Rareover" votes="2" />
                <Precinct name="Sandy Creek" votes="4" />
                <Precinct name="Shakerag East" votes="3" />
                <Precinct name="Shakerag West" votes="1" />
                <Precinct name="Starrs Mill" votes="0" />
                <Precinct name="Whitewater" votes="3" />
                <Precinct name="Woolsey" votes="0" />
                <Precinct name="McIntosh" votes="3" />
                <Precinct name="Oak Grove" votes="0" />
                <Precinct name="Kedron" votes="4" />
                <Precinct name="Aberdeen" votes="0" />
                <Precinct name="Windgate" votes="2" />
                <Precinct name="Flat Creek" votes="3" />
                <Precinct name="Braelinn" votes="3" />
                <Precinct name="Kenwood" votes="4" />
                <Precinct name="Banks" votes="2" />
                <Precinct name="Harps Crossing" votes="1" />
                <Precinct name="Willow Pond" votes="8" />
                <Precinct name="Dogwood" votes="3" />
                <Precinct name="Oak Ridge" votes="4" />
                <Precinct name="Jeff Davis" votes="2" />
                <Precinct name="Murphy" votes="6" />
                <Precinct name="Fielding Ridge" votes="2" />
                <Precinct name="Willowbend" votes="0" />
                <Precinct name="Camp Creek" votes="2" />
                <Precinct name="Rising Star" votes="2" />
                <Precinct name="Spring Hill" votes="4" />
                <Precinct name="Antioch" votes="0" />
            </VoteType>
            <VoteType name="Advance Voting Votes" votes="393">
                <Precinct name="Blackrock" votes="27" />
                <Precinct name="Brooks" votes="3" />
                <Precinct name="Europe" votes="31" />
                <Precinct name="Fayetteville East" votes="9" />
                <Precinct name="Fayetteville West" votes="8" />
                <Precinct name="Flint" votes="14" />
                <Precinct name="Hopeful" votes="12" />
                <Precinct name="Morning Creek" votes="17" />
                <Precinct name="Rareover" votes="13" />
                <Precinct name="Sandy Creek" votes="44" />
                <Precinct name="Shakerag East" votes="3" />
                <Precinct name="Shakerag West" votes="6" />
                <Precinct name="Starrs Mill" votes="4" />
                <Precinct name="Whitewater" votes="12" />
                <Precinct name="Woolsey" votes="1" />
                <Precinct name="McIntosh" votes="8" />
                <Precinct name="Oak Grove" votes="6" />
                <Precinct name="Kedron" votes="14" />
                <Precinct name="Aberdeen" votes="4" />
                <Precinct name="Windgate" votes="5" />
                <Precinct name="Flat Creek" votes="5" />
                <Precinct name="Braelinn" votes="1" />
                <Precinct name="Kenwood" votes="7" />
                <Precinct name="Banks" votes="11" />
                <Precinct name="Harps Crossing" votes="8" />
                <Precinct name="Willow Pond" votes="9" />
                <Precinct name="Dogwood" votes="9" />
                <Precinct name="Oak Ridge" votes="10" />
                <Precinct name="Jeff Davis" votes="17" />
                <Precinct name="Murphy" votes="18" />
                <Precinct name="Fielding Ridge" votes="9" />
                <Precinct name="Willowbend" votes="5" />
                <Precinct name="Camp Creek" votes="8" />
                <Precinct name="Rising Star" votes="8" />
                <Precinct name="Spring Hill" votes="23" />
                <Precinct name="Antioch" votes="4" />
            </VoteType>
            <VoteType name="Election Day Votes" votes="784">
                <Precinct name="Blackrock" votes="41" />
                <Precinct name="Brooks" votes="4" />
                <Precinct name="Europe" votes="78" />
                <Precinct name="Fayetteville East" votes="18" />
                <Precinct name="Fayetteville West" votes="27" />
                <Precinct name="Flint" votes="30" />
                <Precinct name="Hopeful" votes="31" />
                <Precinct name="Morning Creek" votes="50" />
                <Precinct name="Rareover" votes="19" />
                <Precinct name="Sandy Creek" votes="53" />
                <Precinct name="Shakerag East" votes="13" />
                <Precinct name="Shakerag West" votes="9" />
                <Precinct name="Starrs Mill" votes="13" />
                <Precinct name="Whitewater" votes="20" />
                <Precinct name="Woolsey" votes="3" />
                <Precinct name="McIntosh" votes="14" />
                <Precinct name="Oak Grove" votes="6" />
                <Precinct name="Kedron" votes="32" />
                <Precinct name="Aberdeen" votes="16" />
                <Precinct name="Windgate" votes="10" />
                <Precinct name="Flat Creek" votes="16" />
                <Precinct name="Braelinn" votes="5" />
                <Precinct name="Kenwood" votes="22" />
                <Precinct name="Banks" votes="19" />
                <Precinct name="Harps Crossing" votes="17" />
                <Precinct name="Willow Pond" votes="32" />
                <Precinct name="Dogwood" votes="15" />
                <Precinct name="Oak Ridge" votes="36" />
                <Precinct name="Jeff Davis" votes="32" />
                <Precinct name="Murphy" votes="32" />
                <Precinct name="Fielding Ridge" votes="12" />
                <Precinct name="Willowbend" votes="3" />
                <Precinct name="Camp Creek" votes="11" />
                <Precinct name="Rising Star" votes="6" />
                <Precinct name="Spring Hill" votes="34" />
                <Precinct name="Antioch" votes="5" />
            </VoteType>
            <VoteType name="Provisional Votes" votes="6">
                <Precinct name="Blackrock" votes="1" />
                <Precinct name="Brooks" votes="0" />
                <Precinct name="Europe" votes="1" />
                <Precinct name="Fayetteville East" votes="0" />
                <Precinct name="Fayetteville West" votes="1" />
                <Precinct name="Flint" votes="0" />
                <Precinct name="Hopeful" votes="0" />
                <Precinct name="Morning Creek" votes="0" />
                <Precinct name="Rareover" votes="0" />
                <Precinct name="Sandy Creek" votes="0" />
                <Precinct name="Shakerag East" votes="0" />
                <Precinct name="Shakerag West" votes="0" />
                <Precinct name="Starrs Mill" votes="0" />
                <Precinct name="Whitewater" votes="0" />
                <Precinct name="Woolsey" votes="0" />
                <Precinct name="McIntosh" votes="0" />
                <Precinct name="Oak Grove" votes="0" />
                <Precinct name="Kedron" votes="0" />
                <Precinct name="Aberdeen" votes="1" />
                <Precinct name="Windgate" votes="0" />
                <Precinct name="Flat Creek" votes="0" />
                <Precinct name="Braelinn" votes="0" />
                <Precinct name="Kenwood" votes="1" />
                <Precinct name="Banks" votes="0" />
                <Precinct name="Harps Crossing" votes="0" />
                <Precinct name="Willow Pond" votes="0" />
                <Precinct name="Dogwood" votes="0" />
                <Precinct name="Oak Ridge" votes="0" />
                <Precinct name="Jeff Davis" votes="1" />
                <Precinct name="Murphy" votes="0" />
                <Precinct name="Fielding Ridge" votes="0" />
                <Precinct name="Willowbend" votes="0" />
                <Precinct name="Camp Creek" votes="0" />
                <Precinct name="Rising Star" votes="0" />
                <Precinct name="Spring Hill" votes="0" />
                <Precinct name="Antioch" votes="0" />
            </VoteType>
        </Choice>
    </Contest>
    <Contest key="48" text="DEM - County Board of Education Dist 4" voteFor="1" isQuestion="false" precinctsReporting="11" precinctsReported="11">
        <VoteType name="Undervotes" votes="71">
            <Precinct name="Blackrock" votes="12" />
            <Precinct name="Europe" votes="14" />
            <Precinct name="Fayetteville East" votes="4" />
            <Precinct name="Fayetteville West" votes="0" />
            <Precinct name="Hopeful" votes="8" />
            <Precinct name="Morning Creek" votes="3" />
            <Precinct name="Sandy Creek" votes="9" />
            <Precinct name="Kenwood" votes="5" />
            <Precinct name="Banks" votes="1" />
            <Precinct name="Oak Ridge" votes="10" />
            <Precinct name="Jeff Davis" votes="5" />
        </VoteType>
        <VoteType name="Overvotes" votes="0">
            <Precinct name="Blackrock" votes="0" />
            <Precinct name="Europe" votes="0" />
            <Precinct name="Fayetteville East" votes="0" />
            <Precinct name="Fayetteville West" votes="0" />
            <Precinct name="Hopeful" votes="0" />
            <Precinct name="Morning Creek" votes="0" />
            <Precinct name="Sandy Creek" votes="0" />
            <Precinct name="Kenwood" votes="0" />
            <Precinct name="Banks" votes="0" />
            <Precinct name="Oak Ridge" votes="0" />
            <Precinct name="Jeff Davis" votes="0" />
        </VoteType>
        <Choice key="150" text="Regina Daigre" party="DEM" totalVotes="1087">
            <VoteType name="Absentee by Mail Votes" votes="79">
                <Precinct name="Blackrock" votes="9" />
                <Precinct name="Europe" votes="20" />
                <Precinct name="Fayetteville East" votes="9" />
                <Precinct name="Fayetteville West" votes="2" />
                <Precinct name="Hopeful" votes="3" />
                <Precinct name="Morning Creek" votes="12" />
                <Precinct name="Sandy Creek" votes="9" />
                <Precinct name="Kenwood" votes="4" />
                <Precinct name="Banks" votes="0" />
                <Precinct name="Oak Ridge" votes="6" />
                <Precinct name="Jeff Davis" votes="5" />
            </VoteType>
            <VoteType name="Advance Voting Votes" votes="354">
                <Precinct name="Blackrock" votes="53" />
                <Precinct name="Europe" votes="79" />
                <Precinct name="Fayetteville East" votes="25" />
                <Precinct name="Fayetteville West" votes="10" />
                <Precinct name="Hopeful" votes="26" />
                <Precinct name="Morning Creek" votes="23" />
                <Precinct name="Sandy Creek" votes="56" />
                <Precinct name="Kenwood" votes="25" />
                <Precinct name="Banks" votes="3" />
                <Precinct name="Oak Ridge" votes="30" />
                <Precinct name="Jeff Davis" votes="24" />
            </VoteType>
            <VoteType name="Election Day Votes" votes="653">
                <Precinct name="Blackrock" votes="75" />
                <Precinct name="Europe" votes="142" />
                <Precinct name="Fayetteville East" votes="24" />
                <Precinct name="Fayetteville West" votes="12" />
                <Precinct name="Hopeful" votes="77" />
                <Precinct name="Morning Creek" votes="81" />
                <Precinct name="Sandy Creek" votes="101" />
                <Precinct name="Kenwood" votes="31" />
                <Precinct name="Banks" votes="8" />
                <Precinct name="Oak Ridge" votes="66" />
                <Precinct name="Jeff Davis" votes="36" />
            </VoteType>
            <VoteType name="Provisional Votes" votes="1">
                <Precinct name="Blackrock" votes="0" />
                <Precinct name="Europe" votes="0" />
                <Precinct name="Fayetteville East" votes="0" />
                <Precinct name="Fayetteville West" votes="0" />
                <Precinct name="Hopeful" votes="0" />
                <Precinct name="Morning Creek" votes="0" />
                <Precinct name="Sandy Creek" votes="0" />
                <Precinct name="Kenwood" votes="0" />
                <Precinct name="Banks" votes="0" />
                <Precinct name="Oak Ridge" votes="0" />
                <Precinct name="Jeff Davis" votes="1" />
            </VoteType>
        </Choice>
        <Choice key="152" text="Patty Mosley" party="DEM" totalVotes="609">
            <VoteType name="Absentee by Mail Votes" votes="66">
                <Precinct name="Blackrock" votes="7" />
                <Precinct name="Europe" votes="15" />
                <Precinct name="Fayetteville East" votes="2" />
                <Precinct name="Fayetteville West" votes="0" />
                <Precinct name="Hopeful" votes="6" />
                <Precinct name="Morning Creek" votes="12" />
                <Precinct name="Sandy Creek" votes="3" />
                <Precinct name="Kenwood" votes="3" />
                <Precinct name="Banks" votes="0" />
                <Precinct name="Oak Ridge" votes="13" />
                <Precinct name="Jeff Davis" votes="5" />
            </VoteType>
            <VoteType name="Advance Voting Votes" votes="169">
                <Precinct name="Blackrock" votes="19" />
                <Precinct name="Europe" votes="45" />
                <Precinct name="Fayetteville East" votes="11" />
                <Precinct name="Fayetteville West" votes="1" />
                <Precinct name="Hopeful" votes="12" />
                <Precinct name="Morning Creek" votes="20" />
                <Precinct name="Sandy Creek" votes="28" />
                <Precinct name="Kenwood" votes="5" />
                <Precinct name="Banks" votes="1" />
                <Precinct name="Oak Ridge" votes="14" />
                <Precinct name="Jeff Davis" votes="13" />
            </VoteType>
            <VoteType name="Election Day Votes" votes="374">
                <Precinct name="Blackrock" votes="52" />
                <Precinct name="Europe" votes="96" />
                <Precinct name="Fayetteville East" votes="20" />
                <Precinct name="Fayetteville West" votes="3" />
                <Precinct name="Hopeful" votes="24" />
                <Precinct name="Morning Creek" votes="44" />
                <Precinct name="Sandy Creek" votes="33" />
                <Precinct name="Kenwood" votes="25" />
                <Precinct name="Banks" votes="9" />
                <Precinct name="Oak Ridge" votes="36" />
                <Precinct name="Jeff Davis" votes="32" />
            </VoteType>
            <VoteType name="Provisional Votes" votes="0">
                <Precinct name="Blackrock" votes="0" />
                <Precinct name="Europe" votes="0" />
                <Precinct name="Fayetteville East" votes="0" />
                <Precinct name="Fayetteville West" votes="0" />
                <Precinct name="Hopeful" votes="0" />
                <Precinct name="Morning Creek" votes="0" />
                <Precinct name="Sandy Creek" votes="0" />
                <Precinct name="Kenwood" votes="0" />
                <Precinct name="Banks" votes="0" />
                <Precinct name="Oak Ridge" votes="0" />
                <Precinct name="Jeff Davis" votes="0" />
            </VoteType>
        </Choice>
    </Contest>
</ElectionResult>