<?xml version="1.0"?>
<!--Election result snapshot imported from Tabulation System
-->
<ElectionResult>
    <Timestamp>6/27/2022 3:47:57 PM EDT</Timestamp>
    <ElectionName>June 21, 2022 - General Primary -Nonpartisan General Election Runoff</ElectionName>
    <ElectionDate>6/21/2022</ElectionDate>
    <Region>Carroll</Region>
    <VoterTurnout totalVoters="0" ballotsCast="1001" voterTurnout="0.00">
        <Precincts>
            <Precinct name="Kansas" totalVoters="0" ballotsCast="3" voterTurnout="0.00" percentReporting="4" />
            <Precinct name="Bowdon" totalVoters="0" ballotsCast="23" voterTurnout="0.00" percentReporting="4" />
            <Precinct name="Sandhill" totalVoters="0" ballotsCast="53" voterTurnout="0.00" percentReporting="4" />
            <Precinct name="Center Point" totalVoters="0" ballotsCast="12" voterTurnout="0.00" percentReporting="4" />
            <Precinct name="Mt Zion" totalVoters="0" ballotsCast="15" voterTurnout="0.00" percentReporting="4" />
            <Precinct name="Burwell" totalVoters="0" ballotsCast="10" voterTurnout="0.00" percentReporting="4" />
            <Precinct name="Clem" totalVoters="0" ballotsCast="41" voterTurnout="0.00" percentReporting="4" />
            <Precinct name="Bowdon Junction" totalVoters="0" ballotsCast="14" voterTurnout="0.00" percentReporting="4" />
            <Precinct name="Tyus" totalVoters="0" ballotsCast="18" voterTurnout="0.00" percentReporting="4" />
            <Precinct name="Fairfield" totalVoters="0" ballotsCast="87" voterTurnout="0.00" percentReporting="4" />
            <Precinct name="Hulett" totalVoters="0" ballotsCast="17" voterTurnout="0.00" percentReporting="4" />
            <Precinct name="Bethany" totalVoters="0" ballotsCast="58" voterTurnout="0.00" percentReporting="4" />
            <Precinct name="V R County South" totalVoters="0" ballotsCast="22" voterTurnout="0.00" percentReporting="4" />
            <Precinct name="V R County North" totalVoters="0" ballotsCast="78" voterTurnout="0.00" percentReporting="4" />
            <Precinct name="Villa Rica City" totalVoters="0" ballotsCast="121" voterTurnout="0.00" percentReporting="4" />
            <Precinct name="Temple County" totalVoters="0" ballotsCast="27" voterTurnout="0.00" percentReporting="4" />
            <Precinct name="Temple City" totalVoters="0" ballotsCast="42" voterTurnout="0.00" percentReporting="4" />
            <Precinct name="Whitesburg" totalVoters="0" ballotsCast="27" voterTurnout="0.00" percentReporting="4" />
            <Precinct name="Roopville" totalVoters="0" ballotsCast="16" voterTurnout="0.00" percentReporting="4" />
            <Precinct name="West Carrollton" totalVoters="0" ballotsCast="75" voterTurnout="0.00" percentReporting="4" />
            <Precinct name="Lakeshore Rec Center" totalVoters="0" ballotsCast="36" voterTurnout="0.00" percentReporting="4" />
            <Precinct name="Bonner" totalVoters="0" ballotsCast="54" voterTurnout="0.00" percentReporting="4" />
            <Precinct name="University of W GA" totalVoters="0" ballotsCast="13" voterTurnout="0.00" percentReporting="4" />
            <Precinct name="County Admin Bldg" totalVoters="0" ballotsCast="38" voterTurnout="0.00" percentReporting="4" />
            <Precinct name="Tabernacle Church" totalVoters="0" ballotsCast="24" voterTurnout="0.00" percentReporting="4" />
            <Precinct name="Burson Center" totalVoters="0" ballotsCast="28" voterTurnout="0.00" percentReporting="4" />
            <Precinct name="Old Camp Church" totalVoters="0" ballotsCast="29" voterTurnout="0.00" percentReporting="4" />
            <Precinct name="Oak Grove" totalVoters="0" ballotsCast="20" voterTurnout="0.00" percentReporting="4" />
        </Precincts>
    </VoterTurnout>
    <Contest key="8" text="DEM - Lieutenant Governor" voteFor="1" isQuestion="false" precinctsReporting="28" precinctsReported="28">
        <VoteType name="Undervotes" votes="6">
            <Precinct name="Kansas" votes="0" />
            <Precinct name="Bowdon" votes="0" />
            <Precinct name="Sandhill" votes="0" />
            <Precinct name="Center Point" votes="0" />
            <Precinct name="Mt Zion" votes="0" />
            <Precinct name="Burwell" votes="0" />
            <Precinct name="Clem" votes="0" />
            <Precinct name="Bowdon Junction" votes="0" />
            <Precinct name="Tyus" votes="0" />
            <Precinct name="Fairfield" votes="2" />
            <Precinct name="Hulett" votes="0" />
            <Precinct name="Bethany" votes="0" />
            <Precinct name="V R County South" votes="0" />
            <Precinct name="V R County North" votes="0" />
            <Precinct name="Villa Rica City" votes="2" />
            <Precinct name="Temple County" votes="0" />
            <Precinct name="Temple City" votes="0" />
            <Precinct name="Whitesburg" votes="0" />
            <Precinct name="Roopville" votes="0" />
            <Precinct name="West Carrollton" votes="1" />
            <Precinct name="Lakeshore Rec Center" votes="0" />
            <Precinct name="Bonner" votes="0" />
            <Precinct name="University of W GA" votes="0" />
            <Precinct name="County Admin Bldg" votes="0" />
            <Precinct name="Tabernacle Church" votes="0" />
            <Precinct name="Burson Center" votes="0" />
            <Precinct name="Old Camp Church" votes="1" />
            <Precinct name="Oak Grove" votes="0" />
        </VoteType>
        <VoteType name="Overvotes" votes="0">
            <Precinct name="Kansas" votes="0" />
            <Precinct name="Bowdon" votes="0" />
            <Precinct name="Sandhill" votes="0" />
            <Precinct name="Center Point" votes="0" />
            <Precinct name="Mt Zion" votes="0" />
            <Precinct name="Burwell" votes="0" />
            <Precinct name="Clem" votes="0" />
            <Precinct name="Bowdon Junction" votes="0" />
            <Precinct name="Tyus" votes="0" />
            <Precinct name="Fairfield" votes="0" />
            <Precinct name="Hulett" votes="0" />
            <Precinct name="Bethany" votes="0" />
            <Precinct name="V R County South" votes="0" />
            <Precinct name="V R County North" votes="0" />
            <Precinct name="Villa Rica City" votes="0" />
            <Precinct name="Temple County" votes="0" />
            <Precinct name="Temple City" votes="0" />
            <Precinct name="Whitesburg" votes="0" />
            <Precinct name="Roopville" votes="0" />
            <Precinct name="West Carrollton" votes="0" />
            <Precinct name="Lakeshore Rec Center" votes="0" />
            <Precinct name="Bonner" votes="0" />
            <Precinct name="University of W GA" votes="0" />
            <Precinct name="County Admin Bldg" votes="0" />
            <Precinct name="Tabernacle Church" votes="0" />
            <Precinct name="Burson Center" votes="0" />
            <Precinct name="Old Camp Church" votes="0" />
            <Precinct name="Oak Grove" votes="0" />
        </VoteType>
        <Choice key="67" text="Charlie Bailey" party="DEM" totalVotes="753">
            <VoteType name="Absentee by Mail Votes" votes="92">
                <Precinct name="Kansas" votes="0" />
                <Precinct name="Bowdon" votes="0" />
                <Precinct name="Sandhill" votes="5" />
                <Precinct name="Center Point" votes="1" />
                <Precinct name="Mt Zion" votes="4" />
                <Precinct name="Burwell" votes="2" />
                <Precinct name="Clem" votes="7" />
                <Precinct name="Bowdon Junction" votes="2" />
                <Precinct name="Tyus" votes="1" />
                <Precinct name="Fairfield" votes="11" />
                <Precinct name="Hulett" votes="3" />
                <Precinct name="Bethany" votes="8" />
                <Precinct name="V R County South" votes="2" />
                <Precinct name="V R County North" votes="4" />
                <Precinct name="Villa Rica City" votes="17" />
                <Precinct name="Temple County" votes="4" />
                <Precinct name="Temple City" votes="0" />
                <Precinct name="Whitesburg" votes="1" />
                <Precinct name="Roopville" votes="0" />
                <Precinct name="West Carrollton" votes="3" />
                <Precinct name="Lakeshore Rec Center" votes="2" />
                <Precinct name="Bonner" votes="2" />
                <Precinct name="University of W GA" votes="0" />
                <Precinct name="County Admin Bldg" votes="1" />
                <Precinct name="Tabernacle Church" votes="6" />
                <Precinct name="Burson Center" votes="2" />
                <Precinct name="Old Camp Church" votes="1" />
                <Precinct name="Oak Grove" votes="3" />
            </VoteType>
            <VoteType name="Advance Voting Votes" votes="169">
                <Precinct name="Kansas" votes="2" />
                <Precinct name="Bowdon" votes="1" />
                <Precinct name="Sandhill" votes="5" />
                <Precinct name="Center Point" votes="2" />
                <Precinct name="Mt Zion" votes="2" />
                <Precinct name="Burwell" votes="1" />
                <Precinct name="Clem" votes="8" />
                <Precinct name="Bowdon Junction" votes="4" />
                <Precinct name="Tyus" votes="2" />
                <Precinct name="Fairfield" votes="16" />
                <Precinct name="Hulett" votes="2" />
                <Precinct name="Bethany" votes="16" />
                <Precinct name="V R County South" votes="0" />
                <Precinct name="V R County North" votes="9" />
                <Precinct name="Villa Rica City" votes="12" />
                <Precinct name="Temple County" votes="1" />
                <Precinct name="Temple City" votes="4" />
                <Precinct name="Whitesburg" votes="1" />
                <Precinct name="Roopville" votes="4" />
                <Precinct name="West Carrollton" votes="23" />
                <Precinct name="Lakeshore Rec Center" votes="6" />
                <Precinct name="Bonner" votes="16" />
                <Precinct name="University of W GA" votes="3" />
                <Precinct name="County Admin Bldg" votes="10" />
                <Precinct name="Tabernacle Church" votes="5" />
                <Precinct name="Burson Center" votes="4" />
                <Precinct name="Old Camp Church" votes="8" />
                <Precinct name="Oak Grove" votes="2" />
            </VoteType>
            <VoteType name="Election Day Votes" votes="492">
                <Precinct name="Kansas" votes="1" />
                <Precinct name="Bowdon" votes="13" />
                <Precinct name="Sandhill" votes="25" />
                <Precinct name="Center Point" votes="7" />
                <Precinct name="Mt Zion" votes="5" />
                <Precinct name="Burwell" votes="3" />
                <Precinct name="Clem" votes="20" />
                <Precinct name="Bowdon Junction" votes="6" />
                <Precinct name="Tyus" votes="10" />
                <Precinct name="Fairfield" votes="40" />
                <Precinct name="Hulett" votes="9" />
                <Precinct name="Bethany" votes="16" />
                <Precinct name="V R County South" votes="15" />
                <Precinct name="V R County North" votes="47" />
                <Precinct name="Villa Rica City" votes="66" />
                <Precinct name="Temple County" votes="14" />
                <Precinct name="Temple City" votes="26" />
                <Precinct name="Whitesburg" votes="23" />
                <Precinct name="Roopville" votes="9" />
                <Precinct name="West Carrollton" votes="25" />
                <Precinct name="Lakeshore Rec Center" votes="22" />
                <Precinct name="Bonner" votes="18" />
                <Precinct name="University of W GA" votes="7" />
                <Precinct name="County Admin Bldg" votes="14" />
                <Precinct name="Tabernacle Church" votes="12" />
                <Precinct name="Burson Center" votes="15" />
                <Precinct name="Old Camp Church" votes="12" />
                <Precinct name="Oak Grove" votes="12" />
            </VoteType>
            <VoteType name="Provisional Votes" votes="0">
                <Precinct name="Kansas" votes="0" />
                <Precinct name="Bowdon" votes="0" />
                <Precinct name="Sandhill" votes="0" />
                <Precinct name="Center Point" votes="0" />
                <Precinct name="Mt Zion" votes="0" />
                <Precinct name="Burwell" votes="0" />
                <Precinct name="Clem" votes="0" />
                <Precinct name="Bowdon Junction" votes="0" />
                <Precinct name="Tyus" votes="0" />
                <Precinct name="Fairfield" votes="0" />
                <Precinct name="Hulett" votes="0" />
                <Precinct name="Bethany" votes="0" />
                <Precinct name="V R County South" votes="0" />
                <Precinct name="V R County North" votes="0" />
                <Precinct name="Villa Rica City" votes="0" />
                <Precinct name="Temple County" votes="0" />
                <Precinct name="Temple City" votes="0" />
                <Precinct name="Whitesburg" votes="0" />
                <Precinct name="Roopville" votes="0" />
                <Precinct name="West Carrollton" votes="0" />
                <Precinct name="Lakeshore Rec Center" votes="0" />
                <Precinct name="Bonner" votes="0" />
                <Precinct name="University of W GA" votes="0" />
                <Precinct name="County Admin Bldg" votes="0" />
                <Precinct name="Tabernacle Church" votes="0" />
                <Precinct name="Burson Center" votes="0" />
                <Precinct name="Old Camp Church" votes="0" />
                <Precinct name="Oak Grove" votes="0" />
            </VoteType>
        </Choice>
        <Choice key="70" text="Kwanza Hall" party="DEM" totalVotes="242">
            <VoteType name="Absentee by Mail Votes" votes="35">
                <Precinct name="Kansas" votes="0" />
                <Precinct name="Bowdon" votes="0" />
                <Precinct name="Sandhill" votes="4" />
                <Precinct name="Center Point" votes="0" />
                <Precinct name="Mt Zion" votes="0" />
                <Precinct name="Burwell" votes="0" />
                <Precinct name="Clem" votes="3" />
                <Precinct name="Bowdon Junction" votes="0" />
                <Precinct name="Tyus" votes="3" />
                <Precinct name="Fairfield" votes="3" />
                <Precinct name="Hulett" votes="0" />
                <Precinct name="Bethany" votes="3" />
                <Precinct name="V R County South" votes="1" />
                <Precinct name="V R County North" votes="4" />
                <Precinct name="Villa Rica City" votes="2" />
                <Precinct name="Temple County" votes="4" />
                <Precinct name="Temple City" votes="0" />
                <Precinct name="Whitesburg" votes="0" />
                <Precinct name="Roopville" votes="0" />
                <Precinct name="West Carrollton" votes="2" />
                <Precinct name="Lakeshore Rec Center" votes="0" />
                <Precinct name="Bonner" votes="2" />
                <Precinct name="University of W GA" votes="1" />
                <Precinct name="County Admin Bldg" votes="1" />
                <Precinct name="Tabernacle Church" votes="0" />
                <Precinct name="Burson Center" votes="1" />
                <Precinct name="Old Camp Church" votes="1" />
                <Precinct name="Oak Grove" votes="0" />
            </VoteType>
            <VoteType name="Advance Voting Votes" votes="44">
                <Precinct name="Kansas" votes="0" />
                <Precinct name="Bowdon" votes="3" />
                <Precinct name="Sandhill" votes="8" />
                <Precinct name="Center Point" votes="1" />
                <Precinct name="Mt Zion" votes="0" />
                <Precinct name="Burwell" votes="1" />
                <Precinct name="Clem" votes="0" />
                <Precinct name="Bowdon Junction" votes="1" />
                <Precinct name="Tyus" votes="0" />
                <Precinct name="Fairfield" votes="2" />
                <Precinct name="Hulett" votes="0" />
                <Precinct name="Bethany" votes="4" />
                <Precinct name="V R County South" votes="1" />
                <Precinct name="V R County North" votes="0" />
                <Precinct name="Villa Rica City" votes="4" />
                <Precinct name="Temple County" votes="0" />
                <Precinct name="Temple City" votes="2" />
                <Precinct name="Whitesburg" votes="0" />
                <Precinct name="Roopville" votes="0" />
                <Precinct name="West Carrollton" votes="4" />
                <Precinct name="Lakeshore Rec Center" votes="2" />
                <Precinct name="Bonner" votes="5" />
                <Precinct name="University of W GA" votes="0" />
                <Precinct name="County Admin Bldg" votes="4" />
                <Precinct name="Tabernacle Church" votes="0" />
                <Precinct name="Burson Center" votes="2" />
                <Precinct name="Old Camp Church" votes="0" />
                <Precinct name="Oak Grove" votes="0" />
            </VoteType>
            <VoteType name="Election Day Votes" votes="163">
                <Precinct name="Kansas" votes="0" />
                <Precinct name="Bowdon" votes="6" />
                <Precinct name="Sandhill" votes="6" />
                <Precinct name="Center Point" votes="1" />
                <Precinct name="Mt Zion" votes="4" />
                <Precinct name="Burwell" votes="3" />
                <Precinct name="Clem" votes="3" />
                <Precinct name="Bowdon Junction" votes="1" />
                <Precinct name="Tyus" votes="2" />
                <Precinct name="Fairfield" votes="13" />
                <Precinct name="Hulett" votes="3" />
                <Precinct name="Bethany" votes="11" />
                <Precinct name="V R County South" votes="3" />
                <Precinct name="V R County North" votes="14" />
                <Precinct name="Villa Rica City" votes="18" />
                <Precinct name="Temple County" votes="4" />
                <Precinct name="Temple City" votes="10" />
                <Precinct name="Whitesburg" votes="2" />
                <Precinct name="Roopville" votes="3" />
                <Precinct name="West Carrollton" votes="17" />
                <Precinct name="Lakeshore Rec Center" votes="4" />
                <Precinct name="Bonner" votes="11" />
                <Precinct name="University of W GA" votes="2" />
                <Precinct name="County Admin Bldg" votes="8" />
                <Precinct name="Tabernacle Church" votes="1" />
                <Precinct name="Burson Center" votes="4" />
                <Precinct name="Old Camp Church" votes="6" />
                <Precinct name="Oak Grove" votes="3" />
            </VoteType>
            <VoteType name="Provisional Votes" votes="0">
                <Precinct name="Kansas" votes="0" />
                <Precinct name="Bowdon" votes="0" />
                <Precinct name="Sandhill" votes="0" />
                <Precinct name="Center Point" votes="0" />
                <Precinct name="Mt Zion" votes="0" />
                <Precinct name="Burwell" votes="0" />
                <Precinct name="Clem" votes="0" />
                <Precinct name="Bowdon Junction" votes="0" />
                <Precinct name="Tyus" votes="0" />
                <Precinct name="Fairfield" votes="0" />
                <Precinct name="Hulett" votes="0" />
                <Precinct name="Bethany" votes="0" />
                <Precinct name="V R County South" votes="0" />
                <Precinct name="V R County North" votes="0" />
                <Precinct name="Villa Rica City" votes="0" />
                <Precinct name="Temple County" votes="0" />
                <Precinct name="Temple City" votes="0" />
                <Precinct name="Whitesburg" votes="0" />
                <Precinct name="Roopville" votes="0" />
                <Precinct name="West Carrollton" votes="0" />
                <Precinct name="Lakeshore Rec Center" votes="0" />
                <Precinct name="Bonner" votes="0" />
                <Precinct name="University of W GA" votes="0" />
                <Precinct name="County Admin Bldg" votes="0" />
                <Precinct name="Tabernacle Church" votes="0" />
                <Precinct name="Burson Center" votes="0" />
                <Precinct name="Old Camp Church" votes="0" />
                <Precinct name="Oak Grove" votes="0" />
            </VoteType>
        </Choice>
    </Contest>
    <Contest key="10" text="DEM - Secretary of State" voteFor="1" isQuestion="false" precinctsReporting="28" precinctsReported="28">
        <VoteType name="Undervotes" votes="11">
            <Precinct name="Kansas" votes="0" />
            <Precinct name="Bowdon" votes="1" />
            <Precinct name="Sandhill" votes="1" />
            <Precinct name="Center Point" votes="0" />
            <Precinct name="Mt Zion" votes="0" />
            <Precinct name="Burwell" votes="0" />
            <Precinct name="Clem" votes="0" />
            <Precinct name="Bowdon Junction" votes="1" />
            <Precinct name="Tyus" votes="0" />
            <Precinct name="Fairfield" votes="1" />
            <Precinct name="Hulett" votes="0" />
            <Precinct name="Bethany" votes="0" />
            <Precinct name="V R County South" votes="0" />
            <Precinct name="V R County North" votes="1" />
            <Precinct name="Villa Rica City" votes="1" />
            <Precinct name="Temple County" votes="0" />
            <Precinct name="Temple City" votes="0" />
            <Precinct name="Whitesburg" votes="0" />
            <Precinct name="Roopville" votes="0" />
            <Precinct name="West Carrollton" votes="2" />
            <Precinct name="Lakeshore Rec Center" votes="1" />
            <Precinct name="Bonner" votes="0" />
            <Precinct name="University of W GA" votes="0" />
            <Precinct name="County Admin Bldg" votes="1" />
            <Precinct name="Tabernacle Church" votes="0" />
            <Precinct name="Burson Center" votes="0" />
            <Precinct name="Old Camp Church" votes="0" />
            <Precinct name="Oak Grove" votes="1" />
        </VoteType>
        <VoteType name="Overvotes" votes="0">
            <Precinct name="Kansas" votes="0" />
            <Precinct name="Bowdon" votes="0" />
            <Precinct name="Sandhill" votes="0" />
            <Precinct name="Center Point" votes="0" />
            <Precinct name="Mt Zion" votes="0" />
            <Precinct name="Burwell" votes="0" />
            <Precinct name="Clem" votes="0" />
            <Precinct name="Bowdon Junction" votes="0" />
            <Precinct name="Tyus" votes="0" />
            <Precinct name="Fairfield" votes="0" />
            <Precinct name="Hulett" votes="0" />
            <Precinct name="Bethany" votes="0" />
            <Precinct name="V R County South" votes="0" />
            <Precinct name="V R County North" votes="0" />
            <Precinct name="Villa Rica City" votes="0" />
            <Precinct name="Temple County" votes="0" />
            <Precinct name="Temple City" votes="0" />
            <Precinct name="Whitesburg" votes="0" />
            <Precinct name="Roopville" votes="0" />
            <Precinct name="West Carrollton" votes="0" />
            <Precinct name="Lakeshore Rec Center" votes="0" />
            <Precinct name="Bonner" votes="0" />
            <Precinct name="University of W GA" votes="0" />
            <Precinct name="County Admin Bldg" votes="0" />
            <Precinct name="Tabernacle Church" votes="0" />
            <Precinct name="Burson Center" votes="0" />
            <Precinct name="Old Camp Church" votes="0" />
            <Precinct name="Oak Grove" votes="0" />
        </VoteType>
        <Choice key="79" text="Dee Dawkins-Haigler" party="DEM" totalVotes="153">
            <VoteType name="Absentee by Mail Votes" votes="10">
                <Precinct name="Kansas" votes="0" />
                <Precinct name="Bowdon" votes="0" />
                <Precinct name="Sandhill" votes="0" />
                <Precinct name="Center Point" votes="0" />
                <Precinct name="Mt Zion" votes="0" />
                <Precinct name="Burwell" votes="0" />
                <Precinct name="Clem" votes="1" />
                <Precinct name="Bowdon Junction" votes="0" />
                <Precinct name="Tyus" votes="1" />
                <Precinct name="Fairfield" votes="3" />
                <Precinct name="Hulett" votes="0" />
                <Precinct name="Bethany" votes="0" />
                <Precinct name="V R County South" votes="0" />
                <Precinct name="V R County North" votes="0" />
                <Precinct name="Villa Rica City" votes="1" />
                <Precinct name="Temple County" votes="1" />
                <Precinct name="Temple City" votes="0" />
                <Precinct name="Whitesburg" votes="0" />
                <Precinct name="Roopville" votes="0" />
                <Precinct name="West Carrollton" votes="0" />
                <Precinct name="Lakeshore Rec Center" votes="0" />
                <Precinct name="Bonner" votes="0" />
                <Precinct name="University of W GA" votes="1" />
                <Precinct name="County Admin Bldg" votes="0" />
                <Precinct name="Tabernacle Church" votes="0" />
                <Precinct name="Burson Center" votes="1" />
                <Precinct name="Old Camp Church" votes="0" />
                <Precinct name="Oak Grove" votes="1" />
            </VoteType>
            <VoteType name="Advance Voting Votes" votes="31">
                <Precinct name="Kansas" votes="0" />
                <Precinct name="Bowdon" votes="2" />
                <Precinct name="Sandhill" votes="3" />
                <Precinct name="Center Point" votes="0" />
                <Precinct name="Mt Zion" votes="1" />
                <Precinct name="Burwell" votes="0" />
                <Precinct name="Clem" votes="1" />
                <Precinct name="Bowdon Junction" votes="0" />
                <Precinct name="Tyus" votes="0" />
                <Precinct name="Fairfield" votes="1" />
                <Precinct name="Hulett" votes="0" />
                <Precinct name="Bethany" votes="2" />
                <Precinct name="V R County South" votes="0" />
                <Precinct name="V R County North" votes="2" />
                <Precinct name="Villa Rica City" votes="5" />
                <Precinct name="Temple County" votes="0" />
                <Precinct name="Temple City" votes="1" />
                <Precinct name="Whitesburg" votes="0" />
                <Precinct name="Roopville" votes="1" />
                <Precinct name="West Carrollton" votes="6" />
                <Precinct name="Lakeshore Rec Center" votes="0" />
                <Precinct name="Bonner" votes="3" />
                <Precinct name="University of W GA" votes="1" />
                <Precinct name="County Admin Bldg" votes="0" />
                <Precinct name="Tabernacle Church" votes="0" />
                <Precinct name="Burson Center" votes="2" />
                <Precinct name="Old Camp Church" votes="0" />
                <Precinct name="Oak Grove" votes="0" />
            </VoteType>
            <VoteType name="Election Day Votes" votes="112">
                <Precinct name="Kansas" votes="0" />
                <Precinct name="Bowdon" votes="1" />
                <Precinct name="Sandhill" votes="6" />
                <Precinct name="Center Point" votes="2" />
                <Precinct name="Mt Zion" votes="3" />
                <Precinct name="Burwell" votes="0" />
                <Precinct name="Clem" votes="2" />
                <Precinct name="Bowdon Junction" votes="1" />
                <Precinct name="Tyus" votes="2" />
                <Precinct name="Fairfield" votes="7" />
                <Precinct name="Hulett" votes="2" />
                <Precinct name="Bethany" votes="7" />
                <Precinct name="V R County South" votes="1" />
                <Precinct name="V R County North" votes="12" />
                <Precinct name="Villa Rica City" votes="22" />
                <Precinct name="Temple County" votes="2" />
                <Precinct name="Temple City" votes="11" />
                <Precinct name="Whitesburg" votes="2" />
                <Precinct name="Roopville" votes="1" />
                <Precinct name="West Carrollton" votes="12" />
                <Precinct name="Lakeshore Rec Center" votes="3" />
                <Precinct name="Bonner" votes="4" />
                <Precinct name="University of W GA" votes="0" />
                <Precinct name="County Admin Bldg" votes="4" />
                <Precinct name="Tabernacle Church" votes="0" />
                <Precinct name="Burson Center" votes="3" />
                <Precinct name="Old Camp Church" votes="1" />
                <Precinct name="Oak Grove" votes="1" />
            </VoteType>
            <VoteType name="Provisional Votes" votes="0">
                <Precinct name="Kansas" votes="0" />
                <Precinct name="Bowdon" votes="0" />
                <Precinct name="Sandhill" votes="0" />
                <Precinct name="Center Point" votes="0" />
                <Precinct name="Mt Zion" votes="0" />
                <Precinct name="Burwell" votes="0" />
                <Precinct name="Clem" votes="0" />
                <Precinct name="Bowdon Junction" votes="0" />
                <Precinct name="Tyus" votes="0" />
                <Precinct name="Fairfield" votes="0" />
                <Precinct name="Hulett" votes="0" />
                <Precinct name="Bethany" votes="0" />
                <Precinct name="V R County South" votes="0" />
                <Precinct name="V R County North" votes="0" />
                <Precinct name="Villa Rica City" votes="0" />
                <Precinct name="Temple County" votes="0" />
                <Precinct name="Temple City" votes="0" />
                <Precinct name="Whitesburg" votes="0" />
                <Precinct name="Roopville" votes="0" />
                <Precinct name="West Carrollton" votes="0" />
                <Precinct name="Lakeshore Rec Center" votes="0" />
                <Precinct name="Bonner" votes="0" />
                <Precinct name="University of W GA" votes="0" />
                <Precinct name="County Admin Bldg" votes="0" />
                <Precinct name="Tabernacle Church" votes="0" />
                <Precinct name="Burson Center" votes="0" />
                <Precinct name="Old Camp Church" votes="0" />
                <Precinct name="Oak Grove" votes="0" />
            </VoteType>
        </Choice>
        <Choice key="82" text="Bee Nguyen" party="DEM" totalVotes="837">
            <VoteType name="Absentee by Mail Votes" votes="117">
                <Precinct name="Kansas" votes="0" />
                <Precinct name="Bowdon" votes="0" />
                <Precinct name="Sandhill" votes="9" />
                <Precinct name="Center Point" votes="1" />
                <Precinct name="Mt Zion" votes="4" />
                <Precinct name="Burwell" votes="2" />
                <Precinct name="Clem" votes="9" />
                <Precinct name="Bowdon Junction" votes="2" />
                <Precinct name="Tyus" votes="3" />
                <Precinct name="Fairfield" votes="11" />
                <Precinct name="Hulett" votes="3" />
                <Precinct name="Bethany" votes="11" />
                <Precinct name="V R County South" votes="3" />
                <Precinct name="V R County North" votes="8" />
                <Precinct name="Villa Rica City" votes="18" />
                <Precinct name="Temple County" votes="7" />
                <Precinct name="Temple City" votes="0" />
                <Precinct name="Whitesburg" votes="1" />
                <Precinct name="Roopville" votes="0" />
                <Precinct name="West Carrollton" votes="5" />
                <Precinct name="Lakeshore Rec Center" votes="2" />
                <Precinct name="Bonner" votes="4" />
                <Precinct name="University of W GA" votes="0" />
                <Precinct name="County Admin Bldg" votes="2" />
                <Precinct name="Tabernacle Church" votes="6" />
                <Precinct name="Burson Center" votes="2" />
                <Precinct name="Old Camp Church" votes="2" />
                <Precinct name="Oak Grove" votes="2" />
            </VoteType>
            <VoteType name="Advance Voting Votes" votes="179">
                <Precinct name="Kansas" votes="2" />
                <Precinct name="Bowdon" votes="2" />
                <Precinct name="Sandhill" votes="10" />
                <Precinct name="Center Point" votes="3" />
                <Precinct name="Mt Zion" votes="1" />
                <Precinct name="Burwell" votes="2" />
                <Precinct name="Clem" votes="7" />
                <Precinct name="Bowdon Junction" votes="4" />
                <Precinct name="Tyus" votes="2" />
                <Precinct name="Fairfield" votes="17" />
                <Precinct name="Hulett" votes="2" />
                <Precinct name="Bethany" votes="18" />
                <Precinct name="V R County South" votes="1" />
                <Precinct name="V R County North" votes="7" />
                <Precinct name="Villa Rica City" votes="11" />
                <Precinct name="Temple County" votes="1" />
                <Precinct name="Temple City" votes="5" />
                <Precinct name="Whitesburg" votes="1" />
                <Precinct name="Roopville" votes="3" />
                <Precinct name="West Carrollton" votes="21" />
                <Precinct name="Lakeshore Rec Center" votes="7" />
                <Precinct name="Bonner" votes="18" />
                <Precinct name="University of W GA" votes="2" />
                <Precinct name="County Admin Bldg" votes="13" />
                <Precinct name="Tabernacle Church" votes="5" />
                <Precinct name="Burson Center" votes="4" />
                <Precinct name="Old Camp Church" votes="8" />
                <Precinct name="Oak Grove" votes="2" />
            </VoteType>
            <VoteType name="Election Day Votes" votes="541">
                <Precinct name="Kansas" votes="1" />
                <Precinct name="Bowdon" votes="17" />
                <Precinct name="Sandhill" votes="24" />
                <Precinct name="Center Point" votes="6" />
                <Precinct name="Mt Zion" votes="6" />
                <Precinct name="Burwell" votes="6" />
                <Precinct name="Clem" votes="21" />
                <Precinct name="Bowdon Junction" votes="6" />
                <Precinct name="Tyus" votes="10" />
                <Precinct name="Fairfield" votes="47" />
                <Precinct name="Hulett" votes="10" />
                <Precinct name="Bethany" votes="20" />
                <Precinct name="V R County South" votes="17" />
                <Precinct name="V R County North" votes="48" />
                <Precinct name="Villa Rica City" votes="63" />
                <Precinct name="Temple County" votes="16" />
                <Precinct name="Temple City" votes="25" />
                <Precinct name="Whitesburg" votes="23" />
                <Precinct name="Roopville" votes="11" />
                <Precinct name="West Carrollton" votes="29" />
                <Precinct name="Lakeshore Rec Center" votes="23" />
                <Precinct name="Bonner" votes="25" />
                <Precinct name="University of W GA" votes="9" />
                <Precinct name="County Admin Bldg" votes="18" />
                <Precinct name="Tabernacle Church" votes="13" />
                <Precinct name="Burson Center" votes="16" />
                <Precinct name="Old Camp Church" votes="18" />
                <Precinct name="Oak Grove" votes="13" />
            </VoteType>
            <VoteType name="Provisional Votes" votes="0">
                <Precinct name="Kansas" votes="0" />
                <Precinct name="Bowdon" votes="0" />
                <Precinct name="Sandhill" votes="0" />
                <Precinct name="Center Point" votes="0" />
                <Precinct name="Mt Zion" votes="0" />
                <Precinct name="Burwell" votes="0" />
                <Precinct name="Clem" votes="0" />
                <Precinct name="Bowdon Junction" votes="0" />
                <Precinct name="Tyus" votes="0" />
                <Precinct name="Fairfield" votes="0" />
                <Precinct name="Hulett" votes="0" />
                <Precinct name="Bethany" votes="0" />
                <Precinct name="V R County South" votes="0" />
                <Precinct name="V R County North" votes="0" />
                <Precinct name="Villa Rica City" votes="0" />
                <Precinct name="Temple County" votes="0" />
                <Precinct name="Temple City" votes="0" />
                <Precinct name="Whitesburg" votes="0" />
                <Precinct name="Roopville" votes="0" />
                <Precinct name="West Carrollton" votes="0" />
                <Precinct name="Lakeshore Rec Center" votes="0" />
                <Precinct name="Bonner" votes="0" />
                <Precinct name="University of W GA" votes="0" />
                <Precinct name="County Admin Bldg" votes="0" />
                <Precinct name="Tabernacle Church" votes="0" />
                <Precinct name="Burson Center" votes="0" />
                <Precinct name="Old Camp Church" votes="0" />
                <Precinct name="Oak Grove" votes="0" />
            </VoteType>
        </Choice>
    </Contest>
    <Contest key="16" text="DEM - Commissioner Of Insurance" voteFor="1" isQuestion="false" precinctsReporting="28" precinctsReported="28">
        <VoteType name="Undervotes" votes="34">
            <Precinct name="Kansas" votes="0" />
            <Precinct name="Bowdon" votes="0" />
            <Precinct name="Sandhill" votes="3" />
            <Precinct name="Center Point" votes="2" />
            <Precinct name="Mt Zion" votes="2" />
            <Precinct name="Burwell" votes="1" />
            <Precinct name="Clem" votes="0" />
            <Precinct name="Bowdon Junction" votes="1" />
            <Precinct name="Tyus" votes="1" />
            <Precinct name="Fairfield" votes="4" />
            <Precinct name="Hulett" votes="0" />
            <Precinct name="Bethany" votes="2" />
            <Precinct name="V R County South" votes="0" />
            <Precinct name="V R County North" votes="2" />
            <Precinct name="Villa Rica City" votes="1" />
            <Precinct name="Temple County" votes="1" />
            <Precinct name="Temple City" votes="0" />
            <Precinct name="Whitesburg" votes="1" />
            <Precinct name="Roopville" votes="0" />
            <Precinct name="West Carrollton" votes="4" />
            <Precinct name="Lakeshore Rec Center" votes="2" />
            <Precinct name="Bonner" votes="3" />
            <Precinct name="University of W GA" votes="0" />
            <Precinct name="County Admin Bldg" votes="2" />
            <Precinct name="Tabernacle Church" votes="1" />
            <Precinct name="Burson Center" votes="0" />
            <Precinct name="Old Camp Church" votes="0" />
            <Precinct name="Oak Grove" votes="1" />
        </VoteType>
        <VoteType name="Overvotes" votes="0">
            <Precinct name="Kansas" votes="0" />
            <Precinct name="Bowdon" votes="0" />
            <Precinct name="Sandhill" votes="0" />
            <Precinct name="Center Point" votes="0" />
            <Precinct name="Mt Zion" votes="0" />
            <Precinct name="Burwell" votes="0" />
            <Precinct name="Clem" votes="0" />
            <Precinct name="Bowdon Junction" votes="0" />
            <Precinct name="Tyus" votes="0" />
            <Precinct name="Fairfield" votes="0" />
            <Precinct name="Hulett" votes="0" />
            <Precinct name="Bethany" votes="0" />
            <Precinct name="V R County South" votes="0" />
            <Precinct name="V R County North" votes="0" />
            <Precinct name="Villa Rica City" votes="0" />
            <Precinct name="Temple County" votes="0" />
            <Precinct name="Temple City" votes="0" />
            <Precinct name="Whitesburg" votes="0" />
            <Precinct name="Roopville" votes="0" />
            <Precinct name="West Carrollton" votes="0" />
            <Precinct name="Lakeshore Rec Center" votes="0" />
            <Precinct name="Bonner" votes="0" />
            <Precinct name="University of W GA" votes="0" />
            <Precinct name="County Admin Bldg" votes="0" />
            <Precinct name="Tabernacle Church" votes="0" />
            <Precinct name="Burson Center" votes="0" />
            <Precinct name="Old Camp Church" votes="0" />
            <Precinct name="Oak Grove" votes="0" />
        </VoteType>
        <Choice key="95" text="Raphael Baker" party="DEM" totalVotes="375">
            <VoteType name="Absentee by Mail Votes" votes="38">
                <Precinct name="Kansas" votes="0" />
                <Precinct name="Bowdon" votes="0" />
                <Precinct name="Sandhill" votes="4" />
                <Precinct name="Center Point" votes="0" />
                <Precinct name="Mt Zion" votes="2" />
                <Precinct name="Burwell" votes="0" />
                <Precinct name="Clem" votes="2" />
                <Precinct name="Bowdon Junction" votes="0" />
                <Precinct name="Tyus" votes="4" />
                <Precinct name="Fairfield" votes="4" />
                <Precinct name="Hulett" votes="1" />
                <Precinct name="Bethany" votes="3" />
                <Precinct name="V R County South" votes="2" />
                <Precinct name="V R County North" votes="2" />
                <Precinct name="Villa Rica City" votes="2" />
                <Precinct name="Temple County" votes="3" />
                <Precinct name="Temple City" votes="0" />
                <Precinct name="Whitesburg" votes="0" />
                <Precinct name="Roopville" votes="0" />
                <Precinct name="West Carrollton" votes="1" />
                <Precinct name="Lakeshore Rec Center" votes="1" />
                <Precinct name="Bonner" votes="2" />
                <Precinct name="University of W GA" votes="0" />
                <Precinct name="County Admin Bldg" votes="0" />
                <Precinct name="Tabernacle Church" votes="1" />
                <Precinct name="Burson Center" votes="0" />
                <Precinct name="Old Camp Church" votes="1" />
                <Precinct name="Oak Grove" votes="3" />
            </VoteType>
            <VoteType name="Advance Voting Votes" votes="76">
                <Precinct name="Kansas" votes="0" />
                <Precinct name="Bowdon" votes="2" />
                <Precinct name="Sandhill" votes="7" />
                <Precinct name="Center Point" votes="3" />
                <Precinct name="Mt Zion" votes="0" />
                <Precinct name="Burwell" votes="1" />
                <Precinct name="Clem" votes="2" />
                <Precinct name="Bowdon Junction" votes="2" />
                <Precinct name="Tyus" votes="0" />
                <Precinct name="Fairfield" votes="4" />
                <Precinct name="Hulett" votes="1" />
                <Precinct name="Bethany" votes="9" />
                <Precinct name="V R County South" votes="0" />
                <Precinct name="V R County North" votes="3" />
                <Precinct name="Villa Rica City" votes="4" />
                <Precinct name="Temple County" votes="0" />
                <Precinct name="Temple City" votes="1" />
                <Precinct name="Whitesburg" votes="0" />
                <Precinct name="Roopville" votes="1" />
                <Precinct name="West Carrollton" votes="17" />
                <Precinct name="Lakeshore Rec Center" votes="4" />
                <Precinct name="Bonner" votes="7" />
                <Precinct name="University of W GA" votes="0" />
                <Precinct name="County Admin Bldg" votes="2" />
                <Precinct name="Tabernacle Church" votes="2" />
                <Precinct name="Burson Center" votes="3" />
                <Precinct name="Old Camp Church" votes="1" />
                <Precinct name="Oak Grove" votes="0" />
            </VoteType>
            <VoteType name="Election Day Votes" votes="261">
                <Precinct name="Kansas" votes="1" />
                <Precinct name="Bowdon" votes="9" />
                <Precinct name="Sandhill" votes="13" />
                <Precinct name="Center Point" votes="4" />
                <Precinct name="Mt Zion" votes="3" />
                <Precinct name="Burwell" votes="4" />
                <Precinct name="Clem" votes="8" />
                <Precinct name="Bowdon Junction" votes="4" />
                <Precinct name="Tyus" votes="4" />
                <Precinct name="Fairfield" votes="18" />
                <Precinct name="Hulett" votes="4" />
                <Precinct name="Bethany" votes="13" />
                <Precinct name="V R County South" votes="9" />
                <Precinct name="V R County North" votes="29" />
                <Precinct name="Villa Rica City" votes="32" />
                <Precinct name="Temple County" votes="7" />
                <Precinct name="Temple City" votes="17" />
                <Precinct name="Whitesburg" votes="11" />
                <Precinct name="Roopville" votes="3" />
                <Precinct name="West Carrollton" votes="17" />
                <Precinct name="Lakeshore Rec Center" votes="5" />
                <Precinct name="Bonner" votes="10" />
                <Precinct name="University of W GA" votes="3" />
                <Precinct name="County Admin Bldg" votes="7" />
                <Precinct name="Tabernacle Church" votes="2" />
                <Precinct name="Burson Center" votes="12" />
                <Precinct name="Old Camp Church" votes="9" />
                <Precinct name="Oak Grove" votes="3" />
            </VoteType>
            <VoteType name="Provisional Votes" votes="0">
                <Precinct name="Kansas" votes="0" />
                <Precinct name="Bowdon" votes="0" />
                <Precinct name="Sandhill" votes="0" />
                <Precinct name="Center Point" votes="0" />
                <Precinct name="Mt Zion" votes="0" />
                <Precinct name="Burwell" votes="0" />
                <Precinct name="Clem" votes="0" />
                <Precinct name="Bowdon Junction" votes="0" />
                <Precinct name="Tyus" votes="0" />
                <Precinct name="Fairfield" votes="0" />
                <Precinct name="Hulett" votes="0" />
                <Precinct name="Bethany" votes="0" />
                <Precinct name="V R County South" votes="0" />
                <Precinct name="V R County North" votes="0" />
                <Precinct name="Villa Rica City" votes="0" />
                <Precinct name="Temple County" votes="0" />
                <Precinct name="Temple City" votes="0" />
                <Precinct name="Whitesburg" votes="0" />
                <Precinct name="Roopville" votes="0" />
                <Precinct name="West Carrollton" votes="0" />
                <Precinct name="Lakeshore Rec Center" votes="0" />
                <Precinct name="Bonner" votes="0" />
                <Precinct name="University of W GA" votes="0" />
                <Precinct name="County Admin Bldg" votes="0" />
                <Precinct name="Tabernacle Church" votes="0" />
                <Precinct name="Burson Center" votes="0" />
                <Precinct name="Old Camp Church" votes="0" />
                <Precinct name="Oak Grove" votes="0" />
            </VoteType>
        </Choice>
        <Choice key="96" text="Janice Laws Robinson" party="DEM" totalVotes="592">
            <VoteType name="Absentee by Mail Votes" votes="84">
                <Precinct name="Kansas" votes="0" />
                <Precinct name="Bowdon" votes="0" />
                <Precinct name="Sandhill" votes="4" />
                <Precinct name="Center Point" votes="1" />
                <Precinct name="Mt Zion" votes="1" />
                <Precinct name="Burwell" votes="2" />
                <Precinct name="Clem" votes="8" />
                <Precinct name="Bowdon Junction" votes="2" />
                <Precinct name="Tyus" votes="0" />
                <Precinct name="Fairfield" votes="8" />
                <Precinct name="Hulett" votes="2" />
                <Precinct name="Bethany" votes="7" />
                <Precinct name="V R County South" votes="1" />
                <Precinct name="V R County North" votes="6" />
                <Precinct name="Villa Rica City" votes="17" />
                <Precinct name="Temple County" votes="5" />
                <Precinct name="Temple City" votes="0" />
                <Precinct name="Whitesburg" votes="1" />
                <Precinct name="Roopville" votes="0" />
                <Precinct name="West Carrollton" votes="4" />
                <Precinct name="Lakeshore Rec Center" votes="1" />
                <Precinct name="Bonner" votes="2" />
                <Precinct name="University of W GA" votes="1" />
                <Precinct name="County Admin Bldg" votes="2" />
                <Precinct name="Tabernacle Church" votes="5" />
                <Precinct name="Burson Center" votes="3" />
                <Precinct name="Old Camp Church" votes="1" />
                <Precinct name="Oak Grove" votes="0" />
            </VoteType>
            <VoteType name="Advance Voting Votes" votes="128">
                <Precinct name="Kansas" votes="2" />
                <Precinct name="Bowdon" votes="2" />
                <Precinct name="Sandhill" votes="6" />
                <Precinct name="Center Point" votes="0" />
                <Precinct name="Mt Zion" votes="2" />
                <Precinct name="Burwell" votes="0" />
                <Precinct name="Clem" votes="6" />
                <Precinct name="Bowdon Junction" votes="2" />
                <Precinct name="Tyus" votes="2" />
                <Precinct name="Fairfield" votes="14" />
                <Precinct name="Hulett" votes="1" />
                <Precinct name="Bethany" votes="11" />
                <Precinct name="V R County South" votes="1" />
                <Precinct name="V R County North" votes="6" />
                <Precinct name="Villa Rica City" votes="11" />
                <Precinct name="Temple County" votes="1" />
                <Precinct name="Temple City" votes="5" />
                <Precinct name="Whitesburg" votes="1" />
                <Precinct name="Roopville" votes="3" />
                <Precinct name="West Carrollton" votes="8" />
                <Precinct name="Lakeshore Rec Center" votes="4" />
                <Precinct name="Bonner" votes="12" />
                <Precinct name="University of W GA" votes="3" />
                <Precinct name="County Admin Bldg" votes="11" />
                <Precinct name="Tabernacle Church" votes="2" />
                <Precinct name="Burson Center" votes="3" />
                <Precinct name="Old Camp Church" votes="7" />
                <Precinct name="Oak Grove" votes="2" />
            </VoteType>
            <VoteType name="Election Day Votes" votes="380">
                <Precinct name="Kansas" votes="0" />
                <Precinct name="Bowdon" votes="10" />
                <Precinct name="Sandhill" votes="16" />
                <Precinct name="Center Point" votes="2" />
                <Precinct name="Mt Zion" votes="5" />
                <Precinct name="Burwell" votes="2" />
                <Precinct name="Clem" votes="15" />
                <Precinct name="Bowdon Junction" votes="3" />
                <Precinct name="Tyus" votes="7" />
                <Precinct name="Fairfield" votes="35" />
                <Precinct name="Hulett" votes="8" />
                <Precinct name="Bethany" votes="13" />
                <Precinct name="V R County South" votes="9" />
                <Precinct name="V R County North" votes="30" />
                <Precinct name="Villa Rica City" votes="54" />
                <Precinct name="Temple County" votes="10" />
                <Precinct name="Temple City" votes="19" />
                <Precinct name="Whitesburg" votes="13" />
                <Precinct name="Roopville" votes="9" />
                <Precinct name="West Carrollton" votes="24" />
                <Precinct name="Lakeshore Rec Center" votes="19" />
                <Precinct name="Bonner" votes="18" />
                <Precinct name="University of W GA" votes="6" />
                <Precinct name="County Admin Bldg" votes="14" />
                <Precinct name="Tabernacle Church" votes="11" />
                <Precinct name="Burson Center" votes="7" />
                <Precinct name="Old Camp Church" votes="10" />
                <Precinct name="Oak Grove" votes="11" />
            </VoteType>
            <VoteType name="Provisional Votes" votes="0">
                <Precinct name="Kansas" votes="0" />
                <Precinct name="Bowdon" votes="0" />
                <Precinct name="Sandhill" votes="0" />
                <Precinct name="Center Point" votes="0" />
                <Precinct name="Mt Zion" votes="0" />
                <Precinct name="Burwell" votes="0" />
                <Precinct name="Clem" votes="0" />
                <Precinct name="Bowdon Junction" votes="0" />
                <Precinct name="Tyus" votes="0" />
                <Precinct name="Fairfield" votes="0" />
                <Precinct name="Hulett" votes="0" />
                <Precinct name="Bethany" votes="0" />
                <Precinct name="V R County South" votes="0" />
                <Precinct name="V R County North" votes="0" />
                <Precinct name="Villa Rica City" votes="0" />
                <Precinct name="Temple County" votes="0" />
                <Precinct name="Temple City" votes="0" />
                <Precinct name="Whitesburg" votes="0" />
                <Precinct name="Roopville" votes="0" />
                <Precinct name="West Carrollton" votes="0" />
                <Precinct name="Lakeshore Rec Center" votes="0" />
                <Precinct name="Bonner" votes="0" />
                <Precinct name="University of W GA" votes="0" />
                <Precinct name="County Admin Bldg" votes="0" />
                <Precinct name="Tabernacle Church" votes="0" />
                <Precinct name="Burson Center" votes="0" />
                <Precinct name="Old Camp Church" votes="0" />
                <Precinct name="Oak Grove" votes="0" />
            </VoteType>
        </Choice>
    </Contest>
    <Contest key="20" text="DEM - Commissioner Of Labor" voteFor="1" isQuestion="false" precinctsReporting="28" precinctsReported="28">
        <VoteType name="Undervotes" votes="15">
            <Precinct name="Kansas" votes="0" />
            <Precinct name="Bowdon" votes="2" />
            <Precinct name="Sandhill" votes="1" />
            <Precinct name="Center Point" votes="0" />
            <Precinct name="Mt Zion" votes="0" />
            <Precinct name="Burwell" votes="0" />
            <Precinct name="Clem" votes="0" />
            <Precinct name="Bowdon Junction" votes="1" />
            <Precinct name="Tyus" votes="0" />
            <Precinct name="Fairfield" votes="3" />
            <Precinct name="Hulett" votes="0" />
            <Precinct name="Bethany" votes="0" />
            <Precinct name="V R County South" votes="0" />
            <Precinct name="V R County North" votes="0" />
            <Precinct name="Villa Rica City" votes="3" />
            <Precinct name="Temple County" votes="0" />
            <Precinct name="Temple City" votes="0" />
            <Precinct name="Whitesburg" votes="1" />
            <Precinct name="Roopville" votes="0" />
            <Precinct name="West Carrollton" votes="1" />
            <Precinct name="Lakeshore Rec Center" votes="0" />
            <Precinct name="Bonner" votes="0" />
            <Precinct name="University of W GA" votes="0" />
            <Precinct name="County Admin Bldg" votes="0" />
            <Precinct name="Tabernacle Church" votes="2" />
            <Precinct name="Burson Center" votes="1" />
            <Precinct name="Old Camp Church" votes="0" />
            <Precinct name="Oak Grove" votes="0" />
        </VoteType>
        <VoteType name="Overvotes" votes="0">
            <Precinct name="Kansas" votes="0" />
            <Precinct name="Bowdon" votes="0" />
            <Precinct name="Sandhill" votes="0" />
            <Precinct name="Center Point" votes="0" />
            <Precinct name="Mt Zion" votes="0" />
            <Precinct name="Burwell" votes="0" />
            <Precinct name="Clem" votes="0" />
            <Precinct name="Bowdon Junction" votes="0" />
            <Precinct name="Tyus" votes="0" />
            <Precinct name="Fairfield" votes="0" />
            <Precinct name="Hulett" votes="0" />
            <Precinct name="Bethany" votes="0" />
            <Precinct name="V R County South" votes="0" />
            <Precinct name="V R County North" votes="0" />
            <Precinct name="Villa Rica City" votes="0" />
            <Precinct name="Temple County" votes="0" />
            <Precinct name="Temple City" votes="0" />
            <Precinct name="Whitesburg" votes="0" />
            <Precinct name="Roopville" votes="0" />
            <Precinct name="West Carrollton" votes="0" />
            <Precinct name="Lakeshore Rec Center" votes="0" />
            <Precinct name="Bonner" votes="0" />
            <Precinct name="University of W GA" votes="0" />
            <Precinct name="County Admin Bldg" votes="0" />
            <Precinct name="Tabernacle Church" votes="0" />
            <Precinct name="Burson Center" votes="0" />
            <Precinct name="Old Camp Church" votes="0" />
            <Precinct name="Oak Grove" votes="0" />
        </VoteType>
        <Choice key="107" text="William &quot;&quot;Will&quot;&quot; Boddie, Jr." party="DEM" totalVotes="632">
            <VoteType name="Absentee by Mail Votes" votes="71">
                <Precinct name="Kansas" votes="0" />
                <Precinct name="Bowdon" votes="0" />
                <Precinct name="Sandhill" votes="7" />
                <Precinct name="Center Point" votes="0" />
                <Precinct name="Mt Zion" votes="2" />
                <Precinct name="Burwell" votes="1" />
                <Precinct name="Clem" votes="2" />
                <Precinct name="Bowdon Junction" votes="2" />
                <Precinct name="Tyus" votes="2" />
                <Precinct name="Fairfield" votes="11" />
                <Precinct name="Hulett" votes="0" />
                <Precinct name="Bethany" votes="6" />
                <Precinct name="V R County South" votes="0" />
                <Precinct name="V R County North" votes="5" />
                <Precinct name="Villa Rica City" votes="13" />
                <Precinct name="Temple County" votes="3" />
                <Precinct name="Temple City" votes="0" />
                <Precinct name="Whitesburg" votes="0" />
                <Precinct name="Roopville" votes="0" />
                <Precinct name="West Carrollton" votes="4" />
                <Precinct name="Lakeshore Rec Center" votes="2" />
                <Precinct name="Bonner" votes="2" />
                <Precinct name="University of W GA" votes="1" />
                <Precinct name="County Admin Bldg" votes="2" />
                <Precinct name="Tabernacle Church" votes="1" />
                <Precinct name="Burson Center" votes="1" />
                <Precinct name="Old Camp Church" votes="1" />
                <Precinct name="Oak Grove" votes="3" />
            </VoteType>
            <VoteType name="Advance Voting Votes" votes="152">
                <Precinct name="Kansas" votes="2" />
                <Precinct name="Bowdon" votes="4" />
                <Precinct name="Sandhill" votes="8" />
                <Precinct name="Center Point" votes="2" />
                <Precinct name="Mt Zion" votes="2" />
                <Precinct name="Burwell" votes="2" />
                <Precinct name="Clem" votes="6" />
                <Precinct name="Bowdon Junction" votes="3" />
                <Precinct name="Tyus" votes="2" />
                <Precinct name="Fairfield" votes="12" />
                <Precinct name="Hulett" votes="1" />
                <Precinct name="Bethany" votes="14" />
                <Precinct name="V R County South" votes="1" />
                <Precinct name="V R County North" votes="3" />
                <Precinct name="Villa Rica City" votes="12" />
                <Precinct name="Temple County" votes="1" />
                <Precinct name="Temple City" votes="2" />
                <Precinct name="Whitesburg" votes="1" />
                <Precinct name="Roopville" votes="3" />
                <Precinct name="West Carrollton" votes="25" />
                <Precinct name="Lakeshore Rec Center" votes="5" />
                <Precinct name="Bonner" votes="17" />
                <Precinct name="University of W GA" votes="3" />
                <Precinct name="County Admin Bldg" votes="8" />
                <Precinct name="Tabernacle Church" votes="3" />
                <Precinct name="Burson Center" votes="3" />
                <Precinct name="Old Camp Church" votes="5" />
                <Precinct name="Oak Grove" votes="2" />
            </VoteType>
            <VoteType name="Election Day Votes" votes="409">
                <Precinct name="Kansas" votes="1" />
                <Precinct name="Bowdon" votes="11" />
                <Precinct name="Sandhill" votes="19" />
                <Precinct name="Center Point" votes="4" />
                <Precinct name="Mt Zion" votes="8" />
                <Precinct name="Burwell" votes="3" />
                <Precinct name="Clem" votes="15" />
                <Precinct name="Bowdon Junction" votes="4" />
                <Precinct name="Tyus" votes="7" />
                <Precinct name="Fairfield" votes="31" />
                <Precinct name="Hulett" votes="8" />
                <Precinct name="Bethany" votes="19" />
                <Precinct name="V R County South" votes="14" />
                <Precinct name="V R County North" votes="44" />
                <Precinct name="Villa Rica City" votes="61" />
                <Precinct name="Temple County" votes="14" />
                <Precinct name="Temple City" votes="13" />
                <Precinct name="Whitesburg" votes="15" />
                <Precinct name="Roopville" votes="8" />
                <Precinct name="West Carrollton" votes="31" />
                <Precinct name="Lakeshore Rec Center" votes="15" />
                <Precinct name="Bonner" votes="17" />
                <Precinct name="University of W GA" votes="4" />
                <Precinct name="County Admin Bldg" votes="9" />
                <Precinct name="Tabernacle Church" votes="4" />
                <Precinct name="Burson Center" votes="12" />
                <Precinct name="Old Camp Church" votes="10" />
                <Precinct name="Oak Grove" votes="8" />
            </VoteType>
            <VoteType name="Provisional Votes" votes="0">
                <Precinct name="Kansas" votes="0" />
                <Precinct name="Bowdon" votes="0" />
                <Precinct name="Sandhill" votes="0" />
                <Precinct name="Center Point" votes="0" />
                <Precinct name="Mt Zion" votes="0" />
                <Precinct name="Burwell" votes="0" />
                <Precinct name="Clem" votes="0" />
                <Precinct name="Bowdon Junction" votes="0" />
                <Precinct name="Tyus" votes="0" />
                <Precinct name="Fairfield" votes="0" />
                <Precinct name="Hulett" votes="0" />
                <Precinct name="Bethany" votes="0" />
                <Precinct name="V R County South" votes="0" />
                <Precinct name="V R County North" votes="0" />
                <Precinct name="Villa Rica City" votes="0" />
                <Precinct name="Temple County" votes="0" />
                <Precinct name="Temple City" votes="0" />
                <Precinct name="Whitesburg" votes="0" />
                <Precinct name="Roopville" votes="0" />
                <Precinct name="West Carrollton" votes="0" />
                <Precinct name="Lakeshore Rec Center" votes="0" />
                <Precinct name="Bonner" votes="0" />
                <Precinct name="University of W GA" votes="0" />
                <Precinct name="County Admin Bldg" votes="0" />
                <Precinct name="Tabernacle Church" votes="0" />
                <Precinct name="Burson Center" votes="0" />
                <Precinct name="Old Camp Church" votes="0" />
                <Precinct name="Oak Grove" votes="0" />
            </VoteType>
        </Choice>
        <Choice key="109" text="Nicole Horn" party="DEM" totalVotes="354">
            <VoteType name="Absentee by Mail Votes" votes="55">
                <Precinct name="Kansas" votes="0" />
                <Precinct name="Bowdon" votes="0" />
                <Precinct name="Sandhill" votes="2" />
                <Precinct name="Center Point" votes="1" />
                <Precinct name="Mt Zion" votes="2" />
                <Precinct name="Burwell" votes="1" />
                <Precinct name="Clem" votes="8" />
                <Precinct name="Bowdon Junction" votes="0" />
                <Precinct name="Tyus" votes="2" />
                <Precinct name="Fairfield" votes="2" />
                <Precinct name="Hulett" votes="3" />
                <Precinct name="Bethany" votes="5" />
                <Precinct name="V R County South" votes="3" />
                <Precinct name="V R County North" votes="3" />
                <Precinct name="Villa Rica City" votes="6" />
                <Precinct name="Temple County" votes="5" />
                <Precinct name="Temple City" votes="0" />
                <Precinct name="Whitesburg" votes="1" />
                <Precinct name="Roopville" votes="0" />
                <Precinct name="West Carrollton" votes="1" />
                <Precinct name="Lakeshore Rec Center" votes="0" />
                <Precinct name="Bonner" votes="2" />
                <Precinct name="University of W GA" votes="0" />
                <Precinct name="County Admin Bldg" votes="0" />
                <Precinct name="Tabernacle Church" votes="5" />
                <Precinct name="Burson Center" votes="2" />
                <Precinct name="Old Camp Church" votes="1" />
                <Precinct name="Oak Grove" votes="0" />
            </VoteType>
            <VoteType name="Advance Voting Votes" votes="58">
                <Precinct name="Kansas" votes="0" />
                <Precinct name="Bowdon" votes="0" />
                <Precinct name="Sandhill" votes="5" />
                <Precinct name="Center Point" votes="1" />
                <Precinct name="Mt Zion" votes="0" />
                <Precinct name="Burwell" votes="0" />
                <Precinct name="Clem" votes="2" />
                <Precinct name="Bowdon Junction" votes="1" />
                <Precinct name="Tyus" votes="0" />
                <Precinct name="Fairfield" votes="6" />
                <Precinct name="Hulett" votes="1" />
                <Precinct name="Bethany" votes="6" />
                <Precinct name="V R County South" votes="0" />
                <Precinct name="V R County North" votes="6" />
                <Precinct name="Villa Rica City" votes="4" />
                <Precinct name="Temple County" votes="0" />
                <Precinct name="Temple City" votes="4" />
                <Precinct name="Whitesburg" votes="0" />
                <Precinct name="Roopville" votes="1" />
                <Precinct name="West Carrollton" votes="3" />
                <Precinct name="Lakeshore Rec Center" votes="3" />
                <Precinct name="Bonner" votes="4" />
                <Precinct name="University of W GA" votes="0" />
                <Precinct name="County Admin Bldg" votes="6" />
                <Precinct name="Tabernacle Church" votes="0" />
                <Precinct name="Burson Center" votes="2" />
                <Precinct name="Old Camp Church" votes="3" />
                <Precinct name="Oak Grove" votes="0" />
            </VoteType>
            <VoteType name="Election Day Votes" votes="241">
                <Precinct name="Kansas" votes="0" />
                <Precinct name="Bowdon" votes="6" />
                <Precinct name="Sandhill" votes="11" />
                <Precinct name="Center Point" votes="4" />
                <Precinct name="Mt Zion" votes="1" />
                <Precinct name="Burwell" votes="3" />
                <Precinct name="Clem" votes="8" />
                <Precinct name="Bowdon Junction" votes="3" />
                <Precinct name="Tyus" votes="5" />
                <Precinct name="Fairfield" votes="22" />
                <Precinct name="Hulett" votes="4" />
                <Precinct name="Bethany" votes="8" />
                <Precinct name="V R County South" votes="4" />
                <Precinct name="V R County North" votes="17" />
                <Precinct name="Villa Rica City" votes="22" />
                <Precinct name="Temple County" votes="4" />
                <Precinct name="Temple City" votes="23" />
                <Precinct name="Whitesburg" votes="9" />
                <Precinct name="Roopville" votes="4" />
                <Precinct name="West Carrollton" votes="10" />
                <Precinct name="Lakeshore Rec Center" votes="11" />
                <Precinct name="Bonner" votes="12" />
                <Precinct name="University of W GA" votes="5" />
                <Precinct name="County Admin Bldg" votes="13" />
                <Precinct name="Tabernacle Church" votes="9" />
                <Precinct name="Burson Center" votes="7" />
                <Precinct name="Old Camp Church" votes="9" />
                <Precinct name="Oak Grove" votes="7" />
            </VoteType>
            <VoteType name="Provisional Votes" votes="0">
                <Precinct name="Kansas" votes="0" />
                <Precinct name="Bowdon" votes="0" />
                <Precinct name="Sandhill" votes="0" />
                <Precinct name="Center Point" votes="0" />
                <Precinct name="Mt Zion" votes="0" />
                <Precinct name="Burwell" votes="0" />
                <Precinct name="Clem" votes="0" />
                <Precinct name="Bowdon Junction" votes="0" />
                <Precinct name="Tyus" votes="0" />
                <Precinct name="Fairfield" votes="0" />
                <Precinct name="Hulett" votes="0" />
                <Precinct name="Bethany" votes="0" />
                <Precinct name="V R County South" votes="0" />
                <Precinct name="V R County North" votes="0" />
                <Precinct name="Villa Rica City" votes="0" />
                <Precinct name="Temple County" votes="0" />
                <Precinct name="Temple City" votes="0" />
                <Precinct name="Whitesburg" votes="0" />
                <Precinct name="Roopville" votes="0" />
                <Precinct name="West Carrollton" votes="0" />
                <Precinct name="Lakeshore Rec Center" votes="0" />
                <Precinct name="Bonner" votes="0" />
                <Precinct name="University of W GA" votes="0" />
                <Precinct name="County Admin Bldg" votes="0" />
                <Precinct name="Tabernacle Church" votes="0" />
                <Precinct name="Burson Center" votes="0" />
                <Precinct name="Old Camp Church" votes="0" />
                <Precinct name="Oak Grove" votes="0" />
            </VoteType>
        </Choice>
    </Contest>
</ElectionResult>