<?xml version="1.0"?>
<!--Election result snapshot imported from Tabulation System
-->
<ElectionResult>
    <Timestamp>6/24/2022 12:37:18 PM EDT</Timestamp>
    <ElectionName>June 21, 2022 - General Primary -Nonpartisan General Election Runoff</ElectionName>
    <ElectionDate>6/21/2022</ElectionDate>
    <Region>Lincoln</Region>
    <VoterTurnout totalVoters="6042" ballotsCast="215" voterTurnout="3.56">
        <Precincts>
            <Precinct name="Midway" totalVoters="623" ballotsCast="10" voterTurnout="1.61" percentReporting="4" />
            <Precinct name="Lincoln Club House" totalVoters="1067" ballotsCast="67" voterTurnout="6.28" percentReporting="4" />
            <Precinct name="Lincoln Center" totalVoters="1310" ballotsCast="34" voterTurnout="2.60" percentReporting="4" />
            <Precinct name="Faith Temple of Lincoln" totalVoters="492" ballotsCast="12" voterTurnout="2.44" percentReporting="4" />
            <Precinct name="Tabernacle" totalVoters="1021" ballotsCast="54" voterTurnout="5.29" percentReporting="4" />
            <Precinct name="Bethany Church" totalVoters="524" ballotsCast="2" voterTurnout="0.38" percentReporting="4" />
            <Precinct name="Martins Crossroad" totalVoters="1005" ballotsCast="36" voterTurnout="3.58" percentReporting="4" />
        </Precincts>
    </VoterTurnout>
    <Contest key="6" text="Lieutenant Governor - Dem" voteFor="1" isQuestion="false" precinctsReporting="7" precinctsReported="7">
        <VoteType name="Undervotes" votes="2">
            <Precinct name="Midway" votes="0" />
            <Precinct name="Lincoln Club House" votes="0" />
            <Precinct name="Lincoln Center" votes="1" />
            <Precinct name="Faith Temple of Lincoln" votes="0" />
            <Precinct name="Tabernacle" votes="1" />
            <Precinct name="Bethany Church" votes="0" />
            <Precinct name="Martins Crossroad" votes="0" />
        </VoteType>
        <VoteType name="Overvotes" votes="0">
            <Precinct name="Midway" votes="0" />
            <Precinct name="Lincoln Club House" votes="0" />
            <Precinct name="Lincoln Center" votes="0" />
            <Precinct name="Faith Temple of Lincoln" votes="0" />
            <Precinct name="Tabernacle" votes="0" />
            <Precinct name="Bethany Church" votes="0" />
            <Precinct name="Martins Crossroad" votes="0" />
        </VoteType>
        <Choice key="20" text="Charlie Bailey" party="DEM" totalVotes="147">
            <VoteType name="Absentee by Mail Votes" votes="29">
                <Precinct name="Midway" votes="0" />
                <Precinct name="Lincoln Club House" votes="11" />
                <Precinct name="Lincoln Center" votes="3" />
                <Precinct name="Faith Temple of Lincoln" votes="0" />
                <Precinct name="Tabernacle" votes="12" />
                <Precinct name="Bethany Church" votes="1" />
                <Precinct name="Martins Crossroad" votes="2" />
            </VoteType>
            <VoteType name="Advance Voting Votes" votes="34">
                <Precinct name="Midway" votes="3" />
                <Precinct name="Lincoln Club House" votes="16" />
                <Precinct name="Lincoln Center" votes="8" />
                <Precinct name="Faith Temple of Lincoln" votes="0" />
                <Precinct name="Tabernacle" votes="1" />
                <Precinct name="Bethany Church" votes="0" />
                <Precinct name="Martins Crossroad" votes="6" />
            </VoteType>
            <VoteType name="Election Day Votes" votes="83">
                <Precinct name="Midway" votes="4" />
                <Precinct name="Lincoln Club House" votes="24" />
                <Precinct name="Lincoln Center" votes="7" />
                <Precinct name="Faith Temple of Lincoln" votes="6" />
                <Precinct name="Tabernacle" votes="23" />
                <Precinct name="Bethany Church" votes="0" />
                <Precinct name="Martins Crossroad" votes="19" />
            </VoteType>
            <VoteType name="Provisional Votes" votes="1">
                <Precinct name="Midway" votes="0" />
                <Precinct name="Lincoln Club House" votes="0" />
                <Precinct name="Lincoln Center" votes="0" />
                <Precinct name="Faith Temple of Lincoln" votes="0" />
                <Precinct name="Tabernacle" votes="1" />
                <Precinct name="Bethany Church" votes="0" />
                <Precinct name="Martins Crossroad" votes="0" />
            </VoteType>
        </Choice>
        <Choice key="23" text="Kwanza Hall" party="DEM" totalVotes="66">
            <VoteType name="Absentee by Mail Votes" votes="11">
                <Precinct name="Midway" votes="1" />
                <Precinct name="Lincoln Club House" votes="2" />
                <Precinct name="Lincoln Center" votes="5" />
                <Precinct name="Faith Temple of Lincoln" votes="0" />
                <Precinct name="Tabernacle" votes="3" />
                <Precinct name="Bethany Church" votes="0" />
                <Precinct name="Martins Crossroad" votes="0" />
            </VoteType>
            <VoteType name="Advance Voting Votes" votes="25">
                <Precinct name="Midway" votes="0" />
                <Precinct name="Lincoln Club House" votes="10" />
                <Precinct name="Lincoln Center" votes="5" />
                <Precinct name="Faith Temple of Lincoln" votes="2" />
                <Precinct name="Tabernacle" votes="5" />
                <Precinct name="Bethany Church" votes="0" />
                <Precinct name="Martins Crossroad" votes="3" />
            </VoteType>
            <VoteType name="Election Day Votes" votes="30">
                <Precinct name="Midway" votes="2" />
                <Precinct name="Lincoln Club House" votes="4" />
                <Precinct name="Lincoln Center" votes="5" />
                <Precinct name="Faith Temple of Lincoln" votes="4" />
                <Precinct name="Tabernacle" votes="8" />
                <Precinct name="Bethany Church" votes="1" />
                <Precinct name="Martins Crossroad" votes="6" />
            </VoteType>
            <VoteType name="Provisional Votes" votes="0">
                <Precinct name="Midway" votes="0" />
                <Precinct name="Lincoln Club House" votes="0" />
                <Precinct name="Lincoln Center" votes="0" />
                <Precinct name="Faith Temple of Lincoln" votes="0" />
                <Precinct name="Tabernacle" votes="0" />
                <Precinct name="Bethany Church" votes="0" />
                <Precinct name="Martins Crossroad" votes="0" />
            </VoteType>
        </Choice>
    </Contest>
    <Contest key="8" text="Secretary of State - Dem" voteFor="1" isQuestion="false" precinctsReporting="7" precinctsReported="7">
        <VoteType name="Undervotes" votes="2">
            <Precinct name="Midway" votes="0" />
            <Precinct name="Lincoln Club House" votes="1" />
            <Precinct name="Lincoln Center" votes="0" />
            <Precinct name="Faith Temple of Lincoln" votes="0" />
            <Precinct name="Tabernacle" votes="1" />
            <Precinct name="Bethany Church" votes="0" />
            <Precinct name="Martins Crossroad" votes="0" />
        </VoteType>
        <VoteType name="Overvotes" votes="0">
            <Precinct name="Midway" votes="0" />
            <Precinct name="Lincoln Club House" votes="0" />
            <Precinct name="Lincoln Center" votes="0" />
            <Precinct name="Faith Temple of Lincoln" votes="0" />
            <Precinct name="Tabernacle" votes="0" />
            <Precinct name="Bethany Church" votes="0" />
            <Precinct name="Martins Crossroad" votes="0" />
        </VoteType>
        <Choice key="32" text="Dee Dawkins-Haigler" party="DEM" totalVotes="58">
            <VoteType name="Absentee by Mail Votes" votes="6">
                <Precinct name="Midway" votes="0" />
                <Precinct name="Lincoln Club House" votes="2" />
                <Precinct name="Lincoln Center" votes="2" />
                <Precinct name="Faith Temple of Lincoln" votes="0" />
                <Precinct name="Tabernacle" votes="2" />
                <Precinct name="Bethany Church" votes="0" />
                <Precinct name="Martins Crossroad" votes="0" />
            </VoteType>
            <VoteType name="Advance Voting Votes" votes="16">
                <Precinct name="Midway" votes="1" />
                <Precinct name="Lincoln Club House" votes="9" />
                <Precinct name="Lincoln Center" votes="1" />
                <Precinct name="Faith Temple of Lincoln" votes="1" />
                <Precinct name="Tabernacle" votes="2" />
                <Precinct name="Bethany Church" votes="0" />
                <Precinct name="Martins Crossroad" votes="2" />
            </VoteType>
            <VoteType name="Election Day Votes" votes="36">
                <Precinct name="Midway" votes="4" />
                <Precinct name="Lincoln Club House" votes="8" />
                <Precinct name="Lincoln Center" votes="0" />
                <Precinct name="Faith Temple of Lincoln" votes="8" />
                <Precinct name="Tabernacle" votes="9" />
                <Precinct name="Bethany Church" votes="0" />
                <Precinct name="Martins Crossroad" votes="7" />
            </VoteType>
            <VoteType name="Provisional Votes" votes="0">
                <Precinct name="Midway" votes="0" />
                <Precinct name="Lincoln Club House" votes="0" />
                <Precinct name="Lincoln Center" votes="0" />
                <Precinct name="Faith Temple of Lincoln" votes="0" />
                <Precinct name="Tabernacle" votes="0" />
                <Precinct name="Bethany Church" votes="0" />
                <Precinct name="Martins Crossroad" votes="0" />
            </VoteType>
        </Choice>
        <Choice key="35" text="Bee Nguyen" party="DEM" totalVotes="155">
            <VoteType name="Absentee by Mail Votes" votes="34">
                <Precinct name="Midway" votes="1" />
                <Precinct name="Lincoln Club House" votes="11" />
                <Precinct name="Lincoln Center" votes="6" />
                <Precinct name="Faith Temple of Lincoln" votes="0" />
                <Precinct name="Tabernacle" votes="13" />
                <Precinct name="Bethany Church" votes="1" />
                <Precinct name="Martins Crossroad" votes="2" />
            </VoteType>
            <VoteType name="Advance Voting Votes" votes="43">
                <Precinct name="Midway" votes="2" />
                <Precinct name="Lincoln Club House" votes="16" />
                <Precinct name="Lincoln Center" votes="13" />
                <Precinct name="Faith Temple of Lincoln" votes="1" />
                <Precinct name="Tabernacle" votes="4" />
                <Precinct name="Bethany Church" votes="0" />
                <Precinct name="Martins Crossroad" votes="7" />
            </VoteType>
            <VoteType name="Election Day Votes" votes="77">
                <Precinct name="Midway" votes="2" />
                <Precinct name="Lincoln Club House" votes="20" />
                <Precinct name="Lincoln Center" votes="12" />
                <Precinct name="Faith Temple of Lincoln" votes="2" />
                <Precinct name="Tabernacle" votes="22" />
                <Precinct name="Bethany Church" votes="1" />
                <Precinct name="Martins Crossroad" votes="18" />
            </VoteType>
            <VoteType name="Provisional Votes" votes="1">
                <Precinct name="Midway" votes="0" />
                <Precinct name="Lincoln Club House" votes="0" />
                <Precinct name="Lincoln Center" votes="0" />
                <Precinct name="Faith Temple of Lincoln" votes="0" />
                <Precinct name="Tabernacle" votes="1" />
                <Precinct name="Bethany Church" votes="0" />
                <Precinct name="Martins Crossroad" votes="0" />
            </VoteType>
        </Choice>
    </Contest>
    <Contest key="14" text="Commissioner of Insurance - Dem" voteFor="1" isQuestion="false" precinctsReporting="7" precinctsReported="7">
        <VoteType name="Undervotes" votes="8">
            <Precinct name="Midway" votes="0" />
            <Precinct name="Lincoln Club House" votes="6" />
            <Precinct name="Lincoln Center" votes="1" />
            <Precinct name="Faith Temple of Lincoln" votes="0" />
            <Precinct name="Tabernacle" votes="0" />
            <Precinct name="Bethany Church" votes="0" />
            <Precinct name="Martins Crossroad" votes="1" />
        </VoteType>
        <VoteType name="Overvotes" votes="0">
            <Precinct name="Midway" votes="0" />
            <Precinct name="Lincoln Club House" votes="0" />
            <Precinct name="Lincoln Center" votes="0" />
            <Precinct name="Faith Temple of Lincoln" votes="0" />
            <Precinct name="Tabernacle" votes="0" />
            <Precinct name="Bethany Church" votes="0" />
            <Precinct name="Martins Crossroad" votes="0" />
        </VoteType>
        <Choice key="48" text="Raphael Baker" party="DEM" totalVotes="101">
            <VoteType name="Absentee by Mail Votes" votes="15">
                <Precinct name="Midway" votes="0" />
                <Precinct name="Lincoln Club House" votes="7" />
                <Precinct name="Lincoln Center" votes="5" />
                <Precinct name="Faith Temple of Lincoln" votes="0" />
                <Precinct name="Tabernacle" votes="1" />
                <Precinct name="Bethany Church" votes="0" />
                <Precinct name="Martins Crossroad" votes="2" />
            </VoteType>
            <VoteType name="Advance Voting Votes" votes="27">
                <Precinct name="Midway" votes="2" />
                <Precinct name="Lincoln Club House" votes="10" />
                <Precinct name="Lincoln Center" votes="8" />
                <Precinct name="Faith Temple of Lincoln" votes="0" />
                <Precinct name="Tabernacle" votes="2" />
                <Precinct name="Bethany Church" votes="0" />
                <Precinct name="Martins Crossroad" votes="5" />
            </VoteType>
            <VoteType name="Election Day Votes" votes="59">
                <Precinct name="Midway" votes="3" />
                <Precinct name="Lincoln Club House" votes="15" />
                <Precinct name="Lincoln Center" votes="8" />
                <Precinct name="Faith Temple of Lincoln" votes="8" />
                <Precinct name="Tabernacle" votes="10" />
                <Precinct name="Bethany Church" votes="0" />
                <Precinct name="Martins Crossroad" votes="15" />
            </VoteType>
            <VoteType name="Provisional Votes" votes="0">
                <Precinct name="Midway" votes="0" />
                <Precinct name="Lincoln Club House" votes="0" />
                <Precinct name="Lincoln Center" votes="0" />
                <Precinct name="Faith Temple of Lincoln" votes="0" />
                <Precinct name="Tabernacle" votes="0" />
                <Precinct name="Bethany Church" votes="0" />
                <Precinct name="Martins Crossroad" votes="0" />
            </VoteType>
        </Choice>
        <Choice key="49" text="Janice Laws Robinson" party="DEM" totalVotes="106">
            <VoteType name="Absentee by Mail Votes" votes="22">
                <Precinct name="Midway" votes="1" />
                <Precinct name="Lincoln Club House" votes="3" />
                <Precinct name="Lincoln Center" votes="3" />
                <Precinct name="Faith Temple of Lincoln" votes="0" />
                <Precinct name="Tabernacle" votes="14" />
                <Precinct name="Bethany Church" votes="1" />
                <Precinct name="Martins Crossroad" votes="0" />
            </VoteType>
            <VoteType name="Advance Voting Votes" votes="29">
                <Precinct name="Midway" votes="1" />
                <Precinct name="Lincoln Club House" votes="13" />
                <Precinct name="Lincoln Center" votes="5" />
                <Precinct name="Faith Temple of Lincoln" votes="2" />
                <Precinct name="Tabernacle" votes="4" />
                <Precinct name="Bethany Church" votes="0" />
                <Precinct name="Martins Crossroad" votes="4" />
            </VoteType>
            <VoteType name="Election Day Votes" votes="54">
                <Precinct name="Midway" votes="3" />
                <Precinct name="Lincoln Club House" votes="13" />
                <Precinct name="Lincoln Center" votes="4" />
                <Precinct name="Faith Temple of Lincoln" votes="2" />
                <Precinct name="Tabernacle" votes="22" />
                <Precinct name="Bethany Church" votes="1" />
                <Precinct name="Martins Crossroad" votes="9" />
            </VoteType>
            <VoteType name="Provisional Votes" votes="1">
                <Precinct name="Midway" votes="0" />
                <Precinct name="Lincoln Club House" votes="0" />
                <Precinct name="Lincoln Center" votes="0" />
                <Precinct name="Faith Temple of Lincoln" votes="0" />
                <Precinct name="Tabernacle" votes="1" />
                <Precinct name="Bethany Church" votes="0" />
                <Precinct name="Martins Crossroad" votes="0" />
            </VoteType>
        </Choice>
    </Contest>
    <Contest key="18" text="Commissioner of Labor - Dem" voteFor="1" isQuestion="false" precinctsReporting="7" precinctsReported="7">
        <VoteType name="Undervotes" votes="11">
            <Precinct name="Midway" votes="1" />
            <Precinct name="Lincoln Club House" votes="5" />
            <Precinct name="Lincoln Center" votes="3" />
            <Precinct name="Faith Temple of Lincoln" votes="0" />
            <Precinct name="Tabernacle" votes="1" />
            <Precinct name="Bethany Church" votes="0" />
            <Precinct name="Martins Crossroad" votes="1" />
        </VoteType>
        <VoteType name="Overvotes" votes="0">
            <Precinct name="Midway" votes="0" />
            <Precinct name="Lincoln Club House" votes="0" />
            <Precinct name="Lincoln Center" votes="0" />
            <Precinct name="Faith Temple of Lincoln" votes="0" />
            <Precinct name="Tabernacle" votes="0" />
            <Precinct name="Bethany Church" votes="0" />
            <Precinct name="Martins Crossroad" votes="0" />
        </VoteType>
        <Choice key="60" text="William &quot;&quot;Will&quot;&quot; Boddie, Jr." party="DEM" totalVotes="148">
            <VoteType name="Absentee by Mail Votes" votes="35">
                <Precinct name="Midway" votes="1" />
                <Precinct name="Lincoln Club House" votes="13" />
                <Precinct name="Lincoln Center" votes="4" />
                <Precinct name="Faith Temple of Lincoln" votes="0" />
                <Precinct name="Tabernacle" votes="14" />
                <Precinct name="Bethany Church" votes="1" />
                <Precinct name="Martins Crossroad" votes="2" />
            </VoteType>
            <VoteType name="Advance Voting Votes" votes="33">
                <Precinct name="Midway" votes="1" />
                <Precinct name="Lincoln Club House" votes="13" />
                <Precinct name="Lincoln Center" votes="9" />
                <Precinct name="Faith Temple of Lincoln" votes="0" />
                <Precinct name="Tabernacle" votes="4" />
                <Precinct name="Bethany Church" votes="0" />
                <Precinct name="Martins Crossroad" votes="6" />
            </VoteType>
            <VoteType name="Election Day Votes" votes="79">
                <Precinct name="Midway" votes="2" />
                <Precinct name="Lincoln Club House" votes="19" />
                <Precinct name="Lincoln Center" votes="10" />
                <Precinct name="Faith Temple of Lincoln" votes="6" />
                <Precinct name="Tabernacle" votes="24" />
                <Precinct name="Bethany Church" votes="0" />
                <Precinct name="Martins Crossroad" votes="18" />
            </VoteType>
            <VoteType name="Provisional Votes" votes="1">
                <Precinct name="Midway" votes="0" />
                <Precinct name="Lincoln Club House" votes="0" />
                <Precinct name="Lincoln Center" votes="0" />
                <Precinct name="Faith Temple of Lincoln" votes="0" />
                <Precinct name="Tabernacle" votes="1" />
                <Precinct name="Bethany Church" votes="0" />
                <Precinct name="Martins Crossroad" votes="0" />
            </VoteType>
        </Choice>
        <Choice key="62" text="Nicole Horn" party="DEM" totalVotes="56">
            <VoteType name="Absentee by Mail Votes" votes="5">
                <Precinct name="Midway" votes="0" />
                <Precinct name="Lincoln Club House" votes="0" />
                <Precinct name="Lincoln Center" votes="4" />
                <Precinct name="Faith Temple of Lincoln" votes="0" />
                <Precinct name="Tabernacle" votes="1" />
                <Precinct name="Bethany Church" votes="0" />
                <Precinct name="Martins Crossroad" votes="0" />
            </VoteType>
            <VoteType name="Advance Voting Votes" votes="21">
                <Precinct name="Midway" votes="2" />
                <Precinct name="Lincoln Club House" votes="9" />
                <Precinct name="Lincoln Center" votes="3" />
                <Precinct name="Faith Temple of Lincoln" votes="2" />
                <Precinct name="Tabernacle" votes="2" />
                <Precinct name="Bethany Church" votes="0" />
                <Precinct name="Martins Crossroad" votes="3" />
            </VoteType>
            <VoteType name="Election Day Votes" votes="30">
                <Precinct name="Midway" votes="3" />
                <Precinct name="Lincoln Club House" votes="8" />
                <Precinct name="Lincoln Center" votes="1" />
                <Precinct name="Faith Temple of Lincoln" votes="4" />
                <Precinct name="Tabernacle" votes="7" />
                <Precinct name="Bethany Church" votes="1" />
                <Precinct name="Martins Crossroad" votes="6" />
            </VoteType>
            <VoteType name="Provisional Votes" votes="0">
                <Precinct name="Midway" votes="0" />
                <Precinct name="Lincoln Club House" votes="0" />
                <Precinct name="Lincoln Center" votes="0" />
                <Precinct name="Faith Temple of Lincoln" votes="0" />
                <Precinct name="Tabernacle" votes="0" />
                <Precinct name="Bethany Church" votes="0" />
                <Precinct name="Martins Crossroad" votes="0" />
            </VoteType>
        </Choice>
    </Contest>
</ElectionResult>