<?xml version="1.0"?>
<!--Election result snapshot imported from Tabulation System
-->
<ElectionResult>
    <Timestamp>6/27/2022 4:29:48 PM EDT</Timestamp>
    <ElectionName>June 21, 2022 - General Primary -Nonpartisan General Election Runoff</ElectionName>
    <ElectionDate>6/21/2022</ElectionDate>
    <Region>Cook</Region>
    <VoterTurnout totalVoters="9912" ballotsCast="280" voterTurnout="2.82">
        <Precincts>
            <Precinct name="Cecil" totalVoters="1767" ballotsCast="67" voterTurnout="3.79" percentReporting="4" />
            <Precinct name="Delle Beamguard" totalVoters="2314" ballotsCast="38" voterTurnout="1.64" percentReporting="4" />
            <Precinct name="Elm Pine" totalVoters="458" ballotsCast="74" voterTurnout="16.16" percentReporting="4" />
            <Precinct name="Lenox" totalVoters="1194" ballotsCast="25" voterTurnout="2.09" percentReporting="4" />
            <Precinct name="Massee" totalVoters="890" ballotsCast="11" voterTurnout="1.24" percentReporting="4" />
            <Precinct name="New Life Baptist Church" totalVoters="1160" ballotsCast="8" voterTurnout="0.69" percentReporting="4" />
            <Precinct name="Riverbend" totalVoters="1180" ballotsCast="7" voterTurnout="0.59" percentReporting="4" />
            <Precinct name="Sparks" totalVoters="949" ballotsCast="50" voterTurnout="5.27" percentReporting="4" />
        </Precincts>
    </VoterTurnout>
    <Contest key="6" text="Lieutenant Governor - Dem" voteFor="1" isQuestion="false" precinctsReporting="8" precinctsReported="8">
        <VoteType name="Undervotes" votes="4">
            <Precinct name="Cecil" votes="1" />
            <Precinct name="Delle Beamguard" votes="1" />
            <Precinct name="Elm Pine" votes="1" />
            <Precinct name="Lenox" votes="0" />
            <Precinct name="Massee" votes="0" />
            <Precinct name="New Life Baptist Church" votes="0" />
            <Precinct name="Riverbend" votes="0" />
            <Precinct name="Sparks" votes="1" />
        </VoteType>
        <VoteType name="Overvotes" votes="0">
            <Precinct name="Cecil" votes="0" />
            <Precinct name="Delle Beamguard" votes="0" />
            <Precinct name="Elm Pine" votes="0" />
            <Precinct name="Lenox" votes="0" />
            <Precinct name="Massee" votes="0" />
            <Precinct name="New Life Baptist Church" votes="0" />
            <Precinct name="Riverbend" votes="0" />
            <Precinct name="Sparks" votes="0" />
        </VoteType>
        <Choice key="20" text="Charlie Bailey" party="DEM" totalVotes="147">
            <VoteType name="Absentee by Mail Votes" votes="37">
                <Precinct name="Cecil" votes="4" />
                <Precinct name="Delle Beamguard" votes="8" />
                <Precinct name="Elm Pine" votes="13" />
                <Precinct name="Lenox" votes="2" />
                <Precinct name="Massee" votes="1" />
                <Precinct name="New Life Baptist Church" votes="2" />
                <Precinct name="Riverbend" votes="1" />
                <Precinct name="Sparks" votes="6" />
            </VoteType>
            <VoteType name="Advance Voting Votes" votes="30">
                <Precinct name="Cecil" votes="8" />
                <Precinct name="Delle Beamguard" votes="6" />
                <Precinct name="Elm Pine" votes="10" />
                <Precinct name="Lenox" votes="2" />
                <Precinct name="Massee" votes="2" />
                <Precinct name="New Life Baptist Church" votes="0" />
                <Precinct name="Riverbend" votes="0" />
                <Precinct name="Sparks" votes="2" />
            </VoteType>
            <VoteType name="Election Day Votes" votes="80">
                <Precinct name="Cecil" votes="26" />
                <Precinct name="Delle Beamguard" votes="7" />
                <Precinct name="Elm Pine" votes="19" />
                <Precinct name="Lenox" votes="8" />
                <Precinct name="Massee" votes="4" />
                <Precinct name="New Life Baptist Church" votes="1" />
                <Precinct name="Riverbend" votes="2" />
                <Precinct name="Sparks" votes="13" />
            </VoteType>
            <VoteType name="Provisional Votes" votes="0">
                <Precinct name="Cecil" votes="0" />
                <Precinct name="Delle Beamguard" votes="0" />
                <Precinct name="Elm Pine" votes="0" />
                <Precinct name="Lenox" votes="0" />
                <Precinct name="Massee" votes="0" />
                <Precinct name="New Life Baptist Church" votes="0" />
                <Precinct name="Riverbend" votes="0" />
                <Precinct name="Sparks" votes="0" />
            </VoteType>
        </Choice>
        <Choice key="23" text="Kwanza Hall" party="DEM" totalVotes="129">
            <VoteType name="Absentee by Mail Votes" votes="37">
                <Precinct name="Cecil" votes="10" />
                <Precinct name="Delle Beamguard" votes="7" />
                <Precinct name="Elm Pine" votes="5" />
                <Precinct name="Lenox" votes="1" />
                <Precinct name="Massee" votes="1" />
                <Precinct name="New Life Baptist Church" votes="1" />
                <Precinct name="Riverbend" votes="3" />
                <Precinct name="Sparks" votes="9" />
            </VoteType>
            <VoteType name="Advance Voting Votes" votes="31">
                <Precinct name="Cecil" votes="10" />
                <Precinct name="Delle Beamguard" votes="3" />
                <Precinct name="Elm Pine" votes="9" />
                <Precinct name="Lenox" votes="1" />
                <Precinct name="Massee" votes="0" />
                <Precinct name="New Life Baptist Church" votes="4" />
                <Precinct name="Riverbend" votes="0" />
                <Precinct name="Sparks" votes="4" />
            </VoteType>
            <VoteType name="Election Day Votes" votes="61">
                <Precinct name="Cecil" votes="8" />
                <Precinct name="Delle Beamguard" votes="6" />
                <Precinct name="Elm Pine" votes="17" />
                <Precinct name="Lenox" votes="11" />
                <Precinct name="Massee" votes="3" />
                <Precinct name="New Life Baptist Church" votes="0" />
                <Precinct name="Riverbend" votes="1" />
                <Precinct name="Sparks" votes="15" />
            </VoteType>
            <VoteType name="Provisional Votes" votes="0">
                <Precinct name="Cecil" votes="0" />
                <Precinct name="Delle Beamguard" votes="0" />
                <Precinct name="Elm Pine" votes="0" />
                <Precinct name="Lenox" votes="0" />
                <Precinct name="Massee" votes="0" />
                <Precinct name="New Life Baptist Church" votes="0" />
                <Precinct name="Riverbend" votes="0" />
                <Precinct name="Sparks" votes="0" />
            </VoteType>
        </Choice>
    </Contest>
    <Contest key="8" text="Secretary of State - Dem" voteFor="1" isQuestion="false" precinctsReporting="8" precinctsReported="8">
        <VoteType name="Undervotes" votes="3">
            <Precinct name="Cecil" votes="1" />
            <Precinct name="Delle Beamguard" votes="1" />
            <Precinct name="Elm Pine" votes="1" />
            <Precinct name="Lenox" votes="0" />
            <Precinct name="Massee" votes="0" />
            <Precinct name="New Life Baptist Church" votes="0" />
            <Precinct name="Riverbend" votes="0" />
            <Precinct name="Sparks" votes="0" />
        </VoteType>
        <VoteType name="Overvotes" votes="0">
            <Precinct name="Cecil" votes="0" />
            <Precinct name="Delle Beamguard" votes="0" />
            <Precinct name="Elm Pine" votes="0" />
            <Precinct name="Lenox" votes="0" />
            <Precinct name="Massee" votes="0" />
            <Precinct name="New Life Baptist Church" votes="0" />
            <Precinct name="Riverbend" votes="0" />
            <Precinct name="Sparks" votes="0" />
        </VoteType>
        <Choice key="32" text="Dee Dawkins-Haigler" party="DEM" totalVotes="138">
            <VoteType name="Absentee by Mail Votes" votes="38">
                <Precinct name="Cecil" votes="8" />
                <Precinct name="Delle Beamguard" votes="9" />
                <Precinct name="Elm Pine" votes="6" />
                <Precinct name="Lenox" votes="1" />
                <Precinct name="Massee" votes="0" />
                <Precinct name="New Life Baptist Church" votes="1" />
                <Precinct name="Riverbend" votes="4" />
                <Precinct name="Sparks" votes="9" />
            </VoteType>
            <VoteType name="Advance Voting Votes" votes="30">
                <Precinct name="Cecil" votes="8" />
                <Precinct name="Delle Beamguard" votes="4" />
                <Precinct name="Elm Pine" votes="9" />
                <Precinct name="Lenox" votes="2" />
                <Precinct name="Massee" votes="0" />
                <Precinct name="New Life Baptist Church" votes="4" />
                <Precinct name="Riverbend" votes="0" />
                <Precinct name="Sparks" votes="3" />
            </VoteType>
            <VoteType name="Election Day Votes" votes="70">
                <Precinct name="Cecil" votes="13" />
                <Precinct name="Delle Beamguard" votes="3" />
                <Precinct name="Elm Pine" votes="27" />
                <Precinct name="Lenox" votes="6" />
                <Precinct name="Massee" votes="6" />
                <Precinct name="New Life Baptist Church" votes="1" />
                <Precinct name="Riverbend" votes="0" />
                <Precinct name="Sparks" votes="14" />
            </VoteType>
            <VoteType name="Provisional Votes" votes="0">
                <Precinct name="Cecil" votes="0" />
                <Precinct name="Delle Beamguard" votes="0" />
                <Precinct name="Elm Pine" votes="0" />
                <Precinct name="Lenox" votes="0" />
                <Precinct name="Massee" votes="0" />
                <Precinct name="New Life Baptist Church" votes="0" />
                <Precinct name="Riverbend" votes="0" />
                <Precinct name="Sparks" votes="0" />
            </VoteType>
        </Choice>
        <Choice key="35" text="Bee Nguyen" party="DEM" totalVotes="139">
            <VoteType name="Absentee by Mail Votes" votes="35">
                <Precinct name="Cecil" votes="5" />
                <Precinct name="Delle Beamguard" votes="6" />
                <Precinct name="Elm Pine" votes="12" />
                <Precinct name="Lenox" votes="2" />
                <Precinct name="Massee" votes="2" />
                <Precinct name="New Life Baptist Church" votes="2" />
                <Precinct name="Riverbend" votes="0" />
                <Precinct name="Sparks" votes="6" />
            </VoteType>
            <VoteType name="Advance Voting Votes" votes="33">
                <Precinct name="Cecil" votes="11" />
                <Precinct name="Delle Beamguard" votes="5" />
                <Precinct name="Elm Pine" votes="10" />
                <Precinct name="Lenox" votes="1" />
                <Precinct name="Massee" votes="2" />
                <Precinct name="New Life Baptist Church" votes="0" />
                <Precinct name="Riverbend" votes="0" />
                <Precinct name="Sparks" votes="4" />
            </VoteType>
            <VoteType name="Election Day Votes" votes="71">
                <Precinct name="Cecil" votes="21" />
                <Precinct name="Delle Beamguard" votes="10" />
                <Precinct name="Elm Pine" votes="9" />
                <Precinct name="Lenox" votes="13" />
                <Precinct name="Massee" votes="1" />
                <Precinct name="New Life Baptist Church" votes="0" />
                <Precinct name="Riverbend" votes="3" />
                <Precinct name="Sparks" votes="14" />
            </VoteType>
            <VoteType name="Provisional Votes" votes="0">
                <Precinct name="Cecil" votes="0" />
                <Precinct name="Delle Beamguard" votes="0" />
                <Precinct name="Elm Pine" votes="0" />
                <Precinct name="Lenox" votes="0" />
                <Precinct name="Massee" votes="0" />
                <Precinct name="New Life Baptist Church" votes="0" />
                <Precinct name="Riverbend" votes="0" />
                <Precinct name="Sparks" votes="0" />
            </VoteType>
        </Choice>
    </Contest>
    <Contest key="14" text="Commissioner of Insurance - Dem" voteFor="1" isQuestion="false" precinctsReporting="8" precinctsReported="8">
        <VoteType name="Undervotes" votes="7">
            <Precinct name="Cecil" votes="3" />
            <Precinct name="Delle Beamguard" votes="2" />
            <Precinct name="Elm Pine" votes="1" />
            <Precinct name="Lenox" votes="0" />
            <Precinct name="Massee" votes="0" />
            <Precinct name="New Life Baptist Church" votes="0" />
            <Precinct name="Riverbend" votes="0" />
            <Precinct name="Sparks" votes="1" />
        </VoteType>
        <VoteType name="Overvotes" votes="0">
            <Precinct name="Cecil" votes="0" />
            <Precinct name="Delle Beamguard" votes="0" />
            <Precinct name="Elm Pine" votes="0" />
            <Precinct name="Lenox" votes="0" />
            <Precinct name="Massee" votes="0" />
            <Precinct name="New Life Baptist Church" votes="0" />
            <Precinct name="Riverbend" votes="0" />
            <Precinct name="Sparks" votes="0" />
        </VoteType>
        <Choice key="48" text="Raphael Baker" party="DEM" totalVotes="116">
            <VoteType name="Absentee by Mail Votes" votes="19">
                <Precinct name="Cecil" votes="4" />
                <Precinct name="Delle Beamguard" votes="3" />
                <Precinct name="Elm Pine" votes="8" />
                <Precinct name="Lenox" votes="1" />
                <Precinct name="Massee" votes="1" />
                <Precinct name="New Life Baptist Church" votes="0" />
                <Precinct name="Riverbend" votes="0" />
                <Precinct name="Sparks" votes="2" />
            </VoteType>
            <VoteType name="Advance Voting Votes" votes="27">
                <Precinct name="Cecil" votes="7" />
                <Precinct name="Delle Beamguard" votes="1" />
                <Precinct name="Elm Pine" votes="9" />
                <Precinct name="Lenox" votes="2" />
                <Precinct name="Massee" votes="1" />
                <Precinct name="New Life Baptist Church" votes="4" />
                <Precinct name="Riverbend" votes="0" />
                <Precinct name="Sparks" votes="3" />
            </VoteType>
            <VoteType name="Election Day Votes" votes="70">
                <Precinct name="Cecil" votes="21" />
                <Precinct name="Delle Beamguard" votes="4" />
                <Precinct name="Elm Pine" votes="19" />
                <Precinct name="Lenox" votes="9" />
                <Precinct name="Massee" votes="3" />
                <Precinct name="New Life Baptist Church" votes="0" />
                <Precinct name="Riverbend" votes="0" />
                <Precinct name="Sparks" votes="14" />
            </VoteType>
            <VoteType name="Provisional Votes" votes="0">
                <Precinct name="Cecil" votes="0" />
                <Precinct name="Delle Beamguard" votes="0" />
                <Precinct name="Elm Pine" votes="0" />
                <Precinct name="Lenox" votes="0" />
                <Precinct name="Massee" votes="0" />
                <Precinct name="New Life Baptist Church" votes="0" />
                <Precinct name="Riverbend" votes="0" />
                <Precinct name="Sparks" votes="0" />
            </VoteType>
        </Choice>
        <Choice key="49" text="Janice Laws Robinson" party="DEM" totalVotes="157">
            <VoteType name="Absentee by Mail Votes" votes="54">
                <Precinct name="Cecil" votes="9" />
                <Precinct name="Delle Beamguard" votes="12" />
                <Precinct name="Elm Pine" votes="10" />
                <Precinct name="Lenox" votes="2" />
                <Precinct name="Massee" votes="1" />
                <Precinct name="New Life Baptist Church" votes="3" />
                <Precinct name="Riverbend" votes="4" />
                <Precinct name="Sparks" votes="13" />
            </VoteType>
            <VoteType name="Advance Voting Votes" votes="35">
                <Precinct name="Cecil" votes="11" />
                <Precinct name="Delle Beamguard" votes="8" />
                <Precinct name="Elm Pine" votes="10" />
                <Precinct name="Lenox" votes="1" />
                <Precinct name="Massee" votes="1" />
                <Precinct name="New Life Baptist Church" votes="0" />
                <Precinct name="Riverbend" votes="0" />
                <Precinct name="Sparks" votes="4" />
            </VoteType>
            <VoteType name="Election Day Votes" votes="68">
                <Precinct name="Cecil" votes="12" />
                <Precinct name="Delle Beamguard" votes="8" />
                <Precinct name="Elm Pine" votes="17" />
                <Precinct name="Lenox" votes="10" />
                <Precinct name="Massee" votes="4" />
                <Precinct name="New Life Baptist Church" votes="1" />
                <Precinct name="Riverbend" votes="3" />
                <Precinct name="Sparks" votes="13" />
            </VoteType>
            <VoteType name="Provisional Votes" votes="0">
                <Precinct name="Cecil" votes="0" />
                <Precinct name="Delle Beamguard" votes="0" />
                <Precinct name="Elm Pine" votes="0" />
                <Precinct name="Lenox" votes="0" />
                <Precinct name="Massee" votes="0" />
                <Precinct name="New Life Baptist Church" votes="0" />
                <Precinct name="Riverbend" votes="0" />
                <Precinct name="Sparks" votes="0" />
            </VoteType>
        </Choice>
    </Contest>
    <Contest key="18" text="Commissioner of Labor - Dem" voteFor="1" isQuestion="false" precinctsReporting="8" precinctsReported="8">
        <VoteType name="Undervotes" votes="5">
            <Precinct name="Cecil" votes="2" />
            <Precinct name="Delle Beamguard" votes="2" />
            <Precinct name="Elm Pine" votes="0" />
            <Precinct name="Lenox" votes="0" />
            <Precinct name="Massee" votes="0" />
            <Precinct name="New Life Baptist Church" votes="0" />
            <Precinct name="Riverbend" votes="0" />
            <Precinct name="Sparks" votes="1" />
        </VoteType>
        <VoteType name="Overvotes" votes="0">
            <Precinct name="Cecil" votes="0" />
            <Precinct name="Delle Beamguard" votes="0" />
            <Precinct name="Elm Pine" votes="0" />
            <Precinct name="Lenox" votes="0" />
            <Precinct name="Massee" votes="0" />
            <Precinct name="New Life Baptist Church" votes="0" />
            <Precinct name="Riverbend" votes="0" />
            <Precinct name="Sparks" votes="0" />
        </VoteType>
        <Choice key="60" text="William &quot;&quot;Will&quot;&quot; Boddie, Jr." party="DEM" totalVotes="177">
            <VoteType name="Absentee by Mail Votes" votes="46">
                <Precinct name="Cecil" votes="10" />
                <Precinct name="Delle Beamguard" votes="6" />
                <Precinct name="Elm Pine" votes="13" />
                <Precinct name="Lenox" votes="3" />
                <Precinct name="Massee" votes="1" />
                <Precinct name="New Life Baptist Church" votes="1" />
                <Precinct name="Riverbend" votes="2" />
                <Precinct name="Sparks" votes="10" />
            </VoteType>
            <VoteType name="Advance Voting Votes" votes="46">
                <Precinct name="Cecil" votes="13" />
                <Precinct name="Delle Beamguard" votes="6" />
                <Precinct name="Elm Pine" votes="15" />
                <Precinct name="Lenox" votes="1" />
                <Precinct name="Massee" votes="2" />
                <Precinct name="New Life Baptist Church" votes="4" />
                <Precinct name="Riverbend" votes="0" />
                <Precinct name="Sparks" votes="5" />
            </VoteType>
            <VoteType name="Election Day Votes" votes="85">
                <Precinct name="Cecil" votes="26" />
                <Precinct name="Delle Beamguard" votes="9" />
                <Precinct name="Elm Pine" votes="17" />
                <Precinct name="Lenox" votes="9" />
                <Precinct name="Massee" votes="2" />
                <Precinct name="New Life Baptist Church" votes="0" />
                <Precinct name="Riverbend" votes="1" />
                <Precinct name="Sparks" votes="21" />
            </VoteType>
            <VoteType name="Provisional Votes" votes="0">
                <Precinct name="Cecil" votes="0" />
                <Precinct name="Delle Beamguard" votes="0" />
                <Precinct name="Elm Pine" votes="0" />
                <Precinct name="Lenox" votes="0" />
                <Precinct name="Massee" votes="0" />
                <Precinct name="New Life Baptist Church" votes="0" />
                <Precinct name="Riverbend" votes="0" />
                <Precinct name="Sparks" votes="0" />
            </VoteType>
        </Choice>
        <Choice key="62" text="Nicole Horn" party="DEM" totalVotes="98">
            <VoteType name="Absentee by Mail Votes" votes="27">
                <Precinct name="Cecil" votes="3" />
                <Precinct name="Delle Beamguard" votes="9" />
                <Precinct name="Elm Pine" votes="5" />
                <Precinct name="Lenox" votes="0" />
                <Precinct name="Massee" votes="1" />
                <Precinct name="New Life Baptist Church" votes="2" />
                <Precinct name="Riverbend" votes="2" />
                <Precinct name="Sparks" votes="5" />
            </VoteType>
            <VoteType name="Advance Voting Votes" votes="15">
                <Precinct name="Cecil" votes="5" />
                <Precinct name="Delle Beamguard" votes="3" />
                <Precinct name="Elm Pine" votes="4" />
                <Precinct name="Lenox" votes="2" />
                <Precinct name="Massee" votes="0" />
                <Precinct name="New Life Baptist Church" votes="0" />
                <Precinct name="Riverbend" votes="0" />
                <Precinct name="Sparks" votes="1" />
            </VoteType>
            <VoteType name="Election Day Votes" votes="56">
                <Precinct name="Cecil" votes="8" />
                <Precinct name="Delle Beamguard" votes="3" />
                <Precinct name="Elm Pine" votes="20" />
                <Precinct name="Lenox" votes="10" />
                <Precinct name="Massee" votes="5" />
                <Precinct name="New Life Baptist Church" votes="1" />
                <Precinct name="Riverbend" votes="2" />
                <Precinct name="Sparks" votes="7" />
            </VoteType>
            <VoteType name="Provisional Votes" votes="0">
                <Precinct name="Cecil" votes="0" />
                <Precinct name="Delle Beamguard" votes="0" />
                <Precinct name="Elm Pine" votes="0" />
                <Precinct name="Lenox" votes="0" />
                <Precinct name="Massee" votes="0" />
                <Precinct name="New Life Baptist Church" votes="0" />
                <Precinct name="Riverbend" votes="0" />
                <Precinct name="Sparks" votes="0" />
            </VoteType>
        </Choice>
    </Contest>
</ElectionResult>