<?xml version="1.0"?>
<!--Election result snapshot imported from Tabulation System
-->
<ElectionResult>
    <Timestamp>6/23/2022 8:21:12 AM EDT</Timestamp>
    <ElectionName>June 21, 2022 - General Primary -Nonpartisan General Election Runoff</ElectionName>
    <ElectionDate>6/21/2022</ElectionDate>
    <Region>Glascock</Region>
    <VoterTurnout totalVoters="0" ballotsCast="6" voterTurnout="0.00">
        <Precincts>
            <Precinct name="Edgehill" totalVoters="0" ballotsCast="0" voterTurnout="0.00" percentReporting="4" />
            <Precinct name="Gibson" totalVoters="0" ballotsCast="3" voterTurnout="0.00" percentReporting="4" />
            <Precinct name="Mill" totalVoters="0" ballotsCast="3" voterTurnout="0.00" percentReporting="4" />
            <Precinct name="Mitchell" totalVoters="0" ballotsCast="0" voterTurnout="0.00" percentReporting="4" />
        </Precincts>
    </VoterTurnout>
    <Contest key="6" text="Lieutenant Governor - Dem" voteFor="1" isQuestion="false" precinctsReporting="4" precinctsReported="4">
        <VoteType name="Undervotes" votes="0">
            <Precinct name="Edgehill" votes="0" />
            <Precinct name="Gibson" votes="0" />
            <Precinct name="Mill" votes="0" />
            <Precinct name="Mitchell" votes="0" />
        </VoteType>
        <VoteType name="Overvotes" votes="0">
            <Precinct name="Edgehill" votes="0" />
            <Precinct name="Gibson" votes="0" />
            <Precinct name="Mill" votes="0" />
            <Precinct name="Mitchell" votes="0" />
        </VoteType>
        <Choice key="46" text="Charlie Bailey" party="DEM" totalVotes="5">
            <VoteType name="Absentee by Mail Votes" votes="1">
                <Precinct name="Edgehill" votes="0" />
                <Precinct name="Gibson" votes="0" />
                <Precinct name="Mill" votes="1" />
                <Precinct name="Mitchell" votes="0" />
            </VoteType>
            <VoteType name="Advance Voting Votes" votes="0">
                <Precinct name="Edgehill" votes="0" />
                <Precinct name="Gibson" votes="0" />
                <Precinct name="Mill" votes="0" />
                <Precinct name="Mitchell" votes="0" />
            </VoteType>
            <VoteType name="Election Day Votes" votes="4">
                <Precinct name="Edgehill" votes="0" />
                <Precinct name="Gibson" votes="2" />
                <Precinct name="Mill" votes="2" />
                <Precinct name="Mitchell" votes="0" />
            </VoteType>
            <VoteType name="Provisional Votes" votes="0">
                <Precinct name="Edgehill" votes="0" />
                <Precinct name="Gibson" votes="0" />
                <Precinct name="Mill" votes="0" />
                <Precinct name="Mitchell" votes="0" />
            </VoteType>
        </Choice>
        <Choice key="49" text="Kwanza Hall" party="DEM" totalVotes="1">
            <VoteType name="Absentee by Mail Votes" votes="1">
                <Precinct name="Edgehill" votes="0" />
                <Precinct name="Gibson" votes="1" />
                <Precinct name="Mill" votes="0" />
                <Precinct name="Mitchell" votes="0" />
            </VoteType>
            <VoteType name="Advance Voting Votes" votes="0">
                <Precinct name="Edgehill" votes="0" />
                <Precinct name="Gibson" votes="0" />
                <Precinct name="Mill" votes="0" />
                <Precinct name="Mitchell" votes="0" />
            </VoteType>
            <VoteType name="Election Day Votes" votes="0">
                <Precinct name="Edgehill" votes="0" />
                <Precinct name="Gibson" votes="0" />
                <Precinct name="Mill" votes="0" />
                <Precinct name="Mitchell" votes="0" />
            </VoteType>
            <VoteType name="Provisional Votes" votes="0">
                <Precinct name="Edgehill" votes="0" />
                <Precinct name="Gibson" votes="0" />
                <Precinct name="Mill" votes="0" />
                <Precinct name="Mitchell" votes="0" />
            </VoteType>
        </Choice>
    </Contest>
    <Contest key="8" text="Secretary of State - Dem" voteFor="1" isQuestion="false" precinctsReporting="4" precinctsReported="4">
        <VoteType name="Undervotes" votes="0">
            <Precinct name="Edgehill" votes="0" />
            <Precinct name="Gibson" votes="0" />
            <Precinct name="Mill" votes="0" />
            <Precinct name="Mitchell" votes="0" />
        </VoteType>
        <VoteType name="Overvotes" votes="0">
            <Precinct name="Edgehill" votes="0" />
            <Precinct name="Gibson" votes="0" />
            <Precinct name="Mill" votes="0" />
            <Precinct name="Mitchell" votes="0" />
        </VoteType>
        <Choice key="58" text="Dee Dawkins-Haigler" party="DEM" totalVotes="4">
            <VoteType name="Absentee by Mail Votes" votes="1">
                <Precinct name="Edgehill" votes="0" />
                <Precinct name="Gibson" votes="0" />
                <Precinct name="Mill" votes="1" />
                <Precinct name="Mitchell" votes="0" />
            </VoteType>
            <VoteType name="Advance Voting Votes" votes="0">
                <Precinct name="Edgehill" votes="0" />
                <Precinct name="Gibson" votes="0" />
                <Precinct name="Mill" votes="0" />
                <Precinct name="Mitchell" votes="0" />
            </VoteType>
            <VoteType name="Election Day Votes" votes="3">
                <Precinct name="Edgehill" votes="0" />
                <Precinct name="Gibson" votes="2" />
                <Precinct name="Mill" votes="1" />
                <Precinct name="Mitchell" votes="0" />
            </VoteType>
            <VoteType name="Provisional Votes" votes="0">
                <Precinct name="Edgehill" votes="0" />
                <Precinct name="Gibson" votes="0" />
                <Precinct name="Mill" votes="0" />
                <Precinct name="Mitchell" votes="0" />
            </VoteType>
        </Choice>
        <Choice key="61" text="Bee Nguyen" party="DEM" totalVotes="2">
            <VoteType name="Absentee by Mail Votes" votes="1">
                <Precinct name="Edgehill" votes="0" />
                <Precinct name="Gibson" votes="1" />
                <Precinct name="Mill" votes="0" />
                <Precinct name="Mitchell" votes="0" />
            </VoteType>
            <VoteType name="Advance Voting Votes" votes="0">
                <Precinct name="Edgehill" votes="0" />
                <Precinct name="Gibson" votes="0" />
                <Precinct name="Mill" votes="0" />
                <Precinct name="Mitchell" votes="0" />
            </VoteType>
            <VoteType name="Election Day Votes" votes="1">
                <Precinct name="Edgehill" votes="0" />
                <Precinct name="Gibson" votes="0" />
                <Precinct name="Mill" votes="1" />
                <Precinct name="Mitchell" votes="0" />
            </VoteType>
            <VoteType name="Provisional Votes" votes="0">
                <Precinct name="Edgehill" votes="0" />
                <Precinct name="Gibson" votes="0" />
                <Precinct name="Mill" votes="0" />
                <Precinct name="Mitchell" votes="0" />
            </VoteType>
        </Choice>
    </Contest>
    <Contest key="14" text="Commissioner of Insurance - Dem" voteFor="1" isQuestion="false" precinctsReporting="4" precinctsReported="4">
        <VoteType name="Undervotes" votes="0">
            <Precinct name="Edgehill" votes="0" />
            <Precinct name="Gibson" votes="0" />
            <Precinct name="Mill" votes="0" />
            <Precinct name="Mitchell" votes="0" />
        </VoteType>
        <VoteType name="Overvotes" votes="0">
            <Precinct name="Edgehill" votes="0" />
            <Precinct name="Gibson" votes="0" />
            <Precinct name="Mill" votes="0" />
            <Precinct name="Mitchell" votes="0" />
        </VoteType>
        <Choice key="74" text="Raphael Baker" party="DEM" totalVotes="2">
            <VoteType name="Absentee by Mail Votes" votes="0">
                <Precinct name="Edgehill" votes="0" />
                <Precinct name="Gibson" votes="0" />
                <Precinct name="Mill" votes="0" />
                <Precinct name="Mitchell" votes="0" />
            </VoteType>
            <VoteType name="Advance Voting Votes" votes="0">
                <Precinct name="Edgehill" votes="0" />
                <Precinct name="Gibson" votes="0" />
                <Precinct name="Mill" votes="0" />
                <Precinct name="Mitchell" votes="0" />
            </VoteType>
            <VoteType name="Election Day Votes" votes="2">
                <Precinct name="Edgehill" votes="0" />
                <Precinct name="Gibson" votes="1" />
                <Precinct name="Mill" votes="1" />
                <Precinct name="Mitchell" votes="0" />
            </VoteType>
            <VoteType name="Provisional Votes" votes="0">
                <Precinct name="Edgehill" votes="0" />
                <Precinct name="Gibson" votes="0" />
                <Precinct name="Mill" votes="0" />
                <Precinct name="Mitchell" votes="0" />
            </VoteType>
        </Choice>
        <Choice key="75" text="Janice Laws Robinson" party="DEM" totalVotes="4">
            <VoteType name="Absentee by Mail Votes" votes="2">
                <Precinct name="Edgehill" votes="0" />
                <Precinct name="Gibson" votes="1" />
                <Precinct name="Mill" votes="1" />
                <Precinct name="Mitchell" votes="0" />
            </VoteType>
            <VoteType name="Advance Voting Votes" votes="0">
                <Precinct name="Edgehill" votes="0" />
                <Precinct name="Gibson" votes="0" />
                <Precinct name="Mill" votes="0" />
                <Precinct name="Mitchell" votes="0" />
            </VoteType>
            <VoteType name="Election Day Votes" votes="2">
                <Precinct name="Edgehill" votes="0" />
                <Precinct name="Gibson" votes="1" />
                <Precinct name="Mill" votes="1" />
                <Precinct name="Mitchell" votes="0" />
            </VoteType>
            <VoteType name="Provisional Votes" votes="0">
                <Precinct name="Edgehill" votes="0" />
                <Precinct name="Gibson" votes="0" />
                <Precinct name="Mill" votes="0" />
                <Precinct name="Mitchell" votes="0" />
            </VoteType>
        </Choice>
    </Contest>
    <Contest key="18" text="Commissioner of Labor - Dem" voteFor="1" isQuestion="false" precinctsReporting="4" precinctsReported="4">
        <VoteType name="Undervotes" votes="0">
            <Precinct name="Edgehill" votes="0" />
            <Precinct name="Gibson" votes="0" />
            <Precinct name="Mill" votes="0" />
            <Precinct name="Mitchell" votes="0" />
        </VoteType>
        <VoteType name="Overvotes" votes="0">
            <Precinct name="Edgehill" votes="0" />
            <Precinct name="Gibson" votes="0" />
            <Precinct name="Mill" votes="0" />
            <Precinct name="Mitchell" votes="0" />
        </VoteType>
        <Choice key="86" text="William &quot;&quot;Will&quot;&quot; Boddie, Jr." party="DEM" totalVotes="2">
            <VoteType name="Absentee by Mail Votes" votes="0">
                <Precinct name="Edgehill" votes="0" />
                <Precinct name="Gibson" votes="0" />
                <Precinct name="Mill" votes="0" />
                <Precinct name="Mitchell" votes="0" />
            </VoteType>
            <VoteType name="Advance Voting Votes" votes="0">
                <Precinct name="Edgehill" votes="0" />
                <Precinct name="Gibson" votes="0" />
                <Precinct name="Mill" votes="0" />
                <Precinct name="Mitchell" votes="0" />
            </VoteType>
            <VoteType name="Election Day Votes" votes="2">
                <Precinct name="Edgehill" votes="0" />
                <Precinct name="Gibson" votes="1" />
                <Precinct name="Mill" votes="1" />
                <Precinct name="Mitchell" votes="0" />
            </VoteType>
            <VoteType name="Provisional Votes" votes="0">
                <Precinct name="Edgehill" votes="0" />
                <Precinct name="Gibson" votes="0" />
                <Precinct name="Mill" votes="0" />
                <Precinct name="Mitchell" votes="0" />
            </VoteType>
        </Choice>
        <Choice key="88" text="Nicole Horn" party="DEM" totalVotes="4">
            <VoteType name="Absentee by Mail Votes" votes="2">
                <Precinct name="Edgehill" votes="0" />
                <Precinct name="Gibson" votes="1" />
                <Precinct name="Mill" votes="1" />
                <Precinct name="Mitchell" votes="0" />
            </VoteType>
            <VoteType name="Advance Voting Votes" votes="0">
                <Precinct name="Edgehill" votes="0" />
                <Precinct name="Gibson" votes="0" />
                <Precinct name="Mill" votes="0" />
                <Precinct name="Mitchell" votes="0" />
            </VoteType>
            <VoteType name="Election Day Votes" votes="2">
                <Precinct name="Edgehill" votes="0" />
                <Precinct name="Gibson" votes="1" />
                <Precinct name="Mill" votes="1" />
                <Precinct name="Mitchell" votes="0" />
            </VoteType>
            <VoteType name="Provisional Votes" votes="0">
                <Precinct name="Edgehill" votes="0" />
                <Precinct name="Gibson" votes="0" />
                <Precinct name="Mill" votes="0" />
                <Precinct name="Mitchell" votes="0" />
            </VoteType>
        </Choice>
    </Contest>
</ElectionResult>