<?xml version="1.0"?>
<!--Election result snapshot imported from Tabulation System
-->
<ElectionResult>
    <Timestamp>6/30/2022 10:04:33 AM EDT</Timestamp>
    <ElectionName>June 21, 2022 - General Primary -Nonpartisan General Election Runoff</ElectionName>
    <ElectionDate>6/21/2022</ElectionDate>
    <Region>Stephens</Region>
    <VoterTurnout totalVoters="0" ballotsCast="130" voterTurnout="0.00">
        <Precincts>
            <Precinct name="Senior Center" totalVoters="0" ballotsCast="130" voterTurnout="0.00" percentReporting="4" />
        </Precincts>
    </VoterTurnout>
    <Contest key="6" text="Lieutenant Governor - Dem" voteFor="1" isQuestion="false" precinctsReporting="1" precinctsReported="1">
        <VoteType name="Undervotes" votes="3">
            <Precinct name="Senior Center" votes="3" />
        </VoteType>
        <VoteType name="Overvotes" votes="0">
            <Precinct name="Senior Center" votes="0" />
        </VoteType>
        <Choice key="20" text="Charlie Bailey" party="DEM" totalVotes="93">
            <VoteType name="Absentee by Mail Votes" votes="27">
                <Precinct name="Senior Center" votes="27" />
            </VoteType>
            <VoteType name="Advance Voting Votes" votes="33">
                <Precinct name="Senior Center" votes="33" />
            </VoteType>
            <VoteType name="Election Day Votes" votes="33">
                <Precinct name="Senior Center" votes="33" />
            </VoteType>
            <VoteType name="Provisional Votes" votes="0">
                <Precinct name="Senior Center" votes="0" />
            </VoteType>
        </Choice>
        <Choice key="23" text="Kwanza Hall" party="DEM" totalVotes="34">
            <VoteType name="Absentee by Mail Votes" votes="6">
                <Precinct name="Senior Center" votes="6" />
            </VoteType>
            <VoteType name="Advance Voting Votes" votes="11">
                <Precinct name="Senior Center" votes="11" />
            </VoteType>
            <VoteType name="Election Day Votes" votes="17">
                <Precinct name="Senior Center" votes="17" />
            </VoteType>
            <VoteType name="Provisional Votes" votes="0">
                <Precinct name="Senior Center" votes="0" />
            </VoteType>
        </Choice>
    </Contest>
    <Contest key="8" text="Secretary of State - Dem" voteFor="1" isQuestion="false" precinctsReporting="1" precinctsReported="1">
        <VoteType name="Undervotes" votes="4">
            <Precinct name="Senior Center" votes="4" />
        </VoteType>
        <VoteType name="Overvotes" votes="0">
            <Precinct name="Senior Center" votes="0" />
        </VoteType>
        <Choice key="32" text="Dee Dawkins-Haigler" party="DEM" totalVotes="23">
            <VoteType name="Absentee by Mail Votes" votes="8">
                <Precinct name="Senior Center" votes="8" />
            </VoteType>
            <VoteType name="Advance Voting Votes" votes="3">
                <Precinct name="Senior Center" votes="3" />
            </VoteType>
            <VoteType name="Election Day Votes" votes="12">
                <Precinct name="Senior Center" votes="12" />
            </VoteType>
            <VoteType name="Provisional Votes" votes="0">
                <Precinct name="Senior Center" votes="0" />
            </VoteType>
        </Choice>
        <Choice key="35" text="Bee Nguyen" party="DEM" totalVotes="103">
            <VoteType name="Absentee by Mail Votes" votes="25">
                <Precinct name="Senior Center" votes="25" />
            </VoteType>
            <VoteType name="Advance Voting Votes" votes="40">
                <Precinct name="Senior Center" votes="40" />
            </VoteType>
            <VoteType name="Election Day Votes" votes="38">
                <Precinct name="Senior Center" votes="38" />
            </VoteType>
            <VoteType name="Provisional Votes" votes="0">
                <Precinct name="Senior Center" votes="0" />
            </VoteType>
        </Choice>
    </Contest>
    <Contest key="14" text="Commissioner of Insurance - Dem" voteFor="1" isQuestion="false" precinctsReporting="1" precinctsReported="1">
        <VoteType name="Undervotes" votes="7">
            <Precinct name="Senior Center" votes="7" />
        </VoteType>
        <VoteType name="Overvotes" votes="0">
            <Precinct name="Senior Center" votes="0" />
        </VoteType>
        <Choice key="48" text="Raphael Baker" party="DEM" totalVotes="53">
            <VoteType name="Absentee by Mail Votes" votes="16">
                <Precinct name="Senior Center" votes="16" />
            </VoteType>
            <VoteType name="Advance Voting Votes" votes="18">
                <Precinct name="Senior Center" votes="18" />
            </VoteType>
            <VoteType name="Election Day Votes" votes="19">
                <Precinct name="Senior Center" votes="19" />
            </VoteType>
            <VoteType name="Provisional Votes" votes="0">
                <Precinct name="Senior Center" votes="0" />
            </VoteType>
        </Choice>
        <Choice key="49" text="Janice Laws Robinson" party="DEM" totalVotes="70">
            <VoteType name="Absentee by Mail Votes" votes="16">
                <Precinct name="Senior Center" votes="16" />
            </VoteType>
            <VoteType name="Advance Voting Votes" votes="25">
                <Precinct name="Senior Center" votes="25" />
            </VoteType>
            <VoteType name="Election Day Votes" votes="29">
                <Precinct name="Senior Center" votes="29" />
            </VoteType>
            <VoteType name="Provisional Votes" votes="0">
                <Precinct name="Senior Center" votes="0" />
            </VoteType>
        </Choice>
    </Contest>
    <Contest key="18" text="Commissioner of Labor - Dem" voteFor="1" isQuestion="false" precinctsReporting="1" precinctsReported="1">
        <VoteType name="Undervotes" votes="3">
            <Precinct name="Senior Center" votes="3" />
        </VoteType>
        <VoteType name="Overvotes" votes="0">
            <Precinct name="Senior Center" votes="0" />
        </VoteType>
        <Choice key="60" text="William &quot;&quot;Will&quot;&quot; Boddie, Jr." party="DEM" totalVotes="65">
            <VoteType name="Absentee by Mail Votes" votes="19">
                <Precinct name="Senior Center" votes="19" />
            </VoteType>
            <VoteType name="Advance Voting Votes" votes="23">
                <Precinct name="Senior Center" votes="23" />
            </VoteType>
            <VoteType name="Election Day Votes" votes="23">
                <Precinct name="Senior Center" votes="23" />
            </VoteType>
            <VoteType name="Provisional Votes" votes="0">
                <Precinct name="Senior Center" votes="0" />
            </VoteType>
        </Choice>
        <Choice key="62" text="Nicole Horn" party="DEM" totalVotes="62">
            <VoteType name="Absentee by Mail Votes" votes="14">
                <Precinct name="Senior Center" votes="14" />
            </VoteType>
            <VoteType name="Advance Voting Votes" votes="20">
                <Precinct name="Senior Center" votes="20" />
            </VoteType>
            <VoteType name="Election Day Votes" votes="28">
                <Precinct name="Senior Center" votes="28" />
            </VoteType>
            <VoteType name="Provisional Votes" votes="0">
                <Precinct name="Senior Center" votes="0" />
            </VoteType>
        </Choice>
    </Contest>
    <Contest key="28" text="County Commission - Post 1 - Rep" voteFor="1" isQuestion="false" precinctsReporting="1" precinctsReported="1">
        <VoteType name="Undervotes" votes="16">
            <Precinct name="Senior Center" votes="16" />
        </VoteType>
        <VoteType name="Overvotes" votes="0">
            <Precinct name="Senior Center" votes="0" />
        </VoteType>
        <Choice key="82" text="Dennis L. Black" party="REP" totalVotes="813">
            <VoteType name="Absentee by Mail Votes" votes="70">
                <Precinct name="Senior Center" votes="70" />
            </VoteType>
            <VoteType name="Advance Voting Votes" votes="470">
                <Precinct name="Senior Center" votes="470" />
            </VoteType>
            <VoteType name="Election Day Votes" votes="273">
                <Precinct name="Senior Center" votes="273" />
            </VoteType>
            <VoteType name="Provisional Votes" votes="0">
                <Precinct name="Senior Center" votes="0" />
            </VoteType>
        </Choice>
        <Choice key="85" text="Tara D. Simmons" party="REP" totalVotes="867">
            <VoteType name="Absentee by Mail Votes" votes="56">
                <Precinct name="Senior Center" votes="56" />
            </VoteType>
            <VoteType name="Advance Voting Votes" votes="519">
                <Precinct name="Senior Center" votes="519" />
            </VoteType>
            <VoteType name="Election Day Votes" votes="292">
                <Precinct name="Senior Center" votes="292" />
            </VoteType>
            <VoteType name="Provisional Votes" votes="0">
                <Precinct name="Senior Center" votes="0" />
            </VoteType>
        </Choice>
    </Contest>
    <Contest key="30" text="County Commission - Post 4 - Rep" voteFor="1" isQuestion="false" precinctsReporting="1" precinctsReported="1">
        <VoteType name="Undervotes" votes="3">
            <Precinct name="Senior Center" votes="3" />
        </VoteType>
        <VoteType name="Overvotes" votes="0">
            <Precinct name="Senior Center" votes="0" />
        </VoteType>
        <Choice key="88" text="James Addison (I)" party="REP" totalVotes="756">
            <VoteType name="Absentee by Mail Votes" votes="75">
                <Precinct name="Senior Center" votes="75" />
            </VoteType>
            <VoteType name="Advance Voting Votes" votes="426">
                <Precinct name="Senior Center" votes="426" />
            </VoteType>
            <VoteType name="Election Day Votes" votes="255">
                <Precinct name="Senior Center" votes="255" />
            </VoteType>
            <VoteType name="Provisional Votes" votes="0">
                <Precinct name="Senior Center" votes="0" />
            </VoteType>
        </Choice>
        <Choice key="91" text="Chris Rickman" party="REP" totalVotes="937">
            <VoteType name="Absentee by Mail Votes" votes="51">
                <Precinct name="Senior Center" votes="51" />
            </VoteType>
            <VoteType name="Advance Voting Votes" votes="573">
                <Precinct name="Senior Center" votes="573" />
            </VoteType>
            <VoteType name="Election Day Votes" votes="313">
                <Precinct name="Senior Center" votes="313" />
            </VoteType>
            <VoteType name="Provisional Votes" votes="0">
                <Precinct name="Senior Center" votes="0" />
            </VoteType>
        </Choice>
    </Contest>
</ElectionResult>