<?xml version="1.0"?>
<!--Election result snapshot imported from Tabulation System
-->
<ElectionResult>
    <Timestamp>6/23/2022 11:36:56 AM EDT</Timestamp>
    <ElectionName>June 21, 2022 - General Primary -Nonpartisan General Election Runoff</ElectionName>
    <ElectionDate>6/21/2022</ElectionDate>
    <Region>Screven</Region>
    <VoterTurnout totalVoters="0" ballotsCast="240" voterTurnout="0.00">
        <Precincts>
            <Precinct name="Sylvania" totalVoters="0" ballotsCast="31" voterTurnout="0.00" percentReporting="4" />
            <Precinct name="Hunters" totalVoters="0" ballotsCast="10" voterTurnout="0.00" percentReporting="4" />
            <Precinct name="Newington" totalVoters="0" ballotsCast="13" voterTurnout="0.00" percentReporting="4" />
            <Precinct name="Jenk Hill Fire Sta" totalVoters="0" ballotsCast="53" voterTurnout="0.00" percentReporting="4" />
            <Precinct name="Rocky Ford" totalVoters="0" ballotsCast="13" voterTurnout="0.00" percentReporting="4" />
            <Precinct name="Bay Branch" totalVoters="0" ballotsCast="6" voterTurnout="0.00" percentReporting="4" />
            <Precinct name="Hiltonia" totalVoters="0" ballotsCast="23" voterTurnout="0.00" percentReporting="4" />
            <Precinct name="Screven Rec Dept" totalVoters="0" ballotsCast="13" voterTurnout="0.00" percentReporting="4" />
            <Precinct name="Greenhill Church" totalVoters="0" ballotsCast="8" voterTurnout="0.00" percentReporting="4" />
            <Precinct name="Sr Citizens Center" totalVoters="0" ballotsCast="46" voterTurnout="0.00" percentReporting="4" />
            <Precinct name="Jackson Fire Station" totalVoters="0" ballotsCast="6" voterTurnout="0.00" percentReporting="4" />
            <Precinct name="Cooperville Fire Station" totalVoters="0" ballotsCast="18" voterTurnout="0.00" percentReporting="4" />
        </Precincts>
    </VoterTurnout>
    <Contest key="6" text="Lieutenant Governor - Dem" voteFor="1" isQuestion="false" precinctsReporting="12" precinctsReported="12">
        <VoteType name="Undervotes" votes="3">
            <Precinct name="Sylvania" votes="1" />
            <Precinct name="Hunters" votes="0" />
            <Precinct name="Newington" votes="0" />
            <Precinct name="Jenk Hill Fire Sta" votes="1" />
            <Precinct name="Rocky Ford" votes="0" />
            <Precinct name="Bay Branch" votes="0" />
            <Precinct name="Hiltonia" votes="0" />
            <Precinct name="Screven Rec Dept" votes="1" />
            <Precinct name="Greenhill Church" votes="0" />
            <Precinct name="Sr Citizens Center" votes="0" />
            <Precinct name="Jackson Fire Station" votes="0" />
            <Precinct name="Cooperville Fire Station" votes="0" />
        </VoteType>
        <VoteType name="Overvotes" votes="0">
            <Precinct name="Sylvania" votes="0" />
            <Precinct name="Hunters" votes="0" />
            <Precinct name="Newington" votes="0" />
            <Precinct name="Jenk Hill Fire Sta" votes="0" />
            <Precinct name="Rocky Ford" votes="0" />
            <Precinct name="Bay Branch" votes="0" />
            <Precinct name="Hiltonia" votes="0" />
            <Precinct name="Screven Rec Dept" votes="0" />
            <Precinct name="Greenhill Church" votes="0" />
            <Precinct name="Sr Citizens Center" votes="0" />
            <Precinct name="Jackson Fire Station" votes="0" />
            <Precinct name="Cooperville Fire Station" votes="0" />
        </VoteType>
        <Choice key="20" text="Charlie Bailey" party="DEM" totalVotes="150">
            <VoteType name="Absentee by Mail Votes" votes="13">
                <Precinct name="Sylvania" votes="2" />
                <Precinct name="Hunters" votes="0" />
                <Precinct name="Newington" votes="3" />
                <Precinct name="Jenk Hill Fire Sta" votes="3" />
                <Precinct name="Rocky Ford" votes="0" />
                <Precinct name="Bay Branch" votes="0" />
                <Precinct name="Hiltonia" votes="1" />
                <Precinct name="Screven Rec Dept" votes="2" />
                <Precinct name="Greenhill Church" votes="0" />
                <Precinct name="Sr Citizens Center" votes="1" />
                <Precinct name="Jackson Fire Station" votes="0" />
                <Precinct name="Cooperville Fire Station" votes="1" />
            </VoteType>
            <VoteType name="Advance Voting Votes" votes="35">
                <Precinct name="Sylvania" votes="11" />
                <Precinct name="Hunters" votes="0" />
                <Precinct name="Newington" votes="1" />
                <Precinct name="Jenk Hill Fire Sta" votes="6" />
                <Precinct name="Rocky Ford" votes="3" />
                <Precinct name="Bay Branch" votes="0" />
                <Precinct name="Hiltonia" votes="4" />
                <Precinct name="Screven Rec Dept" votes="0" />
                <Precinct name="Greenhill Church" votes="1" />
                <Precinct name="Sr Citizens Center" votes="5" />
                <Precinct name="Jackson Fire Station" votes="0" />
                <Precinct name="Cooperville Fire Station" votes="4" />
            </VoteType>
            <VoteType name="Election Day Votes" votes="102">
                <Precinct name="Sylvania" votes="12" />
                <Precinct name="Hunters" votes="7" />
                <Precinct name="Newington" votes="6" />
                <Precinct name="Jenk Hill Fire Sta" votes="23" />
                <Precinct name="Rocky Ford" votes="3" />
                <Precinct name="Bay Branch" votes="4" />
                <Precinct name="Hiltonia" votes="11" />
                <Precinct name="Screven Rec Dept" votes="6" />
                <Precinct name="Greenhill Church" votes="5" />
                <Precinct name="Sr Citizens Center" votes="19" />
                <Precinct name="Jackson Fire Station" votes="2" />
                <Precinct name="Cooperville Fire Station" votes="4" />
            </VoteType>
            <VoteType name="Provisional Votes" votes="0">
                <Precinct name="Sylvania" votes="0" />
                <Precinct name="Hunters" votes="0" />
                <Precinct name="Newington" votes="0" />
                <Precinct name="Jenk Hill Fire Sta" votes="0" />
                <Precinct name="Rocky Ford" votes="0" />
                <Precinct name="Bay Branch" votes="0" />
                <Precinct name="Hiltonia" votes="0" />
                <Precinct name="Screven Rec Dept" votes="0" />
                <Precinct name="Greenhill Church" votes="0" />
                <Precinct name="Sr Citizens Center" votes="0" />
                <Precinct name="Jackson Fire Station" votes="0" />
                <Precinct name="Cooperville Fire Station" votes="0" />
            </VoteType>
        </Choice>
        <Choice key="23" text="Kwanza Hall" party="DEM" totalVotes="87">
            <VoteType name="Absentee by Mail Votes" votes="8">
                <Precinct name="Sylvania" votes="2" />
                <Precinct name="Hunters" votes="0" />
                <Precinct name="Newington" votes="1" />
                <Precinct name="Jenk Hill Fire Sta" votes="1" />
                <Precinct name="Rocky Ford" votes="1" />
                <Precinct name="Bay Branch" votes="0" />
                <Precinct name="Hiltonia" votes="1" />
                <Precinct name="Screven Rec Dept" votes="0" />
                <Precinct name="Greenhill Church" votes="0" />
                <Precinct name="Sr Citizens Center" votes="0" />
                <Precinct name="Jackson Fire Station" votes="1" />
                <Precinct name="Cooperville Fire Station" votes="1" />
            </VoteType>
            <VoteType name="Advance Voting Votes" votes="21">
                <Precinct name="Sylvania" votes="0" />
                <Precinct name="Hunters" votes="2" />
                <Precinct name="Newington" votes="1" />
                <Precinct name="Jenk Hill Fire Sta" votes="8" />
                <Precinct name="Rocky Ford" votes="2" />
                <Precinct name="Bay Branch" votes="1" />
                <Precinct name="Hiltonia" votes="1" />
                <Precinct name="Screven Rec Dept" votes="0" />
                <Precinct name="Greenhill Church" votes="2" />
                <Precinct name="Sr Citizens Center" votes="4" />
                <Precinct name="Jackson Fire Station" votes="0" />
                <Precinct name="Cooperville Fire Station" votes="0" />
            </VoteType>
            <VoteType name="Election Day Votes" votes="58">
                <Precinct name="Sylvania" votes="3" />
                <Precinct name="Hunters" votes="1" />
                <Precinct name="Newington" votes="1" />
                <Precinct name="Jenk Hill Fire Sta" votes="11" />
                <Precinct name="Rocky Ford" votes="4" />
                <Precinct name="Bay Branch" votes="1" />
                <Precinct name="Hiltonia" votes="5" />
                <Precinct name="Screven Rec Dept" votes="4" />
                <Precinct name="Greenhill Church" votes="0" />
                <Precinct name="Sr Citizens Center" votes="17" />
                <Precinct name="Jackson Fire Station" votes="3" />
                <Precinct name="Cooperville Fire Station" votes="8" />
            </VoteType>
            <VoteType name="Provisional Votes" votes="0">
                <Precinct name="Sylvania" votes="0" />
                <Precinct name="Hunters" votes="0" />
                <Precinct name="Newington" votes="0" />
                <Precinct name="Jenk Hill Fire Sta" votes="0" />
                <Precinct name="Rocky Ford" votes="0" />
                <Precinct name="Bay Branch" votes="0" />
                <Precinct name="Hiltonia" votes="0" />
                <Precinct name="Screven Rec Dept" votes="0" />
                <Precinct name="Greenhill Church" votes="0" />
                <Precinct name="Sr Citizens Center" votes="0" />
                <Precinct name="Jackson Fire Station" votes="0" />
                <Precinct name="Cooperville Fire Station" votes="0" />
            </VoteType>
        </Choice>
    </Contest>
    <Contest key="8" text="Secretary of State - Dem" voteFor="1" isQuestion="false" precinctsReporting="12" precinctsReported="12">
        <VoteType name="Undervotes" votes="7">
            <Precinct name="Sylvania" votes="1" />
            <Precinct name="Hunters" votes="1" />
            <Precinct name="Newington" votes="0" />
            <Precinct name="Jenk Hill Fire Sta" votes="3" />
            <Precinct name="Rocky Ford" votes="0" />
            <Precinct name="Bay Branch" votes="0" />
            <Precinct name="Hiltonia" votes="0" />
            <Precinct name="Screven Rec Dept" votes="0" />
            <Precinct name="Greenhill Church" votes="0" />
            <Precinct name="Sr Citizens Center" votes="1" />
            <Precinct name="Jackson Fire Station" votes="0" />
            <Precinct name="Cooperville Fire Station" votes="1" />
        </VoteType>
        <VoteType name="Overvotes" votes="0">
            <Precinct name="Sylvania" votes="0" />
            <Precinct name="Hunters" votes="0" />
            <Precinct name="Newington" votes="0" />
            <Precinct name="Jenk Hill Fire Sta" votes="0" />
            <Precinct name="Rocky Ford" votes="0" />
            <Precinct name="Bay Branch" votes="0" />
            <Precinct name="Hiltonia" votes="0" />
            <Precinct name="Screven Rec Dept" votes="0" />
            <Precinct name="Greenhill Church" votes="0" />
            <Precinct name="Sr Citizens Center" votes="0" />
            <Precinct name="Jackson Fire Station" votes="0" />
            <Precinct name="Cooperville Fire Station" votes="0" />
        </VoteType>
        <Choice key="32" text="Dee Dawkins-Haigler" party="DEM" totalVotes="115">
            <VoteType name="Absentee by Mail Votes" votes="9">
                <Precinct name="Sylvania" votes="2" />
                <Precinct name="Hunters" votes="0" />
                <Precinct name="Newington" votes="0" />
                <Precinct name="Jenk Hill Fire Sta" votes="2" />
                <Precinct name="Rocky Ford" votes="1" />
                <Precinct name="Bay Branch" votes="0" />
                <Precinct name="Hiltonia" votes="0" />
                <Precinct name="Screven Rec Dept" votes="2" />
                <Precinct name="Greenhill Church" votes="0" />
                <Precinct name="Sr Citizens Center" votes="1" />
                <Precinct name="Jackson Fire Station" votes="0" />
                <Precinct name="Cooperville Fire Station" votes="1" />
            </VoteType>
            <VoteType name="Advance Voting Votes" votes="16">
                <Precinct name="Sylvania" votes="3" />
                <Precinct name="Hunters" votes="0" />
                <Precinct name="Newington" votes="1" />
                <Precinct name="Jenk Hill Fire Sta" votes="3" />
                <Precinct name="Rocky Ford" votes="1" />
                <Precinct name="Bay Branch" votes="0" />
                <Precinct name="Hiltonia" votes="2" />
                <Precinct name="Screven Rec Dept" votes="0" />
                <Precinct name="Greenhill Church" votes="3" />
                <Precinct name="Sr Citizens Center" votes="3" />
                <Precinct name="Jackson Fire Station" votes="0" />
                <Precinct name="Cooperville Fire Station" votes="0" />
            </VoteType>
            <VoteType name="Election Day Votes" votes="90">
                <Precinct name="Sylvania" votes="6" />
                <Precinct name="Hunters" votes="4" />
                <Precinct name="Newington" votes="5" />
                <Precinct name="Jenk Hill Fire Sta" votes="18" />
                <Precinct name="Rocky Ford" votes="5" />
                <Precinct name="Bay Branch" votes="5" />
                <Precinct name="Hiltonia" votes="9" />
                <Precinct name="Screven Rec Dept" votes="6" />
                <Precinct name="Greenhill Church" votes="4" />
                <Precinct name="Sr Citizens Center" votes="22" />
                <Precinct name="Jackson Fire Station" votes="2" />
                <Precinct name="Cooperville Fire Station" votes="4" />
            </VoteType>
            <VoteType name="Provisional Votes" votes="0">
                <Precinct name="Sylvania" votes="0" />
                <Precinct name="Hunters" votes="0" />
                <Precinct name="Newington" votes="0" />
                <Precinct name="Jenk Hill Fire Sta" votes="0" />
                <Precinct name="Rocky Ford" votes="0" />
                <Precinct name="Bay Branch" votes="0" />
                <Precinct name="Hiltonia" votes="0" />
                <Precinct name="Screven Rec Dept" votes="0" />
                <Precinct name="Greenhill Church" votes="0" />
                <Precinct name="Sr Citizens Center" votes="0" />
                <Precinct name="Jackson Fire Station" votes="0" />
                <Precinct name="Cooperville Fire Station" votes="0" />
            </VoteType>
        </Choice>
        <Choice key="35" text="Bee Nguyen" party="DEM" totalVotes="118">
            <VoteType name="Absentee by Mail Votes" votes="12">
                <Precinct name="Sylvania" votes="2" />
                <Precinct name="Hunters" votes="0" />
                <Precinct name="Newington" votes="4" />
                <Precinct name="Jenk Hill Fire Sta" votes="2" />
                <Precinct name="Rocky Ford" votes="0" />
                <Precinct name="Bay Branch" votes="0" />
                <Precinct name="Hiltonia" votes="2" />
                <Precinct name="Screven Rec Dept" votes="0" />
                <Precinct name="Greenhill Church" votes="0" />
                <Precinct name="Sr Citizens Center" votes="0" />
                <Precinct name="Jackson Fire Station" votes="1" />
                <Precinct name="Cooperville Fire Station" votes="1" />
            </VoteType>
            <VoteType name="Advance Voting Votes" votes="40">
                <Precinct name="Sylvania" votes="8" />
                <Precinct name="Hunters" votes="2" />
                <Precinct name="Newington" votes="1" />
                <Precinct name="Jenk Hill Fire Sta" votes="11" />
                <Precinct name="Rocky Ford" votes="4" />
                <Precinct name="Bay Branch" votes="1" />
                <Precinct name="Hiltonia" votes="3" />
                <Precinct name="Screven Rec Dept" votes="0" />
                <Precinct name="Greenhill Church" votes="0" />
                <Precinct name="Sr Citizens Center" votes="6" />
                <Precinct name="Jackson Fire Station" votes="0" />
                <Precinct name="Cooperville Fire Station" votes="4" />
            </VoteType>
            <VoteType name="Election Day Votes" votes="66">
                <Precinct name="Sylvania" votes="9" />
                <Precinct name="Hunters" votes="3" />
                <Precinct name="Newington" votes="2" />
                <Precinct name="Jenk Hill Fire Sta" votes="14" />
                <Precinct name="Rocky Ford" votes="2" />
                <Precinct name="Bay Branch" votes="0" />
                <Precinct name="Hiltonia" votes="7" />
                <Precinct name="Screven Rec Dept" votes="5" />
                <Precinct name="Greenhill Church" votes="1" />
                <Precinct name="Sr Citizens Center" votes="13" />
                <Precinct name="Jackson Fire Station" votes="3" />
                <Precinct name="Cooperville Fire Station" votes="7" />
            </VoteType>
            <VoteType name="Provisional Votes" votes="0">
                <Precinct name="Sylvania" votes="0" />
                <Precinct name="Hunters" votes="0" />
                <Precinct name="Newington" votes="0" />
                <Precinct name="Jenk Hill Fire Sta" votes="0" />
                <Precinct name="Rocky Ford" votes="0" />
                <Precinct name="Bay Branch" votes="0" />
                <Precinct name="Hiltonia" votes="0" />
                <Precinct name="Screven Rec Dept" votes="0" />
                <Precinct name="Greenhill Church" votes="0" />
                <Precinct name="Sr Citizens Center" votes="0" />
                <Precinct name="Jackson Fire Station" votes="0" />
                <Precinct name="Cooperville Fire Station" votes="0" />
            </VoteType>
        </Choice>
    </Contest>
    <Contest key="14" text="Commissioner of Insurance - Dem" voteFor="1" isQuestion="false" precinctsReporting="12" precinctsReported="12">
        <VoteType name="Undervotes" votes="3">
            <Precinct name="Sylvania" votes="1" />
            <Precinct name="Hunters" votes="0" />
            <Precinct name="Newington" votes="0" />
            <Precinct name="Jenk Hill Fire Sta" votes="2" />
            <Precinct name="Rocky Ford" votes="0" />
            <Precinct name="Bay Branch" votes="0" />
            <Precinct name="Hiltonia" votes="0" />
            <Precinct name="Screven Rec Dept" votes="0" />
            <Precinct name="Greenhill Church" votes="0" />
            <Precinct name="Sr Citizens Center" votes="0" />
            <Precinct name="Jackson Fire Station" votes="0" />
            <Precinct name="Cooperville Fire Station" votes="0" />
        </VoteType>
        <VoteType name="Overvotes" votes="0">
            <Precinct name="Sylvania" votes="0" />
            <Precinct name="Hunters" votes="0" />
            <Precinct name="Newington" votes="0" />
            <Precinct name="Jenk Hill Fire Sta" votes="0" />
            <Precinct name="Rocky Ford" votes="0" />
            <Precinct name="Bay Branch" votes="0" />
            <Precinct name="Hiltonia" votes="0" />
            <Precinct name="Screven Rec Dept" votes="0" />
            <Precinct name="Greenhill Church" votes="0" />
            <Precinct name="Sr Citizens Center" votes="0" />
            <Precinct name="Jackson Fire Station" votes="0" />
            <Precinct name="Cooperville Fire Station" votes="0" />
        </VoteType>
        <Choice key="48" text="Raphael Baker" party="DEM" totalVotes="81">
            <VoteType name="Absentee by Mail Votes" votes="8">
                <Precinct name="Sylvania" votes="2" />
                <Precinct name="Hunters" votes="0" />
                <Precinct name="Newington" votes="2" />
                <Precinct name="Jenk Hill Fire Sta" votes="0" />
                <Precinct name="Rocky Ford" votes="0" />
                <Precinct name="Bay Branch" votes="0" />
                <Precinct name="Hiltonia" votes="1" />
                <Precinct name="Screven Rec Dept" votes="1" />
                <Precinct name="Greenhill Church" votes="0" />
                <Precinct name="Sr Citizens Center" votes="1" />
                <Precinct name="Jackson Fire Station" votes="1" />
                <Precinct name="Cooperville Fire Station" votes="0" />
            </VoteType>
            <VoteType name="Advance Voting Votes" votes="18">
                <Precinct name="Sylvania" votes="5" />
                <Precinct name="Hunters" votes="0" />
                <Precinct name="Newington" votes="0" />
                <Precinct name="Jenk Hill Fire Sta" votes="6" />
                <Precinct name="Rocky Ford" votes="2" />
                <Precinct name="Bay Branch" votes="0" />
                <Precinct name="Hiltonia" votes="2" />
                <Precinct name="Screven Rec Dept" votes="0" />
                <Precinct name="Greenhill Church" votes="1" />
                <Precinct name="Sr Citizens Center" votes="2" />
                <Precinct name="Jackson Fire Station" votes="0" />
                <Precinct name="Cooperville Fire Station" votes="0" />
            </VoteType>
            <VoteType name="Election Day Votes" votes="55">
                <Precinct name="Sylvania" votes="6" />
                <Precinct name="Hunters" votes="3" />
                <Precinct name="Newington" votes="2" />
                <Precinct name="Jenk Hill Fire Sta" votes="12" />
                <Precinct name="Rocky Ford" votes="3" />
                <Precinct name="Bay Branch" votes="4" />
                <Precinct name="Hiltonia" votes="2" />
                <Precinct name="Screven Rec Dept" votes="3" />
                <Precinct name="Greenhill Church" votes="4" />
                <Precinct name="Sr Citizens Center" votes="11" />
                <Precinct name="Jackson Fire Station" votes="1" />
                <Precinct name="Cooperville Fire Station" votes="4" />
            </VoteType>
            <VoteType name="Provisional Votes" votes="0">
                <Precinct name="Sylvania" votes="0" />
                <Precinct name="Hunters" votes="0" />
                <Precinct name="Newington" votes="0" />
                <Precinct name="Jenk Hill Fire Sta" votes="0" />
                <Precinct name="Rocky Ford" votes="0" />
                <Precinct name="Bay Branch" votes="0" />
                <Precinct name="Hiltonia" votes="0" />
                <Precinct name="Screven Rec Dept" votes="0" />
                <Precinct name="Greenhill Church" votes="0" />
                <Precinct name="Sr Citizens Center" votes="0" />
                <Precinct name="Jackson Fire Station" votes="0" />
                <Precinct name="Cooperville Fire Station" votes="0" />
            </VoteType>
        </Choice>
        <Choice key="49" text="Janice Laws Robinson" party="DEM" totalVotes="156">
            <VoteType name="Absentee by Mail Votes" votes="13">
                <Precinct name="Sylvania" votes="2" />
                <Precinct name="Hunters" votes="0" />
                <Precinct name="Newington" votes="2" />
                <Precinct name="Jenk Hill Fire Sta" votes="4" />
                <Precinct name="Rocky Ford" votes="1" />
                <Precinct name="Bay Branch" votes="0" />
                <Precinct name="Hiltonia" votes="1" />
                <Precinct name="Screven Rec Dept" votes="1" />
                <Precinct name="Greenhill Church" votes="0" />
                <Precinct name="Sr Citizens Center" votes="0" />
                <Precinct name="Jackson Fire Station" votes="0" />
                <Precinct name="Cooperville Fire Station" votes="2" />
            </VoteType>
            <VoteType name="Advance Voting Votes" votes="38">
                <Precinct name="Sylvania" votes="6" />
                <Precinct name="Hunters" votes="2" />
                <Precinct name="Newington" votes="2" />
                <Precinct name="Jenk Hill Fire Sta" votes="8" />
                <Precinct name="Rocky Ford" votes="3" />
                <Precinct name="Bay Branch" votes="1" />
                <Precinct name="Hiltonia" votes="3" />
                <Precinct name="Screven Rec Dept" votes="0" />
                <Precinct name="Greenhill Church" votes="2" />
                <Precinct name="Sr Citizens Center" votes="7" />
                <Precinct name="Jackson Fire Station" votes="0" />
                <Precinct name="Cooperville Fire Station" votes="4" />
            </VoteType>
            <VoteType name="Election Day Votes" votes="105">
                <Precinct name="Sylvania" votes="9" />
                <Precinct name="Hunters" votes="5" />
                <Precinct name="Newington" votes="5" />
                <Precinct name="Jenk Hill Fire Sta" votes="21" />
                <Precinct name="Rocky Ford" votes="4" />
                <Precinct name="Bay Branch" votes="1" />
                <Precinct name="Hiltonia" votes="14" />
                <Precinct name="Screven Rec Dept" votes="8" />
                <Precinct name="Greenhill Church" votes="1" />
                <Precinct name="Sr Citizens Center" votes="25" />
                <Precinct name="Jackson Fire Station" votes="4" />
                <Precinct name="Cooperville Fire Station" votes="8" />
            </VoteType>
            <VoteType name="Provisional Votes" votes="0">
                <Precinct name="Sylvania" votes="0" />
                <Precinct name="Hunters" votes="0" />
                <Precinct name="Newington" votes="0" />
                <Precinct name="Jenk Hill Fire Sta" votes="0" />
                <Precinct name="Rocky Ford" votes="0" />
                <Precinct name="Bay Branch" votes="0" />
                <Precinct name="Hiltonia" votes="0" />
                <Precinct name="Screven Rec Dept" votes="0" />
                <Precinct name="Greenhill Church" votes="0" />
                <Precinct name="Sr Citizens Center" votes="0" />
                <Precinct name="Jackson Fire Station" votes="0" />
                <Precinct name="Cooperville Fire Station" votes="0" />
            </VoteType>
        </Choice>
    </Contest>
    <Contest key="18" text="Commissioner of Labor - Dem" voteFor="1" isQuestion="false" precinctsReporting="12" precinctsReported="12">
        <VoteType name="Undervotes" votes="9">
            <Precinct name="Sylvania" votes="3" />
            <Precinct name="Hunters" votes="0" />
            <Precinct name="Newington" votes="0" />
            <Precinct name="Jenk Hill Fire Sta" votes="3" />
            <Precinct name="Rocky Ford" votes="0" />
            <Precinct name="Bay Branch" votes="0" />
            <Precinct name="Hiltonia" votes="1" />
            <Precinct name="Screven Rec Dept" votes="1" />
            <Precinct name="Greenhill Church" votes="0" />
            <Precinct name="Sr Citizens Center" votes="1" />
            <Precinct name="Jackson Fire Station" votes="0" />
            <Precinct name="Cooperville Fire Station" votes="0" />
        </VoteType>
        <VoteType name="Overvotes" votes="0">
            <Precinct name="Sylvania" votes="0" />
            <Precinct name="Hunters" votes="0" />
            <Precinct name="Newington" votes="0" />
            <Precinct name="Jenk Hill Fire Sta" votes="0" />
            <Precinct name="Rocky Ford" votes="0" />
            <Precinct name="Bay Branch" votes="0" />
            <Precinct name="Hiltonia" votes="0" />
            <Precinct name="Screven Rec Dept" votes="0" />
            <Precinct name="Greenhill Church" votes="0" />
            <Precinct name="Sr Citizens Center" votes="0" />
            <Precinct name="Jackson Fire Station" votes="0" />
            <Precinct name="Cooperville Fire Station" votes="0" />
        </VoteType>
        <Choice key="60" text="William &quot;&quot;Will&quot;&quot; Boddie, Jr." party="DEM" totalVotes="151">
            <VoteType name="Absentee by Mail Votes" votes="13">
                <Precinct name="Sylvania" votes="1" />
                <Precinct name="Hunters" votes="0" />
                <Precinct name="Newington" votes="3" />
                <Precinct name="Jenk Hill Fire Sta" votes="4" />
                <Precinct name="Rocky Ford" votes="0" />
                <Precinct name="Bay Branch" votes="0" />
                <Precinct name="Hiltonia" votes="1" />
                <Precinct name="Screven Rec Dept" votes="1" />
                <Precinct name="Greenhill Church" votes="0" />
                <Precinct name="Sr Citizens Center" votes="1" />
                <Precinct name="Jackson Fire Station" votes="1" />
                <Precinct name="Cooperville Fire Station" votes="1" />
            </VoteType>
            <VoteType name="Advance Voting Votes" votes="30">
                <Precinct name="Sylvania" votes="5" />
                <Precinct name="Hunters" votes="0" />
                <Precinct name="Newington" votes="0" />
                <Precinct name="Jenk Hill Fire Sta" votes="6" />
                <Precinct name="Rocky Ford" votes="5" />
                <Precinct name="Bay Branch" votes="0" />
                <Precinct name="Hiltonia" votes="2" />
                <Precinct name="Screven Rec Dept" votes="0" />
                <Precinct name="Greenhill Church" votes="2" />
                <Precinct name="Sr Citizens Center" votes="7" />
                <Precinct name="Jackson Fire Station" votes="0" />
                <Precinct name="Cooperville Fire Station" votes="3" />
            </VoteType>
            <VoteType name="Election Day Votes" votes="108">
                <Precinct name="Sylvania" votes="13" />
                <Precinct name="Hunters" votes="4" />
                <Precinct name="Newington" votes="4" />
                <Precinct name="Jenk Hill Fire Sta" votes="24" />
                <Precinct name="Rocky Ford" votes="5" />
                <Precinct name="Bay Branch" votes="4" />
                <Precinct name="Hiltonia" votes="8" />
                <Precinct name="Screven Rec Dept" votes="7" />
                <Precinct name="Greenhill Church" votes="5" />
                <Precinct name="Sr Citizens Center" votes="22" />
                <Precinct name="Jackson Fire Station" votes="4" />
                <Precinct name="Cooperville Fire Station" votes="8" />
            </VoteType>
            <VoteType name="Provisional Votes" votes="0">
                <Precinct name="Sylvania" votes="0" />
                <Precinct name="Hunters" votes="0" />
                <Precinct name="Newington" votes="0" />
                <Precinct name="Jenk Hill Fire Sta" votes="0" />
                <Precinct name="Rocky Ford" votes="0" />
                <Precinct name="Bay Branch" votes="0" />
                <Precinct name="Hiltonia" votes="0" />
                <Precinct name="Screven Rec Dept" votes="0" />
                <Precinct name="Greenhill Church" votes="0" />
                <Precinct name="Sr Citizens Center" votes="0" />
                <Precinct name="Jackson Fire Station" votes="0" />
                <Precinct name="Cooperville Fire Station" votes="0" />
            </VoteType>
        </Choice>
        <Choice key="62" text="Nicole Horn" party="DEM" totalVotes="80">
            <VoteType name="Absentee by Mail Votes" votes="7">
                <Precinct name="Sylvania" votes="2" />
                <Precinct name="Hunters" votes="0" />
                <Precinct name="Newington" votes="1" />
                <Precinct name="Jenk Hill Fire Sta" votes="0" />
                <Precinct name="Rocky Ford" votes="1" />
                <Precinct name="Bay Branch" votes="0" />
                <Precinct name="Hiltonia" votes="1" />
                <Precinct name="Screven Rec Dept" votes="1" />
                <Precinct name="Greenhill Church" votes="0" />
                <Precinct name="Sr Citizens Center" votes="0" />
                <Precinct name="Jackson Fire Station" votes="0" />
                <Precinct name="Cooperville Fire Station" votes="1" />
            </VoteType>
            <VoteType name="Advance Voting Votes" votes="25">
                <Precinct name="Sylvania" votes="5" />
                <Precinct name="Hunters" votes="2" />
                <Precinct name="Newington" votes="2" />
                <Precinct name="Jenk Hill Fire Sta" votes="8" />
                <Precinct name="Rocky Ford" votes="0" />
                <Precinct name="Bay Branch" votes="1" />
                <Precinct name="Hiltonia" votes="3" />
                <Precinct name="Screven Rec Dept" votes="0" />
                <Precinct name="Greenhill Church" votes="1" />
                <Precinct name="Sr Citizens Center" votes="2" />
                <Precinct name="Jackson Fire Station" votes="0" />
                <Precinct name="Cooperville Fire Station" votes="1" />
            </VoteType>
            <VoteType name="Election Day Votes" votes="48">
                <Precinct name="Sylvania" votes="2" />
                <Precinct name="Hunters" votes="4" />
                <Precinct name="Newington" votes="3" />
                <Precinct name="Jenk Hill Fire Sta" votes="8" />
                <Precinct name="Rocky Ford" votes="2" />
                <Precinct name="Bay Branch" votes="1" />
                <Precinct name="Hiltonia" votes="7" />
                <Precinct name="Screven Rec Dept" votes="3" />
                <Precinct name="Greenhill Church" votes="0" />
                <Precinct name="Sr Citizens Center" votes="13" />
                <Precinct name="Jackson Fire Station" votes="1" />
                <Precinct name="Cooperville Fire Station" votes="4" />
            </VoteType>
            <VoteType name="Provisional Votes" votes="0">
                <Precinct name="Sylvania" votes="0" />
                <Precinct name="Hunters" votes="0" />
                <Precinct name="Newington" votes="0" />
                <Precinct name="Jenk Hill Fire Sta" votes="0" />
                <Precinct name="Rocky Ford" votes="0" />
                <Precinct name="Bay Branch" votes="0" />
                <Precinct name="Hiltonia" votes="0" />
                <Precinct name="Screven Rec Dept" votes="0" />
                <Precinct name="Greenhill Church" votes="0" />
                <Precinct name="Sr Citizens Center" votes="0" />
                <Precinct name="Jackson Fire Station" votes="0" />
                <Precinct name="Cooperville Fire Station" votes="0" />
            </VoteType>
        </Choice>
    </Contest>
</ElectionResult>