<?xml version="1.0"?>
<!--Election result snapshot imported from Tabulation System
-->
<ElectionResult>
    <Timestamp>6/27/2022 9:45:17 AM EDT</Timestamp>
    <ElectionName>June 21, 2022 - General Primary -Nonpartisan General Election Runoff</ElectionName>
    <ElectionDate>6/21/2022</ElectionDate>
    <Region>Treutlen</Region>
    <VoterTurnout totalVoters="3964" ballotsCast="91" voterTurnout="2.30">
        <Precincts>
            <Precinct name="Annex" totalVoters="1899" ballotsCast="15" voterTurnout="0.79" percentReporting="4" />
            <Precinct name="Soperton" totalVoters="2065" ballotsCast="76" voterTurnout="3.68" percentReporting="4" />
        </Precincts>
    </VoterTurnout>
    <Contest key="6" text="Lieutenant Governor - Dem" voteFor="1" isQuestion="false" precinctsReporting="2" precinctsReported="2">
        <VoteType name="Undervotes" votes="6">
            <Precinct name="Annex" votes="0" />
            <Precinct name="Soperton" votes="6" />
        </VoteType>
        <VoteType name="Overvotes" votes="0">
            <Precinct name="Annex" votes="0" />
            <Precinct name="Soperton" votes="0" />
        </VoteType>
        <Choice key="46" text="Charlie Bailey" party="DEM" totalVotes="45">
            <VoteType name="Absentee by Mail Votes" votes="5">
                <Precinct name="Annex" votes="0" />
                <Precinct name="Soperton" votes="5" />
            </VoteType>
            <VoteType name="Advance Voting Votes" votes="22">
                <Precinct name="Annex" votes="6" />
                <Precinct name="Soperton" votes="16" />
            </VoteType>
            <VoteType name="Election Day Votes" votes="18">
                <Precinct name="Annex" votes="4" />
                <Precinct name="Soperton" votes="14" />
            </VoteType>
            <VoteType name="Provisional Votes" votes="0">
                <Precinct name="Annex" votes="0" />
                <Precinct name="Soperton" votes="0" />
            </VoteType>
        </Choice>
        <Choice key="49" text="Kwanza Hall" party="DEM" totalVotes="40">
            <VoteType name="Absentee by Mail Votes" votes="3">
                <Precinct name="Annex" votes="0" />
                <Precinct name="Soperton" votes="3" />
            </VoteType>
            <VoteType name="Advance Voting Votes" votes="12">
                <Precinct name="Annex" votes="0" />
                <Precinct name="Soperton" votes="12" />
            </VoteType>
            <VoteType name="Election Day Votes" votes="25">
                <Precinct name="Annex" votes="5" />
                <Precinct name="Soperton" votes="20" />
            </VoteType>
            <VoteType name="Provisional Votes" votes="0">
                <Precinct name="Annex" votes="0" />
                <Precinct name="Soperton" votes="0" />
            </VoteType>
        </Choice>
    </Contest>
    <Contest key="8" text="Secretary of State - Dem" voteFor="1" isQuestion="false" precinctsReporting="2" precinctsReported="2">
        <VoteType name="Undervotes" votes="0">
            <Precinct name="Annex" votes="0" />
            <Precinct name="Soperton" votes="0" />
        </VoteType>
        <VoteType name="Overvotes" votes="0">
            <Precinct name="Annex" votes="0" />
            <Precinct name="Soperton" votes="0" />
        </VoteType>
        <Choice key="58" text="Dee Dawkins-Haigler" party="DEM" totalVotes="25">
            <VoteType name="Absentee by Mail Votes" votes="2">
                <Precinct name="Annex" votes="0" />
                <Precinct name="Soperton" votes="2" />
            </VoteType>
            <VoteType name="Advance Voting Votes" votes="11">
                <Precinct name="Annex" votes="0" />
                <Precinct name="Soperton" votes="11" />
            </VoteType>
            <VoteType name="Election Day Votes" votes="12">
                <Precinct name="Annex" votes="2" />
                <Precinct name="Soperton" votes="10" />
            </VoteType>
            <VoteType name="Provisional Votes" votes="0">
                <Precinct name="Annex" votes="0" />
                <Precinct name="Soperton" votes="0" />
            </VoteType>
        </Choice>
        <Choice key="61" text="Bee Nguyen" party="DEM" totalVotes="66">
            <VoteType name="Absentee by Mail Votes" votes="7">
                <Precinct name="Annex" votes="0" />
                <Precinct name="Soperton" votes="7" />
            </VoteType>
            <VoteType name="Advance Voting Votes" votes="27">
                <Precinct name="Annex" votes="6" />
                <Precinct name="Soperton" votes="21" />
            </VoteType>
            <VoteType name="Election Day Votes" votes="32">
                <Precinct name="Annex" votes="7" />
                <Precinct name="Soperton" votes="25" />
            </VoteType>
            <VoteType name="Provisional Votes" votes="0">
                <Precinct name="Annex" votes="0" />
                <Precinct name="Soperton" votes="0" />
            </VoteType>
        </Choice>
    </Contest>
    <Contest key="14" text="Commissioner of Insurance - Dem" voteFor="1" isQuestion="false" precinctsReporting="2" precinctsReported="2">
        <VoteType name="Undervotes" votes="0">
            <Precinct name="Annex" votes="0" />
            <Precinct name="Soperton" votes="0" />
        </VoteType>
        <VoteType name="Overvotes" votes="0">
            <Precinct name="Annex" votes="0" />
            <Precinct name="Soperton" votes="0" />
        </VoteType>
        <Choice key="74" text="Raphael Baker" party="DEM" totalVotes="48">
            <VoteType name="Absentee by Mail Votes" votes="5">
                <Precinct name="Annex" votes="0" />
                <Precinct name="Soperton" votes="5" />
            </VoteType>
            <VoteType name="Advance Voting Votes" votes="20">
                <Precinct name="Annex" votes="5" />
                <Precinct name="Soperton" votes="15" />
            </VoteType>
            <VoteType name="Election Day Votes" votes="23">
                <Precinct name="Annex" votes="2" />
                <Precinct name="Soperton" votes="21" />
            </VoteType>
            <VoteType name="Provisional Votes" votes="0">
                <Precinct name="Annex" votes="0" />
                <Precinct name="Soperton" votes="0" />
            </VoteType>
        </Choice>
        <Choice key="75" text="Janice Laws Robinson" party="DEM" totalVotes="43">
            <VoteType name="Absentee by Mail Votes" votes="4">
                <Precinct name="Annex" votes="0" />
                <Precinct name="Soperton" votes="4" />
            </VoteType>
            <VoteType name="Advance Voting Votes" votes="18">
                <Precinct name="Annex" votes="1" />
                <Precinct name="Soperton" votes="17" />
            </VoteType>
            <VoteType name="Election Day Votes" votes="21">
                <Precinct name="Annex" votes="7" />
                <Precinct name="Soperton" votes="14" />
            </VoteType>
            <VoteType name="Provisional Votes" votes="0">
                <Precinct name="Annex" votes="0" />
                <Precinct name="Soperton" votes="0" />
            </VoteType>
        </Choice>
    </Contest>
    <Contest key="18" text="Commissioner of Labor - Dem" voteFor="1" isQuestion="false" precinctsReporting="2" precinctsReported="2">
        <VoteType name="Undervotes" votes="6">
            <Precinct name="Annex" votes="0" />
            <Precinct name="Soperton" votes="6" />
        </VoteType>
        <VoteType name="Overvotes" votes="0">
            <Precinct name="Annex" votes="0" />
            <Precinct name="Soperton" votes="0" />
        </VoteType>
        <Choice key="86" text="William &quot;&quot;Will&quot;&quot; Boddie, Jr." party="DEM" totalVotes="50">
            <VoteType name="Absentee by Mail Votes" votes="3">
                <Precinct name="Annex" votes="0" />
                <Precinct name="Soperton" votes="3" />
            </VoteType>
            <VoteType name="Advance Voting Votes" votes="20">
                <Precinct name="Annex" votes="3" />
                <Precinct name="Soperton" votes="17" />
            </VoteType>
            <VoteType name="Election Day Votes" votes="27">
                <Precinct name="Annex" votes="5" />
                <Precinct name="Soperton" votes="22" />
            </VoteType>
            <VoteType name="Provisional Votes" votes="0">
                <Precinct name="Annex" votes="0" />
                <Precinct name="Soperton" votes="0" />
            </VoteType>
        </Choice>
        <Choice key="88" text="Nicole Horn" party="DEM" totalVotes="35">
            <VoteType name="Absentee by Mail Votes" votes="6">
                <Precinct name="Annex" votes="0" />
                <Precinct name="Soperton" votes="6" />
            </VoteType>
            <VoteType name="Advance Voting Votes" votes="16">
                <Precinct name="Annex" votes="3" />
                <Precinct name="Soperton" votes="13" />
            </VoteType>
            <VoteType name="Election Day Votes" votes="13">
                <Precinct name="Annex" votes="4" />
                <Precinct name="Soperton" votes="9" />
            </VoteType>
            <VoteType name="Provisional Votes" votes="0">
                <Precinct name="Annex" votes="0" />
                <Precinct name="Soperton" votes="0" />
            </VoteType>
        </Choice>
    </Contest>
</ElectionResult>