<?xml version="1.0"?>
<!--Election result snapshot imported from Tabulation System
-->
<ElectionResult>
    <Timestamp>6/27/2022 12:14:04 PM EDT</Timestamp>
    <ElectionName>June 21, 2022 - General Primary -Nonpartisan General Election Runoff</ElectionName>
    <ElectionDate>6/21/2022</ElectionDate>
    <Region>Dougherty</Region>
    <VoterTurnout totalVoters="59666" ballotsCast="3092" voterTurnout="5.18">
        <Precincts>
            <Precinct name="Sherwood Elementary School" totalVoters="3162" ballotsCast="92" voterTurnout="2.91" percentReporting="4" />
            <Precinct name="Covenant Church" totalVoters="2272" ballotsCast="60" voterTurnout="2.64" percentReporting="4" />
            <Precinct name="Greenbriar Church" totalVoters="3774" ballotsCast="255" voterTurnout="6.76" percentReporting="4" />
            <Precinct name="Westover High School" totalVoters="4807" ballotsCast="252" voterTurnout="5.24" percentReporting="4" />
            <Precinct name="Merry Acres Middle" totalVoters="2459" ballotsCast="83" voterTurnout="3.38" percentReporting="4" />
            <Precinct name="ASU West Campus" totalVoters="4203" ballotsCast="226" voterTurnout="5.38" percentReporting="4" />
            <Precinct name="Westown Elementary School" totalVoters="3178" ballotsCast="318" voterTurnout="10.01" percentReporting="4" />
            <Precinct name="2nd Mt. Zion Church" totalVoters="1420" ballotsCast="74" voterTurnout="5.21" percentReporting="4" />
            <Precinct name="Mt. Zion Center " totalVoters="3673" ballotsCast="198" voterTurnout="5.39" percentReporting="4" />
            <Precinct name="Alice Coachman Elementary" totalVoters="732" ballotsCast="104" voterTurnout="14.21" percentReporting="4" />
            <Precinct name="Driskell Community Center" totalVoters="1651" ballotsCast="86" voterTurnout="5.21" percentReporting="4" />
            <Precinct name="Shiloh Baptist Church" totalVoters="1432" ballotsCast="64" voterTurnout="4.47" percentReporting="4" />
            <Precinct name="Litman Cathedral" totalVoters="1586" ballotsCast="69" voterTurnout="4.35" percentReporting="4" />
            <Precinct name="Phoebe Healthworks" totalVoters="4387" ballotsCast="102" voterTurnout="2.33" percentReporting="4" />
            <Precinct name="Turner Elementary School" totalVoters="973" ballotsCast="14" voterTurnout="1.44" percentReporting="4" />
            <Precinct name="Robert H. Harvey Elementary" totalVoters="2354" ballotsCast="105" voterTurnout="4.46" percentReporting="4" />
            <Precinct name="Bill Miller Community Center" totalVoters="2340" ballotsCast="117" voterTurnout="5.00" percentReporting="4" />
            <Precinct name="Radium Middle School" totalVoters="655" ballotsCast="57" voterTurnout="8.70" percentReporting="4" />
            <Precinct name="Putney 1st Baptist Church" totalVoters="2650" ballotsCast="131" voterTurnout="4.94" percentReporting="4" />
            <Precinct name="International Studies" totalVoters="1119" ballotsCast="94" voterTurnout="8.40" percentReporting="4" />
            <Precinct name="Phoebe East " totalVoters="2851" ballotsCast="105" voterTurnout="3.68" percentReporting="4" />
            <Precinct name="Pine Bluff Baptist Church" totalVoters="2245" ballotsCast="118" voterTurnout="5.26" percentReporting="4" />
            <Precinct name="Albany Middle School" totalVoters="1905" ballotsCast="92" voterTurnout="4.83" percentReporting="4" />
            <Precinct name="Christ Church" totalVoters="1855" ballotsCast="130" voterTurnout="7.01" percentReporting="4" />
            <Precinct name="Lamar Reese Elementary School" totalVoters="1055" ballotsCast="140" voterTurnout="13.27" percentReporting="4" />
            <Precinct name="ASU East Campus - Lovett Hall " totalVoters="928" ballotsCast="6" voterTurnout="0.65" percentReporting="4" />
        </Precincts>
    </VoterTurnout>
    <Contest key="6" text="Lieutenant Governor - Dem" voteFor="1" isQuestion="false" precinctsReporting="26" precinctsReported="26">
        <VoteType name="Undervotes" votes="33">
            <Precinct name="Sherwood Elementary School" votes="1" />
            <Precinct name="Covenant Church" votes="2" />
            <Precinct name="Greenbriar Church" votes="3" />
            <Precinct name="Westover High School" votes="0" />
            <Precinct name="Merry Acres Middle" votes="4" />
            <Precinct name="ASU West Campus" votes="0" />
            <Precinct name="Westown Elementary School" votes="4" />
            <Precinct name="2nd Mt. Zion Church" votes="0" />
            <Precinct name="Mt. Zion Center " votes="4" />
            <Precinct name="Alice Coachman Elementary" votes="3" />
            <Precinct name="Driskell Community Center" votes="2" />
            <Precinct name="Shiloh Baptist Church" votes="0" />
            <Precinct name="Litman Cathedral" votes="1" />
            <Precinct name="Phoebe Healthworks" votes="0" />
            <Precinct name="Turner Elementary School" votes="0" />
            <Precinct name="Robert H. Harvey Elementary" votes="0" />
            <Precinct name="Bill Miller Community Center" votes="3" />
            <Precinct name="Radium Middle School" votes="0" />
            <Precinct name="Putney 1st Baptist Church" votes="0" />
            <Precinct name="International Studies" votes="0" />
            <Precinct name="Phoebe East " votes="0" />
            <Precinct name="Pine Bluff Baptist Church" votes="3" />
            <Precinct name="Albany Middle School" votes="0" />
            <Precinct name="Christ Church" votes="1" />
            <Precinct name="Lamar Reese Elementary School" votes="2" />
            <Precinct name="ASU East Campus - Lovett Hall " votes="0" />
        </VoteType>
        <VoteType name="Overvotes" votes="0">
            <Precinct name="Sherwood Elementary School" votes="0" />
            <Precinct name="Covenant Church" votes="0" />
            <Precinct name="Greenbriar Church" votes="0" />
            <Precinct name="Westover High School" votes="0" />
            <Precinct name="Merry Acres Middle" votes="0" />
            <Precinct name="ASU West Campus" votes="0" />
            <Precinct name="Westown Elementary School" votes="0" />
            <Precinct name="2nd Mt. Zion Church" votes="0" />
            <Precinct name="Mt. Zion Center " votes="0" />
            <Precinct name="Alice Coachman Elementary" votes="0" />
            <Precinct name="Driskell Community Center" votes="0" />
            <Precinct name="Shiloh Baptist Church" votes="0" />
            <Precinct name="Litman Cathedral" votes="0" />
            <Precinct name="Phoebe Healthworks" votes="0" />
            <Precinct name="Turner Elementary School" votes="0" />
            <Precinct name="Robert H. Harvey Elementary" votes="0" />
            <Precinct name="Bill Miller Community Center" votes="0" />
            <Precinct name="Radium Middle School" votes="0" />
            <Precinct name="Putney 1st Baptist Church" votes="0" />
            <Precinct name="International Studies" votes="0" />
            <Precinct name="Phoebe East " votes="0" />
            <Precinct name="Pine Bluff Baptist Church" votes="0" />
            <Precinct name="Albany Middle School" votes="0" />
            <Precinct name="Christ Church" votes="0" />
            <Precinct name="Lamar Reese Elementary School" votes="0" />
            <Precinct name="ASU East Campus - Lovett Hall " votes="0" />
        </VoteType>
        <Choice key="20" text="Charlie Bailey" party="DEM" totalVotes="1713">
            <VoteType name="Absentee by Mail Votes" votes="74">
                <Precinct name="Sherwood Elementary School" votes="0" />
                <Precinct name="Covenant Church" votes="1" />
                <Precinct name="Greenbriar Church" votes="5" />
                <Precinct name="Westover High School" votes="3" />
                <Precinct name="Merry Acres Middle" votes="4" />
                <Precinct name="ASU West Campus" votes="10" />
                <Precinct name="Westown Elementary School" votes="15" />
                <Precinct name="2nd Mt. Zion Church" votes="4" />
                <Precinct name="Mt. Zion Center " votes="4" />
                <Precinct name="Alice Coachman Elementary" votes="5" />
                <Precinct name="Driskell Community Center" votes="3" />
                <Precinct name="Shiloh Baptist Church" votes="1" />
                <Precinct name="Litman Cathedral" votes="0" />
                <Precinct name="Phoebe Healthworks" votes="2" />
                <Precinct name="Turner Elementary School" votes="0" />
                <Precinct name="Robert H. Harvey Elementary" votes="4" />
                <Precinct name="Bill Miller Community Center" votes="0" />
                <Precinct name="Radium Middle School" votes="3" />
                <Precinct name="Putney 1st Baptist Church" votes="0" />
                <Precinct name="International Studies" votes="1" />
                <Precinct name="Phoebe East " votes="0" />
                <Precinct name="Pine Bluff Baptist Church" votes="3" />
                <Precinct name="Albany Middle School" votes="2" />
                <Precinct name="Christ Church" votes="2" />
                <Precinct name="Lamar Reese Elementary School" votes="2" />
                <Precinct name="ASU East Campus - Lovett Hall " votes="0" />
            </VoteType>
            <VoteType name="Advance Voting Votes" votes="298">
                <Precinct name="Sherwood Elementary School" votes="12" />
                <Precinct name="Covenant Church" votes="2" />
                <Precinct name="Greenbriar Church" votes="28" />
                <Precinct name="Westover High School" votes="17" />
                <Precinct name="Merry Acres Middle" votes="5" />
                <Precinct name="ASU West Campus" votes="24" />
                <Precinct name="Westown Elementary School" votes="28" />
                <Precinct name="2nd Mt. Zion Church" votes="6" />
                <Precinct name="Mt. Zion Center " votes="27" />
                <Precinct name="Alice Coachman Elementary" votes="17" />
                <Precinct name="Driskell Community Center" votes="9" />
                <Precinct name="Shiloh Baptist Church" votes="4" />
                <Precinct name="Litman Cathedral" votes="9" />
                <Precinct name="Phoebe Healthworks" votes="4" />
                <Precinct name="Turner Elementary School" votes="1" />
                <Precinct name="Robert H. Harvey Elementary" votes="9" />
                <Precinct name="Bill Miller Community Center" votes="17" />
                <Precinct name="Radium Middle School" votes="5" />
                <Precinct name="Putney 1st Baptist Church" votes="9" />
                <Precinct name="International Studies" votes="9" />
                <Precinct name="Phoebe East " votes="6" />
                <Precinct name="Pine Bluff Baptist Church" votes="5" />
                <Precinct name="Albany Middle School" votes="11" />
                <Precinct name="Christ Church" votes="17" />
                <Precinct name="Lamar Reese Elementary School" votes="16" />
                <Precinct name="ASU East Campus - Lovett Hall " votes="1" />
            </VoteType>
            <VoteType name="Election Day Votes" votes="1340">
                <Precinct name="Sherwood Elementary School" votes="41" />
                <Precinct name="Covenant Church" votes="27" />
                <Precinct name="Greenbriar Church" votes="133" />
                <Precinct name="Westover High School" votes="112" />
                <Precinct name="Merry Acres Middle" votes="34" />
                <Precinct name="ASU West Campus" votes="87" />
                <Precinct name="Westown Elementary School" votes="131" />
                <Precinct name="2nd Mt. Zion Church" votes="35" />
                <Precinct name="Mt. Zion Center " votes="97" />
                <Precinct name="Alice Coachman Elementary" votes="43" />
                <Precinct name="Driskell Community Center" votes="34" />
                <Precinct name="Shiloh Baptist Church" votes="27" />
                <Precinct name="Litman Cathedral" votes="32" />
                <Precinct name="Phoebe Healthworks" votes="49" />
                <Precinct name="Turner Elementary School" votes="8" />
                <Precinct name="Robert H. Harvey Elementary" votes="48" />
                <Precinct name="Bill Miller Community Center" votes="45" />
                <Precinct name="Radium Middle School" votes="21" />
                <Precinct name="Putney 1st Baptist Church" votes="33" />
                <Precinct name="International Studies" votes="51" />
                <Precinct name="Phoebe East " votes="44" />
                <Precinct name="Pine Bluff Baptist Church" votes="55" />
                <Precinct name="Albany Middle School" votes="40" />
                <Precinct name="Christ Church" votes="56" />
                <Precinct name="Lamar Reese Elementary School" votes="55" />
                <Precinct name="ASU East Campus - Lovett Hall " votes="2" />
            </VoteType>
            <VoteType name="Provisional Votes" votes="1">
                <Precinct name="Sherwood Elementary School" votes="0" />
                <Precinct name="Covenant Church" votes="0" />
                <Precinct name="Greenbriar Church" votes="0" />
                <Precinct name="Westover High School" votes="1" />
                <Precinct name="Merry Acres Middle" votes="0" />
                <Precinct name="ASU West Campus" votes="0" />
                <Precinct name="Westown Elementary School" votes="0" />
                <Precinct name="2nd Mt. Zion Church" votes="0" />
                <Precinct name="Mt. Zion Center " votes="0" />
                <Precinct name="Alice Coachman Elementary" votes="0" />
                <Precinct name="Driskell Community Center" votes="0" />
                <Precinct name="Shiloh Baptist Church" votes="0" />
                <Precinct name="Litman Cathedral" votes="0" />
                <Precinct name="Phoebe Healthworks" votes="0" />
                <Precinct name="Turner Elementary School" votes="0" />
                <Precinct name="Robert H. Harvey Elementary" votes="0" />
                <Precinct name="Bill Miller Community Center" votes="0" />
                <Precinct name="Radium Middle School" votes="0" />
                <Precinct name="Putney 1st Baptist Church" votes="0" />
                <Precinct name="International Studies" votes="0" />
                <Precinct name="Phoebe East " votes="0" />
                <Precinct name="Pine Bluff Baptist Church" votes="0" />
                <Precinct name="Albany Middle School" votes="0" />
                <Precinct name="Christ Church" votes="0" />
                <Precinct name="Lamar Reese Elementary School" votes="0" />
                <Precinct name="ASU East Campus - Lovett Hall " votes="0" />
            </VoteType>
        </Choice>
        <Choice key="23" text="Kwanza Hall" party="DEM" totalVotes="1346">
            <VoteType name="Absentee by Mail Votes" votes="77">
                <Precinct name="Sherwood Elementary School" votes="1" />
                <Precinct name="Covenant Church" votes="0" />
                <Precinct name="Greenbriar Church" votes="6" />
                <Precinct name="Westover High School" votes="9" />
                <Precinct name="Merry Acres Middle" votes="1" />
                <Precinct name="ASU West Campus" votes="6" />
                <Precinct name="Westown Elementary School" votes="13" />
                <Precinct name="2nd Mt. Zion Church" votes="2" />
                <Precinct name="Mt. Zion Center " votes="5" />
                <Precinct name="Alice Coachman Elementary" votes="2" />
                <Precinct name="Driskell Community Center" votes="1" />
                <Precinct name="Shiloh Baptist Church" votes="1" />
                <Precinct name="Litman Cathedral" votes="2" />
                <Precinct name="Phoebe Healthworks" votes="2" />
                <Precinct name="Turner Elementary School" votes="2" />
                <Precinct name="Robert H. Harvey Elementary" votes="0" />
                <Precinct name="Bill Miller Community Center" votes="0" />
                <Precinct name="Radium Middle School" votes="0" />
                <Precinct name="Putney 1st Baptist Church" votes="4" />
                <Precinct name="International Studies" votes="3" />
                <Precinct name="Phoebe East " votes="2" />
                <Precinct name="Pine Bluff Baptist Church" votes="4" />
                <Precinct name="Albany Middle School" votes="2" />
                <Precinct name="Christ Church" votes="6" />
                <Precinct name="Lamar Reese Elementary School" votes="3" />
                <Precinct name="ASU East Campus - Lovett Hall " votes="0" />
            </VoteType>
            <VoteType name="Advance Voting Votes" votes="377">
                <Precinct name="Sherwood Elementary School" votes="9" />
                <Precinct name="Covenant Church" votes="3" />
                <Precinct name="Greenbriar Church" votes="21" />
                <Precinct name="Westover High School" votes="38" />
                <Precinct name="Merry Acres Middle" votes="9" />
                <Precinct name="ASU West Campus" votes="43" />
                <Precinct name="Westown Elementary School" votes="38" />
                <Precinct name="2nd Mt. Zion Church" votes="8" />
                <Precinct name="Mt. Zion Center " votes="17" />
                <Precinct name="Alice Coachman Elementary" votes="14" />
                <Precinct name="Driskell Community Center" votes="4" />
                <Precinct name="Shiloh Baptist Church" votes="10" />
                <Precinct name="Litman Cathedral" votes="13" />
                <Precinct name="Phoebe Healthworks" votes="11" />
                <Precinct name="Turner Elementary School" votes="0" />
                <Precinct name="Robert H. Harvey Elementary" votes="18" />
                <Precinct name="Bill Miller Community Center" votes="16" />
                <Precinct name="Radium Middle School" votes="5" />
                <Precinct name="Putney 1st Baptist Church" votes="15" />
                <Precinct name="International Studies" votes="7" />
                <Precinct name="Phoebe East " votes="15" />
                <Precinct name="Pine Bluff Baptist Church" votes="12" />
                <Precinct name="Albany Middle School" votes="15" />
                <Precinct name="Christ Church" votes="17" />
                <Precinct name="Lamar Reese Elementary School" votes="17" />
                <Precinct name="ASU East Campus - Lovett Hall " votes="2" />
            </VoteType>
            <VoteType name="Election Day Votes" votes="892">
                <Precinct name="Sherwood Elementary School" votes="28" />
                <Precinct name="Covenant Church" votes="25" />
                <Precinct name="Greenbriar Church" votes="59" />
                <Precinct name="Westover High School" votes="72" />
                <Precinct name="Merry Acres Middle" votes="26" />
                <Precinct name="ASU West Campus" votes="56" />
                <Precinct name="Westown Elementary School" votes="89" />
                <Precinct name="2nd Mt. Zion Church" votes="19" />
                <Precinct name="Mt. Zion Center " votes="44" />
                <Precinct name="Alice Coachman Elementary" votes="20" />
                <Precinct name="Driskell Community Center" votes="33" />
                <Precinct name="Shiloh Baptist Church" votes="21" />
                <Precinct name="Litman Cathedral" votes="12" />
                <Precinct name="Phoebe Healthworks" votes="34" />
                <Precinct name="Turner Elementary School" votes="3" />
                <Precinct name="Robert H. Harvey Elementary" votes="26" />
                <Precinct name="Bill Miller Community Center" votes="36" />
                <Precinct name="Radium Middle School" votes="23" />
                <Precinct name="Putney 1st Baptist Church" votes="70" />
                <Precinct name="International Studies" votes="23" />
                <Precinct name="Phoebe East " votes="38" />
                <Precinct name="Pine Bluff Baptist Church" votes="36" />
                <Precinct name="Albany Middle School" votes="22" />
                <Precinct name="Christ Church" votes="31" />
                <Precinct name="Lamar Reese Elementary School" votes="45" />
                <Precinct name="ASU East Campus - Lovett Hall " votes="1" />
            </VoteType>
            <VoteType name="Provisional Votes" votes="0">
                <Precinct name="Sherwood Elementary School" votes="0" />
                <Precinct name="Covenant Church" votes="0" />
                <Precinct name="Greenbriar Church" votes="0" />
                <Precinct name="Westover High School" votes="0" />
                <Precinct name="Merry Acres Middle" votes="0" />
                <Precinct name="ASU West Campus" votes="0" />
                <Precinct name="Westown Elementary School" votes="0" />
                <Precinct name="2nd Mt. Zion Church" votes="0" />
                <Precinct name="Mt. Zion Center " votes="0" />
                <Precinct name="Alice Coachman Elementary" votes="0" />
                <Precinct name="Driskell Community Center" votes="0" />
                <Precinct name="Shiloh Baptist Church" votes="0" />
                <Precinct name="Litman Cathedral" votes="0" />
                <Precinct name="Phoebe Healthworks" votes="0" />
                <Precinct name="Turner Elementary School" votes="0" />
                <Precinct name="Robert H. Harvey Elementary" votes="0" />
                <Precinct name="Bill Miller Community Center" votes="0" />
                <Precinct name="Radium Middle School" votes="0" />
                <Precinct name="Putney 1st Baptist Church" votes="0" />
                <Precinct name="International Studies" votes="0" />
                <Precinct name="Phoebe East " votes="0" />
                <Precinct name="Pine Bluff Baptist Church" votes="0" />
                <Precinct name="Albany Middle School" votes="0" />
                <Precinct name="Christ Church" votes="0" />
                <Precinct name="Lamar Reese Elementary School" votes="0" />
                <Precinct name="ASU East Campus - Lovett Hall " votes="0" />
            </VoteType>
        </Choice>
    </Contest>
    <Contest key="8" text="Secretary of State - Dem" voteFor="1" isQuestion="false" precinctsReporting="26" precinctsReported="26">
        <VoteType name="Undervotes" votes="43">
            <Precinct name="Sherwood Elementary School" votes="0" />
            <Precinct name="Covenant Church" votes="1" />
            <Precinct name="Greenbriar Church" votes="4" />
            <Precinct name="Westover High School" votes="3" />
            <Precinct name="Merry Acres Middle" votes="3" />
            <Precinct name="ASU West Campus" votes="1" />
            <Precinct name="Westown Elementary School" votes="6" />
            <Precinct name="2nd Mt. Zion Church" votes="1" />
            <Precinct name="Mt. Zion Center " votes="5" />
            <Precinct name="Alice Coachman Elementary" votes="1" />
            <Precinct name="Driskell Community Center" votes="1" />
            <Precinct name="Shiloh Baptist Church" votes="2" />
            <Precinct name="Litman Cathedral" votes="3" />
            <Precinct name="Phoebe Healthworks" votes="1" />
            <Precinct name="Turner Elementary School" votes="0" />
            <Precinct name="Robert H. Harvey Elementary" votes="2" />
            <Precinct name="Bill Miller Community Center" votes="3" />
            <Precinct name="Radium Middle School" votes="0" />
            <Precinct name="Putney 1st Baptist Church" votes="0" />
            <Precinct name="International Studies" votes="0" />
            <Precinct name="Phoebe East " votes="0" />
            <Precinct name="Pine Bluff Baptist Church" votes="2" />
            <Precinct name="Albany Middle School" votes="1" />
            <Precinct name="Christ Church" votes="0" />
            <Precinct name="Lamar Reese Elementary School" votes="3" />
            <Precinct name="ASU East Campus - Lovett Hall " votes="0" />
        </VoteType>
        <VoteType name="Overvotes" votes="0">
            <Precinct name="Sherwood Elementary School" votes="0" />
            <Precinct name="Covenant Church" votes="0" />
            <Precinct name="Greenbriar Church" votes="0" />
            <Precinct name="Westover High School" votes="0" />
            <Precinct name="Merry Acres Middle" votes="0" />
            <Precinct name="ASU West Campus" votes="0" />
            <Precinct name="Westown Elementary School" votes="0" />
            <Precinct name="2nd Mt. Zion Church" votes="0" />
            <Precinct name="Mt. Zion Center " votes="0" />
            <Precinct name="Alice Coachman Elementary" votes="0" />
            <Precinct name="Driskell Community Center" votes="0" />
            <Precinct name="Shiloh Baptist Church" votes="0" />
            <Precinct name="Litman Cathedral" votes="0" />
            <Precinct name="Phoebe Healthworks" votes="0" />
            <Precinct name="Turner Elementary School" votes="0" />
            <Precinct name="Robert H. Harvey Elementary" votes="0" />
            <Precinct name="Bill Miller Community Center" votes="0" />
            <Precinct name="Radium Middle School" votes="0" />
            <Precinct name="Putney 1st Baptist Church" votes="0" />
            <Precinct name="International Studies" votes="0" />
            <Precinct name="Phoebe East " votes="0" />
            <Precinct name="Pine Bluff Baptist Church" votes="0" />
            <Precinct name="Albany Middle School" votes="0" />
            <Precinct name="Christ Church" votes="0" />
            <Precinct name="Lamar Reese Elementary School" votes="0" />
            <Precinct name="ASU East Campus - Lovett Hall " votes="0" />
        </VoteType>
        <Choice key="32" text="Dee Dawkins-Haigler" party="DEM" totalVotes="1323">
            <VoteType name="Absentee by Mail Votes" votes="54">
                <Precinct name="Sherwood Elementary School" votes="0" />
                <Precinct name="Covenant Church" votes="0" />
                <Precinct name="Greenbriar Church" votes="6" />
                <Precinct name="Westover High School" votes="5" />
                <Precinct name="Merry Acres Middle" votes="2" />
                <Precinct name="ASU West Campus" votes="7" />
                <Precinct name="Westown Elementary School" votes="6" />
                <Precinct name="2nd Mt. Zion Church" votes="3" />
                <Precinct name="Mt. Zion Center " votes="4" />
                <Precinct name="Alice Coachman Elementary" votes="1" />
                <Precinct name="Driskell Community Center" votes="1" />
                <Precinct name="Shiloh Baptist Church" votes="1" />
                <Precinct name="Litman Cathedral" votes="1" />
                <Precinct name="Phoebe Healthworks" votes="2" />
                <Precinct name="Turner Elementary School" votes="2" />
                <Precinct name="Robert H. Harvey Elementary" votes="0" />
                <Precinct name="Bill Miller Community Center" votes="0" />
                <Precinct name="Radium Middle School" votes="0" />
                <Precinct name="Putney 1st Baptist Church" votes="2" />
                <Precinct name="International Studies" votes="2" />
                <Precinct name="Phoebe East " votes="1" />
                <Precinct name="Pine Bluff Baptist Church" votes="2" />
                <Precinct name="Albany Middle School" votes="1" />
                <Precinct name="Christ Church" votes="4" />
                <Precinct name="Lamar Reese Elementary School" votes="1" />
                <Precinct name="ASU East Campus - Lovett Hall " votes="0" />
            </VoteType>
            <VoteType name="Advance Voting Votes" votes="286">
                <Precinct name="Sherwood Elementary School" votes="9" />
                <Precinct name="Covenant Church" votes="1" />
                <Precinct name="Greenbriar Church" votes="15" />
                <Precinct name="Westover High School" votes="23" />
                <Precinct name="Merry Acres Middle" votes="10" />
                <Precinct name="ASU West Campus" votes="28" />
                <Precinct name="Westown Elementary School" votes="33" />
                <Precinct name="2nd Mt. Zion Church" votes="6" />
                <Precinct name="Mt. Zion Center " votes="16" />
                <Precinct name="Alice Coachman Elementary" votes="10" />
                <Precinct name="Driskell Community Center" votes="3" />
                <Precinct name="Shiloh Baptist Church" votes="7" />
                <Precinct name="Litman Cathedral" votes="11" />
                <Precinct name="Phoebe Healthworks" votes="8" />
                <Precinct name="Turner Elementary School" votes="1" />
                <Precinct name="Robert H. Harvey Elementary" votes="19" />
                <Precinct name="Bill Miller Community Center" votes="16" />
                <Precinct name="Radium Middle School" votes="3" />
                <Precinct name="Putney 1st Baptist Church" votes="10" />
                <Precinct name="International Studies" votes="5" />
                <Precinct name="Phoebe East " votes="14" />
                <Precinct name="Pine Bluff Baptist Church" votes="9" />
                <Precinct name="Albany Middle School" votes="11" />
                <Precinct name="Christ Church" votes="7" />
                <Precinct name="Lamar Reese Elementary School" votes="10" />
                <Precinct name="ASU East Campus - Lovett Hall " votes="1" />
            </VoteType>
            <VoteType name="Election Day Votes" votes="983">
                <Precinct name="Sherwood Elementary School" votes="33" />
                <Precinct name="Covenant Church" votes="29" />
                <Precinct name="Greenbriar Church" votes="79" />
                <Precinct name="Westover High School" votes="73" />
                <Precinct name="Merry Acres Middle" votes="25" />
                <Precinct name="ASU West Campus" votes="57" />
                <Precinct name="Westown Elementary School" votes="107" />
                <Precinct name="2nd Mt. Zion Church" votes="23" />
                <Precinct name="Mt. Zion Center " votes="58" />
                <Precinct name="Alice Coachman Elementary" votes="22" />
                <Precinct name="Driskell Community Center" votes="33" />
                <Precinct name="Shiloh Baptist Church" votes="20" />
                <Precinct name="Litman Cathedral" votes="20" />
                <Precinct name="Phoebe Healthworks" votes="35" />
                <Precinct name="Turner Elementary School" votes="8" />
                <Precinct name="Robert H. Harvey Elementary" votes="24" />
                <Precinct name="Bill Miller Community Center" votes="44" />
                <Precinct name="Radium Middle School" votes="18" />
                <Precinct name="Putney 1st Baptist Church" votes="48" />
                <Precinct name="International Studies" votes="33" />
                <Precinct name="Phoebe East " votes="34" />
                <Precinct name="Pine Bluff Baptist Church" votes="55" />
                <Precinct name="Albany Middle School" votes="27" />
                <Precinct name="Christ Church" votes="39" />
                <Precinct name="Lamar Reese Elementary School" votes="37" />
                <Precinct name="ASU East Campus - Lovett Hall " votes="2" />
            </VoteType>
            <VoteType name="Provisional Votes" votes="0">
                <Precinct name="Sherwood Elementary School" votes="0" />
                <Precinct name="Covenant Church" votes="0" />
                <Precinct name="Greenbriar Church" votes="0" />
                <Precinct name="Westover High School" votes="0" />
                <Precinct name="Merry Acres Middle" votes="0" />
                <Precinct name="ASU West Campus" votes="0" />
                <Precinct name="Westown Elementary School" votes="0" />
                <Precinct name="2nd Mt. Zion Church" votes="0" />
                <Precinct name="Mt. Zion Center " votes="0" />
                <Precinct name="Alice Coachman Elementary" votes="0" />
                <Precinct name="Driskell Community Center" votes="0" />
                <Precinct name="Shiloh Baptist Church" votes="0" />
                <Precinct name="Litman Cathedral" votes="0" />
                <Precinct name="Phoebe Healthworks" votes="0" />
                <Precinct name="Turner Elementary School" votes="0" />
                <Precinct name="Robert H. Harvey Elementary" votes="0" />
                <Precinct name="Bill Miller Community Center" votes="0" />
                <Precinct name="Radium Middle School" votes="0" />
                <Precinct name="Putney 1st Baptist Church" votes="0" />
                <Precinct name="International Studies" votes="0" />
                <Precinct name="Phoebe East " votes="0" />
                <Precinct name="Pine Bluff Baptist Church" votes="0" />
                <Precinct name="Albany Middle School" votes="0" />
                <Precinct name="Christ Church" votes="0" />
                <Precinct name="Lamar Reese Elementary School" votes="0" />
                <Precinct name="ASU East Campus - Lovett Hall " votes="0" />
            </VoteType>
        </Choice>
        <Choice key="35" text="Bee Nguyen" party="DEM" totalVotes="1726">
            <VoteType name="Absentee by Mail Votes" votes="99">
                <Precinct name="Sherwood Elementary School" votes="1" />
                <Precinct name="Covenant Church" votes="1" />
                <Precinct name="Greenbriar Church" votes="6" />
                <Precinct name="Westover High School" votes="7" />
                <Precinct name="Merry Acres Middle" votes="3" />
                <Precinct name="ASU West Campus" votes="9" />
                <Precinct name="Westown Elementary School" votes="22" />
                <Precinct name="2nd Mt. Zion Church" votes="3" />
                <Precinct name="Mt. Zion Center " votes="5" />
                <Precinct name="Alice Coachman Elementary" votes="7" />
                <Precinct name="Driskell Community Center" votes="3" />
                <Precinct name="Shiloh Baptist Church" votes="1" />
                <Precinct name="Litman Cathedral" votes="1" />
                <Precinct name="Phoebe Healthworks" votes="2" />
                <Precinct name="Turner Elementary School" votes="0" />
                <Precinct name="Robert H. Harvey Elementary" votes="4" />
                <Precinct name="Bill Miller Community Center" votes="0" />
                <Precinct name="Radium Middle School" votes="3" />
                <Precinct name="Putney 1st Baptist Church" votes="2" />
                <Precinct name="International Studies" votes="2" />
                <Precinct name="Phoebe East " votes="1" />
                <Precinct name="Pine Bluff Baptist Church" votes="5" />
                <Precinct name="Albany Middle School" votes="3" />
                <Precinct name="Christ Church" votes="4" />
                <Precinct name="Lamar Reese Elementary School" votes="4" />
                <Precinct name="ASU East Campus - Lovett Hall " votes="0" />
            </VoteType>
            <VoteType name="Advance Voting Votes" votes="388">
                <Precinct name="Sherwood Elementary School" votes="12" />
                <Precinct name="Covenant Church" votes="4" />
                <Precinct name="Greenbriar Church" votes="34" />
                <Precinct name="Westover High School" votes="31" />
                <Precinct name="Merry Acres Middle" votes="5" />
                <Precinct name="ASU West Campus" votes="39" />
                <Precinct name="Westown Elementary School" votes="34" />
                <Precinct name="2nd Mt. Zion Church" votes="8" />
                <Precinct name="Mt. Zion Center " votes="26" />
                <Precinct name="Alice Coachman Elementary" votes="22" />
                <Precinct name="Driskell Community Center" votes="10" />
                <Precinct name="Shiloh Baptist Church" votes="7" />
                <Precinct name="Litman Cathedral" votes="11" />
                <Precinct name="Phoebe Healthworks" votes="7" />
                <Precinct name="Turner Elementary School" votes="0" />
                <Precinct name="Robert H. Harvey Elementary" votes="7" />
                <Precinct name="Bill Miller Community Center" votes="18" />
                <Precinct name="Radium Middle School" votes="7" />
                <Precinct name="Putney 1st Baptist Church" votes="14" />
                <Precinct name="International Studies" votes="11" />
                <Precinct name="Phoebe East " votes="7" />
                <Precinct name="Pine Bluff Baptist Church" votes="8" />
                <Precinct name="Albany Middle School" votes="14" />
                <Precinct name="Christ Church" votes="27" />
                <Precinct name="Lamar Reese Elementary School" votes="23" />
                <Precinct name="ASU East Campus - Lovett Hall " votes="2" />
            </VoteType>
            <VoteType name="Election Day Votes" votes="1238">
                <Precinct name="Sherwood Elementary School" votes="37" />
                <Precinct name="Covenant Church" votes="24" />
                <Precinct name="Greenbriar Church" votes="111" />
                <Precinct name="Westover High School" votes="109" />
                <Precinct name="Merry Acres Middle" votes="35" />
                <Precinct name="ASU West Campus" votes="85" />
                <Precinct name="Westown Elementary School" votes="110" />
                <Precinct name="2nd Mt. Zion Church" votes="30" />
                <Precinct name="Mt. Zion Center " votes="84" />
                <Precinct name="Alice Coachman Elementary" votes="41" />
                <Precinct name="Driskell Community Center" votes="35" />
                <Precinct name="Shiloh Baptist Church" votes="26" />
                <Precinct name="Litman Cathedral" votes="22" />
                <Precinct name="Phoebe Healthworks" votes="47" />
                <Precinct name="Turner Elementary School" votes="3" />
                <Precinct name="Robert H. Harvey Elementary" votes="49" />
                <Precinct name="Bill Miller Community Center" votes="36" />
                <Precinct name="Radium Middle School" votes="26" />
                <Precinct name="Putney 1st Baptist Church" votes="55" />
                <Precinct name="International Studies" votes="41" />
                <Precinct name="Phoebe East " votes="48" />
                <Precinct name="Pine Bluff Baptist Church" votes="37" />
                <Precinct name="Albany Middle School" votes="35" />
                <Precinct name="Christ Church" votes="49" />
                <Precinct name="Lamar Reese Elementary School" votes="62" />
                <Precinct name="ASU East Campus - Lovett Hall " votes="1" />
            </VoteType>
            <VoteType name="Provisional Votes" votes="1">
                <Precinct name="Sherwood Elementary School" votes="0" />
                <Precinct name="Covenant Church" votes="0" />
                <Precinct name="Greenbriar Church" votes="0" />
                <Precinct name="Westover High School" votes="1" />
                <Precinct name="Merry Acres Middle" votes="0" />
                <Precinct name="ASU West Campus" votes="0" />
                <Precinct name="Westown Elementary School" votes="0" />
                <Precinct name="2nd Mt. Zion Church" votes="0" />
                <Precinct name="Mt. Zion Center " votes="0" />
                <Precinct name="Alice Coachman Elementary" votes="0" />
                <Precinct name="Driskell Community Center" votes="0" />
                <Precinct name="Shiloh Baptist Church" votes="0" />
                <Precinct name="Litman Cathedral" votes="0" />
                <Precinct name="Phoebe Healthworks" votes="0" />
                <Precinct name="Turner Elementary School" votes="0" />
                <Precinct name="Robert H. Harvey Elementary" votes="0" />
                <Precinct name="Bill Miller Community Center" votes="0" />
                <Precinct name="Radium Middle School" votes="0" />
                <Precinct name="Putney 1st Baptist Church" votes="0" />
                <Precinct name="International Studies" votes="0" />
                <Precinct name="Phoebe East " votes="0" />
                <Precinct name="Pine Bluff Baptist Church" votes="0" />
                <Precinct name="Albany Middle School" votes="0" />
                <Precinct name="Christ Church" votes="0" />
                <Precinct name="Lamar Reese Elementary School" votes="0" />
                <Precinct name="ASU East Campus - Lovett Hall " votes="0" />
            </VoteType>
        </Choice>
    </Contest>
    <Contest key="14" text="Commissioner of Insurance - Dem" voteFor="1" isQuestion="false" precinctsReporting="26" precinctsReported="26">
        <VoteType name="Undervotes" votes="89">
            <Precinct name="Sherwood Elementary School" votes="6" />
            <Precinct name="Covenant Church" votes="4" />
            <Precinct name="Greenbriar Church" votes="8" />
            <Precinct name="Westover High School" votes="9" />
            <Precinct name="Merry Acres Middle" votes="4" />
            <Precinct name="ASU West Campus" votes="4" />
            <Precinct name="Westown Elementary School" votes="5" />
            <Precinct name="2nd Mt. Zion Church" votes="3" />
            <Precinct name="Mt. Zion Center " votes="5" />
            <Precinct name="Alice Coachman Elementary" votes="1" />
            <Precinct name="Driskell Community Center" votes="3" />
            <Precinct name="Shiloh Baptist Church" votes="4" />
            <Precinct name="Litman Cathedral" votes="2" />
            <Precinct name="Phoebe Healthworks" votes="3" />
            <Precinct name="Turner Elementary School" votes="0" />
            <Precinct name="Robert H. Harvey Elementary" votes="4" />
            <Precinct name="Bill Miller Community Center" votes="0" />
            <Precinct name="Radium Middle School" votes="2" />
            <Precinct name="Putney 1st Baptist Church" votes="1" />
            <Precinct name="International Studies" votes="0" />
            <Precinct name="Phoebe East " votes="0" />
            <Precinct name="Pine Bluff Baptist Church" votes="8" />
            <Precinct name="Albany Middle School" votes="2" />
            <Precinct name="Christ Church" votes="5" />
            <Precinct name="Lamar Reese Elementary School" votes="6" />
            <Precinct name="ASU East Campus - Lovett Hall " votes="0" />
        </VoteType>
        <VoteType name="Overvotes" votes="0">
            <Precinct name="Sherwood Elementary School" votes="0" />
            <Precinct name="Covenant Church" votes="0" />
            <Precinct name="Greenbriar Church" votes="0" />
            <Precinct name="Westover High School" votes="0" />
            <Precinct name="Merry Acres Middle" votes="0" />
            <Precinct name="ASU West Campus" votes="0" />
            <Precinct name="Westown Elementary School" votes="0" />
            <Precinct name="2nd Mt. Zion Church" votes="0" />
            <Precinct name="Mt. Zion Center " votes="0" />
            <Precinct name="Alice Coachman Elementary" votes="0" />
            <Precinct name="Driskell Community Center" votes="0" />
            <Precinct name="Shiloh Baptist Church" votes="0" />
            <Precinct name="Litman Cathedral" votes="0" />
            <Precinct name="Phoebe Healthworks" votes="0" />
            <Precinct name="Turner Elementary School" votes="0" />
            <Precinct name="Robert H. Harvey Elementary" votes="0" />
            <Precinct name="Bill Miller Community Center" votes="0" />
            <Precinct name="Radium Middle School" votes="0" />
            <Precinct name="Putney 1st Baptist Church" votes="0" />
            <Precinct name="International Studies" votes="0" />
            <Precinct name="Phoebe East " votes="0" />
            <Precinct name="Pine Bluff Baptist Church" votes="0" />
            <Precinct name="Albany Middle School" votes="0" />
            <Precinct name="Christ Church" votes="0" />
            <Precinct name="Lamar Reese Elementary School" votes="0" />
            <Precinct name="ASU East Campus - Lovett Hall " votes="0" />
        </VoteType>
        <Choice key="48" text="Raphael Baker" party="DEM" totalVotes="1076">
            <VoteType name="Absentee by Mail Votes" votes="33">
                <Precinct name="Sherwood Elementary School" votes="0" />
                <Precinct name="Covenant Church" votes="0" />
                <Precinct name="Greenbriar Church" votes="4" />
                <Precinct name="Westover High School" votes="3" />
                <Precinct name="Merry Acres Middle" votes="1" />
                <Precinct name="ASU West Campus" votes="4" />
                <Precinct name="Westown Elementary School" votes="11" />
                <Precinct name="2nd Mt. Zion Church" votes="2" />
                <Precinct name="Mt. Zion Center " votes="1" />
                <Precinct name="Alice Coachman Elementary" votes="0" />
                <Precinct name="Driskell Community Center" votes="0" />
                <Precinct name="Shiloh Baptist Church" votes="1" />
                <Precinct name="Litman Cathedral" votes="0" />
                <Precinct name="Phoebe Healthworks" votes="0" />
                <Precinct name="Turner Elementary School" votes="0" />
                <Precinct name="Robert H. Harvey Elementary" votes="2" />
                <Precinct name="Bill Miller Community Center" votes="0" />
                <Precinct name="Radium Middle School" votes="0" />
                <Precinct name="Putney 1st Baptist Church" votes="0" />
                <Precinct name="International Studies" votes="1" />
                <Precinct name="Phoebe East " votes="0" />
                <Precinct name="Pine Bluff Baptist Church" votes="0" />
                <Precinct name="Albany Middle School" votes="1" />
                <Precinct name="Christ Church" votes="1" />
                <Precinct name="Lamar Reese Elementary School" votes="1" />
                <Precinct name="ASU East Campus - Lovett Hall " votes="0" />
            </VoteType>
            <VoteType name="Advance Voting Votes" votes="179">
                <Precinct name="Sherwood Elementary School" votes="8" />
                <Precinct name="Covenant Church" votes="3" />
                <Precinct name="Greenbriar Church" votes="14" />
                <Precinct name="Westover High School" votes="9" />
                <Precinct name="Merry Acres Middle" votes="5" />
                <Precinct name="ASU West Campus" votes="17" />
                <Precinct name="Westown Elementary School" votes="19" />
                <Precinct name="2nd Mt. Zion Church" votes="4" />
                <Precinct name="Mt. Zion Center " votes="17" />
                <Precinct name="Alice Coachman Elementary" votes="12" />
                <Precinct name="Driskell Community Center" votes="3" />
                <Precinct name="Shiloh Baptist Church" votes="1" />
                <Precinct name="Litman Cathedral" votes="8" />
                <Precinct name="Phoebe Healthworks" votes="4" />
                <Precinct name="Turner Elementary School" votes="1" />
                <Precinct name="Robert H. Harvey Elementary" votes="4" />
                <Precinct name="Bill Miller Community Center" votes="12" />
                <Precinct name="Radium Middle School" votes="0" />
                <Precinct name="Putney 1st Baptist Church" votes="6" />
                <Precinct name="International Studies" votes="8" />
                <Precinct name="Phoebe East " votes="4" />
                <Precinct name="Pine Bluff Baptist Church" votes="4" />
                <Precinct name="Albany Middle School" votes="5" />
                <Precinct name="Christ Church" votes="6" />
                <Precinct name="Lamar Reese Elementary School" votes="5" />
                <Precinct name="ASU East Campus - Lovett Hall " votes="0" />
            </VoteType>
            <VoteType name="Election Day Votes" votes="864">
                <Precinct name="Sherwood Elementary School" votes="25" />
                <Precinct name="Covenant Church" votes="22" />
                <Precinct name="Greenbriar Church" votes="82" />
                <Precinct name="Westover High School" votes="72" />
                <Precinct name="Merry Acres Middle" votes="25" />
                <Precinct name="ASU West Campus" votes="68" />
                <Precinct name="Westown Elementary School" votes="71" />
                <Precinct name="2nd Mt. Zion Church" votes="26" />
                <Precinct name="Mt. Zion Center " votes="63" />
                <Precinct name="Alice Coachman Elementary" votes="26" />
                <Precinct name="Driskell Community Center" votes="34" />
                <Precinct name="Shiloh Baptist Church" votes="14" />
                <Precinct name="Litman Cathedral" votes="18" />
                <Precinct name="Phoebe Healthworks" votes="25" />
                <Precinct name="Turner Elementary School" votes="4" />
                <Precinct name="Robert H. Harvey Elementary" votes="19" />
                <Precinct name="Bill Miller Community Center" votes="27" />
                <Precinct name="Radium Middle School" votes="17" />
                <Precinct name="Putney 1st Baptist Church" votes="44" />
                <Precinct name="International Studies" votes="31" />
                <Precinct name="Phoebe East " votes="35" />
                <Precinct name="Pine Bluff Baptist Church" votes="35" />
                <Precinct name="Albany Middle School" votes="16" />
                <Precinct name="Christ Church" votes="27" />
                <Precinct name="Lamar Reese Elementary School" votes="37" />
                <Precinct name="ASU East Campus - Lovett Hall " votes="1" />
            </VoteType>
            <VoteType name="Provisional Votes" votes="0">
                <Precinct name="Sherwood Elementary School" votes="0" />
                <Precinct name="Covenant Church" votes="0" />
                <Precinct name="Greenbriar Church" votes="0" />
                <Precinct name="Westover High School" votes="0" />
                <Precinct name="Merry Acres Middle" votes="0" />
                <Precinct name="ASU West Campus" votes="0" />
                <Precinct name="Westown Elementary School" votes="0" />
                <Precinct name="2nd Mt. Zion Church" votes="0" />
                <Precinct name="Mt. Zion Center " votes="0" />
                <Precinct name="Alice Coachman Elementary" votes="0" />
                <Precinct name="Driskell Community Center" votes="0" />
                <Precinct name="Shiloh Baptist Church" votes="0" />
                <Precinct name="Litman Cathedral" votes="0" />
                <Precinct name="Phoebe Healthworks" votes="0" />
                <Precinct name="Turner Elementary School" votes="0" />
                <Precinct name="Robert H. Harvey Elementary" votes="0" />
                <Precinct name="Bill Miller Community Center" votes="0" />
                <Precinct name="Radium Middle School" votes="0" />
                <Precinct name="Putney 1st Baptist Church" votes="0" />
                <Precinct name="International Studies" votes="0" />
                <Precinct name="Phoebe East " votes="0" />
                <Precinct name="Pine Bluff Baptist Church" votes="0" />
                <Precinct name="Albany Middle School" votes="0" />
                <Precinct name="Christ Church" votes="0" />
                <Precinct name="Lamar Reese Elementary School" votes="0" />
                <Precinct name="ASU East Campus - Lovett Hall " votes="0" />
            </VoteType>
        </Choice>
        <Choice key="49" text="Janice Laws Robinson" party="DEM" totalVotes="1927">
            <VoteType name="Absentee by Mail Votes" votes="118">
                <Precinct name="Sherwood Elementary School" votes="1" />
                <Precinct name="Covenant Church" votes="1" />
                <Precinct name="Greenbriar Church" votes="8" />
                <Precinct name="Westover High School" votes="8" />
                <Precinct name="Merry Acres Middle" votes="4" />
                <Precinct name="ASU West Campus" votes="12" />
                <Precinct name="Westown Elementary School" votes="17" />
                <Precinct name="2nd Mt. Zion Church" votes="4" />
                <Precinct name="Mt. Zion Center " votes="8" />
                <Precinct name="Alice Coachman Elementary" votes="8" />
                <Precinct name="Driskell Community Center" votes="4" />
                <Precinct name="Shiloh Baptist Church" votes="1" />
                <Precinct name="Litman Cathedral" votes="2" />
                <Precinct name="Phoebe Healthworks" votes="4" />
                <Precinct name="Turner Elementary School" votes="2" />
                <Precinct name="Robert H. Harvey Elementary" votes="2" />
                <Precinct name="Bill Miller Community Center" votes="0" />
                <Precinct name="Radium Middle School" votes="2" />
                <Precinct name="Putney 1st Baptist Church" votes="4" />
                <Precinct name="International Studies" votes="3" />
                <Precinct name="Phoebe East " votes="2" />
                <Precinct name="Pine Bluff Baptist Church" votes="7" />
                <Precinct name="Albany Middle School" votes="3" />
                <Precinct name="Christ Church" votes="7" />
                <Precinct name="Lamar Reese Elementary School" votes="4" />
                <Precinct name="ASU East Campus - Lovett Hall " votes="0" />
            </VoteType>
            <VoteType name="Advance Voting Votes" votes="482">
                <Precinct name="Sherwood Elementary School" votes="11" />
                <Precinct name="Covenant Church" votes="2" />
                <Precinct name="Greenbriar Church" votes="34" />
                <Precinct name="Westover High School" votes="45" />
                <Precinct name="Merry Acres Middle" votes="9" />
                <Precinct name="ASU West Campus" votes="48" />
                <Precinct name="Westown Elementary School" votes="47" />
                <Precinct name="2nd Mt. Zion Church" votes="9" />
                <Precinct name="Mt. Zion Center " votes="25" />
                <Precinct name="Alice Coachman Elementary" votes="19" />
                <Precinct name="Driskell Community Center" votes="10" />
                <Precinct name="Shiloh Baptist Church" votes="13" />
                <Precinct name="Litman Cathedral" votes="13" />
                <Precinct name="Phoebe Healthworks" votes="11" />
                <Precinct name="Turner Elementary School" votes="0" />
                <Precinct name="Robert H. Harvey Elementary" votes="22" />
                <Precinct name="Bill Miller Community Center" votes="22" />
                <Precinct name="Radium Middle School" votes="10" />
                <Precinct name="Putney 1st Baptist Church" votes="18" />
                <Precinct name="International Studies" votes="8" />
                <Precinct name="Phoebe East " votes="17" />
                <Precinct name="Pine Bluff Baptist Church" votes="13" />
                <Precinct name="Albany Middle School" votes="20" />
                <Precinct name="Christ Church" votes="26" />
                <Precinct name="Lamar Reese Elementary School" votes="27" />
                <Precinct name="ASU East Campus - Lovett Hall " votes="3" />
            </VoteType>
            <VoteType name="Election Day Votes" votes="1326">
                <Precinct name="Sherwood Elementary School" votes="41" />
                <Precinct name="Covenant Church" votes="28" />
                <Precinct name="Greenbriar Church" votes="105" />
                <Precinct name="Westover High School" votes="105" />
                <Precinct name="Merry Acres Middle" votes="35" />
                <Precinct name="ASU West Campus" votes="73" />
                <Precinct name="Westown Elementary School" votes="148" />
                <Precinct name="2nd Mt. Zion Church" votes="26" />
                <Precinct name="Mt. Zion Center " votes="79" />
                <Precinct name="Alice Coachman Elementary" votes="38" />
                <Precinct name="Driskell Community Center" votes="32" />
                <Precinct name="Shiloh Baptist Church" votes="30" />
                <Precinct name="Litman Cathedral" votes="26" />
                <Precinct name="Phoebe Healthworks" votes="55" />
                <Precinct name="Turner Elementary School" votes="7" />
                <Precinct name="Robert H. Harvey Elementary" votes="52" />
                <Precinct name="Bill Miller Community Center" votes="56" />
                <Precinct name="Radium Middle School" votes="26" />
                <Precinct name="Putney 1st Baptist Church" votes="58" />
                <Precinct name="International Studies" votes="43" />
                <Precinct name="Phoebe East " votes="47" />
                <Precinct name="Pine Bluff Baptist Church" votes="51" />
                <Precinct name="Albany Middle School" votes="45" />
                <Precinct name="Christ Church" votes="58" />
                <Precinct name="Lamar Reese Elementary School" votes="60" />
                <Precinct name="ASU East Campus - Lovett Hall " votes="2" />
            </VoteType>
            <VoteType name="Provisional Votes" votes="1">
                <Precinct name="Sherwood Elementary School" votes="0" />
                <Precinct name="Covenant Church" votes="0" />
                <Precinct name="Greenbriar Church" votes="0" />
                <Precinct name="Westover High School" votes="1" />
                <Precinct name="Merry Acres Middle" votes="0" />
                <Precinct name="ASU West Campus" votes="0" />
                <Precinct name="Westown Elementary School" votes="0" />
                <Precinct name="2nd Mt. Zion Church" votes="0" />
                <Precinct name="Mt. Zion Center " votes="0" />
                <Precinct name="Alice Coachman Elementary" votes="0" />
                <Precinct name="Driskell Community Center" votes="0" />
                <Precinct name="Shiloh Baptist Church" votes="0" />
                <Precinct name="Litman Cathedral" votes="0" />
                <Precinct name="Phoebe Healthworks" votes="0" />
                <Precinct name="Turner Elementary School" votes="0" />
                <Precinct name="Robert H. Harvey Elementary" votes="0" />
                <Precinct name="Bill Miller Community Center" votes="0" />
                <Precinct name="Radium Middle School" votes="0" />
                <Precinct name="Putney 1st Baptist Church" votes="0" />
                <Precinct name="International Studies" votes="0" />
                <Precinct name="Phoebe East " votes="0" />
                <Precinct name="Pine Bluff Baptist Church" votes="0" />
                <Precinct name="Albany Middle School" votes="0" />
                <Precinct name="Christ Church" votes="0" />
                <Precinct name="Lamar Reese Elementary School" votes="0" />
                <Precinct name="ASU East Campus - Lovett Hall " votes="0" />
            </VoteType>
        </Choice>
    </Contest>
    <Contest key="18" text="Commissioner of Labor - Dem" voteFor="1" isQuestion="false" precinctsReporting="26" precinctsReported="26">
        <VoteType name="Undervotes" votes="68">
            <Precinct name="Sherwood Elementary School" votes="3" />
            <Precinct name="Covenant Church" votes="1" />
            <Precinct name="Greenbriar Church" votes="8" />
            <Precinct name="Westover High School" votes="8" />
            <Precinct name="Merry Acres Middle" votes="3" />
            <Precinct name="ASU West Campus" votes="3" />
            <Precinct name="Westown Elementary School" votes="6" />
            <Precinct name="2nd Mt. Zion Church" votes="1" />
            <Precinct name="Mt. Zion Center " votes="1" />
            <Precinct name="Alice Coachman Elementary" votes="2" />
            <Precinct name="Driskell Community Center" votes="2" />
            <Precinct name="Shiloh Baptist Church" votes="2" />
            <Precinct name="Litman Cathedral" votes="3" />
            <Precinct name="Phoebe Healthworks" votes="2" />
            <Precinct name="Turner Elementary School" votes="0" />
            <Precinct name="Robert H. Harvey Elementary" votes="4" />
            <Precinct name="Bill Miller Community Center" votes="2" />
            <Precinct name="Radium Middle School" votes="0" />
            <Precinct name="Putney 1st Baptist Church" votes="0" />
            <Precinct name="International Studies" votes="1" />
            <Precinct name="Phoebe East " votes="1" />
            <Precinct name="Pine Bluff Baptist Church" votes="7" />
            <Precinct name="Albany Middle School" votes="3" />
            <Precinct name="Christ Church" votes="1" />
            <Precinct name="Lamar Reese Elementary School" votes="4" />
            <Precinct name="ASU East Campus - Lovett Hall " votes="0" />
        </VoteType>
        <VoteType name="Overvotes" votes="0">
            <Precinct name="Sherwood Elementary School" votes="0" />
            <Precinct name="Covenant Church" votes="0" />
            <Precinct name="Greenbriar Church" votes="0" />
            <Precinct name="Westover High School" votes="0" />
            <Precinct name="Merry Acres Middle" votes="0" />
            <Precinct name="ASU West Campus" votes="0" />
            <Precinct name="Westown Elementary School" votes="0" />
            <Precinct name="2nd Mt. Zion Church" votes="0" />
            <Precinct name="Mt. Zion Center " votes="0" />
            <Precinct name="Alice Coachman Elementary" votes="0" />
            <Precinct name="Driskell Community Center" votes="0" />
            <Precinct name="Shiloh Baptist Church" votes="0" />
            <Precinct name="Litman Cathedral" votes="0" />
            <Precinct name="Phoebe Healthworks" votes="0" />
            <Precinct name="Turner Elementary School" votes="0" />
            <Precinct name="Robert H. Harvey Elementary" votes="0" />
            <Precinct name="Bill Miller Community Center" votes="0" />
            <Precinct name="Radium Middle School" votes="0" />
            <Precinct name="Putney 1st Baptist Church" votes="0" />
            <Precinct name="International Studies" votes="0" />
            <Precinct name="Phoebe East " votes="0" />
            <Precinct name="Pine Bluff Baptist Church" votes="0" />
            <Precinct name="Albany Middle School" votes="0" />
            <Precinct name="Christ Church" votes="0" />
            <Precinct name="Lamar Reese Elementary School" votes="0" />
            <Precinct name="ASU East Campus - Lovett Hall " votes="0" />
        </VoteType>
        <Choice key="60" text="William &quot;&quot;Will&quot;&quot; Boddie, Jr." party="DEM" totalVotes="2217">
            <VoteType name="Absentee by Mail Votes" votes="117">
                <Precinct name="Sherwood Elementary School" votes="0" />
                <Precinct name="Covenant Church" votes="1" />
                <Precinct name="Greenbriar Church" votes="9" />
                <Precinct name="Westover High School" votes="7" />
                <Precinct name="Merry Acres Middle" votes="4" />
                <Precinct name="ASU West Campus" votes="9" />
                <Precinct name="Westown Elementary School" votes="27" />
                <Precinct name="2nd Mt. Zion Church" votes="5" />
                <Precinct name="Mt. Zion Center " votes="7" />
                <Precinct name="Alice Coachman Elementary" votes="6" />
                <Precinct name="Driskell Community Center" votes="3" />
                <Precinct name="Shiloh Baptist Church" votes="2" />
                <Precinct name="Litman Cathedral" votes="1" />
                <Precinct name="Phoebe Healthworks" votes="0" />
                <Precinct name="Turner Elementary School" votes="2" />
                <Precinct name="Robert H. Harvey Elementary" votes="4" />
                <Precinct name="Bill Miller Community Center" votes="0" />
                <Precinct name="Radium Middle School" votes="2" />
                <Precinct name="Putney 1st Baptist Church" votes="4" />
                <Precinct name="International Studies" votes="2" />
                <Precinct name="Phoebe East " votes="2" />
                <Precinct name="Pine Bluff Baptist Church" votes="7" />
                <Precinct name="Albany Middle School" votes="3" />
                <Precinct name="Christ Church" votes="5" />
                <Precinct name="Lamar Reese Elementary School" votes="5" />
                <Precinct name="ASU East Campus - Lovett Hall " votes="0" />
            </VoteType>
            <VoteType name="Advance Voting Votes" votes="523">
                <Precinct name="Sherwood Elementary School" votes="17" />
                <Precinct name="Covenant Church" votes="4" />
                <Precinct name="Greenbriar Church" votes="38" />
                <Precinct name="Westover High School" votes="39" />
                <Precinct name="Merry Acres Middle" votes="11" />
                <Precinct name="ASU West Campus" votes="48" />
                <Precinct name="Westown Elementary School" votes="54" />
                <Precinct name="2nd Mt. Zion Church" votes="11" />
                <Precinct name="Mt. Zion Center " votes="34" />
                <Precinct name="Alice Coachman Elementary" votes="30" />
                <Precinct name="Driskell Community Center" votes="11" />
                <Precinct name="Shiloh Baptist Church" votes="12" />
                <Precinct name="Litman Cathedral" votes="18" />
                <Precinct name="Phoebe Healthworks" votes="9" />
                <Precinct name="Turner Elementary School" votes="1" />
                <Precinct name="Robert H. Harvey Elementary" votes="22" />
                <Precinct name="Bill Miller Community Center" votes="30" />
                <Precinct name="Radium Middle School" votes="8" />
                <Precinct name="Putney 1st Baptist Church" votes="15" />
                <Precinct name="International Studies" votes="13" />
                <Precinct name="Phoebe East " votes="15" />
                <Precinct name="Pine Bluff Baptist Church" votes="10" />
                <Precinct name="Albany Middle School" votes="19" />
                <Precinct name="Christ Church" votes="25" />
                <Precinct name="Lamar Reese Elementary School" votes="26" />
                <Precinct name="ASU East Campus - Lovett Hall " votes="3" />
            </VoteType>
            <VoteType name="Election Day Votes" votes="1576">
                <Precinct name="Sherwood Elementary School" votes="41" />
                <Precinct name="Covenant Church" votes="39" />
                <Precinct name="Greenbriar Church" votes="123" />
                <Precinct name="Westover High School" votes="134" />
                <Precinct name="Merry Acres Middle" votes="48" />
                <Precinct name="ASU West Campus" votes="96" />
                <Precinct name="Westown Elementary School" votes="148" />
                <Precinct name="2nd Mt. Zion Church" votes="31" />
                <Precinct name="Mt. Zion Center " votes="121" />
                <Precinct name="Alice Coachman Elementary" votes="50" />
                <Precinct name="Driskell Community Center" votes="52" />
                <Precinct name="Shiloh Baptist Church" votes="30" />
                <Precinct name="Litman Cathedral" votes="32" />
                <Precinct name="Phoebe Healthworks" votes="54" />
                <Precinct name="Turner Elementary School" votes="8" />
                <Precinct name="Robert H. Harvey Elementary" votes="50" />
                <Precinct name="Bill Miller Community Center" votes="62" />
                <Precinct name="Radium Middle School" votes="34" />
                <Precinct name="Putney 1st Baptist Church" votes="65" />
                <Precinct name="International Studies" votes="52" />
                <Precinct name="Phoebe East " votes="61" />
                <Precinct name="Pine Bluff Baptist Church" votes="66" />
                <Precinct name="Albany Middle School" votes="40" />
                <Precinct name="Christ Church" votes="59" />
                <Precinct name="Lamar Reese Elementary School" votes="78" />
                <Precinct name="ASU East Campus - Lovett Hall " votes="2" />
            </VoteType>
            <VoteType name="Provisional Votes" votes="1">
                <Precinct name="Sherwood Elementary School" votes="0" />
                <Precinct name="Covenant Church" votes="0" />
                <Precinct name="Greenbriar Church" votes="0" />
                <Precinct name="Westover High School" votes="1" />
                <Precinct name="Merry Acres Middle" votes="0" />
                <Precinct name="ASU West Campus" votes="0" />
                <Precinct name="Westown Elementary School" votes="0" />
                <Precinct name="2nd Mt. Zion Church" votes="0" />
                <Precinct name="Mt. Zion Center " votes="0" />
                <Precinct name="Alice Coachman Elementary" votes="0" />
                <Precinct name="Driskell Community Center" votes="0" />
                <Precinct name="Shiloh Baptist Church" votes="0" />
                <Precinct name="Litman Cathedral" votes="0" />
                <Precinct name="Phoebe Healthworks" votes="0" />
                <Precinct name="Turner Elementary School" votes="0" />
                <Precinct name="Robert H. Harvey Elementary" votes="0" />
                <Precinct name="Bill Miller Community Center" votes="0" />
                <Precinct name="Radium Middle School" votes="0" />
                <Precinct name="Putney 1st Baptist Church" votes="0" />
                <Precinct name="International Studies" votes="0" />
                <Precinct name="Phoebe East " votes="0" />
                <Precinct name="Pine Bluff Baptist Church" votes="0" />
                <Precinct name="Albany Middle School" votes="0" />
                <Precinct name="Christ Church" votes="0" />
                <Precinct name="Lamar Reese Elementary School" votes="0" />
                <Precinct name="ASU East Campus - Lovett Hall " votes="0" />
            </VoteType>
        </Choice>
        <Choice key="62" text="Nicole Horn" party="DEM" totalVotes="807">
            <VoteType name="Absentee by Mail Votes" votes="35">
                <Precinct name="Sherwood Elementary School" votes="1" />
                <Precinct name="Covenant Church" votes="0" />
                <Precinct name="Greenbriar Church" votes="3" />
                <Precinct name="Westover High School" votes="5" />
                <Precinct name="Merry Acres Middle" votes="1" />
                <Precinct name="ASU West Campus" votes="7" />
                <Precinct name="Westown Elementary School" votes="1" />
                <Precinct name="2nd Mt. Zion Church" votes="1" />
                <Precinct name="Mt. Zion Center " votes="2" />
                <Precinct name="Alice Coachman Elementary" votes="1" />
                <Precinct name="Driskell Community Center" votes="1" />
                <Precinct name="Shiloh Baptist Church" votes="0" />
                <Precinct name="Litman Cathedral" votes="1" />
                <Precinct name="Phoebe Healthworks" votes="4" />
                <Precinct name="Turner Elementary School" votes="0" />
                <Precinct name="Robert H. Harvey Elementary" votes="0" />
                <Precinct name="Bill Miller Community Center" votes="0" />
                <Precinct name="Radium Middle School" votes="1" />
                <Precinct name="Putney 1st Baptist Church" votes="0" />
                <Precinct name="International Studies" votes="2" />
                <Precinct name="Phoebe East " votes="0" />
                <Precinct name="Pine Bluff Baptist Church" votes="0" />
                <Precinct name="Albany Middle School" votes="1" />
                <Precinct name="Christ Church" votes="3" />
                <Precinct name="Lamar Reese Elementary School" votes="0" />
                <Precinct name="ASU East Campus - Lovett Hall " votes="0" />
            </VoteType>
            <VoteType name="Advance Voting Votes" votes="148">
                <Precinct name="Sherwood Elementary School" votes="3" />
                <Precinct name="Covenant Church" votes="1" />
                <Precinct name="Greenbriar Church" votes="11" />
                <Precinct name="Westover High School" votes="15" />
                <Precinct name="Merry Acres Middle" votes="4" />
                <Precinct name="ASU West Campus" votes="18" />
                <Precinct name="Westown Elementary School" votes="13" />
                <Precinct name="2nd Mt. Zion Church" votes="3" />
                <Precinct name="Mt. Zion Center " votes="10" />
                <Precinct name="Alice Coachman Elementary" votes="2" />
                <Precinct name="Driskell Community Center" votes="2" />
                <Precinct name="Shiloh Baptist Church" votes="2" />
                <Precinct name="Litman Cathedral" votes="3" />
                <Precinct name="Phoebe Healthworks" votes="6" />
                <Precinct name="Turner Elementary School" votes="0" />
                <Precinct name="Robert H. Harvey Elementary" votes="4" />
                <Precinct name="Bill Miller Community Center" votes="4" />
                <Precinct name="Radium Middle School" votes="2" />
                <Precinct name="Putney 1st Baptist Church" votes="9" />
                <Precinct name="International Studies" votes="3" />
                <Precinct name="Phoebe East " votes="5" />
                <Precinct name="Pine Bluff Baptist Church" votes="6" />
                <Precinct name="Albany Middle School" votes="6" />
                <Precinct name="Christ Church" votes="9" />
                <Precinct name="Lamar Reese Elementary School" votes="7" />
                <Precinct name="ASU East Campus - Lovett Hall " votes="0" />
            </VoteType>
            <VoteType name="Election Day Votes" votes="624">
                <Precinct name="Sherwood Elementary School" votes="27" />
                <Precinct name="Covenant Church" votes="14" />
                <Precinct name="Greenbriar Church" votes="63" />
                <Precinct name="Westover High School" votes="43" />
                <Precinct name="Merry Acres Middle" votes="12" />
                <Precinct name="ASU West Campus" votes="45" />
                <Precinct name="Westown Elementary School" votes="69" />
                <Precinct name="2nd Mt. Zion Church" votes="22" />
                <Precinct name="Mt. Zion Center " votes="23" />
                <Precinct name="Alice Coachman Elementary" votes="13" />
                <Precinct name="Driskell Community Center" votes="15" />
                <Precinct name="Shiloh Baptist Church" votes="16" />
                <Precinct name="Litman Cathedral" votes="11" />
                <Precinct name="Phoebe Healthworks" votes="27" />
                <Precinct name="Turner Elementary School" votes="3" />
                <Precinct name="Robert H. Harvey Elementary" votes="21" />
                <Precinct name="Bill Miller Community Center" votes="19" />
                <Precinct name="Radium Middle School" votes="10" />
                <Precinct name="Putney 1st Baptist Church" votes="38" />
                <Precinct name="International Studies" votes="21" />
                <Precinct name="Phoebe East " votes="21" />
                <Precinct name="Pine Bluff Baptist Church" votes="22" />
                <Precinct name="Albany Middle School" votes="20" />
                <Precinct name="Christ Church" votes="28" />
                <Precinct name="Lamar Reese Elementary School" votes="20" />
                <Precinct name="ASU East Campus - Lovett Hall " votes="1" />
            </VoteType>
            <VoteType name="Provisional Votes" votes="0">
                <Precinct name="Sherwood Elementary School" votes="0" />
                <Precinct name="Covenant Church" votes="0" />
                <Precinct name="Greenbriar Church" votes="0" />
                <Precinct name="Westover High School" votes="0" />
                <Precinct name="Merry Acres Middle" votes="0" />
                <Precinct name="ASU West Campus" votes="0" />
                <Precinct name="Westown Elementary School" votes="0" />
                <Precinct name="2nd Mt. Zion Church" votes="0" />
                <Precinct name="Mt. Zion Center " votes="0" />
                <Precinct name="Alice Coachman Elementary" votes="0" />
                <Precinct name="Driskell Community Center" votes="0" />
                <Precinct name="Shiloh Baptist Church" votes="0" />
                <Precinct name="Litman Cathedral" votes="0" />
                <Precinct name="Phoebe Healthworks" votes="0" />
                <Precinct name="Turner Elementary School" votes="0" />
                <Precinct name="Robert H. Harvey Elementary" votes="0" />
                <Precinct name="Bill Miller Community Center" votes="0" />
                <Precinct name="Radium Middle School" votes="0" />
                <Precinct name="Putney 1st Baptist Church" votes="0" />
                <Precinct name="International Studies" votes="0" />
                <Precinct name="Phoebe East " votes="0" />
                <Precinct name="Pine Bluff Baptist Church" votes="0" />
                <Precinct name="Albany Middle School" votes="0" />
                <Precinct name="Christ Church" votes="0" />
                <Precinct name="Lamar Reese Elementary School" votes="0" />
                <Precinct name="ASU East Campus - Lovett Hall " votes="0" />
            </VoteType>
        </Choice>
    </Contest>
    <Contest key="23" text="US House of Representatives - District 2 - Rep" voteFor="1" isQuestion="false" precinctsReporting="26" precinctsReported="26">
        <VoteType name="Undervotes" votes="2">
            <Precinct name="Sherwood Elementary School" votes="0" />
            <Precinct name="Covenant Church" votes="0" />
            <Precinct name="Greenbriar Church" votes="1" />
            <Precinct name="Westover High School" votes="0" />
            <Precinct name="Merry Acres Middle" votes="0" />
            <Precinct name="ASU West Campus" votes="0" />
            <Precinct name="Westown Elementary School" votes="0" />
            <Precinct name="2nd Mt. Zion Church" votes="1" />
            <Precinct name="Mt. Zion Center " votes="0" />
            <Precinct name="Alice Coachman Elementary" votes="0" />
            <Precinct name="Driskell Community Center" votes="0" />
            <Precinct name="Shiloh Baptist Church" votes="0" />
            <Precinct name="Litman Cathedral" votes="0" />
            <Precinct name="Phoebe Healthworks" votes="0" />
            <Precinct name="Turner Elementary School" votes="0" />
            <Precinct name="Robert H. Harvey Elementary" votes="0" />
            <Precinct name="Bill Miller Community Center" votes="0" />
            <Precinct name="Radium Middle School" votes="0" />
            <Precinct name="Putney 1st Baptist Church" votes="0" />
            <Precinct name="International Studies" votes="0" />
            <Precinct name="Phoebe East " votes="0" />
            <Precinct name="Pine Bluff Baptist Church" votes="0" />
            <Precinct name="Albany Middle School" votes="0" />
            <Precinct name="Christ Church" votes="0" />
            <Precinct name="Lamar Reese Elementary School" votes="0" />
            <Precinct name="ASU East Campus - Lovett Hall " votes="0" />
        </VoteType>
        <VoteType name="Overvotes" votes="0">
            <Precinct name="Sherwood Elementary School" votes="0" />
            <Precinct name="Covenant Church" votes="0" />
            <Precinct name="Greenbriar Church" votes="0" />
            <Precinct name="Westover High School" votes="0" />
            <Precinct name="Merry Acres Middle" votes="0" />
            <Precinct name="ASU West Campus" votes="0" />
            <Precinct name="Westown Elementary School" votes="0" />
            <Precinct name="2nd Mt. Zion Church" votes="0" />
            <Precinct name="Mt. Zion Center " votes="0" />
            <Precinct name="Alice Coachman Elementary" votes="0" />
            <Precinct name="Driskell Community Center" votes="0" />
            <Precinct name="Shiloh Baptist Church" votes="0" />
            <Precinct name="Litman Cathedral" votes="0" />
            <Precinct name="Phoebe Healthworks" votes="0" />
            <Precinct name="Turner Elementary School" votes="0" />
            <Precinct name="Robert H. Harvey Elementary" votes="0" />
            <Precinct name="Bill Miller Community Center" votes="0" />
            <Precinct name="Radium Middle School" votes="0" />
            <Precinct name="Putney 1st Baptist Church" votes="0" />
            <Precinct name="International Studies" votes="0" />
            <Precinct name="Phoebe East " votes="0" />
            <Precinct name="Pine Bluff Baptist Church" votes="0" />
            <Precinct name="Albany Middle School" votes="0" />
            <Precinct name="Christ Church" votes="0" />
            <Precinct name="Lamar Reese Elementary School" votes="0" />
            <Precinct name="ASU East Campus - Lovett Hall " votes="0" />
        </VoteType>
        <Choice key="73" text="Jeremy Hunt" party="REP" totalVotes="942">
            <VoteType name="Absentee by Mail Votes" votes="12">
                <Precinct name="Sherwood Elementary School" votes="1" />
                <Precinct name="Covenant Church" votes="1" />
                <Precinct name="Greenbriar Church" votes="1" />
                <Precinct name="Westover High School" votes="2" />
                <Precinct name="Merry Acres Middle" votes="2" />
                <Precinct name="ASU West Campus" votes="1" />
                <Precinct name="Westown Elementary School" votes="0" />
                <Precinct name="2nd Mt. Zion Church" votes="2" />
                <Precinct name="Mt. Zion Center " votes="0" />
                <Precinct name="Alice Coachman Elementary" votes="0" />
                <Precinct name="Driskell Community Center" votes="0" />
                <Precinct name="Shiloh Baptist Church" votes="0" />
                <Precinct name="Litman Cathedral" votes="0" />
                <Precinct name="Phoebe Healthworks" votes="1" />
                <Precinct name="Turner Elementary School" votes="0" />
                <Precinct name="Robert H. Harvey Elementary" votes="0" />
                <Precinct name="Bill Miller Community Center" votes="0" />
                <Precinct name="Radium Middle School" votes="0" />
                <Precinct name="Putney 1st Baptist Church" votes="1" />
                <Precinct name="International Studies" votes="0" />
                <Precinct name="Phoebe East " votes="0" />
                <Precinct name="Pine Bluff Baptist Church" votes="0" />
                <Precinct name="Albany Middle School" votes="0" />
                <Precinct name="Christ Church" votes="0" />
                <Precinct name="Lamar Reese Elementary School" votes="0" />
                <Precinct name="ASU East Campus - Lovett Hall " votes="0" />
            </VoteType>
            <VoteType name="Advance Voting Votes" votes="89">
                <Precinct name="Sherwood Elementary School" votes="3" />
                <Precinct name="Covenant Church" votes="4" />
                <Precinct name="Greenbriar Church" votes="20" />
                <Precinct name="Westover High School" votes="17" />
                <Precinct name="Merry Acres Middle" votes="3" />
                <Precinct name="ASU West Campus" votes="5" />
                <Precinct name="Westown Elementary School" votes="0" />
                <Precinct name="2nd Mt. Zion Church" votes="4" />
                <Precinct name="Mt. Zion Center " votes="1" />
                <Precinct name="Alice Coachman Elementary" votes="0" />
                <Precinct name="Driskell Community Center" votes="0" />
                <Precinct name="Shiloh Baptist Church" votes="0" />
                <Precinct name="Litman Cathedral" votes="0" />
                <Precinct name="Phoebe Healthworks" votes="13" />
                <Precinct name="Turner Elementary School" votes="0" />
                <Precinct name="Robert H. Harvey Elementary" votes="0" />
                <Precinct name="Bill Miller Community Center" votes="0" />
                <Precinct name="Radium Middle School" votes="2" />
                <Precinct name="Putney 1st Baptist Church" votes="6" />
                <Precinct name="International Studies" votes="1" />
                <Precinct name="Phoebe East " votes="1" />
                <Precinct name="Pine Bluff Baptist Church" votes="1" />
                <Precinct name="Albany Middle School" votes="1" />
                <Precinct name="Christ Church" votes="7" />
                <Precinct name="Lamar Reese Elementary School" votes="0" />
                <Precinct name="ASU East Campus - Lovett Hall " votes="0" />
            </VoteType>
            <VoteType name="Election Day Votes" votes="841">
                <Precinct name="Sherwood Elementary School" votes="38" />
                <Precinct name="Covenant Church" votes="65" />
                <Precinct name="Greenbriar Church" votes="125" />
                <Precinct name="Westover High School" votes="125" />
                <Precinct name="Merry Acres Middle" votes="62" />
                <Precinct name="ASU West Campus" votes="31" />
                <Precinct name="Westown Elementary School" votes="4" />
                <Precinct name="2nd Mt. Zion Church" votes="54" />
                <Precinct name="Mt. Zion Center " votes="1" />
                <Precinct name="Alice Coachman Elementary" votes="0" />
                <Precinct name="Driskell Community Center" votes="2" />
                <Precinct name="Shiloh Baptist Church" votes="0" />
                <Precinct name="Litman Cathedral" votes="2" />
                <Precinct name="Phoebe Healthworks" votes="79" />
                <Precinct name="Turner Elementary School" votes="0" />
                <Precinct name="Robert H. Harvey Elementary" votes="2" />
                <Precinct name="Bill Miller Community Center" votes="2" />
                <Precinct name="Radium Middle School" votes="8" />
                <Precinct name="Putney 1st Baptist Church" votes="66" />
                <Precinct name="International Studies" votes="23" />
                <Precinct name="Phoebe East " votes="18" />
                <Precinct name="Pine Bluff Baptist Church" votes="32" />
                <Precinct name="Albany Middle School" votes="1" />
                <Precinct name="Christ Church" votes="101" />
                <Precinct name="Lamar Reese Elementary School" votes="0" />
                <Precinct name="ASU East Campus - Lovett Hall " votes="0" />
            </VoteType>
            <VoteType name="Provisional Votes" votes="0">
                <Precinct name="Sherwood Elementary School" votes="0" />
                <Precinct name="Covenant Church" votes="0" />
                <Precinct name="Greenbriar Church" votes="0" />
                <Precinct name="Westover High School" votes="0" />
                <Precinct name="Merry Acres Middle" votes="0" />
                <Precinct name="ASU West Campus" votes="0" />
                <Precinct name="Westown Elementary School" votes="0" />
                <Precinct name="2nd Mt. Zion Church" votes="0" />
                <Precinct name="Mt. Zion Center " votes="0" />
                <Precinct name="Alice Coachman Elementary" votes="0" />
                <Precinct name="Driskell Community Center" votes="0" />
                <Precinct name="Shiloh Baptist Church" votes="0" />
                <Precinct name="Litman Cathedral" votes="0" />
                <Precinct name="Phoebe Healthworks" votes="0" />
                <Precinct name="Turner Elementary School" votes="0" />
                <Precinct name="Robert H. Harvey Elementary" votes="0" />
                <Precinct name="Bill Miller Community Center" votes="0" />
                <Precinct name="Radium Middle School" votes="0" />
                <Precinct name="Putney 1st Baptist Church" votes="0" />
                <Precinct name="International Studies" votes="0" />
                <Precinct name="Phoebe East " votes="0" />
                <Precinct name="Pine Bluff Baptist Church" votes="0" />
                <Precinct name="Albany Middle School" votes="0" />
                <Precinct name="Christ Church" votes="0" />
                <Precinct name="Lamar Reese Elementary School" votes="0" />
                <Precinct name="ASU East Campus - Lovett Hall " votes="0" />
            </VoteType>
        </Choice>
        <Choice key="76" text="Chris West" party="REP" totalVotes="783">
            <VoteType name="Absentee by Mail Votes" votes="14">
                <Precinct name="Sherwood Elementary School" votes="1" />
                <Precinct name="Covenant Church" votes="0" />
                <Precinct name="Greenbriar Church" votes="2" />
                <Precinct name="Westover High School" votes="5" />
                <Precinct name="Merry Acres Middle" votes="2" />
                <Precinct name="ASU West Campus" votes="1" />
                <Precinct name="Westown Elementary School" votes="0" />
                <Precinct name="2nd Mt. Zion Church" votes="0" />
                <Precinct name="Mt. Zion Center " votes="0" />
                <Precinct name="Alice Coachman Elementary" votes="0" />
                <Precinct name="Driskell Community Center" votes="0" />
                <Precinct name="Shiloh Baptist Church" votes="0" />
                <Precinct name="Litman Cathedral" votes="0" />
                <Precinct name="Phoebe Healthworks" votes="1" />
                <Precinct name="Turner Elementary School" votes="0" />
                <Precinct name="Robert H. Harvey Elementary" votes="0" />
                <Precinct name="Bill Miller Community Center" votes="0" />
                <Precinct name="Radium Middle School" votes="0" />
                <Precinct name="Putney 1st Baptist Church" votes="0" />
                <Precinct name="International Studies" votes="1" />
                <Precinct name="Phoebe East " votes="0" />
                <Precinct name="Pine Bluff Baptist Church" votes="1" />
                <Precinct name="Albany Middle School" votes="0" />
                <Precinct name="Christ Church" votes="0" />
                <Precinct name="Lamar Reese Elementary School" votes="0" />
                <Precinct name="ASU East Campus - Lovett Hall " votes="0" />
            </VoteType>
            <VoteType name="Advance Voting Votes" votes="91">
                <Precinct name="Sherwood Elementary School" votes="1" />
                <Precinct name="Covenant Church" votes="3" />
                <Precinct name="Greenbriar Church" votes="24" />
                <Precinct name="Westover High School" votes="27" />
                <Precinct name="Merry Acres Middle" votes="5" />
                <Precinct name="ASU West Campus" votes="2" />
                <Precinct name="Westown Elementary School" votes="0" />
                <Precinct name="2nd Mt. Zion Church" votes="0" />
                <Precinct name="Mt. Zion Center " votes="0" />
                <Precinct name="Alice Coachman Elementary" votes="0" />
                <Precinct name="Driskell Community Center" votes="0" />
                <Precinct name="Shiloh Baptist Church" votes="1" />
                <Precinct name="Litman Cathedral" votes="0" />
                <Precinct name="Phoebe Healthworks" votes="7" />
                <Precinct name="Turner Elementary School" votes="0" />
                <Precinct name="Robert H. Harvey Elementary" votes="1" />
                <Precinct name="Bill Miller Community Center" votes="0" />
                <Precinct name="Radium Middle School" votes="0" />
                <Precinct name="Putney 1st Baptist Church" votes="4" />
                <Precinct name="International Studies" votes="2" />
                <Precinct name="Phoebe East " votes="2" />
                <Precinct name="Pine Bluff Baptist Church" votes="2" />
                <Precinct name="Albany Middle School" votes="2" />
                <Precinct name="Christ Church" votes="8" />
                <Precinct name="Lamar Reese Elementary School" votes="0" />
                <Precinct name="ASU East Campus - Lovett Hall " votes="0" />
            </VoteType>
            <VoteType name="Election Day Votes" votes="678">
                <Precinct name="Sherwood Elementary School" votes="56" />
                <Precinct name="Covenant Church" votes="43" />
                <Precinct name="Greenbriar Church" votes="69" />
                <Precinct name="Westover High School" votes="102" />
                <Precinct name="Merry Acres Middle" votes="51" />
                <Precinct name="ASU West Campus" votes="33" />
                <Precinct name="Westown Elementary School" votes="0" />
                <Precinct name="2nd Mt. Zion Church" votes="46" />
                <Precinct name="Mt. Zion Center " votes="0" />
                <Precinct name="Alice Coachman Elementary" votes="0" />
                <Precinct name="Driskell Community Center" votes="1" />
                <Precinct name="Shiloh Baptist Church" votes="0" />
                <Precinct name="Litman Cathedral" votes="0" />
                <Precinct name="Phoebe Healthworks" votes="65" />
                <Precinct name="Turner Elementary School" votes="0" />
                <Precinct name="Robert H. Harvey Elementary" votes="0" />
                <Precinct name="Bill Miller Community Center" votes="2" />
                <Precinct name="Radium Middle School" votes="12" />
                <Precinct name="Putney 1st Baptist Church" votes="66" />
                <Precinct name="International Studies" votes="15" />
                <Precinct name="Phoebe East " votes="12" />
                <Precinct name="Pine Bluff Baptist Church" votes="22" />
                <Precinct name="Albany Middle School" votes="7" />
                <Precinct name="Christ Church" votes="76" />
                <Precinct name="Lamar Reese Elementary School" votes="0" />
                <Precinct name="ASU East Campus - Lovett Hall " votes="0" />
            </VoteType>
            <VoteType name="Provisional Votes" votes="0">
                <Precinct name="Sherwood Elementary School" votes="0" />
                <Precinct name="Covenant Church" votes="0" />
                <Precinct name="Greenbriar Church" votes="0" />
                <Precinct name="Westover High School" votes="0" />
                <Precinct name="Merry Acres Middle" votes="0" />
                <Precinct name="ASU West Campus" votes="0" />
                <Precinct name="Westown Elementary School" votes="0" />
                <Precinct name="2nd Mt. Zion Church" votes="0" />
                <Precinct name="Mt. Zion Center " votes="0" />
                <Precinct name="Alice Coachman Elementary" votes="0" />
                <Precinct name="Driskell Community Center" votes="0" />
                <Precinct name="Shiloh Baptist Church" votes="0" />
                <Precinct name="Litman Cathedral" votes="0" />
                <Precinct name="Phoebe Healthworks" votes="0" />
                <Precinct name="Turner Elementary School" votes="0" />
                <Precinct name="Robert H. Harvey Elementary" votes="0" />
                <Precinct name="Bill Miller Community Center" votes="0" />
                <Precinct name="Radium Middle School" votes="0" />
                <Precinct name="Putney 1st Baptist Church" votes="0" />
                <Precinct name="International Studies" votes="0" />
                <Precinct name="Phoebe East " votes="0" />
                <Precinct name="Pine Bluff Baptist Church" votes="0" />
                <Precinct name="Albany Middle School" votes="0" />
                <Precinct name="Christ Church" votes="0" />
                <Precinct name="Lamar Reese Elementary School" votes="0" />
                <Precinct name="ASU East Campus - Lovett Hall " votes="0" />
            </VoteType>
        </Choice>
    </Contest>
</ElectionResult>