<?xml version="1.0"?>
<!--Election result snapshot imported from Tabulation System
-->
<ElectionResult>
    <Timestamp>6/27/2022 11:14:52 AM EDT</Timestamp>
    <ElectionName>June 21, 2022 - General Primary -Nonpartisan General Election Runoff</ElectionName>
    <ElectionDate>6/21/2022</ElectionDate>
    <Region>Washington</Region>
    <VoterTurnout totalVoters="0" ballotsCast="1117" voterTurnout="0.00">
        <Precincts>
            <Precinct name="Riddleville" totalVoters="0" ballotsCast="45" voterTurnout="0.00" percentReporting="4" />
            <Precinct name="Warthen" totalVoters="0" ballotsCast="92" voterTurnout="0.00" percentReporting="4" />
            <Precinct name="Tennille" totalVoters="0" ballotsCast="125" voterTurnout="0.00" percentReporting="4" />
            <Precinct name="Oconee" totalVoters="0" ballotsCast="43" voterTurnout="0.00" percentReporting="4" />
            <Precinct name="Harrison" totalVoters="0" ballotsCast="42" voterTurnout="0.00" percentReporting="4" />
            <Precinct name="Davisboro" totalVoters="0" ballotsCast="116" voterTurnout="0.00" percentReporting="4" />
            <Precinct name="Sandersville" totalVoters="0" ballotsCast="623" voterTurnout="0.00" percentReporting="4" />
            <Precinct name="Deepstep" totalVoters="0" ballotsCast="31" voterTurnout="0.00" percentReporting="4" />
        </Precincts>
    </VoterTurnout>
    <Contest key="6" text="Lieutenant Governor - Dem" voteFor="1" isQuestion="false" precinctsReporting="8" precinctsReported="8">
        <VoteType name="Undervotes" votes="145">
            <Precinct name="Riddleville" votes="13" />
            <Precinct name="Warthen" votes="14" />
            <Precinct name="Tennille" votes="2" />
            <Precinct name="Oconee" votes="0" />
            <Precinct name="Harrison" votes="0" />
            <Precinct name="Davisboro" votes="42" />
            <Precinct name="Sandersville" votes="73" />
            <Precinct name="Deepstep" votes="1" />
        </VoteType>
        <VoteType name="Overvotes" votes="0">
            <Precinct name="Riddleville" votes="0" />
            <Precinct name="Warthen" votes="0" />
            <Precinct name="Tennille" votes="0" />
            <Precinct name="Oconee" votes="0" />
            <Precinct name="Harrison" votes="0" />
            <Precinct name="Davisboro" votes="0" />
            <Precinct name="Sandersville" votes="0" />
            <Precinct name="Deepstep" votes="0" />
        </VoteType>
        <Choice key="46" text="Charlie Bailey" party="DEM" totalVotes="460">
            <VoteType name="Absentee by Mail Votes" votes="52">
                <Precinct name="Riddleville" votes="0" />
                <Precinct name="Warthen" votes="3" />
                <Precinct name="Tennille" votes="3" />
                <Precinct name="Oconee" votes="2" />
                <Precinct name="Harrison" votes="3" />
                <Precinct name="Davisboro" votes="1" />
                <Precinct name="Sandersville" votes="36" />
                <Precinct name="Deepstep" votes="4" />
            </VoteType>
            <VoteType name="Advance Voting Votes" votes="131">
                <Precinct name="Riddleville" votes="2" />
                <Precinct name="Warthen" votes="9" />
                <Precinct name="Tennille" votes="12" />
                <Precinct name="Oconee" votes="5" />
                <Precinct name="Harrison" votes="7" />
                <Precinct name="Davisboro" votes="14" />
                <Precinct name="Sandersville" votes="77" />
                <Precinct name="Deepstep" votes="5" />
            </VoteType>
            <VoteType name="Election Day Votes" votes="275">
                <Precinct name="Riddleville" votes="12" />
                <Precinct name="Warthen" votes="28" />
                <Precinct name="Tennille" votes="39" />
                <Precinct name="Oconee" votes="18" />
                <Precinct name="Harrison" votes="16" />
                <Precinct name="Davisboro" votes="31" />
                <Precinct name="Sandersville" votes="123" />
                <Precinct name="Deepstep" votes="8" />
            </VoteType>
            <VoteType name="Provisional Votes" votes="2">
                <Precinct name="Riddleville" votes="0" />
                <Precinct name="Warthen" votes="0" />
                <Precinct name="Tennille" votes="0" />
                <Precinct name="Oconee" votes="0" />
                <Precinct name="Harrison" votes="0" />
                <Precinct name="Davisboro" votes="0" />
                <Precinct name="Sandersville" votes="2" />
                <Precinct name="Deepstep" votes="0" />
            </VoteType>
        </Choice>
        <Choice key="49" text="Kwanza Hall" party="DEM" totalVotes="512">
            <VoteType name="Absentee by Mail Votes" votes="75">
                <Precinct name="Riddleville" votes="3" />
                <Precinct name="Warthen" votes="2" />
                <Precinct name="Tennille" votes="7" />
                <Precinct name="Oconee" votes="5" />
                <Precinct name="Harrison" votes="1" />
                <Precinct name="Davisboro" votes="4" />
                <Precinct name="Sandersville" votes="47" />
                <Precinct name="Deepstep" votes="6" />
            </VoteType>
            <VoteType name="Advance Voting Votes" votes="162">
                <Precinct name="Riddleville" votes="3" />
                <Precinct name="Warthen" votes="6" />
                <Precinct name="Tennille" votes="25" />
                <Precinct name="Oconee" votes="4" />
                <Precinct name="Harrison" votes="7" />
                <Precinct name="Davisboro" votes="8" />
                <Precinct name="Sandersville" votes="108" />
                <Precinct name="Deepstep" votes="1" />
            </VoteType>
            <VoteType name="Election Day Votes" votes="274">
                <Precinct name="Riddleville" votes="12" />
                <Precinct name="Warthen" votes="30" />
                <Precinct name="Tennille" votes="37" />
                <Precinct name="Oconee" votes="9" />
                <Precinct name="Harrison" votes="8" />
                <Precinct name="Davisboro" votes="16" />
                <Precinct name="Sandersville" votes="156" />
                <Precinct name="Deepstep" votes="6" />
            </VoteType>
            <VoteType name="Provisional Votes" votes="1">
                <Precinct name="Riddleville" votes="0" />
                <Precinct name="Warthen" votes="0" />
                <Precinct name="Tennille" votes="0" />
                <Precinct name="Oconee" votes="0" />
                <Precinct name="Harrison" votes="0" />
                <Precinct name="Davisboro" votes="0" />
                <Precinct name="Sandersville" votes="1" />
                <Precinct name="Deepstep" votes="0" />
            </VoteType>
        </Choice>
    </Contest>
    <Contest key="8" text="Secretary of State - Dem" voteFor="1" isQuestion="false" precinctsReporting="8" precinctsReported="8">
        <VoteType name="Undervotes" votes="141">
            <Precinct name="Riddleville" votes="12" />
            <Precinct name="Warthen" votes="13" />
            <Precinct name="Tennille" votes="4" />
            <Precinct name="Oconee" votes="2" />
            <Precinct name="Harrison" votes="1" />
            <Precinct name="Davisboro" votes="39" />
            <Precinct name="Sandersville" votes="70" />
            <Precinct name="Deepstep" votes="0" />
        </VoteType>
        <VoteType name="Overvotes" votes="0">
            <Precinct name="Riddleville" votes="0" />
            <Precinct name="Warthen" votes="0" />
            <Precinct name="Tennille" votes="0" />
            <Precinct name="Oconee" votes="0" />
            <Precinct name="Harrison" votes="0" />
            <Precinct name="Davisboro" votes="0" />
            <Precinct name="Sandersville" votes="0" />
            <Precinct name="Deepstep" votes="0" />
        </VoteType>
        <Choice key="58" text="Dee Dawkins-Haigler" party="DEM" totalVotes="389">
            <VoteType name="Absentee by Mail Votes" votes="57">
                <Precinct name="Riddleville" votes="0" />
                <Precinct name="Warthen" votes="2" />
                <Precinct name="Tennille" votes="6" />
                <Precinct name="Oconee" votes="3" />
                <Precinct name="Harrison" votes="4" />
                <Precinct name="Davisboro" votes="3" />
                <Precinct name="Sandersville" votes="38" />
                <Precinct name="Deepstep" votes="1" />
            </VoteType>
            <VoteType name="Advance Voting Votes" votes="110">
                <Precinct name="Riddleville" votes="2" />
                <Precinct name="Warthen" votes="5" />
                <Precinct name="Tennille" votes="12" />
                <Precinct name="Oconee" votes="2" />
                <Precinct name="Harrison" votes="3" />
                <Precinct name="Davisboro" votes="9" />
                <Precinct name="Sandersville" votes="76" />
                <Precinct name="Deepstep" votes="1" />
            </VoteType>
            <VoteType name="Election Day Votes" votes="219">
                <Precinct name="Riddleville" votes="13" />
                <Precinct name="Warthen" votes="15" />
                <Precinct name="Tennille" votes="33" />
                <Precinct name="Oconee" votes="7" />
                <Precinct name="Harrison" votes="8" />
                <Precinct name="Davisboro" votes="23" />
                <Precinct name="Sandersville" votes="114" />
                <Precinct name="Deepstep" votes="6" />
            </VoteType>
            <VoteType name="Provisional Votes" votes="3">
                <Precinct name="Riddleville" votes="0" />
                <Precinct name="Warthen" votes="0" />
                <Precinct name="Tennille" votes="0" />
                <Precinct name="Oconee" votes="0" />
                <Precinct name="Harrison" votes="0" />
                <Precinct name="Davisboro" votes="0" />
                <Precinct name="Sandersville" votes="3" />
                <Precinct name="Deepstep" votes="0" />
            </VoteType>
        </Choice>
        <Choice key="61" text="Bee Nguyen" party="DEM" totalVotes="587">
            <VoteType name="Absentee by Mail Votes" votes="69">
                <Precinct name="Riddleville" votes="3" />
                <Precinct name="Warthen" votes="3" />
                <Precinct name="Tennille" votes="4" />
                <Precinct name="Oconee" votes="4" />
                <Precinct name="Harrison" votes="0" />
                <Precinct name="Davisboro" votes="2" />
                <Precinct name="Sandersville" votes="44" />
                <Precinct name="Deepstep" votes="9" />
            </VoteType>
            <VoteType name="Advance Voting Votes" votes="182">
                <Precinct name="Riddleville" votes="3" />
                <Precinct name="Warthen" votes="10" />
                <Precinct name="Tennille" votes="24" />
                <Precinct name="Oconee" votes="7" />
                <Precinct name="Harrison" votes="10" />
                <Precinct name="Davisboro" votes="12" />
                <Precinct name="Sandersville" votes="111" />
                <Precinct name="Deepstep" votes="5" />
            </VoteType>
            <VoteType name="Election Day Votes" votes="336">
                <Precinct name="Riddleville" votes="12" />
                <Precinct name="Warthen" votes="44" />
                <Precinct name="Tennille" votes="42" />
                <Precinct name="Oconee" votes="18" />
                <Precinct name="Harrison" votes="16" />
                <Precinct name="Davisboro" votes="28" />
                <Precinct name="Sandersville" votes="167" />
                <Precinct name="Deepstep" votes="9" />
            </VoteType>
            <VoteType name="Provisional Votes" votes="0">
                <Precinct name="Riddleville" votes="0" />
                <Precinct name="Warthen" votes="0" />
                <Precinct name="Tennille" votes="0" />
                <Precinct name="Oconee" votes="0" />
                <Precinct name="Harrison" votes="0" />
                <Precinct name="Davisboro" votes="0" />
                <Precinct name="Sandersville" votes="0" />
                <Precinct name="Deepstep" votes="0" />
            </VoteType>
        </Choice>
    </Contest>
    <Contest key="14" text="Commissioner of Insurance - Dem" voteFor="1" isQuestion="false" precinctsReporting="8" precinctsReported="8">
        <VoteType name="Undervotes" votes="180">
            <Precinct name="Riddleville" votes="13" />
            <Precinct name="Warthen" votes="14" />
            <Precinct name="Tennille" votes="6" />
            <Precinct name="Oconee" votes="4" />
            <Precinct name="Harrison" votes="6" />
            <Precinct name="Davisboro" votes="44" />
            <Precinct name="Sandersville" votes="92" />
            <Precinct name="Deepstep" votes="1" />
        </VoteType>
        <VoteType name="Overvotes" votes="0">
            <Precinct name="Riddleville" votes="0" />
            <Precinct name="Warthen" votes="0" />
            <Precinct name="Tennille" votes="0" />
            <Precinct name="Oconee" votes="0" />
            <Precinct name="Harrison" votes="0" />
            <Precinct name="Davisboro" votes="0" />
            <Precinct name="Sandersville" votes="0" />
            <Precinct name="Deepstep" votes="0" />
        </VoteType>
        <Choice key="74" text="Raphael Baker" party="DEM" totalVotes="357">
            <VoteType name="Absentee by Mail Votes" votes="43">
                <Precinct name="Riddleville" votes="2" />
                <Precinct name="Warthen" votes="2" />
                <Precinct name="Tennille" votes="2" />
                <Precinct name="Oconee" votes="2" />
                <Precinct name="Harrison" votes="3" />
                <Precinct name="Davisboro" votes="0" />
                <Precinct name="Sandersville" votes="25" />
                <Precinct name="Deepstep" votes="7" />
            </VoteType>
            <VoteType name="Advance Voting Votes" votes="97">
                <Precinct name="Riddleville" votes="1" />
                <Precinct name="Warthen" votes="6" />
                <Precinct name="Tennille" votes="11" />
                <Precinct name="Oconee" votes="4" />
                <Precinct name="Harrison" votes="6" />
                <Precinct name="Davisboro" votes="10" />
                <Precinct name="Sandersville" votes="57" />
                <Precinct name="Deepstep" votes="2" />
            </VoteType>
            <VoteType name="Election Day Votes" votes="215">
                <Precinct name="Riddleville" votes="7" />
                <Precinct name="Warthen" votes="30" />
                <Precinct name="Tennille" votes="23" />
                <Precinct name="Oconee" votes="9" />
                <Precinct name="Harrison" votes="9" />
                <Precinct name="Davisboro" votes="22" />
                <Precinct name="Sandersville" votes="111" />
                <Precinct name="Deepstep" votes="4" />
            </VoteType>
            <VoteType name="Provisional Votes" votes="2">
                <Precinct name="Riddleville" votes="0" />
                <Precinct name="Warthen" votes="0" />
                <Precinct name="Tennille" votes="0" />
                <Precinct name="Oconee" votes="0" />
                <Precinct name="Harrison" votes="0" />
                <Precinct name="Davisboro" votes="0" />
                <Precinct name="Sandersville" votes="2" />
                <Precinct name="Deepstep" votes="0" />
            </VoteType>
        </Choice>
        <Choice key="75" text="Janice Laws Robinson" party="DEM" totalVotes="580">
            <VoteType name="Absentee by Mail Votes" votes="82">
                <Precinct name="Riddleville" votes="1" />
                <Precinct name="Warthen" votes="3" />
                <Precinct name="Tennille" votes="8" />
                <Precinct name="Oconee" votes="5" />
                <Precinct name="Harrison" votes="1" />
                <Precinct name="Davisboro" votes="5" />
                <Precinct name="Sandersville" votes="56" />
                <Precinct name="Deepstep" votes="3" />
            </VoteType>
            <VoteType name="Advance Voting Votes" votes="183">
                <Precinct name="Riddleville" votes="3" />
                <Precinct name="Warthen" votes="9" />
                <Precinct name="Tennille" votes="26" />
                <Precinct name="Oconee" votes="5" />
                <Precinct name="Harrison" votes="8" />
                <Precinct name="Davisboro" votes="11" />
                <Precinct name="Sandersville" votes="117" />
                <Precinct name="Deepstep" votes="4" />
            </VoteType>
            <VoteType name="Election Day Votes" votes="314">
                <Precinct name="Riddleville" votes="18" />
                <Precinct name="Warthen" votes="28" />
                <Precinct name="Tennille" votes="49" />
                <Precinct name="Oconee" votes="14" />
                <Precinct name="Harrison" votes="9" />
                <Precinct name="Davisboro" votes="24" />
                <Precinct name="Sandersville" votes="162" />
                <Precinct name="Deepstep" votes="10" />
            </VoteType>
            <VoteType name="Provisional Votes" votes="1">
                <Precinct name="Riddleville" votes="0" />
                <Precinct name="Warthen" votes="0" />
                <Precinct name="Tennille" votes="0" />
                <Precinct name="Oconee" votes="0" />
                <Precinct name="Harrison" votes="0" />
                <Precinct name="Davisboro" votes="0" />
                <Precinct name="Sandersville" votes="1" />
                <Precinct name="Deepstep" votes="0" />
            </VoteType>
        </Choice>
    </Contest>
    <Contest key="18" text="Commissioner of Labor - Dem" voteFor="1" isQuestion="false" precinctsReporting="8" precinctsReported="8">
        <VoteType name="Undervotes" votes="161">
            <Precinct name="Riddleville" votes="15" />
            <Precinct name="Warthen" votes="14" />
            <Precinct name="Tennille" votes="3" />
            <Precinct name="Oconee" votes="3" />
            <Precinct name="Harrison" votes="0" />
            <Precinct name="Davisboro" votes="46" />
            <Precinct name="Sandersville" votes="80" />
            <Precinct name="Deepstep" votes="0" />
        </VoteType>
        <VoteType name="Overvotes" votes="0">
            <Precinct name="Riddleville" votes="0" />
            <Precinct name="Warthen" votes="0" />
            <Precinct name="Tennille" votes="0" />
            <Precinct name="Oconee" votes="0" />
            <Precinct name="Harrison" votes="0" />
            <Precinct name="Davisboro" votes="0" />
            <Precinct name="Sandersville" votes="0" />
            <Precinct name="Deepstep" votes="0" />
        </VoteType>
        <Choice key="86" text="William &quot;&quot;Will&quot;&quot; Boddie, Jr." party="DEM" totalVotes="549">
            <VoteType name="Absentee by Mail Votes" votes="88">
                <Precinct name="Riddleville" votes="2" />
                <Precinct name="Warthen" votes="5" />
                <Precinct name="Tennille" votes="4" />
                <Precinct name="Oconee" votes="4" />
                <Precinct name="Harrison" votes="3" />
                <Precinct name="Davisboro" votes="0" />
                <Precinct name="Sandersville" votes="61" />
                <Precinct name="Deepstep" votes="9" />
            </VoteType>
            <VoteType name="Advance Voting Votes" votes="171">
                <Precinct name="Riddleville" votes="1" />
                <Precinct name="Warthen" votes="12" />
                <Precinct name="Tennille" votes="23" />
                <Precinct name="Oconee" votes="8" />
                <Precinct name="Harrison" votes="6" />
                <Precinct name="Davisboro" votes="12" />
                <Precinct name="Sandersville" votes="106" />
                <Precinct name="Deepstep" votes="3" />
            </VoteType>
            <VoteType name="Election Day Votes" votes="288">
                <Precinct name="Riddleville" votes="15" />
                <Precinct name="Warthen" votes="30" />
                <Precinct name="Tennille" votes="37" />
                <Precinct name="Oconee" votes="11" />
                <Precinct name="Harrison" votes="17" />
                <Precinct name="Davisboro" votes="25" />
                <Precinct name="Sandersville" votes="143" />
                <Precinct name="Deepstep" votes="10" />
            </VoteType>
            <VoteType name="Provisional Votes" votes="2">
                <Precinct name="Riddleville" votes="0" />
                <Precinct name="Warthen" votes="0" />
                <Precinct name="Tennille" votes="0" />
                <Precinct name="Oconee" votes="0" />
                <Precinct name="Harrison" votes="0" />
                <Precinct name="Davisboro" votes="0" />
                <Precinct name="Sandersville" votes="2" />
                <Precinct name="Deepstep" votes="0" />
            </VoteType>
        </Choice>
        <Choice key="88" text="Nicole Horn" party="DEM" totalVotes="407">
            <VoteType name="Absentee by Mail Votes" votes="39">
                <Precinct name="Riddleville" votes="1" />
                <Precinct name="Warthen" votes="0" />
                <Precinct name="Tennille" votes="6" />
                <Precinct name="Oconee" votes="3" />
                <Precinct name="Harrison" votes="1" />
                <Precinct name="Davisboro" votes="5" />
                <Precinct name="Sandersville" votes="22" />
                <Precinct name="Deepstep" votes="1" />
            </VoteType>
            <VoteType name="Advance Voting Votes" votes="118">
                <Precinct name="Riddleville" votes="3" />
                <Precinct name="Warthen" votes="3" />
                <Precinct name="Tennille" votes="15" />
                <Precinct name="Oconee" votes="1" />
                <Precinct name="Harrison" votes="8" />
                <Precinct name="Davisboro" votes="9" />
                <Precinct name="Sandersville" votes="76" />
                <Precinct name="Deepstep" votes="3" />
            </VoteType>
            <VoteType name="Election Day Votes" votes="249">
                <Precinct name="Riddleville" votes="8" />
                <Precinct name="Warthen" votes="28" />
                <Precinct name="Tennille" votes="37" />
                <Precinct name="Oconee" votes="13" />
                <Precinct name="Harrison" votes="7" />
                <Precinct name="Davisboro" votes="19" />
                <Precinct name="Sandersville" votes="132" />
                <Precinct name="Deepstep" votes="5" />
            </VoteType>
            <VoteType name="Provisional Votes" votes="1">
                <Precinct name="Riddleville" votes="0" />
                <Precinct name="Warthen" votes="0" />
                <Precinct name="Tennille" votes="0" />
                <Precinct name="Oconee" votes="0" />
                <Precinct name="Harrison" votes="0" />
                <Precinct name="Davisboro" votes="0" />
                <Precinct name="Sandersville" votes="1" />
                <Precinct name="Deepstep" votes="0" />
            </VoteType>
        </Choice>
    </Contest>
    <Contest key="74" text="Bd of Commissioners - Dist 2" voteFor="1" isQuestion="false" precinctsReporting="4" precinctsReported="4">
        <VoteType name="Undervotes" votes="12">
            <Precinct name="Riddleville" votes="2" />
            <Precinct name="Warthen" votes="0" />
            <Precinct name="Davisboro" votes="2" />
            <Precinct name="Sandersville" votes="8" />
        </VoteType>
        <VoteType name="Overvotes" votes="0">
            <Precinct name="Riddleville" votes="0" />
            <Precinct name="Warthen" votes="0" />
            <Precinct name="Davisboro" votes="0" />
            <Precinct name="Sandersville" votes="0" />
        </VoteType>
        <Choice key="139" text="Edward Burten,Jr. (I)" party="DEM" totalVotes="202">
            <VoteType name="Absentee by Mail Votes" votes="24">
                <Precinct name="Riddleville" votes="2" />
                <Precinct name="Warthen" votes="4" />
                <Precinct name="Davisboro" votes="1" />
                <Precinct name="Sandersville" votes="17" />
            </VoteType>
            <VoteType name="Advance Voting Votes" votes="65">
                <Precinct name="Riddleville" votes="1" />
                <Precinct name="Warthen" votes="6" />
                <Precinct name="Davisboro" votes="12" />
                <Precinct name="Sandersville" votes="46" />
            </VoteType>
            <VoteType name="Election Day Votes" votes="113">
                <Precinct name="Riddleville" votes="7" />
                <Precinct name="Warthen" votes="30" />
                <Precinct name="Davisboro" votes="25" />
                <Precinct name="Sandersville" votes="51" />
            </VoteType>
            <VoteType name="Provisional Votes" votes="0">
                <Precinct name="Riddleville" votes="0" />
                <Precinct name="Warthen" votes="0" />
                <Precinct name="Davisboro" votes="0" />
                <Precinct name="Sandersville" votes="0" />
            </VoteType>
        </Choice>
        <Choice key="141" text="Bobby Jackson" party="DEM" totalVotes="314">
            <VoteType name="Absentee by Mail Votes" votes="18">
                <Precinct name="Riddleville" votes="0" />
                <Precinct name="Warthen" votes="1" />
                <Precinct name="Davisboro" votes="4" />
                <Precinct name="Sandersville" votes="13" />
            </VoteType>
            <VoteType name="Advance Voting Votes" votes="95">
                <Precinct name="Riddleville" votes="3" />
                <Precinct name="Warthen" votes="3" />
                <Precinct name="Davisboro" votes="14" />
                <Precinct name="Sandersville" votes="75" />
            </VoteType>
            <VoteType name="Election Day Votes" votes="199">
                <Precinct name="Riddleville" votes="17" />
                <Precinct name="Warthen" votes="9" />
                <Precinct name="Davisboro" votes="57" />
                <Precinct name="Sandersville" votes="116" />
            </VoteType>
            <VoteType name="Provisional Votes" votes="2">
                <Precinct name="Riddleville" votes="0" />
                <Precinct name="Warthen" votes="0" />
                <Precinct name="Davisboro" votes="0" />
                <Precinct name="Sandersville" votes="2" />
            </VoteType>
        </Choice>
    </Contest>
    <Contest key="79" text="Bd of Education - Dist 2" voteFor="1" isQuestion="false" precinctsReporting="4" precinctsReported="4">
        <VoteType name="Undervotes" votes="7">
            <Precinct name="Riddleville" votes="1" />
            <Precinct name="Warthen" votes="1" />
            <Precinct name="Davisboro" votes="2" />
            <Precinct name="Sandersville" votes="3" />
        </VoteType>
        <VoteType name="Overvotes" votes="0">
            <Precinct name="Riddleville" votes="0" />
            <Precinct name="Warthen" votes="0" />
            <Precinct name="Davisboro" votes="0" />
            <Precinct name="Sandersville" votes="0" />
        </VoteType>
        <Choice key="146" text="Kristi Jenkins" party="DEM" totalVotes="331">
            <VoteType name="Absentee by Mail Votes" votes="32">
                <Precinct name="Riddleville" votes="2" />
                <Precinct name="Warthen" votes="4" />
                <Precinct name="Davisboro" votes="1" />
                <Precinct name="Sandersville" votes="25" />
            </VoteType>
            <VoteType name="Advance Voting Votes" votes="103">
                <Precinct name="Riddleville" votes="2" />
                <Precinct name="Warthen" votes="6" />
                <Precinct name="Davisboro" votes="11" />
                <Precinct name="Sandersville" votes="84" />
            </VoteType>
            <VoteType name="Election Day Votes" votes="196">
                <Precinct name="Riddleville" votes="11" />
                <Precinct name="Warthen" votes="34" />
                <Precinct name="Davisboro" votes="33" />
                <Precinct name="Sandersville" votes="118" />
            </VoteType>
            <VoteType name="Provisional Votes" votes="0">
                <Precinct name="Riddleville" votes="0" />
                <Precinct name="Warthen" votes="0" />
                <Precinct name="Davisboro" votes="0" />
                <Precinct name="Sandersville" votes="0" />
            </VoteType>
        </Choice>
        <Choice key="147" text="John &quot;&quot;Zack&quot;&quot; Webb" party="DEM" totalVotes="190">
            <VoteType name="Absentee by Mail Votes" votes="9">
                <Precinct name="Riddleville" votes="0" />
                <Precinct name="Warthen" votes="0" />
                <Precinct name="Davisboro" votes="4" />
                <Precinct name="Sandersville" votes="5" />
            </VoteType>
            <VoteType name="Advance Voting Votes" votes="61">
                <Precinct name="Riddleville" votes="3" />
                <Precinct name="Warthen" votes="3" />
                <Precinct name="Davisboro" votes="15" />
                <Precinct name="Sandersville" votes="40" />
            </VoteType>
            <VoteType name="Election Day Votes" votes="118">
                <Precinct name="Riddleville" votes="13" />
                <Precinct name="Warthen" votes="5" />
                <Precinct name="Davisboro" votes="49" />
                <Precinct name="Sandersville" votes="51" />
            </VoteType>
            <VoteType name="Provisional Votes" votes="2">
                <Precinct name="Riddleville" votes="0" />
                <Precinct name="Warthen" votes="0" />
                <Precinct name="Davisboro" votes="0" />
                <Precinct name="Sandersville" votes="2" />
            </VoteType>
        </Choice>
    </Contest>
</ElectionResult>