<?xml version="1.0"?>
<!--Election result snapshot imported from Tabulation System
-->
<ElectionResult>
    <Timestamp>6/22/2022 11:22:33 AM EDT</Timestamp>
    <ElectionName>June 21, 2022 - General Primary -Nonpartisan General Election Runoff</ElectionName>
    <ElectionDate>6/21/2022</ElectionDate>
    <Region>Candler</Region>
    <VoterTurnout totalVoters="6302" ballotsCast="101" voterTurnout="1.60">
        <Precincts>
            <Precinct name="Candler" totalVoters="6302" ballotsCast="101" voterTurnout="1.60" percentReporting="4" />
        </Precincts>
    </VoterTurnout>
    <Contest key="6" text="Lieutenant Governor - Dem" voteFor="1" isQuestion="false" precinctsReporting="1" precinctsReported="1">
        <VoteType name="Undervotes" votes="0">
            <Precinct name="Candler" votes="0" />
        </VoteType>
        <VoteType name="Overvotes" votes="0">
            <Precinct name="Candler" votes="0" />
        </VoteType>
        <Choice key="46" text="Charlie Bailey" party="DEM" totalVotes="59">
            <VoteType name="Absentee by Mail Votes" votes="12">
                <Precinct name="Candler" votes="12" />
            </VoteType>
            <VoteType name="Advance Voting Votes" votes="27">
                <Precinct name="Candler" votes="27" />
            </VoteType>
            <VoteType name="Election Day Votes" votes="20">
                <Precinct name="Candler" votes="20" />
            </VoteType>
            <VoteType name="Provisional Votes" votes="0">
                <Precinct name="Candler" votes="0" />
            </VoteType>
        </Choice>
        <Choice key="49" text="Kwanza Hall" party="DEM" totalVotes="42">
            <VoteType name="Absentee by Mail Votes" votes="15">
                <Precinct name="Candler" votes="15" />
            </VoteType>
            <VoteType name="Advance Voting Votes" votes="10">
                <Precinct name="Candler" votes="10" />
            </VoteType>
            <VoteType name="Election Day Votes" votes="17">
                <Precinct name="Candler" votes="17" />
            </VoteType>
            <VoteType name="Provisional Votes" votes="0">
                <Precinct name="Candler" votes="0" />
            </VoteType>
        </Choice>
    </Contest>
    <Contest key="8" text="Secretary of State - Dem" voteFor="1" isQuestion="false" precinctsReporting="1" precinctsReported="1">
        <VoteType name="Undervotes" votes="2">
            <Precinct name="Candler" votes="2" />
        </VoteType>
        <VoteType name="Overvotes" votes="0">
            <Precinct name="Candler" votes="0" />
        </VoteType>
        <Choice key="58" text="Dee Dawkins-Haigler" party="DEM" totalVotes="26">
            <VoteType name="Absentee by Mail Votes" votes="6">
                <Precinct name="Candler" votes="6" />
            </VoteType>
            <VoteType name="Advance Voting Votes" votes="6">
                <Precinct name="Candler" votes="6" />
            </VoteType>
            <VoteType name="Election Day Votes" votes="14">
                <Precinct name="Candler" votes="14" />
            </VoteType>
            <VoteType name="Provisional Votes" votes="0">
                <Precinct name="Candler" votes="0" />
            </VoteType>
        </Choice>
        <Choice key="61" text="Bee Nguyen" party="DEM" totalVotes="73">
            <VoteType name="Absentee by Mail Votes" votes="21">
                <Precinct name="Candler" votes="21" />
            </VoteType>
            <VoteType name="Advance Voting Votes" votes="29">
                <Precinct name="Candler" votes="29" />
            </VoteType>
            <VoteType name="Election Day Votes" votes="23">
                <Precinct name="Candler" votes="23" />
            </VoteType>
            <VoteType name="Provisional Votes" votes="0">
                <Precinct name="Candler" votes="0" />
            </VoteType>
        </Choice>
    </Contest>
    <Contest key="14" text="Commissioner of Insurance - Dem" voteFor="1" isQuestion="false" precinctsReporting="1" precinctsReported="1">
        <VoteType name="Undervotes" votes="6">
            <Precinct name="Candler" votes="6" />
        </VoteType>
        <VoteType name="Overvotes" votes="0">
            <Precinct name="Candler" votes="0" />
        </VoteType>
        <Choice key="74" text="Raphael Baker" party="DEM" totalVotes="38">
            <VoteType name="Absentee by Mail Votes" votes="10">
                <Precinct name="Candler" votes="10" />
            </VoteType>
            <VoteType name="Advance Voting Votes" votes="15">
                <Precinct name="Candler" votes="15" />
            </VoteType>
            <VoteType name="Election Day Votes" votes="13">
                <Precinct name="Candler" votes="13" />
            </VoteType>
            <VoteType name="Provisional Votes" votes="0">
                <Precinct name="Candler" votes="0" />
            </VoteType>
        </Choice>
        <Choice key="75" text="Janice Laws Robinson" party="DEM" totalVotes="57">
            <VoteType name="Absentee by Mail Votes" votes="17">
                <Precinct name="Candler" votes="17" />
            </VoteType>
            <VoteType name="Advance Voting Votes" votes="18">
                <Precinct name="Candler" votes="18" />
            </VoteType>
            <VoteType name="Election Day Votes" votes="22">
                <Precinct name="Candler" votes="22" />
            </VoteType>
            <VoteType name="Provisional Votes" votes="0">
                <Precinct name="Candler" votes="0" />
            </VoteType>
        </Choice>
    </Contest>
    <Contest key="18" text="Commissioner of Labor - Dem" voteFor="1" isQuestion="false" precinctsReporting="1" precinctsReported="1">
        <VoteType name="Undervotes" votes="0">
            <Precinct name="Candler" votes="0" />
        </VoteType>
        <VoteType name="Overvotes" votes="0">
            <Precinct name="Candler" votes="0" />
        </VoteType>
        <Choice key="86" text="William &quot;&quot;Will&quot;&quot; Boddie, Jr." party="DEM" totalVotes="70">
            <VoteType name="Absentee by Mail Votes" votes="20">
                <Precinct name="Candler" votes="20" />
            </VoteType>
            <VoteType name="Advance Voting Votes" votes="27">
                <Precinct name="Candler" votes="27" />
            </VoteType>
            <VoteType name="Election Day Votes" votes="23">
                <Precinct name="Candler" votes="23" />
            </VoteType>
            <VoteType name="Provisional Votes" votes="0">
                <Precinct name="Candler" votes="0" />
            </VoteType>
        </Choice>
        <Choice key="88" text="Nicole Horn" party="DEM" totalVotes="31">
            <VoteType name="Absentee by Mail Votes" votes="7">
                <Precinct name="Candler" votes="7" />
            </VoteType>
            <VoteType name="Advance Voting Votes" votes="10">
                <Precinct name="Candler" votes="10" />
            </VoteType>
            <VoteType name="Election Day Votes" votes="14">
                <Precinct name="Candler" votes="14" />
            </VoteType>
            <VoteType name="Provisional Votes" votes="0">
                <Precinct name="Candler" votes="0" />
            </VoteType>
        </Choice>
    </Contest>
</ElectionResult>