<?xml version="1.0"?>
<!--Election result snapshot imported from Tabulation System
-->
<ElectionResult>
    <Timestamp>6/27/2022 9:11:15 AM EDT</Timestamp>
    <ElectionName>June 21, 2022 - General Primary -Nonpartisan General Election Runoff</ElectionName>
    <ElectionDate>6/21/2022</ElectionDate>
    <Region>Troup</Region>
    <VoterTurnout totalVoters="39714" ballotsCast="894" voterTurnout="2.25">
        <Precincts>
            <Precinct name="Hollis Hand" totalVoters="3424" ballotsCast="25" voterTurnout="0.73" percentReporting="4" />
            <Precinct name="Administration Bldg" totalVoters="3638" ballotsCast="83" voterTurnout="2.28" percentReporting="4" />
            <Precinct name="Hammett Rd" totalVoters="4254" ballotsCast="111" voterTurnout="2.61" percentReporting="4" />
            <Precinct name="Griggs Center" totalVoters="2368" ballotsCast="129" voterTurnout="5.45" percentReporting="4" />
            <Precinct name="West Point" totalVoters="1860" ballotsCast="78" voterTurnout="4.19" percentReporting="4" />
            <Precinct name="Hogansville" totalVoters="3819" ballotsCast="76" voterTurnout="1.99" percentReporting="4" />
            <Precinct name="East Vernon" totalVoters="3080" ballotsCast="36" voterTurnout="1.17" percentReporting="4" />
            <Precinct name="Rosemont" totalVoters="4016" ballotsCast="52" voterTurnout="1.29" percentReporting="4" />
            <Precinct name="McClendon" totalVoters="3502" ballotsCast="49" voterTurnout="1.40" percentReporting="4" />
            <Precinct name="Long Cane" totalVoters="727" ballotsCast="58" voterTurnout="7.98" percentReporting="4" />
            <Precinct name="Gardner Newman" totalVoters="2931" ballotsCast="55" voterTurnout="1.88" percentReporting="4" />
            <Precinct name="Gray Hill" totalVoters="1810" ballotsCast="23" voterTurnout="1.27" percentReporting="4" />
            <Precinct name="Highland" totalVoters="1735" ballotsCast="57" voterTurnout="3.29" percentReporting="4" />
            <Precinct name="Northside" totalVoters="2550" ballotsCast="62" voterTurnout="2.43" percentReporting="4" />
        </Precincts>
    </VoterTurnout>
    <Contest key="8" text="DEM - Lieutenant Governor" voteFor="1" isQuestion="false" precinctsReporting="14" precinctsReported="14">
        <VoteType name="Undervotes" votes="5">
            <Precinct name="Hollis Hand" votes="0" />
            <Precinct name="Administration Bldg" votes="2" />
            <Precinct name="Hammett Rd" votes="1" />
            <Precinct name="Griggs Center" votes="1" />
            <Precinct name="West Point" votes="0" />
            <Precinct name="Hogansville" votes="1" />
            <Precinct name="East Vernon" votes="0" />
            <Precinct name="Rosemont" votes="0" />
            <Precinct name="McClendon" votes="0" />
            <Precinct name="Long Cane" votes="0" />
            <Precinct name="Gardner Newman" votes="0" />
            <Precinct name="Gray Hill" votes="0" />
            <Precinct name="Highland" votes="0" />
            <Precinct name="Northside" votes="0" />
        </VoteType>
        <VoteType name="Overvotes" votes="0">
            <Precinct name="Hollis Hand" votes="0" />
            <Precinct name="Administration Bldg" votes="0" />
            <Precinct name="Hammett Rd" votes="0" />
            <Precinct name="Griggs Center" votes="0" />
            <Precinct name="West Point" votes="0" />
            <Precinct name="Hogansville" votes="0" />
            <Precinct name="East Vernon" votes="0" />
            <Precinct name="Rosemont" votes="0" />
            <Precinct name="McClendon" votes="0" />
            <Precinct name="Long Cane" votes="0" />
            <Precinct name="Gardner Newman" votes="0" />
            <Precinct name="Gray Hill" votes="0" />
            <Precinct name="Highland" votes="0" />
            <Precinct name="Northside" votes="0" />
        </VoteType>
        <Choice key="67" text="Charlie Bailey" party="DEM" totalVotes="581">
            <VoteType name="Absentee by Mail Votes" votes="121">
                <Precinct name="Hollis Hand" votes="9" />
                <Precinct name="Administration Bldg" votes="10" />
                <Precinct name="Hammett Rd" votes="8" />
                <Precinct name="Griggs Center" votes="23" />
                <Precinct name="West Point" votes="19" />
                <Precinct name="Hogansville" votes="9" />
                <Precinct name="East Vernon" votes="8" />
                <Precinct name="Rosemont" votes="4" />
                <Precinct name="McClendon" votes="6" />
                <Precinct name="Long Cane" votes="8" />
                <Precinct name="Gardner Newman" votes="6" />
                <Precinct name="Gray Hill" votes="0" />
                <Precinct name="Highland" votes="8" />
                <Precinct name="Northside" votes="3" />
            </VoteType>
            <VoteType name="Advance Voting Votes" votes="134">
                <Precinct name="Hollis Hand" votes="4" />
                <Precinct name="Administration Bldg" votes="11" />
                <Precinct name="Hammett Rd" votes="23" />
                <Precinct name="Griggs Center" votes="23" />
                <Precinct name="West Point" votes="1" />
                <Precinct name="Hogansville" votes="9" />
                <Precinct name="East Vernon" votes="4" />
                <Precinct name="Rosemont" votes="15" />
                <Precinct name="McClendon" votes="5" />
                <Precinct name="Long Cane" votes="6" />
                <Precinct name="Gardner Newman" votes="13" />
                <Precinct name="Gray Hill" votes="5" />
                <Precinct name="Highland" votes="9" />
                <Precinct name="Northside" votes="6" />
            </VoteType>
            <VoteType name="Election Day Votes" votes="326">
                <Precinct name="Hollis Hand" votes="4" />
                <Precinct name="Administration Bldg" votes="20" />
                <Precinct name="Hammett Rd" votes="35" />
                <Precinct name="Griggs Center" votes="39" />
                <Precinct name="West Point" votes="33" />
                <Precinct name="Hogansville" votes="32" />
                <Precinct name="East Vernon" votes="13" />
                <Precinct name="Rosemont" votes="20" />
                <Precinct name="McClendon" votes="27" />
                <Precinct name="Long Cane" votes="21" />
                <Precinct name="Gardner Newman" votes="19" />
                <Precinct name="Gray Hill" votes="7" />
                <Precinct name="Highland" votes="22" />
                <Precinct name="Northside" votes="34" />
            </VoteType>
            <VoteType name="Provisional Votes" votes="0">
                <Precinct name="Hollis Hand" votes="0" />
                <Precinct name="Administration Bldg" votes="0" />
                <Precinct name="Hammett Rd" votes="0" />
                <Precinct name="Griggs Center" votes="0" />
                <Precinct name="West Point" votes="0" />
                <Precinct name="Hogansville" votes="0" />
                <Precinct name="East Vernon" votes="0" />
                <Precinct name="Rosemont" votes="0" />
                <Precinct name="McClendon" votes="0" />
                <Precinct name="Long Cane" votes="0" />
                <Precinct name="Gardner Newman" votes="0" />
                <Precinct name="Gray Hill" votes="0" />
                <Precinct name="Highland" votes="0" />
                <Precinct name="Northside" votes="0" />
            </VoteType>
        </Choice>
        <Choice key="70" text="Kwanza Hall" party="DEM" totalVotes="308">
            <VoteType name="Absentee by Mail Votes" votes="73">
                <Precinct name="Hollis Hand" votes="2" />
                <Precinct name="Administration Bldg" votes="22" />
                <Precinct name="Hammett Rd" votes="7" />
                <Precinct name="Griggs Center" votes="13" />
                <Precinct name="West Point" votes="8" />
                <Precinct name="Hogansville" votes="2" />
                <Precinct name="East Vernon" votes="0" />
                <Precinct name="Rosemont" votes="3" />
                <Precinct name="McClendon" votes="1" />
                <Precinct name="Long Cane" votes="3" />
                <Precinct name="Gardner Newman" votes="6" />
                <Precinct name="Gray Hill" votes="0" />
                <Precinct name="Highland" votes="4" />
                <Precinct name="Northside" votes="2" />
            </VoteType>
            <VoteType name="Advance Voting Votes" votes="72">
                <Precinct name="Hollis Hand" votes="1" />
                <Precinct name="Administration Bldg" votes="7" />
                <Precinct name="Hammett Rd" votes="12" />
                <Precinct name="Griggs Center" votes="11" />
                <Precinct name="West Point" votes="0" />
                <Precinct name="Hogansville" votes="5" />
                <Precinct name="East Vernon" votes="1" />
                <Precinct name="Rosemont" votes="5" />
                <Precinct name="McClendon" votes="3" />
                <Precinct name="Long Cane" votes="4" />
                <Precinct name="Gardner Newman" votes="8" />
                <Precinct name="Gray Hill" votes="2" />
                <Precinct name="Highland" votes="9" />
                <Precinct name="Northside" votes="4" />
            </VoteType>
            <VoteType name="Election Day Votes" votes="163">
                <Precinct name="Hollis Hand" votes="5" />
                <Precinct name="Administration Bldg" votes="11" />
                <Precinct name="Hammett Rd" votes="25" />
                <Precinct name="Griggs Center" votes="19" />
                <Precinct name="West Point" votes="17" />
                <Precinct name="Hogansville" votes="18" />
                <Precinct name="East Vernon" votes="10" />
                <Precinct name="Rosemont" votes="5" />
                <Precinct name="McClendon" votes="7" />
                <Precinct name="Long Cane" votes="16" />
                <Precinct name="Gardner Newman" votes="3" />
                <Precinct name="Gray Hill" votes="9" />
                <Precinct name="Highland" votes="5" />
                <Precinct name="Northside" votes="13" />
            </VoteType>
            <VoteType name="Provisional Votes" votes="0">
                <Precinct name="Hollis Hand" votes="0" />
                <Precinct name="Administration Bldg" votes="0" />
                <Precinct name="Hammett Rd" votes="0" />
                <Precinct name="Griggs Center" votes="0" />
                <Precinct name="West Point" votes="0" />
                <Precinct name="Hogansville" votes="0" />
                <Precinct name="East Vernon" votes="0" />
                <Precinct name="Rosemont" votes="0" />
                <Precinct name="McClendon" votes="0" />
                <Precinct name="Long Cane" votes="0" />
                <Precinct name="Gardner Newman" votes="0" />
                <Precinct name="Gray Hill" votes="0" />
                <Precinct name="Highland" votes="0" />
                <Precinct name="Northside" votes="0" />
            </VoteType>
        </Choice>
    </Contest>
    <Contest key="10" text="DEM - Secretary of State" voteFor="1" isQuestion="false" precinctsReporting="14" precinctsReported="14">
        <VoteType name="Undervotes" votes="7">
            <Precinct name="Hollis Hand" votes="0" />
            <Precinct name="Administration Bldg" votes="1" />
            <Precinct name="Hammett Rd" votes="1" />
            <Precinct name="Griggs Center" votes="0" />
            <Precinct name="West Point" votes="1" />
            <Precinct name="Hogansville" votes="2" />
            <Precinct name="East Vernon" votes="0" />
            <Precinct name="Rosemont" votes="0" />
            <Precinct name="McClendon" votes="1" />
            <Precinct name="Long Cane" votes="0" />
            <Precinct name="Gardner Newman" votes="0" />
            <Precinct name="Gray Hill" votes="1" />
            <Precinct name="Highland" votes="0" />
            <Precinct name="Northside" votes="0" />
        </VoteType>
        <VoteType name="Overvotes" votes="0">
            <Precinct name="Hollis Hand" votes="0" />
            <Precinct name="Administration Bldg" votes="0" />
            <Precinct name="Hammett Rd" votes="0" />
            <Precinct name="Griggs Center" votes="0" />
            <Precinct name="West Point" votes="0" />
            <Precinct name="Hogansville" votes="0" />
            <Precinct name="East Vernon" votes="0" />
            <Precinct name="Rosemont" votes="0" />
            <Precinct name="McClendon" votes="0" />
            <Precinct name="Long Cane" votes="0" />
            <Precinct name="Gardner Newman" votes="0" />
            <Precinct name="Gray Hill" votes="0" />
            <Precinct name="Highland" votes="0" />
            <Precinct name="Northside" votes="0" />
        </VoteType>
        <Choice key="79" text="Dee Dawkins-Haigler" party="DEM" totalVotes="235">
            <VoteType name="Absentee by Mail Votes" votes="44">
                <Precinct name="Hollis Hand" votes="1" />
                <Precinct name="Administration Bldg" votes="9" />
                <Precinct name="Hammett Rd" votes="2" />
                <Precinct name="Griggs Center" votes="4" />
                <Precinct name="West Point" votes="10" />
                <Precinct name="Hogansville" votes="4" />
                <Precinct name="East Vernon" votes="0" />
                <Precinct name="Rosemont" votes="2" />
                <Precinct name="McClendon" votes="1" />
                <Precinct name="Long Cane" votes="3" />
                <Precinct name="Gardner Newman" votes="4" />
                <Precinct name="Gray Hill" votes="0" />
                <Precinct name="Highland" votes="3" />
                <Precinct name="Northside" votes="1" />
            </VoteType>
            <VoteType name="Advance Voting Votes" votes="43">
                <Precinct name="Hollis Hand" votes="0" />
                <Precinct name="Administration Bldg" votes="7" />
                <Precinct name="Hammett Rd" votes="6" />
                <Precinct name="Griggs Center" votes="9" />
                <Precinct name="West Point" votes="1" />
                <Precinct name="Hogansville" votes="4" />
                <Precinct name="East Vernon" votes="1" />
                <Precinct name="Rosemont" votes="3" />
                <Precinct name="McClendon" votes="2" />
                <Precinct name="Long Cane" votes="2" />
                <Precinct name="Gardner Newman" votes="5" />
                <Precinct name="Gray Hill" votes="1" />
                <Precinct name="Highland" votes="1" />
                <Precinct name="Northside" votes="1" />
            </VoteType>
            <VoteType name="Election Day Votes" votes="148">
                <Precinct name="Hollis Hand" votes="3" />
                <Precinct name="Administration Bldg" votes="12" />
                <Precinct name="Hammett Rd" votes="17" />
                <Precinct name="Griggs Center" votes="24" />
                <Precinct name="West Point" votes="23" />
                <Precinct name="Hogansville" votes="16" />
                <Precinct name="East Vernon" votes="5" />
                <Precinct name="Rosemont" votes="4" />
                <Precinct name="McClendon" votes="5" />
                <Precinct name="Long Cane" votes="11" />
                <Precinct name="Gardner Newman" votes="3" />
                <Precinct name="Gray Hill" votes="4" />
                <Precinct name="Highland" votes="9" />
                <Precinct name="Northside" votes="12" />
            </VoteType>
            <VoteType name="Provisional Votes" votes="0">
                <Precinct name="Hollis Hand" votes="0" />
                <Precinct name="Administration Bldg" votes="0" />
                <Precinct name="Hammett Rd" votes="0" />
                <Precinct name="Griggs Center" votes="0" />
                <Precinct name="West Point" votes="0" />
                <Precinct name="Hogansville" votes="0" />
                <Precinct name="East Vernon" votes="0" />
                <Precinct name="Rosemont" votes="0" />
                <Precinct name="McClendon" votes="0" />
                <Precinct name="Long Cane" votes="0" />
                <Precinct name="Gardner Newman" votes="0" />
                <Precinct name="Gray Hill" votes="0" />
                <Precinct name="Highland" votes="0" />
                <Precinct name="Northside" votes="0" />
            </VoteType>
        </Choice>
        <Choice key="82" text="Bee Nguyen" party="DEM" totalVotes="652">
            <VoteType name="Absentee by Mail Votes" votes="150">
                <Precinct name="Hollis Hand" votes="10" />
                <Precinct name="Administration Bldg" votes="23" />
                <Precinct name="Hammett Rd" votes="13" />
                <Precinct name="Griggs Center" votes="32" />
                <Precinct name="West Point" votes="17" />
                <Precinct name="Hogansville" votes="7" />
                <Precinct name="East Vernon" votes="8" />
                <Precinct name="Rosemont" votes="5" />
                <Precinct name="McClendon" votes="6" />
                <Precinct name="Long Cane" votes="8" />
                <Precinct name="Gardner Newman" votes="8" />
                <Precinct name="Gray Hill" votes="0" />
                <Precinct name="Highland" votes="9" />
                <Precinct name="Northside" votes="4" />
            </VoteType>
            <VoteType name="Advance Voting Votes" votes="164">
                <Precinct name="Hollis Hand" votes="5" />
                <Precinct name="Administration Bldg" votes="11" />
                <Precinct name="Hammett Rd" votes="29" />
                <Precinct name="Griggs Center" votes="26" />
                <Precinct name="West Point" votes="0" />
                <Precinct name="Hogansville" votes="10" />
                <Precinct name="East Vernon" votes="4" />
                <Precinct name="Rosemont" votes="17" />
                <Precinct name="McClendon" votes="6" />
                <Precinct name="Long Cane" votes="8" />
                <Precinct name="Gardner Newman" votes="16" />
                <Precinct name="Gray Hill" votes="6" />
                <Precinct name="Highland" votes="17" />
                <Precinct name="Northside" votes="9" />
            </VoteType>
            <VoteType name="Election Day Votes" votes="338">
                <Precinct name="Hollis Hand" votes="6" />
                <Precinct name="Administration Bldg" votes="20" />
                <Precinct name="Hammett Rd" votes="43" />
                <Precinct name="Griggs Center" votes="34" />
                <Precinct name="West Point" votes="26" />
                <Precinct name="Hogansville" votes="33" />
                <Precinct name="East Vernon" votes="18" />
                <Precinct name="Rosemont" votes="21" />
                <Precinct name="McClendon" votes="28" />
                <Precinct name="Long Cane" votes="26" />
                <Precinct name="Gardner Newman" votes="19" />
                <Precinct name="Gray Hill" votes="11" />
                <Precinct name="Highland" votes="18" />
                <Precinct name="Northside" votes="35" />
            </VoteType>
            <VoteType name="Provisional Votes" votes="0">
                <Precinct name="Hollis Hand" votes="0" />
                <Precinct name="Administration Bldg" votes="0" />
                <Precinct name="Hammett Rd" votes="0" />
                <Precinct name="Griggs Center" votes="0" />
                <Precinct name="West Point" votes="0" />
                <Precinct name="Hogansville" votes="0" />
                <Precinct name="East Vernon" votes="0" />
                <Precinct name="Rosemont" votes="0" />
                <Precinct name="McClendon" votes="0" />
                <Precinct name="Long Cane" votes="0" />
                <Precinct name="Gardner Newman" votes="0" />
                <Precinct name="Gray Hill" votes="0" />
                <Precinct name="Highland" votes="0" />
                <Precinct name="Northside" votes="0" />
            </VoteType>
        </Choice>
    </Contest>
    <Contest key="16" text="DEM - Commissioner Of Insurance" voteFor="1" isQuestion="false" precinctsReporting="14" precinctsReported="14">
        <VoteType name="Undervotes" votes="37">
            <Precinct name="Hollis Hand" votes="1" />
            <Precinct name="Administration Bldg" votes="4" />
            <Precinct name="Hammett Rd" votes="6" />
            <Precinct name="Griggs Center" votes="7" />
            <Precinct name="West Point" votes="4" />
            <Precinct name="Hogansville" votes="2" />
            <Precinct name="East Vernon" votes="1" />
            <Precinct name="Rosemont" votes="4" />
            <Precinct name="McClendon" votes="2" />
            <Precinct name="Long Cane" votes="0" />
            <Precinct name="Gardner Newman" votes="0" />
            <Precinct name="Gray Hill" votes="1" />
            <Precinct name="Highland" votes="0" />
            <Precinct name="Northside" votes="5" />
        </VoteType>
        <VoteType name="Overvotes" votes="0">
            <Precinct name="Hollis Hand" votes="0" />
            <Precinct name="Administration Bldg" votes="0" />
            <Precinct name="Hammett Rd" votes="0" />
            <Precinct name="Griggs Center" votes="0" />
            <Precinct name="West Point" votes="0" />
            <Precinct name="Hogansville" votes="0" />
            <Precinct name="East Vernon" votes="0" />
            <Precinct name="Rosemont" votes="0" />
            <Precinct name="McClendon" votes="0" />
            <Precinct name="Long Cane" votes="0" />
            <Precinct name="Gardner Newman" votes="0" />
            <Precinct name="Gray Hill" votes="0" />
            <Precinct name="Highland" votes="0" />
            <Precinct name="Northside" votes="0" />
        </VoteType>
        <Choice key="95" text="Raphael Baker" party="DEM" totalVotes="362">
            <VoteType name="Absentee by Mail Votes" votes="68">
                <Precinct name="Hollis Hand" votes="5" />
                <Precinct name="Administration Bldg" votes="17" />
                <Precinct name="Hammett Rd" votes="2" />
                <Precinct name="Griggs Center" votes="14" />
                <Precinct name="West Point" votes="10" />
                <Precinct name="Hogansville" votes="0" />
                <Precinct name="East Vernon" votes="4" />
                <Precinct name="Rosemont" votes="2" />
                <Precinct name="McClendon" votes="4" />
                <Precinct name="Long Cane" votes="3" />
                <Precinct name="Gardner Newman" votes="3" />
                <Precinct name="Gray Hill" votes="0" />
                <Precinct name="Highland" votes="3" />
                <Precinct name="Northside" votes="1" />
            </VoteType>
            <VoteType name="Advance Voting Votes" votes="79">
                <Precinct name="Hollis Hand" votes="0" />
                <Precinct name="Administration Bldg" votes="8" />
                <Precinct name="Hammett Rd" votes="15" />
                <Precinct name="Griggs Center" votes="18" />
                <Precinct name="West Point" votes="1" />
                <Precinct name="Hogansville" votes="4" />
                <Precinct name="East Vernon" votes="3" />
                <Precinct name="Rosemont" votes="5" />
                <Precinct name="McClendon" votes="3" />
                <Precinct name="Long Cane" votes="3" />
                <Precinct name="Gardner Newman" votes="12" />
                <Precinct name="Gray Hill" votes="1" />
                <Precinct name="Highland" votes="2" />
                <Precinct name="Northside" votes="4" />
            </VoteType>
            <VoteType name="Election Day Votes" votes="215">
                <Precinct name="Hollis Hand" votes="1" />
                <Precinct name="Administration Bldg" votes="12" />
                <Precinct name="Hammett Rd" votes="29" />
                <Precinct name="Griggs Center" votes="27" />
                <Precinct name="West Point" votes="27" />
                <Precinct name="Hogansville" votes="27" />
                <Precinct name="East Vernon" votes="13" />
                <Precinct name="Rosemont" votes="8" />
                <Precinct name="McClendon" votes="14" />
                <Precinct name="Long Cane" votes="16" />
                <Precinct name="Gardner Newman" votes="10" />
                <Precinct name="Gray Hill" votes="3" />
                <Precinct name="Highland" votes="13" />
                <Precinct name="Northside" votes="15" />
            </VoteType>
            <VoteType name="Provisional Votes" votes="0">
                <Precinct name="Hollis Hand" votes="0" />
                <Precinct name="Administration Bldg" votes="0" />
                <Precinct name="Hammett Rd" votes="0" />
                <Precinct name="Griggs Center" votes="0" />
                <Precinct name="West Point" votes="0" />
                <Precinct name="Hogansville" votes="0" />
                <Precinct name="East Vernon" votes="0" />
                <Precinct name="Rosemont" votes="0" />
                <Precinct name="McClendon" votes="0" />
                <Precinct name="Long Cane" votes="0" />
                <Precinct name="Gardner Newman" votes="0" />
                <Precinct name="Gray Hill" votes="0" />
                <Precinct name="Highland" votes="0" />
                <Precinct name="Northside" votes="0" />
            </VoteType>
        </Choice>
        <Choice key="96" text="Janice Laws Robinson" party="DEM" totalVotes="495">
            <VoteType name="Absentee by Mail Votes" votes="120">
                <Precinct name="Hollis Hand" votes="6" />
                <Precinct name="Administration Bldg" votes="14" />
                <Precinct name="Hammett Rd" votes="13" />
                <Precinct name="Griggs Center" votes="17" />
                <Precinct name="West Point" votes="17" />
                <Precinct name="Hogansville" votes="11" />
                <Precinct name="East Vernon" votes="4" />
                <Precinct name="Rosemont" votes="5" />
                <Precinct name="McClendon" votes="3" />
                <Precinct name="Long Cane" votes="8" />
                <Precinct name="Gardner Newman" votes="9" />
                <Precinct name="Gray Hill" votes="0" />
                <Precinct name="Highland" votes="9" />
                <Precinct name="Northside" votes="4" />
            </VoteType>
            <VoteType name="Advance Voting Votes" votes="120">
                <Precinct name="Hollis Hand" votes="4" />
                <Precinct name="Administration Bldg" votes="10" />
                <Precinct name="Hammett Rd" votes="18" />
                <Precinct name="Griggs Center" votes="16" />
                <Precinct name="West Point" votes="0" />
                <Precinct name="Hogansville" votes="9" />
                <Precinct name="East Vernon" votes="2" />
                <Precinct name="Rosemont" votes="13" />
                <Precinct name="McClendon" votes="4" />
                <Precinct name="Long Cane" votes="7" />
                <Precinct name="Gardner Newman" votes="9" />
                <Precinct name="Gray Hill" votes="6" />
                <Precinct name="Highland" votes="16" />
                <Precinct name="Northside" votes="6" />
            </VoteType>
            <VoteType name="Election Day Votes" votes="255">
                <Precinct name="Hollis Hand" votes="8" />
                <Precinct name="Administration Bldg" votes="18" />
                <Precinct name="Hammett Rd" votes="28" />
                <Precinct name="Griggs Center" votes="30" />
                <Precinct name="West Point" votes="19" />
                <Precinct name="Hogansville" votes="23" />
                <Precinct name="East Vernon" votes="9" />
                <Precinct name="Rosemont" votes="15" />
                <Precinct name="McClendon" votes="19" />
                <Precinct name="Long Cane" votes="21" />
                <Precinct name="Gardner Newman" votes="12" />
                <Precinct name="Gray Hill" votes="12" />
                <Precinct name="Highland" votes="14" />
                <Precinct name="Northside" votes="27" />
            </VoteType>
            <VoteType name="Provisional Votes" votes="0">
                <Precinct name="Hollis Hand" votes="0" />
                <Precinct name="Administration Bldg" votes="0" />
                <Precinct name="Hammett Rd" votes="0" />
                <Precinct name="Griggs Center" votes="0" />
                <Precinct name="West Point" votes="0" />
                <Precinct name="Hogansville" votes="0" />
                <Precinct name="East Vernon" votes="0" />
                <Precinct name="Rosemont" votes="0" />
                <Precinct name="McClendon" votes="0" />
                <Precinct name="Long Cane" votes="0" />
                <Precinct name="Gardner Newman" votes="0" />
                <Precinct name="Gray Hill" votes="0" />
                <Precinct name="Highland" votes="0" />
                <Precinct name="Northside" votes="0" />
            </VoteType>
        </Choice>
    </Contest>
    <Contest key="20" text="DEM - Commissioner Of Labor" voteFor="1" isQuestion="false" precinctsReporting="14" precinctsReported="14">
        <VoteType name="Undervotes" votes="25">
            <Precinct name="Hollis Hand" votes="0" />
            <Precinct name="Administration Bldg" votes="2" />
            <Precinct name="Hammett Rd" votes="3" />
            <Precinct name="Griggs Center" votes="7" />
            <Precinct name="West Point" votes="2" />
            <Precinct name="Hogansville" votes="2" />
            <Precinct name="East Vernon" votes="2" />
            <Precinct name="Rosemont" votes="3" />
            <Precinct name="McClendon" votes="1" />
            <Precinct name="Long Cane" votes="0" />
            <Precinct name="Gardner Newman" votes="1" />
            <Precinct name="Gray Hill" votes="1" />
            <Precinct name="Highland" votes="0" />
            <Precinct name="Northside" votes="1" />
        </VoteType>
        <VoteType name="Overvotes" votes="0">
            <Precinct name="Hollis Hand" votes="0" />
            <Precinct name="Administration Bldg" votes="0" />
            <Precinct name="Hammett Rd" votes="0" />
            <Precinct name="Griggs Center" votes="0" />
            <Precinct name="West Point" votes="0" />
            <Precinct name="Hogansville" votes="0" />
            <Precinct name="East Vernon" votes="0" />
            <Precinct name="Rosemont" votes="0" />
            <Precinct name="McClendon" votes="0" />
            <Precinct name="Long Cane" votes="0" />
            <Precinct name="Gardner Newman" votes="0" />
            <Precinct name="Gray Hill" votes="0" />
            <Precinct name="Highland" votes="0" />
            <Precinct name="Northside" votes="0" />
        </VoteType>
        <Choice key="107" text="William &quot;&quot;Will&quot;&quot; Boddie, Jr." party="DEM" totalVotes="599">
            <VoteType name="Absentee by Mail Votes" votes="134">
                <Precinct name="Hollis Hand" votes="6" />
                <Precinct name="Administration Bldg" votes="20" />
                <Precinct name="Hammett Rd" votes="7" />
                <Precinct name="Griggs Center" votes="26" />
                <Precinct name="West Point" votes="23" />
                <Precinct name="Hogansville" votes="3" />
                <Precinct name="East Vernon" votes="6" />
                <Precinct name="Rosemont" votes="5" />
                <Precinct name="McClendon" votes="7" />
                <Precinct name="Long Cane" votes="6" />
                <Precinct name="Gardner Newman" votes="11" />
                <Precinct name="Gray Hill" votes="0" />
                <Precinct name="Highland" votes="10" />
                <Precinct name="Northside" votes="4" />
            </VoteType>
            <VoteType name="Advance Voting Votes" votes="141">
                <Precinct name="Hollis Hand" votes="3" />
                <Precinct name="Administration Bldg" votes="10" />
                <Precinct name="Hammett Rd" votes="26" />
                <Precinct name="Griggs Center" votes="21" />
                <Precinct name="West Point" votes="1" />
                <Precinct name="Hogansville" votes="11" />
                <Precinct name="East Vernon" votes="3" />
                <Precinct name="Rosemont" votes="13" />
                <Precinct name="McClendon" votes="8" />
                <Precinct name="Long Cane" votes="9" />
                <Precinct name="Gardner Newman" votes="14" />
                <Precinct name="Gray Hill" votes="3" />
                <Precinct name="Highland" votes="13" />
                <Precinct name="Northside" votes="6" />
            </VoteType>
            <VoteType name="Election Day Votes" votes="324">
                <Precinct name="Hollis Hand" votes="6" />
                <Precinct name="Administration Bldg" votes="21" />
                <Precinct name="Hammett Rd" votes="38" />
                <Precinct name="Griggs Center" votes="45" />
                <Precinct name="West Point" votes="40" />
                <Precinct name="Hogansville" votes="38" />
                <Precinct name="East Vernon" votes="9" />
                <Precinct name="Rosemont" votes="15" />
                <Precinct name="McClendon" votes="20" />
                <Precinct name="Long Cane" votes="17" />
                <Precinct name="Gardner Newman" votes="15" />
                <Precinct name="Gray Hill" votes="10" />
                <Precinct name="Highland" votes="19" />
                <Precinct name="Northside" votes="31" />
            </VoteType>
            <VoteType name="Provisional Votes" votes="0">
                <Precinct name="Hollis Hand" votes="0" />
                <Precinct name="Administration Bldg" votes="0" />
                <Precinct name="Hammett Rd" votes="0" />
                <Precinct name="Griggs Center" votes="0" />
                <Precinct name="West Point" votes="0" />
                <Precinct name="Hogansville" votes="0" />
                <Precinct name="East Vernon" votes="0" />
                <Precinct name="Rosemont" votes="0" />
                <Precinct name="McClendon" votes="0" />
                <Precinct name="Long Cane" votes="0" />
                <Precinct name="Gardner Newman" votes="0" />
                <Precinct name="Gray Hill" votes="0" />
                <Precinct name="Highland" votes="0" />
                <Precinct name="Northside" votes="0" />
            </VoteType>
        </Choice>
        <Choice key="109" text="Nicole Horn" party="DEM" totalVotes="270">
            <VoteType name="Absentee by Mail Votes" votes="57">
                <Precinct name="Hollis Hand" votes="5" />
                <Precinct name="Administration Bldg" votes="12" />
                <Precinct name="Hammett Rd" votes="8" />
                <Precinct name="Griggs Center" votes="7" />
                <Precinct name="West Point" votes="4" />
                <Precinct name="Hogansville" votes="8" />
                <Precinct name="East Vernon" votes="2" />
                <Precinct name="Rosemont" votes="2" />
                <Precinct name="McClendon" votes="0" />
                <Precinct name="Long Cane" votes="5" />
                <Precinct name="Gardner Newman" votes="1" />
                <Precinct name="Gray Hill" votes="0" />
                <Precinct name="Highland" votes="2" />
                <Precinct name="Northside" votes="1" />
            </VoteType>
            <VoteType name="Advance Voting Votes" votes="61">
                <Precinct name="Hollis Hand" votes="2" />
                <Precinct name="Administration Bldg" votes="8" />
                <Precinct name="Hammett Rd" votes="9" />
                <Precinct name="Griggs Center" votes="10" />
                <Precinct name="West Point" votes="0" />
                <Precinct name="Hogansville" votes="3" />
                <Precinct name="East Vernon" votes="2" />
                <Precinct name="Rosemont" votes="6" />
                <Precinct name="McClendon" votes="0" />
                <Precinct name="Long Cane" votes="1" />
                <Precinct name="Gardner Newman" votes="7" />
                <Precinct name="Gray Hill" votes="4" />
                <Precinct name="Highland" votes="5" />
                <Precinct name="Northside" votes="4" />
            </VoteType>
            <VoteType name="Election Day Votes" votes="152">
                <Precinct name="Hollis Hand" votes="3" />
                <Precinct name="Administration Bldg" votes="10" />
                <Precinct name="Hammett Rd" votes="20" />
                <Precinct name="Griggs Center" votes="13" />
                <Precinct name="West Point" votes="8" />
                <Precinct name="Hogansville" votes="11" />
                <Precinct name="East Vernon" votes="12" />
                <Precinct name="Rosemont" votes="8" />
                <Precinct name="McClendon" votes="13" />
                <Precinct name="Long Cane" votes="20" />
                <Precinct name="Gardner Newman" votes="6" />
                <Precinct name="Gray Hill" votes="5" />
                <Precinct name="Highland" votes="8" />
                <Precinct name="Northside" votes="15" />
            </VoteType>
            <VoteType name="Provisional Votes" votes="0">
                <Precinct name="Hollis Hand" votes="0" />
                <Precinct name="Administration Bldg" votes="0" />
                <Precinct name="Hammett Rd" votes="0" />
                <Precinct name="Griggs Center" votes="0" />
                <Precinct name="West Point" votes="0" />
                <Precinct name="Hogansville" votes="0" />
                <Precinct name="East Vernon" votes="0" />
                <Precinct name="Rosemont" votes="0" />
                <Precinct name="McClendon" votes="0" />
                <Precinct name="Long Cane" votes="0" />
                <Precinct name="Gardner Newman" votes="0" />
                <Precinct name="Gray Hill" votes="0" />
                <Precinct name="Highland" votes="0" />
                <Precinct name="Northside" votes="0" />
            </VoteType>
        </Choice>
    </Contest>
</ElectionResult>