<?xml version="1.0"?>
<!--Election result snapshot imported from Tabulation System
-->
<ElectionResult>
    <Timestamp>6/24/2022 5:17:23 PM EDT</Timestamp>
    <ElectionName>June 21, 2022 - General Primary -Nonpartisan General Election Runoff</ElectionName>
    <ElectionDate>6/21/2022</ElectionDate>
    <Region>Fannin</Region>
    <VoterTurnout totalVoters="19904" ballotsCast="195" voterTurnout="0.98">
        <Precincts>
            <Precinct name="Colwell" totalVoters="1090" ballotsCast="23" voterTurnout="2.11" percentReporting="4" />
            <Precinct name="Fairplay" totalVoters="1207" ballotsCast="15" voterTurnout="1.24" percentReporting="4" />
            <Precinct name="Flinthill" totalVoters="3080" ballotsCast="14" voterTurnout="0.45" percentReporting="4" />
            <Precinct name="Hemptown" totalVoters="1357" ballotsCast="18" voterTurnout="1.33" percentReporting="4" />
            <Precinct name="Hothouse" totalVoters="1245" ballotsCast="5" voterTurnout="0.40" percentReporting="4" />
            <Precinct name="Mineral Bluff" totalVoters="1877" ballotsCast="17" voterTurnout="0.91" percentReporting="4" />
            <Precinct name="Mobile" totalVoters="1125" ballotsCast="10" voterTurnout="0.89" percentReporting="4" />
            <Precinct name="Morganton" totalVoters="2036" ballotsCast="19" voterTurnout="0.93" percentReporting="4" />
            <Precinct name="Noontootla" totalVoters="824" ballotsCast="15" voterTurnout="1.82" percentReporting="4" />
            <Precinct name="Skeniah" totalVoters="319" ballotsCast="6" voterTurnout="1.88" percentReporting="4" />
            <Precinct name="Sugar Creek" totalVoters="2330" ballotsCast="19" voterTurnout="0.82" percentReporting="4" />
            <Precinct name="Toccoa" totalVoters="3414" ballotsCast="34" voterTurnout="1.00" percentReporting="4" />
        </Precincts>
    </VoterTurnout>
    <Contest key="8" text="DEM - Lieutenant Governor" voteFor="1" isQuestion="false" precinctsReporting="12" precinctsReported="12">
        <VoteType name="Undervotes" votes="0">
            <Precinct name="Colwell" votes="0" />
            <Precinct name="Fairplay" votes="0" />
            <Precinct name="Flinthill" votes="0" />
            <Precinct name="Hemptown" votes="0" />
            <Precinct name="Hothouse" votes="0" />
            <Precinct name="Mineral Bluff" votes="0" />
            <Precinct name="Mobile" votes="0" />
            <Precinct name="Morganton" votes="0" />
            <Precinct name="Noontootla" votes="0" />
            <Precinct name="Skeniah" votes="0" />
            <Precinct name="Sugar Creek" votes="0" />
            <Precinct name="Toccoa" votes="0" />
        </VoteType>
        <VoteType name="Overvotes" votes="0">
            <Precinct name="Colwell" votes="0" />
            <Precinct name="Fairplay" votes="0" />
            <Precinct name="Flinthill" votes="0" />
            <Precinct name="Hemptown" votes="0" />
            <Precinct name="Hothouse" votes="0" />
            <Precinct name="Mineral Bluff" votes="0" />
            <Precinct name="Mobile" votes="0" />
            <Precinct name="Morganton" votes="0" />
            <Precinct name="Noontootla" votes="0" />
            <Precinct name="Skeniah" votes="0" />
            <Precinct name="Sugar Creek" votes="0" />
            <Precinct name="Toccoa" votes="0" />
        </VoteType>
        <Choice key="39" text="Charlie Bailey" party="DEM" totalVotes="162">
            <VoteType name="Absentee by Mail Votes" votes="33">
                <Precinct name="Colwell" votes="5" />
                <Precinct name="Fairplay" votes="3" />
                <Precinct name="Flinthill" votes="5" />
                <Precinct name="Hemptown" votes="3" />
                <Precinct name="Hothouse" votes="0" />
                <Precinct name="Mineral Bluff" votes="4" />
                <Precinct name="Mobile" votes="1" />
                <Precinct name="Morganton" votes="0" />
                <Precinct name="Noontootla" votes="2" />
                <Precinct name="Skeniah" votes="1" />
                <Precinct name="Sugar Creek" votes="3" />
                <Precinct name="Toccoa" votes="6" />
            </VoteType>
            <VoteType name="Advance Voting Votes" votes="68">
                <Precinct name="Colwell" votes="5" />
                <Precinct name="Fairplay" votes="7" />
                <Precinct name="Flinthill" votes="2" />
                <Precinct name="Hemptown" votes="7" />
                <Precinct name="Hothouse" votes="2" />
                <Precinct name="Mineral Bluff" votes="6" />
                <Precinct name="Mobile" votes="4" />
                <Precinct name="Morganton" votes="12" />
                <Precinct name="Noontootla" votes="1" />
                <Precinct name="Skeniah" votes="4" />
                <Precinct name="Sugar Creek" votes="8" />
                <Precinct name="Toccoa" votes="10" />
            </VoteType>
            <VoteType name="Election Day Votes" votes="61">
                <Precinct name="Colwell" votes="10" />
                <Precinct name="Fairplay" votes="2" />
                <Precinct name="Flinthill" votes="5" />
                <Precinct name="Hemptown" votes="6" />
                <Precinct name="Hothouse" votes="2" />
                <Precinct name="Mineral Bluff" votes="4" />
                <Precinct name="Mobile" votes="2" />
                <Precinct name="Morganton" votes="2" />
                <Precinct name="Noontootla" votes="9" />
                <Precinct name="Skeniah" votes="1" />
                <Precinct name="Sugar Creek" votes="7" />
                <Precinct name="Toccoa" votes="11" />
            </VoteType>
            <VoteType name="Provisional Votes" votes="0">
                <Precinct name="Colwell" votes="0" />
                <Precinct name="Fairplay" votes="0" />
                <Precinct name="Flinthill" votes="0" />
                <Precinct name="Hemptown" votes="0" />
                <Precinct name="Hothouse" votes="0" />
                <Precinct name="Mineral Bluff" votes="0" />
                <Precinct name="Mobile" votes="0" />
                <Precinct name="Morganton" votes="0" />
                <Precinct name="Noontootla" votes="0" />
                <Precinct name="Skeniah" votes="0" />
                <Precinct name="Sugar Creek" votes="0" />
                <Precinct name="Toccoa" votes="0" />
            </VoteType>
        </Choice>
        <Choice key="42" text="Kwanza Hall" party="DEM" totalVotes="33">
            <VoteType name="Absentee by Mail Votes" votes="7">
                <Precinct name="Colwell" votes="1" />
                <Precinct name="Fairplay" votes="1" />
                <Precinct name="Flinthill" votes="0" />
                <Precinct name="Hemptown" votes="0" />
                <Precinct name="Hothouse" votes="0" />
                <Precinct name="Mineral Bluff" votes="0" />
                <Precinct name="Mobile" votes="0" />
                <Precinct name="Morganton" votes="1" />
                <Precinct name="Noontootla" votes="2" />
                <Precinct name="Skeniah" votes="0" />
                <Precinct name="Sugar Creek" votes="0" />
                <Precinct name="Toccoa" votes="2" />
            </VoteType>
            <VoteType name="Advance Voting Votes" votes="14">
                <Precinct name="Colwell" votes="2" />
                <Precinct name="Fairplay" votes="1" />
                <Precinct name="Flinthill" votes="2" />
                <Precinct name="Hemptown" votes="0" />
                <Precinct name="Hothouse" votes="1" />
                <Precinct name="Mineral Bluff" votes="2" />
                <Precinct name="Mobile" votes="1" />
                <Precinct name="Morganton" votes="1" />
                <Precinct name="Noontootla" votes="0" />
                <Precinct name="Skeniah" votes="0" />
                <Precinct name="Sugar Creek" votes="1" />
                <Precinct name="Toccoa" votes="3" />
            </VoteType>
            <VoteType name="Election Day Votes" votes="12">
                <Precinct name="Colwell" votes="0" />
                <Precinct name="Fairplay" votes="1" />
                <Precinct name="Flinthill" votes="0" />
                <Precinct name="Hemptown" votes="2" />
                <Precinct name="Hothouse" votes="0" />
                <Precinct name="Mineral Bluff" votes="1" />
                <Precinct name="Mobile" votes="2" />
                <Precinct name="Morganton" votes="3" />
                <Precinct name="Noontootla" votes="1" />
                <Precinct name="Skeniah" votes="0" />
                <Precinct name="Sugar Creek" votes="0" />
                <Precinct name="Toccoa" votes="2" />
            </VoteType>
            <VoteType name="Provisional Votes" votes="0">
                <Precinct name="Colwell" votes="0" />
                <Precinct name="Fairplay" votes="0" />
                <Precinct name="Flinthill" votes="0" />
                <Precinct name="Hemptown" votes="0" />
                <Precinct name="Hothouse" votes="0" />
                <Precinct name="Mineral Bluff" votes="0" />
                <Precinct name="Mobile" votes="0" />
                <Precinct name="Morganton" votes="0" />
                <Precinct name="Noontootla" votes="0" />
                <Precinct name="Skeniah" votes="0" />
                <Precinct name="Sugar Creek" votes="0" />
                <Precinct name="Toccoa" votes="0" />
            </VoteType>
        </Choice>
    </Contest>
    <Contest key="10" text="DEM - Secretary of State" voteFor="1" isQuestion="false" precinctsReporting="12" precinctsReported="12">
        <VoteType name="Undervotes" votes="1">
            <Precinct name="Colwell" votes="0" />
            <Precinct name="Fairplay" votes="0" />
            <Precinct name="Flinthill" votes="0" />
            <Precinct name="Hemptown" votes="0" />
            <Precinct name="Hothouse" votes="0" />
            <Precinct name="Mineral Bluff" votes="0" />
            <Precinct name="Mobile" votes="0" />
            <Precinct name="Morganton" votes="0" />
            <Precinct name="Noontootla" votes="0" />
            <Precinct name="Skeniah" votes="0" />
            <Precinct name="Sugar Creek" votes="0" />
            <Precinct name="Toccoa" votes="1" />
        </VoteType>
        <VoteType name="Overvotes" votes="0">
            <Precinct name="Colwell" votes="0" />
            <Precinct name="Fairplay" votes="0" />
            <Precinct name="Flinthill" votes="0" />
            <Precinct name="Hemptown" votes="0" />
            <Precinct name="Hothouse" votes="0" />
            <Precinct name="Mineral Bluff" votes="0" />
            <Precinct name="Mobile" votes="0" />
            <Precinct name="Morganton" votes="0" />
            <Precinct name="Noontootla" votes="0" />
            <Precinct name="Skeniah" votes="0" />
            <Precinct name="Sugar Creek" votes="0" />
            <Precinct name="Toccoa" votes="0" />
        </VoteType>
        <Choice key="51" text="Dee Dawkins-Haigler" party="DEM" totalVotes="13">
            <VoteType name="Absentee by Mail Votes" votes="2">
                <Precinct name="Colwell" votes="0" />
                <Precinct name="Fairplay" votes="0" />
                <Precinct name="Flinthill" votes="0" />
                <Precinct name="Hemptown" votes="0" />
                <Precinct name="Hothouse" votes="0" />
                <Precinct name="Mineral Bluff" votes="0" />
                <Precinct name="Mobile" votes="0" />
                <Precinct name="Morganton" votes="0" />
                <Precinct name="Noontootla" votes="1" />
                <Precinct name="Skeniah" votes="0" />
                <Precinct name="Sugar Creek" votes="0" />
                <Precinct name="Toccoa" votes="1" />
            </VoteType>
            <VoteType name="Advance Voting Votes" votes="5">
                <Precinct name="Colwell" votes="0" />
                <Precinct name="Fairplay" votes="1" />
                <Precinct name="Flinthill" votes="0" />
                <Precinct name="Hemptown" votes="1" />
                <Precinct name="Hothouse" votes="0" />
                <Precinct name="Mineral Bluff" votes="1" />
                <Precinct name="Mobile" votes="0" />
                <Precinct name="Morganton" votes="0" />
                <Precinct name="Noontootla" votes="0" />
                <Precinct name="Skeniah" votes="0" />
                <Precinct name="Sugar Creek" votes="1" />
                <Precinct name="Toccoa" votes="1" />
            </VoteType>
            <VoteType name="Election Day Votes" votes="6">
                <Precinct name="Colwell" votes="1" />
                <Precinct name="Fairplay" votes="0" />
                <Precinct name="Flinthill" votes="2" />
                <Precinct name="Hemptown" votes="0" />
                <Precinct name="Hothouse" votes="0" />
                <Precinct name="Mineral Bluff" votes="1" />
                <Precinct name="Mobile" votes="0" />
                <Precinct name="Morganton" votes="1" />
                <Precinct name="Noontootla" votes="1" />
                <Precinct name="Skeniah" votes="0" />
                <Precinct name="Sugar Creek" votes="0" />
                <Precinct name="Toccoa" votes="0" />
            </VoteType>
            <VoteType name="Provisional Votes" votes="0">
                <Precinct name="Colwell" votes="0" />
                <Precinct name="Fairplay" votes="0" />
                <Precinct name="Flinthill" votes="0" />
                <Precinct name="Hemptown" votes="0" />
                <Precinct name="Hothouse" votes="0" />
                <Precinct name="Mineral Bluff" votes="0" />
                <Precinct name="Mobile" votes="0" />
                <Precinct name="Morganton" votes="0" />
                <Precinct name="Noontootla" votes="0" />
                <Precinct name="Skeniah" votes="0" />
                <Precinct name="Sugar Creek" votes="0" />
                <Precinct name="Toccoa" votes="0" />
            </VoteType>
        </Choice>
        <Choice key="54" text="Bee Nguyen" party="DEM" totalVotes="181">
            <VoteType name="Absentee by Mail Votes" votes="37">
                <Precinct name="Colwell" votes="6" />
                <Precinct name="Fairplay" votes="4" />
                <Precinct name="Flinthill" votes="5" />
                <Precinct name="Hemptown" votes="3" />
                <Precinct name="Hothouse" votes="0" />
                <Precinct name="Mineral Bluff" votes="4" />
                <Precinct name="Mobile" votes="1" />
                <Precinct name="Morganton" votes="1" />
                <Precinct name="Noontootla" votes="3" />
                <Precinct name="Skeniah" votes="1" />
                <Precinct name="Sugar Creek" votes="3" />
                <Precinct name="Toccoa" votes="6" />
            </VoteType>
            <VoteType name="Advance Voting Votes" votes="77">
                <Precinct name="Colwell" votes="7" />
                <Precinct name="Fairplay" votes="7" />
                <Precinct name="Flinthill" votes="4" />
                <Precinct name="Hemptown" votes="6" />
                <Precinct name="Hothouse" votes="3" />
                <Precinct name="Mineral Bluff" votes="7" />
                <Precinct name="Mobile" votes="5" />
                <Precinct name="Morganton" votes="13" />
                <Precinct name="Noontootla" votes="1" />
                <Precinct name="Skeniah" votes="4" />
                <Precinct name="Sugar Creek" votes="8" />
                <Precinct name="Toccoa" votes="12" />
            </VoteType>
            <VoteType name="Election Day Votes" votes="67">
                <Precinct name="Colwell" votes="9" />
                <Precinct name="Fairplay" votes="3" />
                <Precinct name="Flinthill" votes="3" />
                <Precinct name="Hemptown" votes="8" />
                <Precinct name="Hothouse" votes="2" />
                <Precinct name="Mineral Bluff" votes="4" />
                <Precinct name="Mobile" votes="4" />
                <Precinct name="Morganton" votes="4" />
                <Precinct name="Noontootla" votes="9" />
                <Precinct name="Skeniah" votes="1" />
                <Precinct name="Sugar Creek" votes="7" />
                <Precinct name="Toccoa" votes="13" />
            </VoteType>
            <VoteType name="Provisional Votes" votes="0">
                <Precinct name="Colwell" votes="0" />
                <Precinct name="Fairplay" votes="0" />
                <Precinct name="Flinthill" votes="0" />
                <Precinct name="Hemptown" votes="0" />
                <Precinct name="Hothouse" votes="0" />
                <Precinct name="Mineral Bluff" votes="0" />
                <Precinct name="Mobile" votes="0" />
                <Precinct name="Morganton" votes="0" />
                <Precinct name="Noontootla" votes="0" />
                <Precinct name="Skeniah" votes="0" />
                <Precinct name="Sugar Creek" votes="0" />
                <Precinct name="Toccoa" votes="0" />
            </VoteType>
        </Choice>
    </Contest>
    <Contest key="16" text="DEM - Commissioner Of Insurance" voteFor="1" isQuestion="false" precinctsReporting="12" precinctsReported="12">
        <VoteType name="Undervotes" votes="4">
            <Precinct name="Colwell" votes="1" />
            <Precinct name="Fairplay" votes="1" />
            <Precinct name="Flinthill" votes="0" />
            <Precinct name="Hemptown" votes="1" />
            <Precinct name="Hothouse" votes="0" />
            <Precinct name="Mineral Bluff" votes="0" />
            <Precinct name="Mobile" votes="0" />
            <Precinct name="Morganton" votes="0" />
            <Precinct name="Noontootla" votes="0" />
            <Precinct name="Skeniah" votes="0" />
            <Precinct name="Sugar Creek" votes="1" />
            <Precinct name="Toccoa" votes="0" />
        </VoteType>
        <VoteType name="Overvotes" votes="0">
            <Precinct name="Colwell" votes="0" />
            <Precinct name="Fairplay" votes="0" />
            <Precinct name="Flinthill" votes="0" />
            <Precinct name="Hemptown" votes="0" />
            <Precinct name="Hothouse" votes="0" />
            <Precinct name="Mineral Bluff" votes="0" />
            <Precinct name="Mobile" votes="0" />
            <Precinct name="Morganton" votes="0" />
            <Precinct name="Noontootla" votes="0" />
            <Precinct name="Skeniah" votes="0" />
            <Precinct name="Sugar Creek" votes="0" />
            <Precinct name="Toccoa" votes="0" />
        </VoteType>
        <Choice key="67" text="Raphael Baker" party="DEM" totalVotes="70">
            <VoteType name="Absentee by Mail Votes" votes="12">
                <Precinct name="Colwell" votes="2" />
                <Precinct name="Fairplay" votes="0" />
                <Precinct name="Flinthill" votes="1" />
                <Precinct name="Hemptown" votes="0" />
                <Precinct name="Hothouse" votes="0" />
                <Precinct name="Mineral Bluff" votes="0" />
                <Precinct name="Mobile" votes="0" />
                <Precinct name="Morganton" votes="0" />
                <Precinct name="Noontootla" votes="1" />
                <Precinct name="Skeniah" votes="1" />
                <Precinct name="Sugar Creek" votes="2" />
                <Precinct name="Toccoa" votes="5" />
            </VoteType>
            <VoteType name="Advance Voting Votes" votes="33">
                <Precinct name="Colwell" votes="3" />
                <Precinct name="Fairplay" votes="6" />
                <Precinct name="Flinthill" votes="2" />
                <Precinct name="Hemptown" votes="4" />
                <Precinct name="Hothouse" votes="2" />
                <Precinct name="Mineral Bluff" votes="2" />
                <Precinct name="Mobile" votes="1" />
                <Precinct name="Morganton" votes="6" />
                <Precinct name="Noontootla" votes="0" />
                <Precinct name="Skeniah" votes="3" />
                <Precinct name="Sugar Creek" votes="2" />
                <Precinct name="Toccoa" votes="2" />
            </VoteType>
            <VoteType name="Election Day Votes" votes="25">
                <Precinct name="Colwell" votes="4" />
                <Precinct name="Fairplay" votes="1" />
                <Precinct name="Flinthill" votes="0" />
                <Precinct name="Hemptown" votes="3" />
                <Precinct name="Hothouse" votes="2" />
                <Precinct name="Mineral Bluff" votes="3" />
                <Precinct name="Mobile" votes="1" />
                <Precinct name="Morganton" votes="2" />
                <Precinct name="Noontootla" votes="2" />
                <Precinct name="Skeniah" votes="0" />
                <Precinct name="Sugar Creek" votes="2" />
                <Precinct name="Toccoa" votes="5" />
            </VoteType>
            <VoteType name="Provisional Votes" votes="0">
                <Precinct name="Colwell" votes="0" />
                <Precinct name="Fairplay" votes="0" />
                <Precinct name="Flinthill" votes="0" />
                <Precinct name="Hemptown" votes="0" />
                <Precinct name="Hothouse" votes="0" />
                <Precinct name="Mineral Bluff" votes="0" />
                <Precinct name="Mobile" votes="0" />
                <Precinct name="Morganton" votes="0" />
                <Precinct name="Noontootla" votes="0" />
                <Precinct name="Skeniah" votes="0" />
                <Precinct name="Sugar Creek" votes="0" />
                <Precinct name="Toccoa" votes="0" />
            </VoteType>
        </Choice>
        <Choice key="68" text="Janice Laws Robinson" party="DEM" totalVotes="121">
            <VoteType name="Absentee by Mail Votes" votes="28">
                <Precinct name="Colwell" votes="4" />
                <Precinct name="Fairplay" votes="4" />
                <Precinct name="Flinthill" votes="4" />
                <Precinct name="Hemptown" votes="3" />
                <Precinct name="Hothouse" votes="0" />
                <Precinct name="Mineral Bluff" votes="4" />
                <Precinct name="Mobile" votes="1" />
                <Precinct name="Morganton" votes="1" />
                <Precinct name="Noontootla" votes="3" />
                <Precinct name="Skeniah" votes="0" />
                <Precinct name="Sugar Creek" votes="1" />
                <Precinct name="Toccoa" votes="3" />
            </VoteType>
            <VoteType name="Advance Voting Votes" votes="48">
                <Precinct name="Colwell" votes="4" />
                <Precinct name="Fairplay" votes="2" />
                <Precinct name="Flinthill" votes="2" />
                <Precinct name="Hemptown" votes="3" />
                <Precinct name="Hothouse" votes="1" />
                <Precinct name="Mineral Bluff" votes="6" />
                <Precinct name="Mobile" votes="4" />
                <Precinct name="Morganton" votes="7" />
                <Precinct name="Noontootla" votes="1" />
                <Precinct name="Skeniah" votes="1" />
                <Precinct name="Sugar Creek" votes="6" />
                <Precinct name="Toccoa" votes="11" />
            </VoteType>
            <VoteType name="Election Day Votes" votes="45">
                <Precinct name="Colwell" votes="5" />
                <Precinct name="Fairplay" votes="1" />
                <Precinct name="Flinthill" votes="5" />
                <Precinct name="Hemptown" votes="4" />
                <Precinct name="Hothouse" votes="0" />
                <Precinct name="Mineral Bluff" votes="2" />
                <Precinct name="Mobile" votes="3" />
                <Precinct name="Morganton" votes="3" />
                <Precinct name="Noontootla" votes="8" />
                <Precinct name="Skeniah" votes="1" />
                <Precinct name="Sugar Creek" votes="5" />
                <Precinct name="Toccoa" votes="8" />
            </VoteType>
            <VoteType name="Provisional Votes" votes="0">
                <Precinct name="Colwell" votes="0" />
                <Precinct name="Fairplay" votes="0" />
                <Precinct name="Flinthill" votes="0" />
                <Precinct name="Hemptown" votes="0" />
                <Precinct name="Hothouse" votes="0" />
                <Precinct name="Mineral Bluff" votes="0" />
                <Precinct name="Mobile" votes="0" />
                <Precinct name="Morganton" votes="0" />
                <Precinct name="Noontootla" votes="0" />
                <Precinct name="Skeniah" votes="0" />
                <Precinct name="Sugar Creek" votes="0" />
                <Precinct name="Toccoa" votes="0" />
            </VoteType>
        </Choice>
    </Contest>
    <Contest key="20" text="DEM - Commissioner Of Labor" voteFor="1" isQuestion="false" precinctsReporting="12" precinctsReported="12">
        <VoteType name="Undervotes" votes="3">
            <Precinct name="Colwell" votes="0" />
            <Precinct name="Fairplay" votes="1" />
            <Precinct name="Flinthill" votes="0" />
            <Precinct name="Hemptown" votes="1" />
            <Precinct name="Hothouse" votes="0" />
            <Precinct name="Mineral Bluff" votes="0" />
            <Precinct name="Mobile" votes="0" />
            <Precinct name="Morganton" votes="0" />
            <Precinct name="Noontootla" votes="0" />
            <Precinct name="Skeniah" votes="0" />
            <Precinct name="Sugar Creek" votes="0" />
            <Precinct name="Toccoa" votes="1" />
        </VoteType>
        <VoteType name="Overvotes" votes="0">
            <Precinct name="Colwell" votes="0" />
            <Precinct name="Fairplay" votes="0" />
            <Precinct name="Flinthill" votes="0" />
            <Precinct name="Hemptown" votes="0" />
            <Precinct name="Hothouse" votes="0" />
            <Precinct name="Mineral Bluff" votes="0" />
            <Precinct name="Mobile" votes="0" />
            <Precinct name="Morganton" votes="0" />
            <Precinct name="Noontootla" votes="0" />
            <Precinct name="Skeniah" votes="0" />
            <Precinct name="Sugar Creek" votes="0" />
            <Precinct name="Toccoa" votes="0" />
        </VoteType>
        <Choice key="79" text="William &quot;&quot;Will&quot;&quot; Boddie, Jr." party="DEM" totalVotes="86">
            <VoteType name="Absentee by Mail Votes" votes="17">
                <Precinct name="Colwell" votes="5" />
                <Precinct name="Fairplay" votes="2" />
                <Precinct name="Flinthill" votes="1" />
                <Precinct name="Hemptown" votes="0" />
                <Precinct name="Hothouse" votes="0" />
                <Precinct name="Mineral Bluff" votes="2" />
                <Precinct name="Mobile" votes="0" />
                <Precinct name="Morganton" votes="0" />
                <Precinct name="Noontootla" votes="0" />
                <Precinct name="Skeniah" votes="1" />
                <Precinct name="Sugar Creek" votes="3" />
                <Precinct name="Toccoa" votes="3" />
            </VoteType>
            <VoteType name="Advance Voting Votes" votes="32">
                <Precinct name="Colwell" votes="1" />
                <Precinct name="Fairplay" votes="6" />
                <Precinct name="Flinthill" votes="1" />
                <Precinct name="Hemptown" votes="6" />
                <Precinct name="Hothouse" votes="2" />
                <Precinct name="Mineral Bluff" votes="0" />
                <Precinct name="Mobile" votes="1" />
                <Precinct name="Morganton" votes="3" />
                <Precinct name="Noontootla" votes="1" />
                <Precinct name="Skeniah" votes="1" />
                <Precinct name="Sugar Creek" votes="5" />
                <Precinct name="Toccoa" votes="5" />
            </VoteType>
            <VoteType name="Election Day Votes" votes="37">
                <Precinct name="Colwell" votes="9" />
                <Precinct name="Fairplay" votes="0" />
                <Precinct name="Flinthill" votes="3" />
                <Precinct name="Hemptown" votes="5" />
                <Precinct name="Hothouse" votes="0" />
                <Precinct name="Mineral Bluff" votes="0" />
                <Precinct name="Mobile" votes="4" />
                <Precinct name="Morganton" votes="4" />
                <Precinct name="Noontootla" votes="4" />
                <Precinct name="Skeniah" votes="1" />
                <Precinct name="Sugar Creek" votes="3" />
                <Precinct name="Toccoa" votes="4" />
            </VoteType>
            <VoteType name="Provisional Votes" votes="0">
                <Precinct name="Colwell" votes="0" />
                <Precinct name="Fairplay" votes="0" />
                <Precinct name="Flinthill" votes="0" />
                <Precinct name="Hemptown" votes="0" />
                <Precinct name="Hothouse" votes="0" />
                <Precinct name="Mineral Bluff" votes="0" />
                <Precinct name="Mobile" votes="0" />
                <Precinct name="Morganton" votes="0" />
                <Precinct name="Noontootla" votes="0" />
                <Precinct name="Skeniah" votes="0" />
                <Precinct name="Sugar Creek" votes="0" />
                <Precinct name="Toccoa" votes="0" />
            </VoteType>
        </Choice>
        <Choice key="81" text="Nicole Horn" party="DEM" totalVotes="106">
            <VoteType name="Absentee by Mail Votes" votes="22">
                <Precinct name="Colwell" votes="1" />
                <Precinct name="Fairplay" votes="2" />
                <Precinct name="Flinthill" votes="4" />
                <Precinct name="Hemptown" votes="3" />
                <Precinct name="Hothouse" votes="0" />
                <Precinct name="Mineral Bluff" votes="2" />
                <Precinct name="Mobile" votes="1" />
                <Precinct name="Morganton" votes="1" />
                <Precinct name="Noontootla" votes="4" />
                <Precinct name="Skeniah" votes="0" />
                <Precinct name="Sugar Creek" votes="0" />
                <Precinct name="Toccoa" votes="4" />
            </VoteType>
            <VoteType name="Advance Voting Votes" votes="50">
                <Precinct name="Colwell" votes="6" />
                <Precinct name="Fairplay" votes="2" />
                <Precinct name="Flinthill" votes="3" />
                <Precinct name="Hemptown" votes="1" />
                <Precinct name="Hothouse" votes="1" />
                <Precinct name="Mineral Bluff" votes="8" />
                <Precinct name="Mobile" votes="4" />
                <Precinct name="Morganton" votes="10" />
                <Precinct name="Noontootla" votes="0" />
                <Precinct name="Skeniah" votes="3" />
                <Precinct name="Sugar Creek" votes="4" />
                <Precinct name="Toccoa" votes="8" />
            </VoteType>
            <VoteType name="Election Day Votes" votes="34">
                <Precinct name="Colwell" votes="1" />
                <Precinct name="Fairplay" votes="2" />
                <Precinct name="Flinthill" votes="2" />
                <Precinct name="Hemptown" votes="2" />
                <Precinct name="Hothouse" votes="2" />
                <Precinct name="Mineral Bluff" votes="5" />
                <Precinct name="Mobile" votes="0" />
                <Precinct name="Morganton" votes="1" />
                <Precinct name="Noontootla" votes="6" />
                <Precinct name="Skeniah" votes="0" />
                <Precinct name="Sugar Creek" votes="4" />
                <Precinct name="Toccoa" votes="9" />
            </VoteType>
            <VoteType name="Provisional Votes" votes="0">
                <Precinct name="Colwell" votes="0" />
                <Precinct name="Fairplay" votes="0" />
                <Precinct name="Flinthill" votes="0" />
                <Precinct name="Hemptown" votes="0" />
                <Precinct name="Hothouse" votes="0" />
                <Precinct name="Mineral Bluff" votes="0" />
                <Precinct name="Mobile" votes="0" />
                <Precinct name="Morganton" votes="0" />
                <Precinct name="Noontootla" votes="0" />
                <Precinct name="Skeniah" votes="0" />
                <Precinct name="Sugar Creek" votes="0" />
                <Precinct name="Toccoa" votes="0" />
            </VoteType>
        </Choice>
    </Contest>
</ElectionResult>