<?xml version="1.0"?>
<!--Election result snapshot imported from Tabulation System
-->
<ElectionResult>
    <Timestamp>6/27/2022 11:26:46 AM EDT</Timestamp>
    <ElectionName>June 21, 2022 - General Primary -Nonpartisan General Election Runoff</ElectionName>
    <ElectionDate>6/21/2022</ElectionDate>
    <Region>Bacon</Region>
    <VoterTurnout totalVoters="6219" ballotsCast="66" voterTurnout="1.06">
        <Precincts>
            <Precinct name="Douglas" totalVoters="6219" ballotsCast="66" voterTurnout="1.06" percentReporting="4" />
        </Precincts>
    </VoterTurnout>
    <Contest key="6" text="Lieutenant Governor - Dem" voteFor="1" isQuestion="false" precinctsReporting="1" precinctsReported="1">
        <VoteType name="Undervotes" votes="2">
            <Precinct name="Douglas" votes="2" />
        </VoteType>
        <VoteType name="Overvotes" votes="0">
            <Precinct name="Douglas" votes="0" />
        </VoteType>
        <Choice key="20" text="Charlie Bailey" party="DEM" totalVotes="36">
            <VoteType name="Absentee by Mail Votes" votes="9">
                <Precinct name="Douglas" votes="9" />
            </VoteType>
            <VoteType name="Advance Voting Votes" votes="9">
                <Precinct name="Douglas" votes="9" />
            </VoteType>
            <VoteType name="Election Day Votes" votes="18">
                <Precinct name="Douglas" votes="18" />
            </VoteType>
            <VoteType name="Provisional Votes" votes="0">
                <Precinct name="Douglas" votes="0" />
            </VoteType>
        </Choice>
        <Choice key="23" text="Kwanza Hall" party="DEM" totalVotes="28">
            <VoteType name="Absentee by Mail Votes" votes="5">
                <Precinct name="Douglas" votes="5" />
            </VoteType>
            <VoteType name="Advance Voting Votes" votes="8">
                <Precinct name="Douglas" votes="8" />
            </VoteType>
            <VoteType name="Election Day Votes" votes="15">
                <Precinct name="Douglas" votes="15" />
            </VoteType>
            <VoteType name="Provisional Votes" votes="0">
                <Precinct name="Douglas" votes="0" />
            </VoteType>
        </Choice>
    </Contest>
    <Contest key="8" text="Secretary of State - Dem" voteFor="1" isQuestion="false" precinctsReporting="1" precinctsReported="1">
        <VoteType name="Undervotes" votes="2">
            <Precinct name="Douglas" votes="2" />
        </VoteType>
        <VoteType name="Overvotes" votes="0">
            <Precinct name="Douglas" votes="0" />
        </VoteType>
        <Choice key="32" text="Dee Dawkins-Haigler" party="DEM" totalVotes="28">
            <VoteType name="Absentee by Mail Votes" votes="6">
                <Precinct name="Douglas" votes="6" />
            </VoteType>
            <VoteType name="Advance Voting Votes" votes="8">
                <Precinct name="Douglas" votes="8" />
            </VoteType>
            <VoteType name="Election Day Votes" votes="14">
                <Precinct name="Douglas" votes="14" />
            </VoteType>
            <VoteType name="Provisional Votes" votes="0">
                <Precinct name="Douglas" votes="0" />
            </VoteType>
        </Choice>
        <Choice key="35" text="Bee Nguyen" party="DEM" totalVotes="36">
            <VoteType name="Absentee by Mail Votes" votes="8">
                <Precinct name="Douglas" votes="8" />
            </VoteType>
            <VoteType name="Advance Voting Votes" votes="9">
                <Precinct name="Douglas" votes="9" />
            </VoteType>
            <VoteType name="Election Day Votes" votes="19">
                <Precinct name="Douglas" votes="19" />
            </VoteType>
            <VoteType name="Provisional Votes" votes="0">
                <Precinct name="Douglas" votes="0" />
            </VoteType>
        </Choice>
    </Contest>
    <Contest key="14" text="Commissioner of Insurance - Dem" voteFor="1" isQuestion="false" precinctsReporting="1" precinctsReported="1">
        <VoteType name="Undervotes" votes="1">
            <Precinct name="Douglas" votes="1" />
        </VoteType>
        <VoteType name="Overvotes" votes="0">
            <Precinct name="Douglas" votes="0" />
        </VoteType>
        <Choice key="48" text="Raphael Baker" party="DEM" totalVotes="32">
            <VoteType name="Absentee by Mail Votes" votes="7">
                <Precinct name="Douglas" votes="7" />
            </VoteType>
            <VoteType name="Advance Voting Votes" votes="10">
                <Precinct name="Douglas" votes="10" />
            </VoteType>
            <VoteType name="Election Day Votes" votes="15">
                <Precinct name="Douglas" votes="15" />
            </VoteType>
            <VoteType name="Provisional Votes" votes="0">
                <Precinct name="Douglas" votes="0" />
            </VoteType>
        </Choice>
        <Choice key="49" text="Janice Laws Robinson" party="DEM" totalVotes="33">
            <VoteType name="Absentee by Mail Votes" votes="7">
                <Precinct name="Douglas" votes="7" />
            </VoteType>
            <VoteType name="Advance Voting Votes" votes="7">
                <Precinct name="Douglas" votes="7" />
            </VoteType>
            <VoteType name="Election Day Votes" votes="19">
                <Precinct name="Douglas" votes="19" />
            </VoteType>
            <VoteType name="Provisional Votes" votes="0">
                <Precinct name="Douglas" votes="0" />
            </VoteType>
        </Choice>
    </Contest>
    <Contest key="18" text="Commissioner of Labor - Dem" voteFor="1" isQuestion="false" precinctsReporting="1" precinctsReported="1">
        <VoteType name="Undervotes" votes="1">
            <Precinct name="Douglas" votes="1" />
        </VoteType>
        <VoteType name="Overvotes" votes="0">
            <Precinct name="Douglas" votes="0" />
        </VoteType>
        <Choice key="60" text="William &quot;&quot;Will&quot;&quot; Boddie, Jr." party="DEM" totalVotes="33">
            <VoteType name="Absentee by Mail Votes" votes="9">
                <Precinct name="Douglas" votes="9" />
            </VoteType>
            <VoteType name="Advance Voting Votes" votes="6">
                <Precinct name="Douglas" votes="6" />
            </VoteType>
            <VoteType name="Election Day Votes" votes="18">
                <Precinct name="Douglas" votes="18" />
            </VoteType>
            <VoteType name="Provisional Votes" votes="0">
                <Precinct name="Douglas" votes="0" />
            </VoteType>
        </Choice>
        <Choice key="62" text="Nicole Horn" party="DEM" totalVotes="32">
            <VoteType name="Absentee by Mail Votes" votes="5">
                <Precinct name="Douglas" votes="5" />
            </VoteType>
            <VoteType name="Advance Voting Votes" votes="11">
                <Precinct name="Douglas" votes="11" />
            </VoteType>
            <VoteType name="Election Day Votes" votes="16">
                <Precinct name="Douglas" votes="16" />
            </VoteType>
            <VoteType name="Provisional Votes" votes="0">
                <Precinct name="Douglas" votes="0" />
            </VoteType>
        </Choice>
    </Contest>
    <Contest key="24" text="US House of Representatives - District 1 - Dem" voteFor="1" isQuestion="false" precinctsReporting="1" precinctsReported="1">
        <VoteType name="Undervotes" votes="2">
            <Precinct name="Douglas" votes="2" />
        </VoteType>
        <VoteType name="Overvotes" votes="0">
            <Precinct name="Douglas" votes="0" />
        </VoteType>
        <Choice key="73" text="Joyce Marie Griggs" party="DEM" totalVotes="33">
            <VoteType name="Absentee by Mail Votes" votes="5">
                <Precinct name="Douglas" votes="5" />
            </VoteType>
            <VoteType name="Advance Voting Votes" votes="8">
                <Precinct name="Douglas" votes="8" />
            </VoteType>
            <VoteType name="Election Day Votes" votes="20">
                <Precinct name="Douglas" votes="20" />
            </VoteType>
            <VoteType name="Provisional Votes" votes="0">
                <Precinct name="Douglas" votes="0" />
            </VoteType>
        </Choice>
        <Choice key="74" text="Wade Herring" party="DEM" totalVotes="32">
            <VoteType name="Absentee by Mail Votes" votes="9">
                <Precinct name="Douglas" votes="9" />
            </VoteType>
            <VoteType name="Advance Voting Votes" votes="8">
                <Precinct name="Douglas" votes="8" />
            </VoteType>
            <VoteType name="Election Day Votes" votes="15">
                <Precinct name="Douglas" votes="15" />
            </VoteType>
            <VoteType name="Provisional Votes" votes="0">
                <Precinct name="Douglas" votes="0" />
            </VoteType>
        </Choice>
    </Contest>
    <Contest key="30" text="County Commission, Chair - Rep (Special)" voteFor="1" isQuestion="false" precinctsReporting="1" precinctsReported="1">
        <VoteType name="Undervotes" votes="3">
            <Precinct name="Douglas" votes="3" />
        </VoteType>
        <VoteType name="Overvotes" votes="1">
            <Precinct name="Douglas" votes="1" />
        </VoteType>
        <Choice key="132" text="Eugene Dyal" party="REP" totalVotes="620">
            <VoteType name="Absentee by Mail Votes" votes="36">
                <Precinct name="Douglas" votes="36" />
            </VoteType>
            <VoteType name="Advance Voting Votes" votes="314">
                <Precinct name="Douglas" votes="314" />
            </VoteType>
            <VoteType name="Election Day Votes" votes="270">
                <Precinct name="Douglas" votes="270" />
            </VoteType>
            <VoteType name="Provisional Votes" votes="0">
                <Precinct name="Douglas" votes="0" />
            </VoteType>
        </Choice>
        <Choice key="134" text="Shane Taylor" party="REP" totalVotes="803">
            <VoteType name="Absentee by Mail Votes" votes="17">
                <Precinct name="Douglas" votes="17" />
            </VoteType>
            <VoteType name="Advance Voting Votes" votes="359">
                <Precinct name="Douglas" votes="359" />
            </VoteType>
            <VoteType name="Election Day Votes" votes="427">
                <Precinct name="Douglas" votes="427" />
            </VoteType>
            <VoteType name="Provisional Votes" votes="0">
                <Precinct name="Douglas" votes="0" />
            </VoteType>
        </Choice>
    </Contest>
</ElectionResult>