<?xml version="1.0"?>
<!--Election result snapshot imported from Tabulation System
-->
<ElectionResult>
    <Timestamp>6/27/2022 5:13:25 PM EDT</Timestamp>
    <ElectionName>June 21, 2022 - General Primary -Nonpartisan General Election Runoff</ElectionName>
    <ElectionDate>6/21/2022</ElectionDate>
    <Region>Douglas</Region>
    <VoterTurnout totalVoters="95667" ballotsCast="3572" voterTurnout="3.73">
        <Precincts>
            <Precinct name="Mirror Lake Elementary" totalVoters="6554" ballotsCast="230" voterTurnout="3.51" percentReporting="4" />
            <Precinct name="Winston" totalVoters="1826" ballotsCast="77" voterTurnout="4.22" percentReporting="4" />
            <Precinct name="Dog River Library" totalVoters="4973" ballotsCast="153" voterTurnout="3.08" percentReporting="4" />
            <Precinct name="Atlanta West Pentecostal" totalVoters="3573" ballotsCast="115" voterTurnout="3.22" percentReporting="4" />
            <Precinct name="Ephesus Baptist Church" totalVoters="3772" ballotsCast="77" voterTurnout="2.04" percentReporting="4" />
            <Precinct name="Prays Mill Gym" totalVoters="5174" ballotsCast="122" voterTurnout="2.36" percentReporting="4" />
            <Precinct name="Turner" totalVoters="3594" ballotsCast="124" voterTurnout="3.45" percentReporting="4" />
            <Precinct name="First Baptist Lithia Springs" totalVoters="1858" ballotsCast="83" voterTurnout="4.47" percentReporting="4" />
            <Precinct name="Lithia Springs High School" totalVoters="5619" ballotsCast="294" voterTurnout="5.23" percentReporting="4" />
            <Precinct name="Deer Lick" totalVoters="2856" ballotsCast="90" voterTurnout="3.15" percentReporting="4" />
            <Precinct name="Golden Methodist Church" totalVoters="5287" ballotsCast="171" voterTurnout="3.23" percentReporting="4" />
            <Precinct name="Old Courthouse" totalVoters="5240" ballotsCast="163" voterTurnout="3.11" percentReporting="4" />
            <Precinct name="Beulah Baptist Church" totalVoters="3313" ballotsCast="124" voterTurnout="3.74" percentReporting="4" />
            <Precinct name="Stewart" totalVoters="3075" ballotsCast="133" voterTurnout="4.33" percentReporting="4" />
            <Precinct name="Arbor Station" totalVoters="2720" ballotsCast="67" voterTurnout="2.46" percentReporting="4" />
            <Precinct name="Bright Star" totalVoters="2534" ballotsCast="68" voterTurnout="2.68" percentReporting="4" />
            <Precinct name="Dorsett Shoals" totalVoters="3550" ballotsCast="76" voterTurnout="2.14" percentReporting="4" />
            <Precinct name="Chapel Hill" totalVoters="3773" ballotsCast="165" voterTurnout="4.37" percentReporting="4" />
            <Precinct name="Church At Chapel Hill" totalVoters="5899" ballotsCast="255" voterTurnout="4.32" percentReporting="4" />
            <Precinct name="Chestnut Log" totalVoters="3784" ballotsCast="170" voterTurnout="4.49" percentReporting="4" />
            <Precinct name="St Julians Episcopal" totalVoters="2072" ballotsCast="56" voterTurnout="2.70" percentReporting="4" />
            <Precinct name="Lutheran Church-GS" totalVoters="3935" ballotsCast="213" voterTurnout="5.41" percentReporting="4" />
            <Precinct name="First Baptist Douglasville" totalVoters="2282" ballotsCast="140" voterTurnout="6.13" percentReporting="4" />
            <Precinct name="Factory Shoals" totalVoters="4391" ballotsCast="270" voterTurnout="6.15" percentReporting="4" />
            <Precinct name="Boundary Waters" totalVoters="4013" ballotsCast="136" voterTurnout="3.39" percentReporting="4" />
        </Precincts>
    </VoterTurnout>
    <Contest key="8" text="DEM - Lieutenant Governor" voteFor="1" isQuestion="false" precinctsReporting="25" precinctsReported="25">
        <VoteType name="Undervotes" votes="19">
            <Precinct name="Mirror Lake Elementary" votes="1" />
            <Precinct name="Winston" votes="1" />
            <Precinct name="Dog River Library" votes="1" />
            <Precinct name="Atlanta West Pentecostal" votes="0" />
            <Precinct name="Ephesus Baptist Church" votes="0" />
            <Precinct name="Prays Mill Gym" votes="0" />
            <Precinct name="Turner" votes="0" />
            <Precinct name="First Baptist Lithia Springs" votes="1" />
            <Precinct name="Lithia Springs High School" votes="3" />
            <Precinct name="Deer Lick" votes="0" />
            <Precinct name="Golden Methodist Church" votes="1" />
            <Precinct name="Old Courthouse" votes="2" />
            <Precinct name="Beulah Baptist Church" votes="1" />
            <Precinct name="Stewart" votes="1" />
            <Precinct name="Arbor Station" votes="1" />
            <Precinct name="Bright Star" votes="1" />
            <Precinct name="Dorsett Shoals" votes="0" />
            <Precinct name="Chapel Hill" votes="0" />
            <Precinct name="Church At Chapel Hill" votes="0" />
            <Precinct name="Chestnut Log" votes="0" />
            <Precinct name="St Julians Episcopal" votes="3" />
            <Precinct name="Lutheran Church-GS" votes="0" />
            <Precinct name="First Baptist Douglasville" votes="0" />
            <Precinct name="Factory Shoals" votes="1" />
            <Precinct name="Boundary Waters" votes="1" />
        </VoteType>
        <VoteType name="Overvotes" votes="0">
            <Precinct name="Mirror Lake Elementary" votes="0" />
            <Precinct name="Winston" votes="0" />
            <Precinct name="Dog River Library" votes="0" />
            <Precinct name="Atlanta West Pentecostal" votes="0" />
            <Precinct name="Ephesus Baptist Church" votes="0" />
            <Precinct name="Prays Mill Gym" votes="0" />
            <Precinct name="Turner" votes="0" />
            <Precinct name="First Baptist Lithia Springs" votes="0" />
            <Precinct name="Lithia Springs High School" votes="0" />
            <Precinct name="Deer Lick" votes="0" />
            <Precinct name="Golden Methodist Church" votes="0" />
            <Precinct name="Old Courthouse" votes="0" />
            <Precinct name="Beulah Baptist Church" votes="0" />
            <Precinct name="Stewart" votes="0" />
            <Precinct name="Arbor Station" votes="0" />
            <Precinct name="Bright Star" votes="0" />
            <Precinct name="Dorsett Shoals" votes="0" />
            <Precinct name="Chapel Hill" votes="0" />
            <Precinct name="Church At Chapel Hill" votes="0" />
            <Precinct name="Chestnut Log" votes="0" />
            <Precinct name="St Julians Episcopal" votes="0" />
            <Precinct name="Lutheran Church-GS" votes="0" />
            <Precinct name="First Baptist Douglasville" votes="0" />
            <Precinct name="Factory Shoals" votes="0" />
            <Precinct name="Boundary Waters" votes="0" />
        </VoteType>
        <Choice key="67" text="Charlie Bailey" party="DEM" totalVotes="2090">
            <VoteType name="Absentee by Mail Votes" votes="199">
                <Precinct name="Mirror Lake Elementary" votes="12" />
                <Precinct name="Winston" votes="1" />
                <Precinct name="Dog River Library" votes="7" />
                <Precinct name="Atlanta West Pentecostal" votes="2" />
                <Precinct name="Ephesus Baptist Church" votes="9" />
                <Precinct name="Prays Mill Gym" votes="8" />
                <Precinct name="Turner" votes="5" />
                <Precinct name="First Baptist Lithia Springs" votes="8" />
                <Precinct name="Lithia Springs High School" votes="8" />
                <Precinct name="Deer Lick" votes="7" />
                <Precinct name="Golden Methodist Church" votes="6" />
                <Precinct name="Old Courthouse" votes="18" />
                <Precinct name="Beulah Baptist Church" votes="3" />
                <Precinct name="Stewart" votes="9" />
                <Precinct name="Arbor Station" votes="2" />
                <Precinct name="Bright Star" votes="9" />
                <Precinct name="Dorsett Shoals" votes="7" />
                <Precinct name="Chapel Hill" votes="4" />
                <Precinct name="Church At Chapel Hill" votes="18" />
                <Precinct name="Chestnut Log" votes="5" />
                <Precinct name="St Julians Episcopal" votes="5" />
                <Precinct name="Lutheran Church-GS" votes="11" />
                <Precinct name="First Baptist Douglasville" votes="10" />
                <Precinct name="Factory Shoals" votes="21" />
                <Precinct name="Boundary Waters" votes="4" />
            </VoteType>
            <VoteType name="Advance Voting Votes" votes="668">
                <Precinct name="Mirror Lake Elementary" votes="28" />
                <Precinct name="Winston" votes="13" />
                <Precinct name="Dog River Library" votes="41" />
                <Precinct name="Atlanta West Pentecostal" votes="17" />
                <Precinct name="Ephesus Baptist Church" votes="26" />
                <Precinct name="Prays Mill Gym" votes="32" />
                <Precinct name="Turner" votes="14" />
                <Precinct name="First Baptist Lithia Springs" votes="17" />
                <Precinct name="Lithia Springs High School" votes="66" />
                <Precinct name="Deer Lick" votes="16" />
                <Precinct name="Golden Methodist Church" votes="22" />
                <Precinct name="Old Courthouse" votes="42" />
                <Precinct name="Beulah Baptist Church" votes="25" />
                <Precinct name="Stewart" votes="16" />
                <Precinct name="Arbor Station" votes="9" />
                <Precinct name="Bright Star" votes="7" />
                <Precinct name="Dorsett Shoals" votes="14" />
                <Precinct name="Chapel Hill" votes="24" />
                <Precinct name="Church At Chapel Hill" votes="56" />
                <Precinct name="Chestnut Log" votes="33" />
                <Precinct name="St Julians Episcopal" votes="14" />
                <Precinct name="Lutheran Church-GS" votes="38" />
                <Precinct name="First Baptist Douglasville" votes="30" />
                <Precinct name="Factory Shoals" votes="55" />
                <Precinct name="Boundary Waters" votes="13" />
            </VoteType>
            <VoteType name="Election Day Votes" votes="1222">
                <Precinct name="Mirror Lake Elementary" votes="93" />
                <Precinct name="Winston" votes="37" />
                <Precinct name="Dog River Library" votes="52" />
                <Precinct name="Atlanta West Pentecostal" votes="36" />
                <Precinct name="Ephesus Baptist Church" votes="16" />
                <Precinct name="Prays Mill Gym" votes="44" />
                <Precinct name="Turner" votes="42" />
                <Precinct name="First Baptist Lithia Springs" votes="20" />
                <Precinct name="Lithia Springs High School" votes="55" />
                <Precinct name="Deer Lick" votes="37" />
                <Precinct name="Golden Methodist Church" votes="66" />
                <Precinct name="Old Courthouse" votes="44" />
                <Precinct name="Beulah Baptist Church" votes="41" />
                <Precinct name="Stewart" votes="40" />
                <Precinct name="Arbor Station" votes="26" />
                <Precinct name="Bright Star" votes="31" />
                <Precinct name="Dorsett Shoals" votes="31" />
                <Precinct name="Chapel Hill" votes="61" />
                <Precinct name="Church At Chapel Hill" votes="92" />
                <Precinct name="Chestnut Log" votes="63" />
                <Precinct name="St Julians Episcopal" votes="18" />
                <Precinct name="Lutheran Church-GS" votes="68" />
                <Precinct name="First Baptist Douglasville" votes="45" />
                <Precinct name="Factory Shoals" votes="91" />
                <Precinct name="Boundary Waters" votes="73" />
            </VoteType>
            <VoteType name="Provisional Votes" votes="1">
                <Precinct name="Mirror Lake Elementary" votes="0" />
                <Precinct name="Winston" votes="0" />
                <Precinct name="Dog River Library" votes="0" />
                <Precinct name="Atlanta West Pentecostal" votes="0" />
                <Precinct name="Ephesus Baptist Church" votes="0" />
                <Precinct name="Prays Mill Gym" votes="0" />
                <Precinct name="Turner" votes="0" />
                <Precinct name="First Baptist Lithia Springs" votes="0" />
                <Precinct name="Lithia Springs High School" votes="0" />
                <Precinct name="Deer Lick" votes="0" />
                <Precinct name="Golden Methodist Church" votes="0" />
                <Precinct name="Old Courthouse" votes="0" />
                <Precinct name="Beulah Baptist Church" votes="0" />
                <Precinct name="Stewart" votes="1" />
                <Precinct name="Arbor Station" votes="0" />
                <Precinct name="Bright Star" votes="0" />
                <Precinct name="Dorsett Shoals" votes="0" />
                <Precinct name="Chapel Hill" votes="0" />
                <Precinct name="Church At Chapel Hill" votes="0" />
                <Precinct name="Chestnut Log" votes="0" />
                <Precinct name="St Julians Episcopal" votes="0" />
                <Precinct name="Lutheran Church-GS" votes="0" />
                <Precinct name="First Baptist Douglasville" votes="0" />
                <Precinct name="Factory Shoals" votes="0" />
                <Precinct name="Boundary Waters" votes="0" />
            </VoteType>
        </Choice>
        <Choice key="70" text="Kwanza Hall" party="DEM" totalVotes="1463">
            <VoteType name="Absentee by Mail Votes" votes="147">
                <Precinct name="Mirror Lake Elementary" votes="12" />
                <Precinct name="Winston" votes="0" />
                <Precinct name="Dog River Library" votes="5" />
                <Precinct name="Atlanta West Pentecostal" votes="1" />
                <Precinct name="Ephesus Baptist Church" votes="6" />
                <Precinct name="Prays Mill Gym" votes="4" />
                <Precinct name="Turner" votes="12" />
                <Precinct name="First Baptist Lithia Springs" votes="3" />
                <Precinct name="Lithia Springs High School" votes="10" />
                <Precinct name="Deer Lick" votes="0" />
                <Precinct name="Golden Methodist Church" votes="6" />
                <Precinct name="Old Courthouse" votes="3" />
                <Precinct name="Beulah Baptist Church" votes="5" />
                <Precinct name="Stewart" votes="7" />
                <Precinct name="Arbor Station" votes="4" />
                <Precinct name="Bright Star" votes="2" />
                <Precinct name="Dorsett Shoals" votes="6" />
                <Precinct name="Chapel Hill" votes="5" />
                <Precinct name="Church At Chapel Hill" votes="10" />
                <Precinct name="Chestnut Log" votes="10" />
                <Precinct name="St Julians Episcopal" votes="3" />
                <Precinct name="Lutheran Church-GS" votes="12" />
                <Precinct name="First Baptist Douglasville" votes="9" />
                <Precinct name="Factory Shoals" votes="11" />
                <Precinct name="Boundary Waters" votes="1" />
            </VoteType>
            <VoteType name="Advance Voting Votes" votes="443">
                <Precinct name="Mirror Lake Elementary" votes="24" />
                <Precinct name="Winston" votes="7" />
                <Precinct name="Dog River Library" votes="23" />
                <Precinct name="Atlanta West Pentecostal" votes="18" />
                <Precinct name="Ephesus Baptist Church" votes="12" />
                <Precinct name="Prays Mill Gym" votes="14" />
                <Precinct name="Turner" votes="21" />
                <Precinct name="First Baptist Lithia Springs" votes="13" />
                <Precinct name="Lithia Springs High School" votes="68" />
                <Precinct name="Deer Lick" votes="18" />
                <Precinct name="Golden Methodist Church" votes="25" />
                <Precinct name="Old Courthouse" votes="21" />
                <Precinct name="Beulah Baptist Church" votes="14" />
                <Precinct name="Stewart" votes="16" />
                <Precinct name="Arbor Station" votes="7" />
                <Precinct name="Bright Star" votes="4" />
                <Precinct name="Dorsett Shoals" votes="4" />
                <Precinct name="Chapel Hill" votes="23" />
                <Precinct name="Church At Chapel Hill" votes="22" />
                <Precinct name="Chestnut Log" votes="14" />
                <Precinct name="St Julians Episcopal" votes="3" />
                <Precinct name="Lutheran Church-GS" votes="21" />
                <Precinct name="First Baptist Douglasville" votes="22" />
                <Precinct name="Factory Shoals" votes="23" />
                <Precinct name="Boundary Waters" votes="6" />
            </VoteType>
            <VoteType name="Election Day Votes" votes="871">
                <Precinct name="Mirror Lake Elementary" votes="60" />
                <Precinct name="Winston" votes="18" />
                <Precinct name="Dog River Library" votes="24" />
                <Precinct name="Atlanta West Pentecostal" votes="41" />
                <Precinct name="Ephesus Baptist Church" votes="8" />
                <Precinct name="Prays Mill Gym" votes="20" />
                <Precinct name="Turner" votes="30" />
                <Precinct name="First Baptist Lithia Springs" votes="21" />
                <Precinct name="Lithia Springs High School" votes="83" />
                <Precinct name="Deer Lick" votes="12" />
                <Precinct name="Golden Methodist Church" votes="45" />
                <Precinct name="Old Courthouse" votes="33" />
                <Precinct name="Beulah Baptist Church" votes="35" />
                <Precinct name="Stewart" votes="43" />
                <Precinct name="Arbor Station" votes="17" />
                <Precinct name="Bright Star" votes="14" />
                <Precinct name="Dorsett Shoals" votes="14" />
                <Precinct name="Chapel Hill" votes="48" />
                <Precinct name="Church At Chapel Hill" votes="57" />
                <Precinct name="Chestnut Log" votes="45" />
                <Precinct name="St Julians Episcopal" votes="10" />
                <Precinct name="Lutheran Church-GS" votes="63" />
                <Precinct name="First Baptist Douglasville" votes="24" />
                <Precinct name="Factory Shoals" votes="68" />
                <Precinct name="Boundary Waters" votes="38" />
            </VoteType>
            <VoteType name="Provisional Votes" votes="2">
                <Precinct name="Mirror Lake Elementary" votes="0" />
                <Precinct name="Winston" votes="0" />
                <Precinct name="Dog River Library" votes="0" />
                <Precinct name="Atlanta West Pentecostal" votes="0" />
                <Precinct name="Ephesus Baptist Church" votes="0" />
                <Precinct name="Prays Mill Gym" votes="0" />
                <Precinct name="Turner" votes="0" />
                <Precinct name="First Baptist Lithia Springs" votes="0" />
                <Precinct name="Lithia Springs High School" votes="1" />
                <Precinct name="Deer Lick" votes="0" />
                <Precinct name="Golden Methodist Church" votes="0" />
                <Precinct name="Old Courthouse" votes="0" />
                <Precinct name="Beulah Baptist Church" votes="0" />
                <Precinct name="Stewart" votes="0" />
                <Precinct name="Arbor Station" votes="1" />
                <Precinct name="Bright Star" votes="0" />
                <Precinct name="Dorsett Shoals" votes="0" />
                <Precinct name="Chapel Hill" votes="0" />
                <Precinct name="Church At Chapel Hill" votes="0" />
                <Precinct name="Chestnut Log" votes="0" />
                <Precinct name="St Julians Episcopal" votes="0" />
                <Precinct name="Lutheran Church-GS" votes="0" />
                <Precinct name="First Baptist Douglasville" votes="0" />
                <Precinct name="Factory Shoals" votes="0" />
                <Precinct name="Boundary Waters" votes="0" />
            </VoteType>
        </Choice>
    </Contest>
    <Contest key="10" text="DEM - Secretary of State" voteFor="1" isQuestion="false" precinctsReporting="25" precinctsReported="25">
        <VoteType name="Undervotes" votes="23">
            <Precinct name="Mirror Lake Elementary" votes="0" />
            <Precinct name="Winston" votes="0" />
            <Precinct name="Dog River Library" votes="3" />
            <Precinct name="Atlanta West Pentecostal" votes="0" />
            <Precinct name="Ephesus Baptist Church" votes="1" />
            <Precinct name="Prays Mill Gym" votes="0" />
            <Precinct name="Turner" votes="2" />
            <Precinct name="First Baptist Lithia Springs" votes="0" />
            <Precinct name="Lithia Springs High School" votes="3" />
            <Precinct name="Deer Lick" votes="0" />
            <Precinct name="Golden Methodist Church" votes="0" />
            <Precinct name="Old Courthouse" votes="2" />
            <Precinct name="Beulah Baptist Church" votes="0" />
            <Precinct name="Stewart" votes="1" />
            <Precinct name="Arbor Station" votes="0" />
            <Precinct name="Bright Star" votes="2" />
            <Precinct name="Dorsett Shoals" votes="1" />
            <Precinct name="Chapel Hill" votes="1" />
            <Precinct name="Church At Chapel Hill" votes="1" />
            <Precinct name="Chestnut Log" votes="0" />
            <Precinct name="St Julians Episcopal" votes="3" />
            <Precinct name="Lutheran Church-GS" votes="2" />
            <Precinct name="First Baptist Douglasville" votes="0" />
            <Precinct name="Factory Shoals" votes="1" />
            <Precinct name="Boundary Waters" votes="0" />
        </VoteType>
        <VoteType name="Overvotes" votes="0">
            <Precinct name="Mirror Lake Elementary" votes="0" />
            <Precinct name="Winston" votes="0" />
            <Precinct name="Dog River Library" votes="0" />
            <Precinct name="Atlanta West Pentecostal" votes="0" />
            <Precinct name="Ephesus Baptist Church" votes="0" />
            <Precinct name="Prays Mill Gym" votes="0" />
            <Precinct name="Turner" votes="0" />
            <Precinct name="First Baptist Lithia Springs" votes="0" />
            <Precinct name="Lithia Springs High School" votes="0" />
            <Precinct name="Deer Lick" votes="0" />
            <Precinct name="Golden Methodist Church" votes="0" />
            <Precinct name="Old Courthouse" votes="0" />
            <Precinct name="Beulah Baptist Church" votes="0" />
            <Precinct name="Stewart" votes="0" />
            <Precinct name="Arbor Station" votes="0" />
            <Precinct name="Bright Star" votes="0" />
            <Precinct name="Dorsett Shoals" votes="0" />
            <Precinct name="Chapel Hill" votes="0" />
            <Precinct name="Church At Chapel Hill" votes="0" />
            <Precinct name="Chestnut Log" votes="0" />
            <Precinct name="St Julians Episcopal" votes="0" />
            <Precinct name="Lutheran Church-GS" votes="0" />
            <Precinct name="First Baptist Douglasville" votes="0" />
            <Precinct name="Factory Shoals" votes="0" />
            <Precinct name="Boundary Waters" votes="0" />
        </VoteType>
        <Choice key="79" text="Dee Dawkins-Haigler" party="DEM" totalVotes="810">
            <VoteType name="Absentee by Mail Votes" votes="53">
                <Precinct name="Mirror Lake Elementary" votes="6" />
                <Precinct name="Winston" votes="0" />
                <Precinct name="Dog River Library" votes="1" />
                <Precinct name="Atlanta West Pentecostal" votes="2" />
                <Precinct name="Ephesus Baptist Church" votes="2" />
                <Precinct name="Prays Mill Gym" votes="2" />
                <Precinct name="Turner" votes="2" />
                <Precinct name="First Baptist Lithia Springs" votes="2" />
                <Precinct name="Lithia Springs High School" votes="4" />
                <Precinct name="Deer Lick" votes="0" />
                <Precinct name="Golden Methodist Church" votes="3" />
                <Precinct name="Old Courthouse" votes="6" />
                <Precinct name="Beulah Baptist Church" votes="0" />
                <Precinct name="Stewart" votes="6" />
                <Precinct name="Arbor Station" votes="2" />
                <Precinct name="Bright Star" votes="1" />
                <Precinct name="Dorsett Shoals" votes="1" />
                <Precinct name="Chapel Hill" votes="0" />
                <Precinct name="Church At Chapel Hill" votes="2" />
                <Precinct name="Chestnut Log" votes="2" />
                <Precinct name="St Julians Episcopal" votes="1" />
                <Precinct name="Lutheran Church-GS" votes="4" />
                <Precinct name="First Baptist Douglasville" votes="2" />
                <Precinct name="Factory Shoals" votes="2" />
                <Precinct name="Boundary Waters" votes="0" />
            </VoteType>
            <VoteType name="Advance Voting Votes" votes="209">
                <Precinct name="Mirror Lake Elementary" votes="9" />
                <Precinct name="Winston" votes="5" />
                <Precinct name="Dog River Library" votes="9" />
                <Precinct name="Atlanta West Pentecostal" votes="10" />
                <Precinct name="Ephesus Baptist Church" votes="3" />
                <Precinct name="Prays Mill Gym" votes="9" />
                <Precinct name="Turner" votes="7" />
                <Precinct name="First Baptist Lithia Springs" votes="6" />
                <Precinct name="Lithia Springs High School" votes="27" />
                <Precinct name="Deer Lick" votes="6" />
                <Precinct name="Golden Methodist Church" votes="17" />
                <Precinct name="Old Courthouse" votes="13" />
                <Precinct name="Beulah Baptist Church" votes="3" />
                <Precinct name="Stewart" votes="8" />
                <Precinct name="Arbor Station" votes="3" />
                <Precinct name="Bright Star" votes="2" />
                <Precinct name="Dorsett Shoals" votes="4" />
                <Precinct name="Chapel Hill" votes="12" />
                <Precinct name="Church At Chapel Hill" votes="16" />
                <Precinct name="Chestnut Log" votes="8" />
                <Precinct name="St Julians Episcopal" votes="0" />
                <Precinct name="Lutheran Church-GS" votes="10" />
                <Precinct name="First Baptist Douglasville" votes="10" />
                <Precinct name="Factory Shoals" votes="11" />
                <Precinct name="Boundary Waters" votes="1" />
            </VoteType>
            <VoteType name="Election Day Votes" votes="547">
                <Precinct name="Mirror Lake Elementary" votes="40" />
                <Precinct name="Winston" votes="12" />
                <Precinct name="Dog River Library" votes="14" />
                <Precinct name="Atlanta West Pentecostal" votes="28" />
                <Precinct name="Ephesus Baptist Church" votes="6" />
                <Precinct name="Prays Mill Gym" votes="16" />
                <Precinct name="Turner" votes="19" />
                <Precinct name="First Baptist Lithia Springs" votes="16" />
                <Precinct name="Lithia Springs High School" votes="46" />
                <Precinct name="Deer Lick" votes="8" />
                <Precinct name="Golden Methodist Church" votes="33" />
                <Precinct name="Old Courthouse" votes="27" />
                <Precinct name="Beulah Baptist Church" votes="19" />
                <Precinct name="Stewart" votes="22" />
                <Precinct name="Arbor Station" votes="14" />
                <Precinct name="Bright Star" votes="8" />
                <Precinct name="Dorsett Shoals" votes="12" />
                <Precinct name="Chapel Hill" votes="34" />
                <Precinct name="Church At Chapel Hill" votes="37" />
                <Precinct name="Chestnut Log" votes="29" />
                <Precinct name="St Julians Episcopal" votes="9" />
                <Precinct name="Lutheran Church-GS" votes="28" />
                <Precinct name="First Baptist Douglasville" votes="11" />
                <Precinct name="Factory Shoals" votes="32" />
                <Precinct name="Boundary Waters" votes="27" />
            </VoteType>
            <VoteType name="Provisional Votes" votes="1">
                <Precinct name="Mirror Lake Elementary" votes="0" />
                <Precinct name="Winston" votes="0" />
                <Precinct name="Dog River Library" votes="0" />
                <Precinct name="Atlanta West Pentecostal" votes="0" />
                <Precinct name="Ephesus Baptist Church" votes="0" />
                <Precinct name="Prays Mill Gym" votes="0" />
                <Precinct name="Turner" votes="0" />
                <Precinct name="First Baptist Lithia Springs" votes="0" />
                <Precinct name="Lithia Springs High School" votes="0" />
                <Precinct name="Deer Lick" votes="0" />
                <Precinct name="Golden Methodist Church" votes="0" />
                <Precinct name="Old Courthouse" votes="0" />
                <Precinct name="Beulah Baptist Church" votes="0" />
                <Precinct name="Stewart" votes="1" />
                <Precinct name="Arbor Station" votes="0" />
                <Precinct name="Bright Star" votes="0" />
                <Precinct name="Dorsett Shoals" votes="0" />
                <Precinct name="Chapel Hill" votes="0" />
                <Precinct name="Church At Chapel Hill" votes="0" />
                <Precinct name="Chestnut Log" votes="0" />
                <Precinct name="St Julians Episcopal" votes="0" />
                <Precinct name="Lutheran Church-GS" votes="0" />
                <Precinct name="First Baptist Douglasville" votes="0" />
                <Precinct name="Factory Shoals" votes="0" />
                <Precinct name="Boundary Waters" votes="0" />
            </VoteType>
        </Choice>
        <Choice key="82" text="Bee Nguyen" party="DEM" totalVotes="2739">
            <VoteType name="Absentee by Mail Votes" votes="291">
                <Precinct name="Mirror Lake Elementary" votes="19" />
                <Precinct name="Winston" votes="2" />
                <Precinct name="Dog River Library" votes="11" />
                <Precinct name="Atlanta West Pentecostal" votes="1" />
                <Precinct name="Ephesus Baptist Church" votes="13" />
                <Precinct name="Prays Mill Gym" votes="10" />
                <Precinct name="Turner" votes="14" />
                <Precinct name="First Baptist Lithia Springs" votes="9" />
                <Precinct name="Lithia Springs High School" votes="14" />
                <Precinct name="Deer Lick" votes="7" />
                <Precinct name="Golden Methodist Church" votes="9" />
                <Precinct name="Old Courthouse" votes="15" />
                <Precinct name="Beulah Baptist Church" votes="8" />
                <Precinct name="Stewart" votes="9" />
                <Precinct name="Arbor Station" votes="4" />
                <Precinct name="Bright Star" votes="10" />
                <Precinct name="Dorsett Shoals" votes="12" />
                <Precinct name="Chapel Hill" votes="9" />
                <Precinct name="Church At Chapel Hill" votes="25" />
                <Precinct name="Chestnut Log" votes="13" />
                <Precinct name="St Julians Episcopal" votes="7" />
                <Precinct name="Lutheran Church-GS" votes="19" />
                <Precinct name="First Baptist Douglasville" votes="17" />
                <Precinct name="Factory Shoals" votes="29" />
                <Precinct name="Boundary Waters" votes="5" />
            </VoteType>
            <VoteType name="Advance Voting Votes" votes="897">
                <Precinct name="Mirror Lake Elementary" votes="43" />
                <Precinct name="Winston" votes="15" />
                <Precinct name="Dog River Library" votes="53" />
                <Precinct name="Atlanta West Pentecostal" votes="25" />
                <Precinct name="Ephesus Baptist Church" votes="34" />
                <Precinct name="Prays Mill Gym" votes="37" />
                <Precinct name="Turner" votes="27" />
                <Precinct name="First Baptist Lithia Springs" votes="25" />
                <Precinct name="Lithia Springs High School" votes="106" />
                <Precinct name="Deer Lick" votes="28" />
                <Precinct name="Golden Methodist Church" votes="30" />
                <Precinct name="Old Courthouse" votes="49" />
                <Precinct name="Beulah Baptist Church" votes="36" />
                <Precinct name="Stewart" votes="24" />
                <Precinct name="Arbor Station" votes="14" />
                <Precinct name="Bright Star" votes="9" />
                <Precinct name="Dorsett Shoals" votes="13" />
                <Precinct name="Chapel Hill" votes="35" />
                <Precinct name="Church At Chapel Hill" votes="62" />
                <Precinct name="Chestnut Log" votes="39" />
                <Precinct name="St Julians Episcopal" votes="17" />
                <Precinct name="Lutheran Church-GS" votes="49" />
                <Precinct name="First Baptist Douglasville" votes="42" />
                <Precinct name="Factory Shoals" votes="67" />
                <Precinct name="Boundary Waters" votes="18" />
            </VoteType>
            <VoteType name="Election Day Votes" votes="1549">
                <Precinct name="Mirror Lake Elementary" votes="113" />
                <Precinct name="Winston" votes="43" />
                <Precinct name="Dog River Library" votes="62" />
                <Precinct name="Atlanta West Pentecostal" votes="49" />
                <Precinct name="Ephesus Baptist Church" votes="18" />
                <Precinct name="Prays Mill Gym" votes="48" />
                <Precinct name="Turner" votes="53" />
                <Precinct name="First Baptist Lithia Springs" votes="25" />
                <Precinct name="Lithia Springs High School" votes="93" />
                <Precinct name="Deer Lick" votes="41" />
                <Precinct name="Golden Methodist Church" votes="79" />
                <Precinct name="Old Courthouse" votes="51" />
                <Precinct name="Beulah Baptist Church" votes="58" />
                <Precinct name="Stewart" votes="62" />
                <Precinct name="Arbor Station" votes="29" />
                <Precinct name="Bright Star" votes="36" />
                <Precinct name="Dorsett Shoals" votes="33" />
                <Precinct name="Chapel Hill" votes="74" />
                <Precinct name="Church At Chapel Hill" votes="112" />
                <Precinct name="Chestnut Log" votes="79" />
                <Precinct name="St Julians Episcopal" votes="19" />
                <Precinct name="Lutheran Church-GS" votes="101" />
                <Precinct name="First Baptist Douglasville" votes="58" />
                <Precinct name="Factory Shoals" votes="128" />
                <Precinct name="Boundary Waters" votes="85" />
            </VoteType>
            <VoteType name="Provisional Votes" votes="2">
                <Precinct name="Mirror Lake Elementary" votes="0" />
                <Precinct name="Winston" votes="0" />
                <Precinct name="Dog River Library" votes="0" />
                <Precinct name="Atlanta West Pentecostal" votes="0" />
                <Precinct name="Ephesus Baptist Church" votes="0" />
                <Precinct name="Prays Mill Gym" votes="0" />
                <Precinct name="Turner" votes="0" />
                <Precinct name="First Baptist Lithia Springs" votes="0" />
                <Precinct name="Lithia Springs High School" votes="1" />
                <Precinct name="Deer Lick" votes="0" />
                <Precinct name="Golden Methodist Church" votes="0" />
                <Precinct name="Old Courthouse" votes="0" />
                <Precinct name="Beulah Baptist Church" votes="0" />
                <Precinct name="Stewart" votes="0" />
                <Precinct name="Arbor Station" votes="1" />
                <Precinct name="Bright Star" votes="0" />
                <Precinct name="Dorsett Shoals" votes="0" />
                <Precinct name="Chapel Hill" votes="0" />
                <Precinct name="Church At Chapel Hill" votes="0" />
                <Precinct name="Chestnut Log" votes="0" />
                <Precinct name="St Julians Episcopal" votes="0" />
                <Precinct name="Lutheran Church-GS" votes="0" />
                <Precinct name="First Baptist Douglasville" votes="0" />
                <Precinct name="Factory Shoals" votes="0" />
                <Precinct name="Boundary Waters" votes="0" />
            </VoteType>
        </Choice>
    </Contest>
    <Contest key="16" text="DEM - Commissioner Of Insurance" voteFor="1" isQuestion="false" precinctsReporting="25" precinctsReported="25">
        <VoteType name="Undervotes" votes="94">
            <Precinct name="Mirror Lake Elementary" votes="7" />
            <Precinct name="Winston" votes="1" />
            <Precinct name="Dog River Library" votes="7" />
            <Precinct name="Atlanta West Pentecostal" votes="1" />
            <Precinct name="Ephesus Baptist Church" votes="3" />
            <Precinct name="Prays Mill Gym" votes="6" />
            <Precinct name="Turner" votes="4" />
            <Precinct name="First Baptist Lithia Springs" votes="5" />
            <Precinct name="Lithia Springs High School" votes="9" />
            <Precinct name="Deer Lick" votes="1" />
            <Precinct name="Golden Methodist Church" votes="3" />
            <Precinct name="Old Courthouse" votes="6" />
            <Precinct name="Beulah Baptist Church" votes="2" />
            <Precinct name="Stewart" votes="3" />
            <Precinct name="Arbor Station" votes="2" />
            <Precinct name="Bright Star" votes="4" />
            <Precinct name="Dorsett Shoals" votes="2" />
            <Precinct name="Chapel Hill" votes="4" />
            <Precinct name="Church At Chapel Hill" votes="3" />
            <Precinct name="Chestnut Log" votes="2" />
            <Precinct name="St Julians Episcopal" votes="6" />
            <Precinct name="Lutheran Church-GS" votes="4" />
            <Precinct name="First Baptist Douglasville" votes="2" />
            <Precinct name="Factory Shoals" votes="4" />
            <Precinct name="Boundary Waters" votes="3" />
        </VoteType>
        <VoteType name="Overvotes" votes="0">
            <Precinct name="Mirror Lake Elementary" votes="0" />
            <Precinct name="Winston" votes="0" />
            <Precinct name="Dog River Library" votes="0" />
            <Precinct name="Atlanta West Pentecostal" votes="0" />
            <Precinct name="Ephesus Baptist Church" votes="0" />
            <Precinct name="Prays Mill Gym" votes="0" />
            <Precinct name="Turner" votes="0" />
            <Precinct name="First Baptist Lithia Springs" votes="0" />
            <Precinct name="Lithia Springs High School" votes="0" />
            <Precinct name="Deer Lick" votes="0" />
            <Precinct name="Golden Methodist Church" votes="0" />
            <Precinct name="Old Courthouse" votes="0" />
            <Precinct name="Beulah Baptist Church" votes="0" />
            <Precinct name="Stewart" votes="0" />
            <Precinct name="Arbor Station" votes="0" />
            <Precinct name="Bright Star" votes="0" />
            <Precinct name="Dorsett Shoals" votes="0" />
            <Precinct name="Chapel Hill" votes="0" />
            <Precinct name="Church At Chapel Hill" votes="0" />
            <Precinct name="Chestnut Log" votes="0" />
            <Precinct name="St Julians Episcopal" votes="0" />
            <Precinct name="Lutheran Church-GS" votes="0" />
            <Precinct name="First Baptist Douglasville" votes="0" />
            <Precinct name="Factory Shoals" votes="0" />
            <Precinct name="Boundary Waters" votes="0" />
        </VoteType>
        <Choice key="95" text="Raphael Baker" party="DEM" totalVotes="1477">
            <VoteType name="Absentee by Mail Votes" votes="106">
                <Precinct name="Mirror Lake Elementary" votes="8" />
                <Precinct name="Winston" votes="0" />
                <Precinct name="Dog River Library" votes="4" />
                <Precinct name="Atlanta West Pentecostal" votes="1" />
                <Precinct name="Ephesus Baptist Church" votes="4" />
                <Precinct name="Prays Mill Gym" votes="4" />
                <Precinct name="Turner" votes="8" />
                <Precinct name="First Baptist Lithia Springs" votes="7" />
                <Precinct name="Lithia Springs High School" votes="6" />
                <Precinct name="Deer Lick" votes="2" />
                <Precinct name="Golden Methodist Church" votes="5" />
                <Precinct name="Old Courthouse" votes="8" />
                <Precinct name="Beulah Baptist Church" votes="1" />
                <Precinct name="Stewart" votes="7" />
                <Precinct name="Arbor Station" votes="0" />
                <Precinct name="Bright Star" votes="1" />
                <Precinct name="Dorsett Shoals" votes="5" />
                <Precinct name="Chapel Hill" votes="3" />
                <Precinct name="Church At Chapel Hill" votes="10" />
                <Precinct name="Chestnut Log" votes="3" />
                <Precinct name="St Julians Episcopal" votes="2" />
                <Precinct name="Lutheran Church-GS" votes="7" />
                <Precinct name="First Baptist Douglasville" votes="5" />
                <Precinct name="Factory Shoals" votes="4" />
                <Precinct name="Boundary Waters" votes="1" />
            </VoteType>
            <VoteType name="Advance Voting Votes" votes="439">
                <Precinct name="Mirror Lake Elementary" votes="24" />
                <Precinct name="Winston" votes="5" />
                <Precinct name="Dog River Library" votes="18" />
                <Precinct name="Atlanta West Pentecostal" votes="12" />
                <Precinct name="Ephesus Baptist Church" votes="22" />
                <Precinct name="Prays Mill Gym" votes="17" />
                <Precinct name="Turner" votes="12" />
                <Precinct name="First Baptist Lithia Springs" votes="11" />
                <Precinct name="Lithia Springs High School" votes="59" />
                <Precinct name="Deer Lick" votes="17" />
                <Precinct name="Golden Methodist Church" votes="20" />
                <Precinct name="Old Courthouse" votes="23" />
                <Precinct name="Beulah Baptist Church" votes="14" />
                <Precinct name="Stewart" votes="19" />
                <Precinct name="Arbor Station" votes="6" />
                <Precinct name="Bright Star" votes="3" />
                <Precinct name="Dorsett Shoals" votes="9" />
                <Precinct name="Chapel Hill" votes="18" />
                <Precinct name="Church At Chapel Hill" votes="22" />
                <Precinct name="Chestnut Log" votes="15" />
                <Precinct name="St Julians Episcopal" votes="7" />
                <Precinct name="Lutheran Church-GS" votes="22" />
                <Precinct name="First Baptist Douglasville" votes="17" />
                <Precinct name="Factory Shoals" votes="36" />
                <Precinct name="Boundary Waters" votes="11" />
            </VoteType>
            <VoteType name="Election Day Votes" votes="930">
                <Precinct name="Mirror Lake Elementary" votes="54" />
                <Precinct name="Winston" votes="32" />
                <Precinct name="Dog River Library" votes="32" />
                <Precinct name="Atlanta West Pentecostal" votes="38" />
                <Precinct name="Ephesus Baptist Church" votes="10" />
                <Precinct name="Prays Mill Gym" votes="27" />
                <Precinct name="Turner" votes="29" />
                <Precinct name="First Baptist Lithia Springs" votes="20" />
                <Precinct name="Lithia Springs High School" votes="58" />
                <Precinct name="Deer Lick" votes="20" />
                <Precinct name="Golden Methodist Church" votes="56" />
                <Precinct name="Old Courthouse" votes="39" />
                <Precinct name="Beulah Baptist Church" votes="37" />
                <Precinct name="Stewart" votes="37" />
                <Precinct name="Arbor Station" votes="24" />
                <Precinct name="Bright Star" votes="20" />
                <Precinct name="Dorsett Shoals" votes="17" />
                <Precinct name="Chapel Hill" votes="54" />
                <Precinct name="Church At Chapel Hill" votes="75" />
                <Precinct name="Chestnut Log" votes="52" />
                <Precinct name="St Julians Episcopal" votes="9" />
                <Precinct name="Lutheran Church-GS" votes="51" />
                <Precinct name="First Baptist Douglasville" votes="32" />
                <Precinct name="Factory Shoals" votes="58" />
                <Precinct name="Boundary Waters" votes="49" />
            </VoteType>
            <VoteType name="Provisional Votes" votes="2">
                <Precinct name="Mirror Lake Elementary" votes="0" />
                <Precinct name="Winston" votes="0" />
                <Precinct name="Dog River Library" votes="0" />
                <Precinct name="Atlanta West Pentecostal" votes="0" />
                <Precinct name="Ephesus Baptist Church" votes="0" />
                <Precinct name="Prays Mill Gym" votes="0" />
                <Precinct name="Turner" votes="0" />
                <Precinct name="First Baptist Lithia Springs" votes="0" />
                <Precinct name="Lithia Springs High School" votes="1" />
                <Precinct name="Deer Lick" votes="0" />
                <Precinct name="Golden Methodist Church" votes="0" />
                <Precinct name="Old Courthouse" votes="0" />
                <Precinct name="Beulah Baptist Church" votes="0" />
                <Precinct name="Stewart" votes="1" />
                <Precinct name="Arbor Station" votes="0" />
                <Precinct name="Bright Star" votes="0" />
                <Precinct name="Dorsett Shoals" votes="0" />
                <Precinct name="Chapel Hill" votes="0" />
                <Precinct name="Church At Chapel Hill" votes="0" />
                <Precinct name="Chestnut Log" votes="0" />
                <Precinct name="St Julians Episcopal" votes="0" />
                <Precinct name="Lutheran Church-GS" votes="0" />
                <Precinct name="First Baptist Douglasville" votes="0" />
                <Precinct name="Factory Shoals" votes="0" />
                <Precinct name="Boundary Waters" votes="0" />
            </VoteType>
        </Choice>
        <Choice key="96" text="Janice Laws Robinson" party="DEM" totalVotes="2001">
            <VoteType name="Absentee by Mail Votes" votes="228">
                <Precinct name="Mirror Lake Elementary" votes="14" />
                <Precinct name="Winston" votes="2" />
                <Precinct name="Dog River Library" votes="8" />
                <Precinct name="Atlanta West Pentecostal" votes="2" />
                <Precinct name="Ephesus Baptist Church" votes="10" />
                <Precinct name="Prays Mill Gym" votes="8" />
                <Precinct name="Turner" votes="8" />
                <Precinct name="First Baptist Lithia Springs" votes="4" />
                <Precinct name="Lithia Springs High School" votes="12" />
                <Precinct name="Deer Lick" votes="5" />
                <Precinct name="Golden Methodist Church" votes="7" />
                <Precinct name="Old Courthouse" votes="11" />
                <Precinct name="Beulah Baptist Church" votes="7" />
                <Precinct name="Stewart" votes="9" />
                <Precinct name="Arbor Station" votes="5" />
                <Precinct name="Bright Star" votes="10" />
                <Precinct name="Dorsett Shoals" votes="7" />
                <Precinct name="Chapel Hill" votes="6" />
                <Precinct name="Church At Chapel Hill" votes="17" />
                <Precinct name="Chestnut Log" votes="12" />
                <Precinct name="St Julians Episcopal" votes="5" />
                <Precinct name="Lutheran Church-GS" votes="14" />
                <Precinct name="First Baptist Douglasville" votes="13" />
                <Precinct name="Factory Shoals" votes="28" />
                <Precinct name="Boundary Waters" votes="4" />
            </VoteType>
            <VoteType name="Advance Voting Votes" votes="643">
                <Precinct name="Mirror Lake Elementary" votes="27" />
                <Precinct name="Winston" votes="15" />
                <Precinct name="Dog River Library" votes="42" />
                <Precinct name="Atlanta West Pentecostal" votes="23" />
                <Precinct name="Ephesus Baptist Church" votes="14" />
                <Precinct name="Prays Mill Gym" votes="26" />
                <Precinct name="Turner" votes="21" />
                <Precinct name="First Baptist Lithia Springs" votes="16" />
                <Precinct name="Lithia Springs High School" votes="71" />
                <Precinct name="Deer Lick" votes="17" />
                <Precinct name="Golden Methodist Church" votes="26" />
                <Precinct name="Old Courthouse" votes="39" />
                <Precinct name="Beulah Baptist Church" votes="24" />
                <Precinct name="Stewart" votes="13" />
                <Precinct name="Arbor Station" votes="10" />
                <Precinct name="Bright Star" votes="8" />
                <Precinct name="Dorsett Shoals" votes="8" />
                <Precinct name="Chapel Hill" votes="27" />
                <Precinct name="Church At Chapel Hill" votes="55" />
                <Precinct name="Chestnut Log" votes="32" />
                <Precinct name="St Julians Episcopal" votes="10" />
                <Precinct name="Lutheran Church-GS" votes="37" />
                <Precinct name="First Baptist Douglasville" votes="34" />
                <Precinct name="Factory Shoals" votes="41" />
                <Precinct name="Boundary Waters" votes="7" />
            </VoteType>
            <VoteType name="Election Day Votes" votes="1129">
                <Precinct name="Mirror Lake Elementary" votes="96" />
                <Precinct name="Winston" votes="22" />
                <Precinct name="Dog River Library" votes="42" />
                <Precinct name="Atlanta West Pentecostal" votes="38" />
                <Precinct name="Ephesus Baptist Church" votes="14" />
                <Precinct name="Prays Mill Gym" votes="34" />
                <Precinct name="Turner" votes="42" />
                <Precinct name="First Baptist Lithia Springs" votes="20" />
                <Precinct name="Lithia Springs High School" votes="78" />
                <Precinct name="Deer Lick" votes="28" />
                <Precinct name="Golden Methodist Church" votes="54" />
                <Precinct name="Old Courthouse" votes="37" />
                <Precinct name="Beulah Baptist Church" votes="39" />
                <Precinct name="Stewart" votes="44" />
                <Precinct name="Arbor Station" votes="19" />
                <Precinct name="Bright Star" votes="22" />
                <Precinct name="Dorsett Shoals" votes="28" />
                <Precinct name="Chapel Hill" votes="53" />
                <Precinct name="Church At Chapel Hill" votes="73" />
                <Precinct name="Chestnut Log" votes="54" />
                <Precinct name="St Julians Episcopal" votes="17" />
                <Precinct name="Lutheran Church-GS" votes="78" />
                <Precinct name="First Baptist Douglasville" votes="37" />
                <Precinct name="Factory Shoals" votes="99" />
                <Precinct name="Boundary Waters" votes="61" />
            </VoteType>
            <VoteType name="Provisional Votes" votes="1">
                <Precinct name="Mirror Lake Elementary" votes="0" />
                <Precinct name="Winston" votes="0" />
                <Precinct name="Dog River Library" votes="0" />
                <Precinct name="Atlanta West Pentecostal" votes="0" />
                <Precinct name="Ephesus Baptist Church" votes="0" />
                <Precinct name="Prays Mill Gym" votes="0" />
                <Precinct name="Turner" votes="0" />
                <Precinct name="First Baptist Lithia Springs" votes="0" />
                <Precinct name="Lithia Springs High School" votes="0" />
                <Precinct name="Deer Lick" votes="0" />
                <Precinct name="Golden Methodist Church" votes="0" />
                <Precinct name="Old Courthouse" votes="0" />
                <Precinct name="Beulah Baptist Church" votes="0" />
                <Precinct name="Stewart" votes="0" />
                <Precinct name="Arbor Station" votes="1" />
                <Precinct name="Bright Star" votes="0" />
                <Precinct name="Dorsett Shoals" votes="0" />
                <Precinct name="Chapel Hill" votes="0" />
                <Precinct name="Church At Chapel Hill" votes="0" />
                <Precinct name="Chestnut Log" votes="0" />
                <Precinct name="St Julians Episcopal" votes="0" />
                <Precinct name="Lutheran Church-GS" votes="0" />
                <Precinct name="First Baptist Douglasville" votes="0" />
                <Precinct name="Factory Shoals" votes="0" />
                <Precinct name="Boundary Waters" votes="0" />
            </VoteType>
        </Choice>
    </Contest>
    <Contest key="20" text="DEM - Commissioner Of Labor" voteFor="1" isQuestion="false" precinctsReporting="25" precinctsReported="25">
        <VoteType name="Undervotes" votes="71">
            <Precinct name="Mirror Lake Elementary" votes="6" />
            <Precinct name="Winston" votes="3" />
            <Precinct name="Dog River Library" votes="7" />
            <Precinct name="Atlanta West Pentecostal" votes="2" />
            <Precinct name="Ephesus Baptist Church" votes="1" />
            <Precinct name="Prays Mill Gym" votes="3" />
            <Precinct name="Turner" votes="1" />
            <Precinct name="First Baptist Lithia Springs" votes="3" />
            <Precinct name="Lithia Springs High School" votes="11" />
            <Precinct name="Deer Lick" votes="1" />
            <Precinct name="Golden Methodist Church" votes="2" />
            <Precinct name="Old Courthouse" votes="3" />
            <Precinct name="Beulah Baptist Church" votes="1" />
            <Precinct name="Stewart" votes="1" />
            <Precinct name="Arbor Station" votes="2" />
            <Precinct name="Bright Star" votes="3" />
            <Precinct name="Dorsett Shoals" votes="2" />
            <Precinct name="Chapel Hill" votes="1" />
            <Precinct name="Church At Chapel Hill" votes="1" />
            <Precinct name="Chestnut Log" votes="3" />
            <Precinct name="St Julians Episcopal" votes="7" />
            <Precinct name="Lutheran Church-GS" votes="3" />
            <Precinct name="First Baptist Douglasville" votes="1" />
            <Precinct name="Factory Shoals" votes="2" />
            <Precinct name="Boundary Waters" votes="1" />
        </VoteType>
        <VoteType name="Overvotes" votes="0">
            <Precinct name="Mirror Lake Elementary" votes="0" />
            <Precinct name="Winston" votes="0" />
            <Precinct name="Dog River Library" votes="0" />
            <Precinct name="Atlanta West Pentecostal" votes="0" />
            <Precinct name="Ephesus Baptist Church" votes="0" />
            <Precinct name="Prays Mill Gym" votes="0" />
            <Precinct name="Turner" votes="0" />
            <Precinct name="First Baptist Lithia Springs" votes="0" />
            <Precinct name="Lithia Springs High School" votes="0" />
            <Precinct name="Deer Lick" votes="0" />
            <Precinct name="Golden Methodist Church" votes="0" />
            <Precinct name="Old Courthouse" votes="0" />
            <Precinct name="Beulah Baptist Church" votes="0" />
            <Precinct name="Stewart" votes="0" />
            <Precinct name="Arbor Station" votes="0" />
            <Precinct name="Bright Star" votes="0" />
            <Precinct name="Dorsett Shoals" votes="0" />
            <Precinct name="Chapel Hill" votes="0" />
            <Precinct name="Church At Chapel Hill" votes="0" />
            <Precinct name="Chestnut Log" votes="0" />
            <Precinct name="St Julians Episcopal" votes="0" />
            <Precinct name="Lutheran Church-GS" votes="0" />
            <Precinct name="First Baptist Douglasville" votes="0" />
            <Precinct name="Factory Shoals" votes="0" />
            <Precinct name="Boundary Waters" votes="0" />
        </VoteType>
        <Choice key="107" text="William &quot;&quot;Will&quot;&quot; Boddie, Jr." party="DEM" totalVotes="2325">
            <VoteType name="Absentee by Mail Votes" votes="234">
                <Precinct name="Mirror Lake Elementary" votes="17" />
                <Precinct name="Winston" votes="1" />
                <Precinct name="Dog River Library" votes="9" />
                <Precinct name="Atlanta West Pentecostal" votes="2" />
                <Precinct name="Ephesus Baptist Church" votes="12" />
                <Precinct name="Prays Mill Gym" votes="8" />
                <Precinct name="Turner" votes="14" />
                <Precinct name="First Baptist Lithia Springs" votes="6" />
                <Precinct name="Lithia Springs High School" votes="14" />
                <Precinct name="Deer Lick" votes="4" />
                <Precinct name="Golden Methodist Church" votes="5" />
                <Precinct name="Old Courthouse" votes="9" />
                <Precinct name="Beulah Baptist Church" votes="3" />
                <Precinct name="Stewart" votes="12" />
                <Precinct name="Arbor Station" votes="2" />
                <Precinct name="Bright Star" votes="10" />
                <Precinct name="Dorsett Shoals" votes="9" />
                <Precinct name="Chapel Hill" votes="6" />
                <Precinct name="Church At Chapel Hill" votes="25" />
                <Precinct name="Chestnut Log" votes="7" />
                <Precinct name="St Julians Episcopal" votes="4" />
                <Precinct name="Lutheran Church-GS" votes="13" />
                <Precinct name="First Baptist Douglasville" votes="14" />
                <Precinct name="Factory Shoals" votes="27" />
                <Precinct name="Boundary Waters" votes="1" />
            </VoteType>
            <VoteType name="Advance Voting Votes" votes="725">
                <Precinct name="Mirror Lake Elementary" votes="29" />
                <Precinct name="Winston" votes="12" />
                <Precinct name="Dog River Library" votes="44" />
                <Precinct name="Atlanta West Pentecostal" votes="18" />
                <Precinct name="Ephesus Baptist Church" votes="29" />
                <Precinct name="Prays Mill Gym" votes="37" />
                <Precinct name="Turner" votes="15" />
                <Precinct name="First Baptist Lithia Springs" votes="17" />
                <Precinct name="Lithia Springs High School" votes="73" />
                <Precinct name="Deer Lick" votes="23" />
                <Precinct name="Golden Methodist Church" votes="31" />
                <Precinct name="Old Courthouse" votes="40" />
                <Precinct name="Beulah Baptist Church" votes="24" />
                <Precinct name="Stewart" votes="26" />
                <Precinct name="Arbor Station" votes="14" />
                <Precinct name="Bright Star" votes="7" />
                <Precinct name="Dorsett Shoals" votes="12" />
                <Precinct name="Chapel Hill" votes="31" />
                <Precinct name="Church At Chapel Hill" votes="56" />
                <Precinct name="Chestnut Log" votes="28" />
                <Precinct name="St Julians Episcopal" votes="11" />
                <Precinct name="Lutheran Church-GS" votes="42" />
                <Precinct name="First Baptist Douglasville" votes="29" />
                <Precinct name="Factory Shoals" votes="63" />
                <Precinct name="Boundary Waters" votes="14" />
            </VoteType>
            <VoteType name="Election Day Votes" votes="1363">
                <Precinct name="Mirror Lake Elementary" votes="93" />
                <Precinct name="Winston" votes="36" />
                <Precinct name="Dog River Library" votes="48" />
                <Precinct name="Atlanta West Pentecostal" votes="42" />
                <Precinct name="Ephesus Baptist Church" votes="17" />
                <Precinct name="Prays Mill Gym" votes="43" />
                <Precinct name="Turner" votes="48" />
                <Precinct name="First Baptist Lithia Springs" votes="22" />
                <Precinct name="Lithia Springs High School" votes="77" />
                <Precinct name="Deer Lick" votes="28" />
                <Precinct name="Golden Methodist Church" votes="78" />
                <Precinct name="Old Courthouse" votes="57" />
                <Precinct name="Beulah Baptist Church" votes="45" />
                <Precinct name="Stewart" votes="50" />
                <Precinct name="Arbor Station" votes="31" />
                <Precinct name="Bright Star" votes="20" />
                <Precinct name="Dorsett Shoals" votes="24" />
                <Precinct name="Chapel Hill" votes="78" />
                <Precinct name="Church At Chapel Hill" votes="102" />
                <Precinct name="Chestnut Log" votes="78" />
                <Precinct name="St Julians Episcopal" votes="15" />
                <Precinct name="Lutheran Church-GS" votes="86" />
                <Precinct name="First Baptist Douglasville" votes="44" />
                <Precinct name="Factory Shoals" votes="114" />
                <Precinct name="Boundary Waters" votes="87" />
            </VoteType>
            <VoteType name="Provisional Votes" votes="3">
                <Precinct name="Mirror Lake Elementary" votes="0" />
                <Precinct name="Winston" votes="0" />
                <Precinct name="Dog River Library" votes="0" />
                <Precinct name="Atlanta West Pentecostal" votes="0" />
                <Precinct name="Ephesus Baptist Church" votes="0" />
                <Precinct name="Prays Mill Gym" votes="0" />
                <Precinct name="Turner" votes="0" />
                <Precinct name="First Baptist Lithia Springs" votes="0" />
                <Precinct name="Lithia Springs High School" votes="1" />
                <Precinct name="Deer Lick" votes="0" />
                <Precinct name="Golden Methodist Church" votes="0" />
                <Precinct name="Old Courthouse" votes="0" />
                <Precinct name="Beulah Baptist Church" votes="0" />
                <Precinct name="Stewart" votes="1" />
                <Precinct name="Arbor Station" votes="1" />
                <Precinct name="Bright Star" votes="0" />
                <Precinct name="Dorsett Shoals" votes="0" />
                <Precinct name="Chapel Hill" votes="0" />
                <Precinct name="Church At Chapel Hill" votes="0" />
                <Precinct name="Chestnut Log" votes="0" />
                <Precinct name="St Julians Episcopal" votes="0" />
                <Precinct name="Lutheran Church-GS" votes="0" />
                <Precinct name="First Baptist Douglasville" votes="0" />
                <Precinct name="Factory Shoals" votes="0" />
                <Precinct name="Boundary Waters" votes="0" />
            </VoteType>
        </Choice>
        <Choice key="109" text="Nicole Horn" party="DEM" totalVotes="1176">
            <VoteType name="Absentee by Mail Votes" votes="106">
                <Precinct name="Mirror Lake Elementary" votes="7" />
                <Precinct name="Winston" votes="0" />
                <Precinct name="Dog River Library" votes="3" />
                <Precinct name="Atlanta West Pentecostal" votes="1" />
                <Precinct name="Ephesus Baptist Church" votes="3" />
                <Precinct name="Prays Mill Gym" votes="4" />
                <Precinct name="Turner" votes="3" />
                <Precinct name="First Baptist Lithia Springs" votes="5" />
                <Precinct name="Lithia Springs High School" votes="4" />
                <Precinct name="Deer Lick" votes="3" />
                <Precinct name="Golden Methodist Church" votes="7" />
                <Precinct name="Old Courthouse" votes="11" />
                <Precinct name="Beulah Baptist Church" votes="5" />
                <Precinct name="Stewart" votes="4" />
                <Precinct name="Arbor Station" votes="3" />
                <Precinct name="Bright Star" votes="1" />
                <Precinct name="Dorsett Shoals" votes="3" />
                <Precinct name="Chapel Hill" votes="3" />
                <Precinct name="Church At Chapel Hill" votes="3" />
                <Precinct name="Chestnut Log" votes="8" />
                <Precinct name="St Julians Episcopal" votes="3" />
                <Precinct name="Lutheran Church-GS" votes="8" />
                <Precinct name="First Baptist Douglasville" votes="5" />
                <Precinct name="Factory Shoals" votes="5" />
                <Precinct name="Boundary Waters" votes="4" />
            </VoteType>
            <VoteType name="Advance Voting Votes" votes="366">
                <Precinct name="Mirror Lake Elementary" votes="21" />
                <Precinct name="Winston" votes="8" />
                <Precinct name="Dog River Library" votes="18" />
                <Precinct name="Atlanta West Pentecostal" votes="17" />
                <Precinct name="Ephesus Baptist Church" votes="8" />
                <Precinct name="Prays Mill Gym" votes="7" />
                <Precinct name="Turner" votes="19" />
                <Precinct name="First Baptist Lithia Springs" votes="12" />
                <Precinct name="Lithia Springs High School" votes="58" />
                <Precinct name="Deer Lick" votes="11" />
                <Precinct name="Golden Methodist Church" votes="15" />
                <Precinct name="Old Courthouse" votes="22" />
                <Precinct name="Beulah Baptist Church" votes="15" />
                <Precinct name="Stewart" votes="6" />
                <Precinct name="Arbor Station" votes="2" />
                <Precinct name="Bright Star" votes="4" />
                <Precinct name="Dorsett Shoals" votes="5" />
                <Precinct name="Chapel Hill" votes="15" />
                <Precinct name="Church At Chapel Hill" votes="21" />
                <Precinct name="Chestnut Log" votes="18" />
                <Precinct name="St Julians Episcopal" votes="5" />
                <Precinct name="Lutheran Church-GS" votes="17" />
                <Precinct name="First Baptist Douglasville" votes="22" />
                <Precinct name="Factory Shoals" votes="15" />
                <Precinct name="Boundary Waters" votes="5" />
            </VoteType>
            <VoteType name="Election Day Votes" votes="704">
                <Precinct name="Mirror Lake Elementary" votes="57" />
                <Precinct name="Winston" votes="17" />
                <Precinct name="Dog River Library" votes="24" />
                <Precinct name="Atlanta West Pentecostal" votes="33" />
                <Precinct name="Ephesus Baptist Church" votes="7" />
                <Precinct name="Prays Mill Gym" votes="20" />
                <Precinct name="Turner" votes="24" />
                <Precinct name="First Baptist Lithia Springs" votes="18" />
                <Precinct name="Lithia Springs High School" votes="56" />
                <Precinct name="Deer Lick" votes="20" />
                <Precinct name="Golden Methodist Church" votes="33" />
                <Precinct name="Old Courthouse" votes="21" />
                <Precinct name="Beulah Baptist Church" votes="31" />
                <Precinct name="Stewart" votes="33" />
                <Precinct name="Arbor Station" votes="12" />
                <Precinct name="Bright Star" votes="23" />
                <Precinct name="Dorsett Shoals" votes="21" />
                <Precinct name="Chapel Hill" votes="31" />
                <Precinct name="Church At Chapel Hill" votes="47" />
                <Precinct name="Chestnut Log" votes="28" />
                <Precinct name="St Julians Episcopal" votes="11" />
                <Precinct name="Lutheran Church-GS" votes="44" />
                <Precinct name="First Baptist Douglasville" votes="25" />
                <Precinct name="Factory Shoals" votes="44" />
                <Precinct name="Boundary Waters" votes="24" />
            </VoteType>
            <VoteType name="Provisional Votes" votes="0">
                <Precinct name="Mirror Lake Elementary" votes="0" />
                <Precinct name="Winston" votes="0" />
                <Precinct name="Dog River Library" votes="0" />
                <Precinct name="Atlanta West Pentecostal" votes="0" />
                <Precinct name="Ephesus Baptist Church" votes="0" />
                <Precinct name="Prays Mill Gym" votes="0" />
                <Precinct name="Turner" votes="0" />
                <Precinct name="First Baptist Lithia Springs" votes="0" />
                <Precinct name="Lithia Springs High School" votes="0" />
                <Precinct name="Deer Lick" votes="0" />
                <Precinct name="Golden Methodist Church" votes="0" />
                <Precinct name="Old Courthouse" votes="0" />
                <Precinct name="Beulah Baptist Church" votes="0" />
                <Precinct name="Stewart" votes="0" />
                <Precinct name="Arbor Station" votes="0" />
                <Precinct name="Bright Star" votes="0" />
                <Precinct name="Dorsett Shoals" votes="0" />
                <Precinct name="Chapel Hill" votes="0" />
                <Precinct name="Church At Chapel Hill" votes="0" />
                <Precinct name="Chestnut Log" votes="0" />
                <Precinct name="St Julians Episcopal" votes="0" />
                <Precinct name="Lutheran Church-GS" votes="0" />
                <Precinct name="First Baptist Douglasville" votes="0" />
                <Precinct name="Factory Shoals" votes="0" />
                <Precinct name="Boundary Waters" votes="0" />
            </VoteType>
        </Choice>
    </Contest>
    <Contest key="36" text="DEM - State House Dist 61" voteFor="1" isQuestion="false" precinctsReporting="5" precinctsReported="5">
        <VoteType name="Undervotes" votes="8">
            <Precinct name="Atlanta West Pentecostal" votes="0" />
            <Precinct name="Turner" votes="2" />
            <Precinct name="First Baptist Lithia Springs" votes="1" />
            <Precinct name="Lithia Springs High School" votes="5" />
            <Precinct name="Beulah Baptist Church" votes="0" />
        </VoteType>
        <VoteType name="Overvotes" votes="0">
            <Precinct name="Atlanta West Pentecostal" votes="0" />
            <Precinct name="Turner" votes="0" />
            <Precinct name="First Baptist Lithia Springs" votes="0" />
            <Precinct name="Lithia Springs High School" votes="0" />
            <Precinct name="Beulah Baptist Church" votes="0" />
        </VoteType>
        <Choice key="135" text="Roger Bruce (I)" party="DEM" totalVotes="343">
            <VoteType name="Absentee by Mail Votes" votes="29">
                <Precinct name="Atlanta West Pentecostal" votes="2" />
                <Precinct name="Turner" votes="9" />
                <Precinct name="First Baptist Lithia Springs" votes="5" />
                <Precinct name="Lithia Springs High School" votes="9" />
                <Precinct name="Beulah Baptist Church" votes="4" />
            </VoteType>
            <VoteType name="Advance Voting Votes" votes="140">
                <Precinct name="Atlanta West Pentecostal" votes="17" />
                <Precinct name="Turner" votes="19" />
                <Precinct name="First Baptist Lithia Springs" votes="17" />
                <Precinct name="Lithia Springs High School" votes="59" />
                <Precinct name="Beulah Baptist Church" votes="28" />
            </VoteType>
            <VoteType name="Election Day Votes" votes="174">
                <Precinct name="Atlanta West Pentecostal" votes="38" />
                <Precinct name="Turner" votes="31" />
                <Precinct name="First Baptist Lithia Springs" votes="19" />
                <Precinct name="Lithia Springs High School" votes="47" />
                <Precinct name="Beulah Baptist Church" votes="39" />
            </VoteType>
            <VoteType name="Provisional Votes" votes="0">
                <Precinct name="Atlanta West Pentecostal" votes="0" />
                <Precinct name="Turner" votes="0" />
                <Precinct name="First Baptist Lithia Springs" votes="0" />
                <Precinct name="Lithia Springs High School" votes="0" />
                <Precinct name="Beulah Baptist Church" votes="0" />
            </VoteType>
        </Choice>
        <Choice key="137" text="Rashaun Kemp" party="DEM" totalVotes="389">
            <VoteType name="Absentee by Mail Votes" votes="28">
                <Precinct name="Atlanta West Pentecostal" votes="1" />
                <Precinct name="Turner" votes="8" />
                <Precinct name="First Baptist Lithia Springs" votes="6" />
                <Precinct name="Lithia Springs High School" votes="9" />
                <Precinct name="Beulah Baptist Church" votes="4" />
            </VoteType>
            <VoteType name="Advance Voting Votes" votes="133">
                <Precinct name="Atlanta West Pentecostal" votes="18" />
                <Precinct name="Turner" votes="16" />
                <Precinct name="First Baptist Lithia Springs" votes="14" />
                <Precinct name="Lithia Springs High School" votes="74" />
                <Precinct name="Beulah Baptist Church" votes="11" />
            </VoteType>
            <VoteType name="Election Day Votes" votes="227">
                <Precinct name="Atlanta West Pentecostal" votes="39" />
                <Precinct name="Turner" votes="39" />
                <Precinct name="First Baptist Lithia Springs" votes="21" />
                <Precinct name="Lithia Springs High School" votes="90" />
                <Precinct name="Beulah Baptist Church" votes="38" />
            </VoteType>
            <VoteType name="Provisional Votes" votes="1">
                <Precinct name="Atlanta West Pentecostal" votes="0" />
                <Precinct name="Turner" votes="0" />
                <Precinct name="First Baptist Lithia Springs" votes="0" />
                <Precinct name="Lithia Springs High School" votes="1" />
                <Precinct name="Beulah Baptist Church" votes="0" />
            </VoteType>
        </Choice>
    </Contest>
    <Contest key="52" text="DEM - County Commissioner Dist 4" voteFor="1" isQuestion="false" precinctsReporting="8" precinctsReported="8">
        <VoteType name="Undervotes" votes="32">
            <Precinct name="Mirror Lake Elementary" votes="6" />
            <Precinct name="Winston" votes="1" />
            <Precinct name="Dog River Library" votes="8" />
            <Precinct name="Ephesus Baptist Church" votes="4" />
            <Precinct name="Prays Mill Gym" votes="0" />
            <Precinct name="Arbor Station" votes="3" />
            <Precinct name="Bright Star" votes="4" />
            <Precinct name="St Julians Episcopal" votes="6" />
        </VoteType>
        <VoteType name="Overvotes" votes="0">
            <Precinct name="Mirror Lake Elementary" votes="0" />
            <Precinct name="Winston" votes="0" />
            <Precinct name="Dog River Library" votes="0" />
            <Precinct name="Ephesus Baptist Church" votes="0" />
            <Precinct name="Prays Mill Gym" votes="0" />
            <Precinct name="Arbor Station" votes="0" />
            <Precinct name="Bright Star" votes="0" />
            <Precinct name="St Julians Episcopal" votes="0" />
        </VoteType>
        <Choice key="158" text="Dominique Conteh" party="DEM" totalVotes="319">
            <VoteType name="Absentee by Mail Votes" votes="32">
                <Precinct name="Mirror Lake Elementary" votes="9" />
                <Precinct name="Winston" votes="2" />
                <Precinct name="Dog River Library" votes="4" />
                <Precinct name="Ephesus Baptist Church" votes="7" />
                <Precinct name="Prays Mill Gym" votes="0" />
                <Precinct name="Arbor Station" votes="3" />
                <Precinct name="Bright Star" votes="2" />
                <Precinct name="St Julians Episcopal" votes="5" />
            </VoteType>
            <VoteType name="Advance Voting Votes" votes="76">
                <Precinct name="Mirror Lake Elementary" votes="22" />
                <Precinct name="Winston" votes="5" />
                <Precinct name="Dog River Library" votes="20" />
                <Precinct name="Ephesus Baptist Church" votes="11" />
                <Precinct name="Prays Mill Gym" votes="0" />
                <Precinct name="Arbor Station" votes="7" />
                <Precinct name="Bright Star" votes="6" />
                <Precinct name="St Julians Episcopal" votes="5" />
            </VoteType>
            <VoteType name="Election Day Votes" votes="211">
                <Precinct name="Mirror Lake Elementary" votes="106" />
                <Precinct name="Winston" votes="26" />
                <Precinct name="Dog River Library" votes="28" />
                <Precinct name="Ephesus Baptist Church" votes="7" />
                <Precinct name="Prays Mill Gym" votes="1" />
                <Precinct name="Arbor Station" votes="21" />
                <Precinct name="Bright Star" votes="15" />
                <Precinct name="St Julians Episcopal" votes="7" />
            </VoteType>
            <VoteType name="Provisional Votes" votes="0">
                <Precinct name="Mirror Lake Elementary" votes="0" />
                <Precinct name="Winston" votes="0" />
                <Precinct name="Dog River Library" votes="0" />
                <Precinct name="Ephesus Baptist Church" votes="0" />
                <Precinct name="Prays Mill Gym" votes="0" />
                <Precinct name="Arbor Station" votes="0" />
                <Precinct name="Bright Star" votes="0" />
                <Precinct name="St Julians Episcopal" votes="0" />
            </VoteType>
        </Choice>
        <Choice key="160" text="Yvonne Shaw" party="DEM" totalVotes="383">
            <VoteType name="Absentee by Mail Votes" votes="42">
                <Precinct name="Mirror Lake Elementary" votes="13" />
                <Precinct name="Winston" votes="0" />
                <Precinct name="Dog River Library" votes="8" />
                <Precinct name="Ephesus Baptist Church" votes="8" />
                <Precinct name="Prays Mill Gym" votes="0" />
                <Precinct name="Arbor Station" votes="2" />
                <Precinct name="Bright Star" votes="9" />
                <Precinct name="St Julians Episcopal" votes="2" />
            </VoteType>
            <VoteType name="Advance Voting Votes" votes="133">
                <Precinct name="Mirror Lake Elementary" votes="28" />
                <Precinct name="Winston" votes="15" />
                <Precinct name="Dog River Library" votes="43" />
                <Precinct name="Ephesus Baptist Church" votes="23" />
                <Precinct name="Prays Mill Gym" votes="0" />
                <Precinct name="Arbor Station" votes="9" />
                <Precinct name="Bright Star" votes="5" />
                <Precinct name="St Julians Episcopal" votes="10" />
            </VoteType>
            <VoteType name="Election Day Votes" votes="208">
                <Precinct name="Mirror Lake Elementary" votes="46" />
                <Precinct name="Winston" votes="28" />
                <Precinct name="Dog River Library" votes="42" />
                <Precinct name="Ephesus Baptist Church" votes="17" />
                <Precinct name="Prays Mill Gym" votes="5" />
                <Precinct name="Arbor Station" votes="22" />
                <Precinct name="Bright Star" votes="27" />
                <Precinct name="St Julians Episcopal" votes="21" />
            </VoteType>
            <VoteType name="Provisional Votes" votes="0">
                <Precinct name="Mirror Lake Elementary" votes="0" />
                <Precinct name="Winston" votes="0" />
                <Precinct name="Dog River Library" votes="0" />
                <Precinct name="Ephesus Baptist Church" votes="0" />
                <Precinct name="Prays Mill Gym" votes="0" />
                <Precinct name="Arbor Station" votes="0" />
                <Precinct name="Bright Star" votes="0" />
                <Precinct name="St Julians Episcopal" votes="0" />
            </VoteType>
        </Choice>
    </Contest>
</ElectionResult>