<?xml version="1.0"?>
<!--Election result snapshot imported from Tabulation System
-->
<ElectionResult>
    <Timestamp>6/23/2022 3:03:06 PM EDT</Timestamp>
    <ElectionName>June 21, 2022 - General Primary -Nonpartisan General Election Runoff</ElectionName>
    <ElectionDate>6/21/2022</ElectionDate>
    <Region>Echols</Region>
    <VoterTurnout totalVoters="0" ballotsCast="10" voterTurnout="0.00">
        <Precincts>
            <Precinct name="Statenville" totalVoters="0" ballotsCast="10" voterTurnout="0.00" percentReporting="4" />
        </Precincts>
    </VoterTurnout>
    <Contest key="6" text="Lieutenant Governor - Dem" voteFor="1" isQuestion="false" precinctsReporting="1" precinctsReported="1">
        <VoteType name="Undervotes" votes="0">
            <Precinct name="Statenville" votes="0" />
        </VoteType>
        <VoteType name="Overvotes" votes="0">
            <Precinct name="Statenville" votes="0" />
        </VoteType>
        <Choice key="46" text="Charlie Bailey" party="DEM" totalVotes="5">
            <VoteType name="Absentee by Mail Votes" votes="1">
                <Precinct name="Statenville" votes="1" />
            </VoteType>
            <VoteType name="Advance Voting Votes" votes="2">
                <Precinct name="Statenville" votes="2" />
            </VoteType>
            <VoteType name="Election Day Votes" votes="2">
                <Precinct name="Statenville" votes="2" />
            </VoteType>
            <VoteType name="Provisional Votes" votes="0">
                <Precinct name="Statenville" votes="0" />
            </VoteType>
        </Choice>
        <Choice key="49" text="Kwanza Hall" party="DEM" totalVotes="5">
            <VoteType name="Absentee by Mail Votes" votes="0">
                <Precinct name="Statenville" votes="0" />
            </VoteType>
            <VoteType name="Advance Voting Votes" votes="2">
                <Precinct name="Statenville" votes="2" />
            </VoteType>
            <VoteType name="Election Day Votes" votes="3">
                <Precinct name="Statenville" votes="3" />
            </VoteType>
            <VoteType name="Provisional Votes" votes="0">
                <Precinct name="Statenville" votes="0" />
            </VoteType>
        </Choice>
    </Contest>
    <Contest key="8" text="Secretary of State - Dem" voteFor="1" isQuestion="false" precinctsReporting="1" precinctsReported="1">
        <VoteType name="Undervotes" votes="0">
            <Precinct name="Statenville" votes="0" />
        </VoteType>
        <VoteType name="Overvotes" votes="0">
            <Precinct name="Statenville" votes="0" />
        </VoteType>
        <Choice key="58" text="Dee Dawkins-Haigler" party="DEM" totalVotes="4">
            <VoteType name="Absentee by Mail Votes" votes="0">
                <Precinct name="Statenville" votes="0" />
            </VoteType>
            <VoteType name="Advance Voting Votes" votes="2">
                <Precinct name="Statenville" votes="2" />
            </VoteType>
            <VoteType name="Election Day Votes" votes="2">
                <Precinct name="Statenville" votes="2" />
            </VoteType>
            <VoteType name="Provisional Votes" votes="0">
                <Precinct name="Statenville" votes="0" />
            </VoteType>
        </Choice>
        <Choice key="61" text="Bee Nguyen" party="DEM" totalVotes="6">
            <VoteType name="Absentee by Mail Votes" votes="1">
                <Precinct name="Statenville" votes="1" />
            </VoteType>
            <VoteType name="Advance Voting Votes" votes="2">
                <Precinct name="Statenville" votes="2" />
            </VoteType>
            <VoteType name="Election Day Votes" votes="3">
                <Precinct name="Statenville" votes="3" />
            </VoteType>
            <VoteType name="Provisional Votes" votes="0">
                <Precinct name="Statenville" votes="0" />
            </VoteType>
        </Choice>
    </Contest>
    <Contest key="14" text="Commissioner of Insurance - Dem" voteFor="1" isQuestion="false" precinctsReporting="1" precinctsReported="1">
        <VoteType name="Undervotes" votes="0">
            <Precinct name="Statenville" votes="0" />
        </VoteType>
        <VoteType name="Overvotes" votes="0">
            <Precinct name="Statenville" votes="0" />
        </VoteType>
        <Choice key="74" text="Raphael Baker" party="DEM" totalVotes="3">
            <VoteType name="Absentee by Mail Votes" votes="0">
                <Precinct name="Statenville" votes="0" />
            </VoteType>
            <VoteType name="Advance Voting Votes" votes="2">
                <Precinct name="Statenville" votes="2" />
            </VoteType>
            <VoteType name="Election Day Votes" votes="1">
                <Precinct name="Statenville" votes="1" />
            </VoteType>
            <VoteType name="Provisional Votes" votes="0">
                <Precinct name="Statenville" votes="0" />
            </VoteType>
        </Choice>
        <Choice key="75" text="Janice Laws Robinson" party="DEM" totalVotes="7">
            <VoteType name="Absentee by Mail Votes" votes="1">
                <Precinct name="Statenville" votes="1" />
            </VoteType>
            <VoteType name="Advance Voting Votes" votes="2">
                <Precinct name="Statenville" votes="2" />
            </VoteType>
            <VoteType name="Election Day Votes" votes="4">
                <Precinct name="Statenville" votes="4" />
            </VoteType>
            <VoteType name="Provisional Votes" votes="0">
                <Precinct name="Statenville" votes="0" />
            </VoteType>
        </Choice>
    </Contest>
    <Contest key="18" text="Commissioner of Labor - Dem" voteFor="1" isQuestion="false" precinctsReporting="1" precinctsReported="1">
        <VoteType name="Undervotes" votes="0">
            <Precinct name="Statenville" votes="0" />
        </VoteType>
        <VoteType name="Overvotes" votes="0">
            <Precinct name="Statenville" votes="0" />
        </VoteType>
        <Choice key="86" text="William &quot;&quot;Will&quot;&quot; Boddie, Jr." party="DEM" totalVotes="5">
            <VoteType name="Absentee by Mail Votes" votes="1">
                <Precinct name="Statenville" votes="1" />
            </VoteType>
            <VoteType name="Advance Voting Votes" votes="3">
                <Precinct name="Statenville" votes="3" />
            </VoteType>
            <VoteType name="Election Day Votes" votes="1">
                <Precinct name="Statenville" votes="1" />
            </VoteType>
            <VoteType name="Provisional Votes" votes="0">
                <Precinct name="Statenville" votes="0" />
            </VoteType>
        </Choice>
        <Choice key="88" text="Nicole Horn" party="DEM" totalVotes="5">
            <VoteType name="Absentee by Mail Votes" votes="0">
                <Precinct name="Statenville" votes="0" />
            </VoteType>
            <VoteType name="Advance Voting Votes" votes="1">
                <Precinct name="Statenville" votes="1" />
            </VoteType>
            <VoteType name="Election Day Votes" votes="4">
                <Precinct name="Statenville" votes="4" />
            </VoteType>
            <VoteType name="Provisional Votes" votes="0">
                <Precinct name="Statenville" votes="0" />
            </VoteType>
        </Choice>
    </Contest>
    <Contest key="77" text="Judge - Superior Court - Southern Judicial Circuit (Hardy)" voteFor="1" isQuestion="false" precinctsReporting="1" precinctsReported="1">
        <VoteType name="Undervotes" votes="0">
            <Precinct name="Statenville" votes="0" />
        </VoteType>
        <VoteType name="Overvotes" votes="0">
            <Precinct name="Statenville" votes="0" />
        </VoteType>
        <Choice key="151" text="Catherine Mims Smith" totalVotes="41">
            <VoteType name="Absentee by Mail Votes" votes="4">
                <Precinct name="Statenville" votes="4" />
            </VoteType>
            <VoteType name="Advance Voting Votes" votes="22">
                <Precinct name="Statenville" votes="22" />
            </VoteType>
            <VoteType name="Election Day Votes" votes="15">
                <Precinct name="Statenville" votes="15" />
            </VoteType>
            <VoteType name="Provisional Votes" votes="0">
                <Precinct name="Statenville" votes="0" />
            </VoteType>
        </Choice>
        <Choice key="153" text="William Long Whitesell" totalVotes="164">
            <VoteType name="Absentee by Mail Votes" votes="6">
                <Precinct name="Statenville" votes="6" />
            </VoteType>
            <VoteType name="Advance Voting Votes" votes="80">
                <Precinct name="Statenville" votes="80" />
            </VoteType>
            <VoteType name="Election Day Votes" votes="78">
                <Precinct name="Statenville" votes="78" />
            </VoteType>
            <VoteType name="Provisional Votes" votes="0">
                <Precinct name="Statenville" votes="0" />
            </VoteType>
        </Choice>
    </Contest>
</ElectionResult>