<?xml version="1.0"?>
<!--Election result snapshot imported from Tabulation System
-->
<ElectionResult>
    <Timestamp>6/23/2022 2:40:33 PM EDT</Timestamp>
    <ElectionName>June 21, 2022 - General Primary -Nonpartisan General Election Runoff</ElectionName>
    <ElectionDate>6/21/2022</ElectionDate>
    <Region>Towns</Region>
    <VoterTurnout totalVoters="0" ballotsCast="147" voterTurnout="0.00">
        <Precincts>
            <Precinct name="Young Harris" totalVoters="0" ballotsCast="53" voterTurnout="0.00" percentReporting="4" />
            <Precinct name="Hiawassee" totalVoters="0" ballotsCast="94" voterTurnout="0.00" percentReporting="4" />
        </Precincts>
    </VoterTurnout>
    <Contest key="6" text="Lieutenant Governor - Dem" voteFor="1" isQuestion="false" precinctsReporting="2" precinctsReported="2">
        <VoteType name="Undervotes" votes="0">
            <Precinct name="Young Harris" votes="0" />
            <Precinct name="Hiawassee" votes="0" />
        </VoteType>
        <VoteType name="Overvotes" votes="0">
            <Precinct name="Young Harris" votes="0" />
            <Precinct name="Hiawassee" votes="0" />
        </VoteType>
        <Choice key="20" text="Charlie Bailey" party="DEM" totalVotes="114">
            <VoteType name="Absentee by Mail Votes" votes="39">
                <Precinct name="Young Harris" votes="8" />
                <Precinct name="Hiawassee" votes="31" />
            </VoteType>
            <VoteType name="Advance Voting Votes" votes="45">
                <Precinct name="Young Harris" votes="17" />
                <Precinct name="Hiawassee" votes="28" />
            </VoteType>
            <VoteType name="Election Day Votes" votes="30">
                <Precinct name="Young Harris" votes="16" />
                <Precinct name="Hiawassee" votes="14" />
            </VoteType>
            <VoteType name="Provisional Votes" votes="0">
                <Precinct name="Young Harris" votes="0" />
                <Precinct name="Hiawassee" votes="0" />
            </VoteType>
        </Choice>
        <Choice key="23" text="Kwanza Hall" party="DEM" totalVotes="33">
            <VoteType name="Absentee by Mail Votes" votes="11">
                <Precinct name="Young Harris" votes="2" />
                <Precinct name="Hiawassee" votes="9" />
            </VoteType>
            <VoteType name="Advance Voting Votes" votes="9">
                <Precinct name="Young Harris" votes="2" />
                <Precinct name="Hiawassee" votes="7" />
            </VoteType>
            <VoteType name="Election Day Votes" votes="13">
                <Precinct name="Young Harris" votes="8" />
                <Precinct name="Hiawassee" votes="5" />
            </VoteType>
            <VoteType name="Provisional Votes" votes="0">
                <Precinct name="Young Harris" votes="0" />
                <Precinct name="Hiawassee" votes="0" />
            </VoteType>
        </Choice>
    </Contest>
    <Contest key="8" text="Secretary of State - Dem" voteFor="1" isQuestion="false" precinctsReporting="2" precinctsReported="2">
        <VoteType name="Undervotes" votes="1">
            <Precinct name="Young Harris" votes="0" />
            <Precinct name="Hiawassee" votes="1" />
        </VoteType>
        <VoteType name="Overvotes" votes="0">
            <Precinct name="Young Harris" votes="0" />
            <Precinct name="Hiawassee" votes="0" />
        </VoteType>
        <Choice key="32" text="Dee Dawkins-Haigler" party="DEM" totalVotes="20">
            <VoteType name="Absentee by Mail Votes" votes="8">
                <Precinct name="Young Harris" votes="2" />
                <Precinct name="Hiawassee" votes="6" />
            </VoteType>
            <VoteType name="Advance Voting Votes" votes="5">
                <Precinct name="Young Harris" votes="2" />
                <Precinct name="Hiawassee" votes="3" />
            </VoteType>
            <VoteType name="Election Day Votes" votes="7">
                <Precinct name="Young Harris" votes="5" />
                <Precinct name="Hiawassee" votes="2" />
            </VoteType>
            <VoteType name="Provisional Votes" votes="0">
                <Precinct name="Young Harris" votes="0" />
                <Precinct name="Hiawassee" votes="0" />
            </VoteType>
        </Choice>
        <Choice key="35" text="Bee Nguyen" party="DEM" totalVotes="126">
            <VoteType name="Absentee by Mail Votes" votes="42">
                <Precinct name="Young Harris" votes="8" />
                <Precinct name="Hiawassee" votes="34" />
            </VoteType>
            <VoteType name="Advance Voting Votes" votes="49">
                <Precinct name="Young Harris" votes="17" />
                <Precinct name="Hiawassee" votes="32" />
            </VoteType>
            <VoteType name="Election Day Votes" votes="35">
                <Precinct name="Young Harris" votes="19" />
                <Precinct name="Hiawassee" votes="16" />
            </VoteType>
            <VoteType name="Provisional Votes" votes="0">
                <Precinct name="Young Harris" votes="0" />
                <Precinct name="Hiawassee" votes="0" />
            </VoteType>
        </Choice>
    </Contest>
    <Contest key="14" text="Commissioner of Insurance - Dem" voteFor="1" isQuestion="false" precinctsReporting="2" precinctsReported="2">
        <VoteType name="Undervotes" votes="4">
            <Precinct name="Young Harris" votes="1" />
            <Precinct name="Hiawassee" votes="3" />
        </VoteType>
        <VoteType name="Overvotes" votes="0">
            <Precinct name="Young Harris" votes="0" />
            <Precinct name="Hiawassee" votes="0" />
        </VoteType>
        <Choice key="48" text="Raphael Baker" party="DEM" totalVotes="30">
            <VoteType name="Absentee by Mail Votes" votes="10">
                <Precinct name="Young Harris" votes="2" />
                <Precinct name="Hiawassee" votes="8" />
            </VoteType>
            <VoteType name="Advance Voting Votes" votes="10">
                <Precinct name="Young Harris" votes="4" />
                <Precinct name="Hiawassee" votes="6" />
            </VoteType>
            <VoteType name="Election Day Votes" votes="10">
                <Precinct name="Young Harris" votes="4" />
                <Precinct name="Hiawassee" votes="6" />
            </VoteType>
            <VoteType name="Provisional Votes" votes="0">
                <Precinct name="Young Harris" votes="0" />
                <Precinct name="Hiawassee" votes="0" />
            </VoteType>
        </Choice>
        <Choice key="49" text="Janice Laws Robinson" party="DEM" totalVotes="113">
            <VoteType name="Absentee by Mail Votes" votes="39">
                <Precinct name="Young Harris" votes="8" />
                <Precinct name="Hiawassee" votes="31" />
            </VoteType>
            <VoteType name="Advance Voting Votes" votes="42">
                <Precinct name="Young Harris" votes="14" />
                <Precinct name="Hiawassee" votes="28" />
            </VoteType>
            <VoteType name="Election Day Votes" votes="32">
                <Precinct name="Young Harris" votes="20" />
                <Precinct name="Hiawassee" votes="12" />
            </VoteType>
            <VoteType name="Provisional Votes" votes="0">
                <Precinct name="Young Harris" votes="0" />
                <Precinct name="Hiawassee" votes="0" />
            </VoteType>
        </Choice>
    </Contest>
    <Contest key="18" text="Commissioner of Labor - Dem" voteFor="1" isQuestion="false" precinctsReporting="2" precinctsReported="2">
        <VoteType name="Undervotes" votes="4">
            <Precinct name="Young Harris" votes="0" />
            <Precinct name="Hiawassee" votes="4" />
        </VoteType>
        <VoteType name="Overvotes" votes="0">
            <Precinct name="Young Harris" votes="0" />
            <Precinct name="Hiawassee" votes="0" />
        </VoteType>
        <Choice key="60" text="William &quot;&quot;Will&quot;&quot; Boddie, Jr." party="DEM" totalVotes="50">
            <VoteType name="Absentee by Mail Votes" votes="21">
                <Precinct name="Young Harris" votes="5" />
                <Precinct name="Hiawassee" votes="16" />
            </VoteType>
            <VoteType name="Advance Voting Votes" votes="23">
                <Precinct name="Young Harris" votes="8" />
                <Precinct name="Hiawassee" votes="15" />
            </VoteType>
            <VoteType name="Election Day Votes" votes="6">
                <Precinct name="Young Harris" votes="4" />
                <Precinct name="Hiawassee" votes="2" />
            </VoteType>
            <VoteType name="Provisional Votes" votes="0">
                <Precinct name="Young Harris" votes="0" />
                <Precinct name="Hiawassee" votes="0" />
            </VoteType>
        </Choice>
        <Choice key="62" text="Nicole Horn" party="DEM" totalVotes="93">
            <VoteType name="Absentee by Mail Votes" votes="28">
                <Precinct name="Young Harris" votes="5" />
                <Precinct name="Hiawassee" votes="23" />
            </VoteType>
            <VoteType name="Advance Voting Votes" votes="30">
                <Precinct name="Young Harris" votes="11" />
                <Precinct name="Hiawassee" votes="19" />
            </VoteType>
            <VoteType name="Election Day Votes" votes="35">
                <Precinct name="Young Harris" votes="20" />
                <Precinct name="Hiawassee" votes="15" />
            </VoteType>
            <VoteType name="Provisional Votes" votes="0">
                <Precinct name="Young Harris" votes="0" />
                <Precinct name="Hiawassee" votes="0" />
            </VoteType>
        </Choice>
    </Contest>
</ElectionResult>