<?xml version="1.0"?>
<!--Election result snapshot imported from Tabulation System
-->
<ElectionResult>
    <Timestamp>6/27/2022 9:57:16 AM EDT</Timestamp>
    <ElectionName>June 21, 2022 - General Primary -Nonpartisan General Election Runoff</ElectionName>
    <ElectionDate>6/21/2022</ElectionDate>
    <Region>Pulaski</Region>
    <VoterTurnout totalVoters="0" ballotsCast="138" voterTurnout="0.00">
        <Precincts>
            <Precinct name="Annex" totalVoters="0" ballotsCast="138" voterTurnout="0.00" percentReporting="4" />
        </Precincts>
    </VoterTurnout>
    <Contest key="6" text="Lieutenant Governor - Dem" voteFor="1" isQuestion="false" precinctsReporting="1" precinctsReported="1">
        <VoteType name="Undervotes" votes="3">
            <Precinct name="Annex" votes="3" />
        </VoteType>
        <VoteType name="Overvotes" votes="0">
            <Precinct name="Annex" votes="0" />
        </VoteType>
        <Choice key="46" text="Charlie Bailey" party="DEM" totalVotes="60">
            <VoteType name="Absentee by Mail Votes" votes="9">
                <Precinct name="Annex" votes="9" />
            </VoteType>
            <VoteType name="Advance Voting Votes" votes="13">
                <Precinct name="Annex" votes="13" />
            </VoteType>
            <VoteType name="Election Day Votes" votes="38">
                <Precinct name="Annex" votes="38" />
            </VoteType>
            <VoteType name="Provisional Votes" votes="0">
                <Precinct name="Annex" votes="0" />
            </VoteType>
        </Choice>
        <Choice key="49" text="Kwanza Hall" party="DEM" totalVotes="75">
            <VoteType name="Absentee by Mail Votes" votes="21">
                <Precinct name="Annex" votes="21" />
            </VoteType>
            <VoteType name="Advance Voting Votes" votes="23">
                <Precinct name="Annex" votes="23" />
            </VoteType>
            <VoteType name="Election Day Votes" votes="31">
                <Precinct name="Annex" votes="31" />
            </VoteType>
            <VoteType name="Provisional Votes" votes="0">
                <Precinct name="Annex" votes="0" />
            </VoteType>
        </Choice>
    </Contest>
    <Contest key="8" text="Secretary of State - Dem" voteFor="1" isQuestion="false" precinctsReporting="1" precinctsReported="1">
        <VoteType name="Undervotes" votes="2">
            <Precinct name="Annex" votes="2" />
        </VoteType>
        <VoteType name="Overvotes" votes="0">
            <Precinct name="Annex" votes="0" />
        </VoteType>
        <Choice key="58" text="Dee Dawkins-Haigler" party="DEM" totalVotes="50">
            <VoteType name="Absentee by Mail Votes" votes="15">
                <Precinct name="Annex" votes="15" />
            </VoteType>
            <VoteType name="Advance Voting Votes" votes="11">
                <Precinct name="Annex" votes="11" />
            </VoteType>
            <VoteType name="Election Day Votes" votes="24">
                <Precinct name="Annex" votes="24" />
            </VoteType>
            <VoteType name="Provisional Votes" votes="0">
                <Precinct name="Annex" votes="0" />
            </VoteType>
        </Choice>
        <Choice key="61" text="Bee Nguyen" party="DEM" totalVotes="86">
            <VoteType name="Absentee by Mail Votes" votes="15">
                <Precinct name="Annex" votes="15" />
            </VoteType>
            <VoteType name="Advance Voting Votes" votes="25">
                <Precinct name="Annex" votes="25" />
            </VoteType>
            <VoteType name="Election Day Votes" votes="46">
                <Precinct name="Annex" votes="46" />
            </VoteType>
            <VoteType name="Provisional Votes" votes="0">
                <Precinct name="Annex" votes="0" />
            </VoteType>
        </Choice>
    </Contest>
    <Contest key="14" text="Commissioner of Insurance - Dem" voteFor="1" isQuestion="false" precinctsReporting="1" precinctsReported="1">
        <VoteType name="Undervotes" votes="3">
            <Precinct name="Annex" votes="3" />
        </VoteType>
        <VoteType name="Overvotes" votes="0">
            <Precinct name="Annex" votes="0" />
        </VoteType>
        <Choice key="74" text="Raphael Baker" party="DEM" totalVotes="46">
            <VoteType name="Absentee by Mail Votes" votes="6">
                <Precinct name="Annex" votes="6" />
            </VoteType>
            <VoteType name="Advance Voting Votes" votes="11">
                <Precinct name="Annex" votes="11" />
            </VoteType>
            <VoteType name="Election Day Votes" votes="29">
                <Precinct name="Annex" votes="29" />
            </VoteType>
            <VoteType name="Provisional Votes" votes="0">
                <Precinct name="Annex" votes="0" />
            </VoteType>
        </Choice>
        <Choice key="75" text="Janice Laws Robinson" party="DEM" totalVotes="89">
            <VoteType name="Absentee by Mail Votes" votes="24">
                <Precinct name="Annex" votes="24" />
            </VoteType>
            <VoteType name="Advance Voting Votes" votes="24">
                <Precinct name="Annex" votes="24" />
            </VoteType>
            <VoteType name="Election Day Votes" votes="41">
                <Precinct name="Annex" votes="41" />
            </VoteType>
            <VoteType name="Provisional Votes" votes="0">
                <Precinct name="Annex" votes="0" />
            </VoteType>
        </Choice>
    </Contest>
    <Contest key="18" text="Commissioner of Labor - Dem" voteFor="1" isQuestion="false" precinctsReporting="1" precinctsReported="1">
        <VoteType name="Undervotes" votes="4">
            <Precinct name="Annex" votes="4" />
        </VoteType>
        <VoteType name="Overvotes" votes="0">
            <Precinct name="Annex" votes="0" />
        </VoteType>
        <Choice key="86" text="William &quot;&quot;Will&quot;&quot; Boddie, Jr." party="DEM" totalVotes="69">
            <VoteType name="Absentee by Mail Votes" votes="21">
                <Precinct name="Annex" votes="21" />
            </VoteType>
            <VoteType name="Advance Voting Votes" votes="17">
                <Precinct name="Annex" votes="17" />
            </VoteType>
            <VoteType name="Election Day Votes" votes="31">
                <Precinct name="Annex" votes="31" />
            </VoteType>
            <VoteType name="Provisional Votes" votes="0">
                <Precinct name="Annex" votes="0" />
            </VoteType>
        </Choice>
        <Choice key="88" text="Nicole Horn" party="DEM" totalVotes="65">
            <VoteType name="Absentee by Mail Votes" votes="9">
                <Precinct name="Annex" votes="9" />
            </VoteType>
            <VoteType name="Advance Voting Votes" votes="19">
                <Precinct name="Annex" votes="19" />
            </VoteType>
            <VoteType name="Election Day Votes" votes="37">
                <Precinct name="Annex" votes="37" />
            </VoteType>
            <VoteType name="Provisional Votes" votes="0">
                <Precinct name="Annex" votes="0" />
            </VoteType>
        </Choice>
    </Contest>
</ElectionResult>