<?xml version="1.0"?>
<!--Election result snapshot imported from Tabulation System
-->
<ElectionResult>
    <Timestamp>6/24/2022 11:21:29 AM EDT</Timestamp>
    <ElectionName>June 21, 2022 - General Primary -Nonpartisan General Election Runoff</ElectionName>
    <ElectionDate>6/21/2022</ElectionDate>
    <Region>Grady</Region>
    <VoterTurnout totalVoters="14594" ballotsCast="342" voterTurnout="2.34">
        <Precincts>
            <Precinct name="Blowing Cave" totalVoters="893" ballotsCast="7" voterTurnout="0.78" percentReporting="4" />
            <Precinct name="Cairo 4th District" totalVoters="2314" ballotsCast="147" voterTurnout="6.35" percentReporting="4" />
            <Precinct name="Cairo 5th District" totalVoters="2488" ballotsCast="49" voterTurnout="1.97" percentReporting="4" />
            <Precinct name="Duncanville " totalVoters="423" ballotsCast="19" voterTurnout="4.49" percentReporting="4" />
            <Precinct name="Higdon" totalVoters="811" ballotsCast="24" voterTurnout="2.96" percentReporting="4" />
            <Precinct name="Limesink" totalVoters="323" ballotsCast="5" voterTurnout="1.55" percentReporting="4" />
            <Precinct name="Midway" totalVoters="1314" ballotsCast="23" voterTurnout="1.75" percentReporting="4" />
            <Precinct name="Pine Park " totalVoters="934" ballotsCast="14" voterTurnout="1.50" percentReporting="4" />
            <Precinct name="Ragan" totalVoters="468" ballotsCast="17" voterTurnout="3.63" percentReporting="4" />
            <Precinct name="Spence" totalVoters="756" ballotsCast="4" voterTurnout="0.53" percentReporting="4" />
            <Precinct name="Spring Hill" totalVoters="529" ballotsCast="0" voterTurnout="0.00" percentReporting="4" />
            <Precinct name="Whigham" totalVoters="1127" ballotsCast="13" voterTurnout="1.15" percentReporting="4" />
            <Precinct name="Woodland" totalVoters="2214" ballotsCast="20" voterTurnout="0.90" percentReporting="4" />
        </Precincts>
    </VoterTurnout>
    <Contest key="6" text="Lieutenant Governor - Dem" voteFor="1" isQuestion="false" precinctsReporting="13" precinctsReported="13">
        <VoteType name="Undervotes" votes="5">
            <Precinct name="Blowing Cave" votes="0" />
            <Precinct name="Cairo 4th District" votes="3" />
            <Precinct name="Cairo 5th District" votes="1" />
            <Precinct name="Duncanville " votes="0" />
            <Precinct name="Higdon" votes="1" />
            <Precinct name="Limesink" votes="0" />
            <Precinct name="Midway" votes="0" />
            <Precinct name="Pine Park " votes="0" />
            <Precinct name="Ragan" votes="0" />
            <Precinct name="Spence" votes="0" />
            <Precinct name="Spring Hill" votes="0" />
            <Precinct name="Whigham" votes="0" />
            <Precinct name="Woodland" votes="0" />
        </VoteType>
        <VoteType name="Overvotes" votes="0">
            <Precinct name="Blowing Cave" votes="0" />
            <Precinct name="Cairo 4th District" votes="0" />
            <Precinct name="Cairo 5th District" votes="0" />
            <Precinct name="Duncanville " votes="0" />
            <Precinct name="Higdon" votes="0" />
            <Precinct name="Limesink" votes="0" />
            <Precinct name="Midway" votes="0" />
            <Precinct name="Pine Park " votes="0" />
            <Precinct name="Ragan" votes="0" />
            <Precinct name="Spence" votes="0" />
            <Precinct name="Spring Hill" votes="0" />
            <Precinct name="Whigham" votes="0" />
            <Precinct name="Woodland" votes="0" />
        </VoteType>
        <Choice key="29" text="Charlie Bailey" party="DEM" totalVotes="191">
            <VoteType name="Absentee by Mail Votes" votes="18">
                <Precinct name="Blowing Cave" votes="3" />
                <Precinct name="Cairo 4th District" votes="10" />
                <Precinct name="Cairo 5th District" votes="2" />
                <Precinct name="Duncanville " votes="2" />
                <Precinct name="Higdon" votes="0" />
                <Precinct name="Limesink" votes="0" />
                <Precinct name="Midway" votes="0" />
                <Precinct name="Pine Park " votes="1" />
                <Precinct name="Ragan" votes="0" />
                <Precinct name="Spence" votes="0" />
                <Precinct name="Spring Hill" votes="0" />
                <Precinct name="Whigham" votes="0" />
                <Precinct name="Woodland" votes="0" />
            </VoteType>
            <VoteType name="Advance Voting Votes" votes="53">
                <Precinct name="Blowing Cave" votes="1" />
                <Precinct name="Cairo 4th District" votes="18" />
                <Precinct name="Cairo 5th District" votes="6" />
                <Precinct name="Duncanville " votes="1" />
                <Precinct name="Higdon" votes="0" />
                <Precinct name="Limesink" votes="2" />
                <Precinct name="Midway" votes="10" />
                <Precinct name="Pine Park " votes="0" />
                <Precinct name="Ragan" votes="8" />
                <Precinct name="Spence" votes="0" />
                <Precinct name="Spring Hill" votes="0" />
                <Precinct name="Whigham" votes="2" />
                <Precinct name="Woodland" votes="5" />
            </VoteType>
            <VoteType name="Election Day Votes" votes="119">
                <Precinct name="Blowing Cave" votes="2" />
                <Precinct name="Cairo 4th District" votes="48" />
                <Precinct name="Cairo 5th District" votes="12" />
                <Precinct name="Duncanville " votes="6" />
                <Precinct name="Higdon" votes="17" />
                <Precinct name="Limesink" votes="2" />
                <Precinct name="Midway" votes="9" />
                <Precinct name="Pine Park " votes="5" />
                <Precinct name="Ragan" votes="5" />
                <Precinct name="Spence" votes="2" />
                <Precinct name="Spring Hill" votes="0" />
                <Precinct name="Whigham" votes="5" />
                <Precinct name="Woodland" votes="6" />
            </VoteType>
            <VoteType name="Provisional Votes" votes="1">
                <Precinct name="Blowing Cave" votes="0" />
                <Precinct name="Cairo 4th District" votes="0" />
                <Precinct name="Cairo 5th District" votes="1" />
                <Precinct name="Duncanville " votes="0" />
                <Precinct name="Higdon" votes="0" />
                <Precinct name="Limesink" votes="0" />
                <Precinct name="Midway" votes="0" />
                <Precinct name="Pine Park " votes="0" />
                <Precinct name="Ragan" votes="0" />
                <Precinct name="Spence" votes="0" />
                <Precinct name="Spring Hill" votes="0" />
                <Precinct name="Whigham" votes="0" />
                <Precinct name="Woodland" votes="0" />
            </VoteType>
        </Choice>
        <Choice key="32" text="Kwanza Hall" party="DEM" totalVotes="146">
            <VoteType name="Absentee by Mail Votes" votes="9">
                <Precinct name="Blowing Cave" votes="0" />
                <Precinct name="Cairo 4th District" votes="5" />
                <Precinct name="Cairo 5th District" votes="2" />
                <Precinct name="Duncanville " votes="0" />
                <Precinct name="Higdon" votes="0" />
                <Precinct name="Limesink" votes="0" />
                <Precinct name="Midway" votes="1" />
                <Precinct name="Pine Park " votes="0" />
                <Precinct name="Ragan" votes="0" />
                <Precinct name="Spence" votes="0" />
                <Precinct name="Spring Hill" votes="0" />
                <Precinct name="Whigham" votes="0" />
                <Precinct name="Woodland" votes="1" />
            </VoteType>
            <VoteType name="Advance Voting Votes" votes="31">
                <Precinct name="Blowing Cave" votes="0" />
                <Precinct name="Cairo 4th District" votes="19" />
                <Precinct name="Cairo 5th District" votes="2" />
                <Precinct name="Duncanville " votes="3" />
                <Precinct name="Higdon" votes="0" />
                <Precinct name="Limesink" votes="1" />
                <Precinct name="Midway" votes="0" />
                <Precinct name="Pine Park " votes="0" />
                <Precinct name="Ragan" votes="2" />
                <Precinct name="Spence" votes="0" />
                <Precinct name="Spring Hill" votes="0" />
                <Precinct name="Whigham" votes="2" />
                <Precinct name="Woodland" votes="2" />
            </VoteType>
            <VoteType name="Election Day Votes" votes="105">
                <Precinct name="Blowing Cave" votes="1" />
                <Precinct name="Cairo 4th District" votes="44" />
                <Precinct name="Cairo 5th District" votes="22" />
                <Precinct name="Duncanville " votes="7" />
                <Precinct name="Higdon" votes="6" />
                <Precinct name="Limesink" votes="0" />
                <Precinct name="Midway" votes="3" />
                <Precinct name="Pine Park " votes="8" />
                <Precinct name="Ragan" votes="2" />
                <Precinct name="Spence" votes="2" />
                <Precinct name="Spring Hill" votes="0" />
                <Precinct name="Whigham" votes="4" />
                <Precinct name="Woodland" votes="6" />
            </VoteType>
            <VoteType name="Provisional Votes" votes="1">
                <Precinct name="Blowing Cave" votes="0" />
                <Precinct name="Cairo 4th District" votes="0" />
                <Precinct name="Cairo 5th District" votes="1" />
                <Precinct name="Duncanville " votes="0" />
                <Precinct name="Higdon" votes="0" />
                <Precinct name="Limesink" votes="0" />
                <Precinct name="Midway" votes="0" />
                <Precinct name="Pine Park " votes="0" />
                <Precinct name="Ragan" votes="0" />
                <Precinct name="Spence" votes="0" />
                <Precinct name="Spring Hill" votes="0" />
                <Precinct name="Whigham" votes="0" />
                <Precinct name="Woodland" votes="0" />
            </VoteType>
        </Choice>
    </Contest>
    <Contest key="8" text="Secretary of State - Dem" voteFor="1" isQuestion="false" precinctsReporting="13" precinctsReported="13">
        <VoteType name="Undervotes" votes="5">
            <Precinct name="Blowing Cave" votes="0" />
            <Precinct name="Cairo 4th District" votes="2" />
            <Precinct name="Cairo 5th District" votes="1" />
            <Precinct name="Duncanville " votes="0" />
            <Precinct name="Higdon" votes="2" />
            <Precinct name="Limesink" votes="0" />
            <Precinct name="Midway" votes="0" />
            <Precinct name="Pine Park " votes="0" />
            <Precinct name="Ragan" votes="0" />
            <Precinct name="Spence" votes="0" />
            <Precinct name="Spring Hill" votes="0" />
            <Precinct name="Whigham" votes="0" />
            <Precinct name="Woodland" votes="0" />
        </VoteType>
        <VoteType name="Overvotes" votes="0">
            <Precinct name="Blowing Cave" votes="0" />
            <Precinct name="Cairo 4th District" votes="0" />
            <Precinct name="Cairo 5th District" votes="0" />
            <Precinct name="Duncanville " votes="0" />
            <Precinct name="Higdon" votes="0" />
            <Precinct name="Limesink" votes="0" />
            <Precinct name="Midway" votes="0" />
            <Precinct name="Pine Park " votes="0" />
            <Precinct name="Ragan" votes="0" />
            <Precinct name="Spence" votes="0" />
            <Precinct name="Spring Hill" votes="0" />
            <Precinct name="Whigham" votes="0" />
            <Precinct name="Woodland" votes="0" />
        </VoteType>
        <Choice key="41" text="Dee Dawkins-Haigler" party="DEM" totalVotes="154">
            <VoteType name="Absentee by Mail Votes" votes="14">
                <Precinct name="Blowing Cave" votes="0" />
                <Precinct name="Cairo 4th District" votes="10" />
                <Precinct name="Cairo 5th District" votes="2" />
                <Precinct name="Duncanville " votes="1" />
                <Precinct name="Higdon" votes="0" />
                <Precinct name="Limesink" votes="0" />
                <Precinct name="Midway" votes="0" />
                <Precinct name="Pine Park " votes="0" />
                <Precinct name="Ragan" votes="0" />
                <Precinct name="Spence" votes="0" />
                <Precinct name="Spring Hill" votes="0" />
                <Precinct name="Whigham" votes="0" />
                <Precinct name="Woodland" votes="1" />
            </VoteType>
            <VoteType name="Advance Voting Votes" votes="29">
                <Precinct name="Blowing Cave" votes="0" />
                <Precinct name="Cairo 4th District" votes="12" />
                <Precinct name="Cairo 5th District" votes="5" />
                <Precinct name="Duncanville " votes="0" />
                <Precinct name="Higdon" votes="0" />
                <Precinct name="Limesink" votes="1" />
                <Precinct name="Midway" votes="2" />
                <Precinct name="Pine Park " votes="0" />
                <Precinct name="Ragan" votes="4" />
                <Precinct name="Spence" votes="0" />
                <Precinct name="Spring Hill" votes="0" />
                <Precinct name="Whigham" votes="3" />
                <Precinct name="Woodland" votes="2" />
            </VoteType>
            <VoteType name="Election Day Votes" votes="111">
                <Precinct name="Blowing Cave" votes="0" />
                <Precinct name="Cairo 4th District" votes="50" />
                <Precinct name="Cairo 5th District" votes="15" />
                <Precinct name="Duncanville " votes="2" />
                <Precinct name="Higdon" votes="13" />
                <Precinct name="Limesink" votes="0" />
                <Precinct name="Midway" votes="3" />
                <Precinct name="Pine Park " votes="8" />
                <Precinct name="Ragan" votes="4" />
                <Precinct name="Spence" votes="1" />
                <Precinct name="Spring Hill" votes="0" />
                <Precinct name="Whigham" votes="6" />
                <Precinct name="Woodland" votes="9" />
            </VoteType>
            <VoteType name="Provisional Votes" votes="0">
                <Precinct name="Blowing Cave" votes="0" />
                <Precinct name="Cairo 4th District" votes="0" />
                <Precinct name="Cairo 5th District" votes="0" />
                <Precinct name="Duncanville " votes="0" />
                <Precinct name="Higdon" votes="0" />
                <Precinct name="Limesink" votes="0" />
                <Precinct name="Midway" votes="0" />
                <Precinct name="Pine Park " votes="0" />
                <Precinct name="Ragan" votes="0" />
                <Precinct name="Spence" votes="0" />
                <Precinct name="Spring Hill" votes="0" />
                <Precinct name="Whigham" votes="0" />
                <Precinct name="Woodland" votes="0" />
            </VoteType>
        </Choice>
        <Choice key="44" text="Bee Nguyen" party="DEM" totalVotes="183">
            <VoteType name="Absentee by Mail Votes" votes="13">
                <Precinct name="Blowing Cave" votes="3" />
                <Precinct name="Cairo 4th District" votes="5" />
                <Precinct name="Cairo 5th District" votes="2" />
                <Precinct name="Duncanville " votes="1" />
                <Precinct name="Higdon" votes="0" />
                <Precinct name="Limesink" votes="0" />
                <Precinct name="Midway" votes="1" />
                <Precinct name="Pine Park " votes="1" />
                <Precinct name="Ragan" votes="0" />
                <Precinct name="Spence" votes="0" />
                <Precinct name="Spring Hill" votes="0" />
                <Precinct name="Whigham" votes="0" />
                <Precinct name="Woodland" votes="0" />
            </VoteType>
            <VoteType name="Advance Voting Votes" votes="56">
                <Precinct name="Blowing Cave" votes="1" />
                <Precinct name="Cairo 4th District" votes="26" />
                <Precinct name="Cairo 5th District" votes="3" />
                <Precinct name="Duncanville " votes="4" />
                <Precinct name="Higdon" votes="0" />
                <Precinct name="Limesink" votes="2" />
                <Precinct name="Midway" votes="8" />
                <Precinct name="Pine Park " votes="0" />
                <Precinct name="Ragan" votes="6" />
                <Precinct name="Spence" votes="0" />
                <Precinct name="Spring Hill" votes="0" />
                <Precinct name="Whigham" votes="1" />
                <Precinct name="Woodland" votes="5" />
            </VoteType>
            <VoteType name="Election Day Votes" votes="112">
                <Precinct name="Blowing Cave" votes="3" />
                <Precinct name="Cairo 4th District" votes="42" />
                <Precinct name="Cairo 5th District" votes="19" />
                <Precinct name="Duncanville " votes="11" />
                <Precinct name="Higdon" votes="9" />
                <Precinct name="Limesink" votes="2" />
                <Precinct name="Midway" votes="9" />
                <Precinct name="Pine Park " votes="5" />
                <Precinct name="Ragan" votes="3" />
                <Precinct name="Spence" votes="3" />
                <Precinct name="Spring Hill" votes="0" />
                <Precinct name="Whigham" votes="3" />
                <Precinct name="Woodland" votes="3" />
            </VoteType>
            <VoteType name="Provisional Votes" votes="2">
                <Precinct name="Blowing Cave" votes="0" />
                <Precinct name="Cairo 4th District" votes="0" />
                <Precinct name="Cairo 5th District" votes="2" />
                <Precinct name="Duncanville " votes="0" />
                <Precinct name="Higdon" votes="0" />
                <Precinct name="Limesink" votes="0" />
                <Precinct name="Midway" votes="0" />
                <Precinct name="Pine Park " votes="0" />
                <Precinct name="Ragan" votes="0" />
                <Precinct name="Spence" votes="0" />
                <Precinct name="Spring Hill" votes="0" />
                <Precinct name="Whigham" votes="0" />
                <Precinct name="Woodland" votes="0" />
            </VoteType>
        </Choice>
    </Contest>
    <Contest key="14" text="Commissioner of Insurance - Dem" voteFor="1" isQuestion="false" precinctsReporting="13" precinctsReported="13">
        <VoteType name="Undervotes" votes="9">
            <Precinct name="Blowing Cave" votes="0" />
            <Precinct name="Cairo 4th District" votes="3" />
            <Precinct name="Cairo 5th District" votes="2" />
            <Precinct name="Duncanville " votes="0" />
            <Precinct name="Higdon" votes="3" />
            <Precinct name="Limesink" votes="0" />
            <Precinct name="Midway" votes="0" />
            <Precinct name="Pine Park " votes="0" />
            <Precinct name="Ragan" votes="1" />
            <Precinct name="Spence" votes="0" />
            <Precinct name="Spring Hill" votes="0" />
            <Precinct name="Whigham" votes="0" />
            <Precinct name="Woodland" votes="0" />
        </VoteType>
        <VoteType name="Overvotes" votes="0">
            <Precinct name="Blowing Cave" votes="0" />
            <Precinct name="Cairo 4th District" votes="0" />
            <Precinct name="Cairo 5th District" votes="0" />
            <Precinct name="Duncanville " votes="0" />
            <Precinct name="Higdon" votes="0" />
            <Precinct name="Limesink" votes="0" />
            <Precinct name="Midway" votes="0" />
            <Precinct name="Pine Park " votes="0" />
            <Precinct name="Ragan" votes="0" />
            <Precinct name="Spence" votes="0" />
            <Precinct name="Spring Hill" votes="0" />
            <Precinct name="Whigham" votes="0" />
            <Precinct name="Woodland" votes="0" />
        </VoteType>
        <Choice key="57" text="Raphael Baker" party="DEM" totalVotes="157">
            <VoteType name="Absentee by Mail Votes" votes="10">
                <Precinct name="Blowing Cave" votes="3" />
                <Precinct name="Cairo 4th District" votes="3" />
                <Precinct name="Cairo 5th District" votes="1" />
                <Precinct name="Duncanville " votes="2" />
                <Precinct name="Higdon" votes="0" />
                <Precinct name="Limesink" votes="0" />
                <Precinct name="Midway" votes="0" />
                <Precinct name="Pine Park " votes="1" />
                <Precinct name="Ragan" votes="0" />
                <Precinct name="Spence" votes="0" />
                <Precinct name="Spring Hill" votes="0" />
                <Precinct name="Whigham" votes="0" />
                <Precinct name="Woodland" votes="0" />
            </VoteType>
            <VoteType name="Advance Voting Votes" votes="30">
                <Precinct name="Blowing Cave" votes="0" />
                <Precinct name="Cairo 4th District" votes="16" />
                <Precinct name="Cairo 5th District" votes="2" />
                <Precinct name="Duncanville " votes="2" />
                <Precinct name="Higdon" votes="0" />
                <Precinct name="Limesink" votes="1" />
                <Precinct name="Midway" votes="2" />
                <Precinct name="Pine Park " votes="0" />
                <Precinct name="Ragan" votes="6" />
                <Precinct name="Spence" votes="0" />
                <Precinct name="Spring Hill" votes="0" />
                <Precinct name="Whigham" votes="1" />
                <Precinct name="Woodland" votes="0" />
            </VoteType>
            <VoteType name="Election Day Votes" votes="115">
                <Precinct name="Blowing Cave" votes="0" />
                <Precinct name="Cairo 4th District" votes="61" />
                <Precinct name="Cairo 5th District" votes="18" />
                <Precinct name="Duncanville " votes="5" />
                <Precinct name="Higdon" votes="5" />
                <Precinct name="Limesink" votes="0" />
                <Precinct name="Midway" votes="7" />
                <Precinct name="Pine Park " votes="7" />
                <Precinct name="Ragan" votes="2" />
                <Precinct name="Spence" votes="0" />
                <Precinct name="Spring Hill" votes="0" />
                <Precinct name="Whigham" votes="3" />
                <Precinct name="Woodland" votes="7" />
            </VoteType>
            <VoteType name="Provisional Votes" votes="2">
                <Precinct name="Blowing Cave" votes="0" />
                <Precinct name="Cairo 4th District" votes="0" />
                <Precinct name="Cairo 5th District" votes="2" />
                <Precinct name="Duncanville " votes="0" />
                <Precinct name="Higdon" votes="0" />
                <Precinct name="Limesink" votes="0" />
                <Precinct name="Midway" votes="0" />
                <Precinct name="Pine Park " votes="0" />
                <Precinct name="Ragan" votes="0" />
                <Precinct name="Spence" votes="0" />
                <Precinct name="Spring Hill" votes="0" />
                <Precinct name="Whigham" votes="0" />
                <Precinct name="Woodland" votes="0" />
            </VoteType>
        </Choice>
        <Choice key="58" text="Janice Laws Robinson" party="DEM" totalVotes="176">
            <VoteType name="Absentee by Mail Votes" votes="16">
                <Precinct name="Blowing Cave" votes="0" />
                <Precinct name="Cairo 4th District" votes="12" />
                <Precinct name="Cairo 5th District" votes="2" />
                <Precinct name="Duncanville " votes="0" />
                <Precinct name="Higdon" votes="0" />
                <Precinct name="Limesink" votes="0" />
                <Precinct name="Midway" votes="1" />
                <Precinct name="Pine Park " votes="0" />
                <Precinct name="Ragan" votes="0" />
                <Precinct name="Spence" votes="0" />
                <Precinct name="Spring Hill" votes="0" />
                <Precinct name="Whigham" votes="0" />
                <Precinct name="Woodland" votes="1" />
            </VoteType>
            <VoteType name="Advance Voting Votes" votes="56">
                <Precinct name="Blowing Cave" votes="1" />
                <Precinct name="Cairo 4th District" votes="23" />
                <Precinct name="Cairo 5th District" votes="6" />
                <Precinct name="Duncanville " votes="2" />
                <Precinct name="Higdon" votes="0" />
                <Precinct name="Limesink" votes="2" />
                <Precinct name="Midway" votes="8" />
                <Precinct name="Pine Park " votes="0" />
                <Precinct name="Ragan" votes="4" />
                <Precinct name="Spence" votes="0" />
                <Precinct name="Spring Hill" votes="0" />
                <Precinct name="Whigham" votes="3" />
                <Precinct name="Woodland" votes="7" />
            </VoteType>
            <VoteType name="Election Day Votes" votes="104">
                <Precinct name="Blowing Cave" votes="3" />
                <Precinct name="Cairo 4th District" votes="29" />
                <Precinct name="Cairo 5th District" votes="16" />
                <Precinct name="Duncanville " votes="8" />
                <Precinct name="Higdon" votes="16" />
                <Precinct name="Limesink" votes="2" />
                <Precinct name="Midway" votes="5" />
                <Precinct name="Pine Park " votes="6" />
                <Precinct name="Ragan" votes="4" />
                <Precinct name="Spence" votes="4" />
                <Precinct name="Spring Hill" votes="0" />
                <Precinct name="Whigham" votes="6" />
                <Precinct name="Woodland" votes="5" />
            </VoteType>
            <VoteType name="Provisional Votes" votes="0">
                <Precinct name="Blowing Cave" votes="0" />
                <Precinct name="Cairo 4th District" votes="0" />
                <Precinct name="Cairo 5th District" votes="0" />
                <Precinct name="Duncanville " votes="0" />
                <Precinct name="Higdon" votes="0" />
                <Precinct name="Limesink" votes="0" />
                <Precinct name="Midway" votes="0" />
                <Precinct name="Pine Park " votes="0" />
                <Precinct name="Ragan" votes="0" />
                <Precinct name="Spence" votes="0" />
                <Precinct name="Spring Hill" votes="0" />
                <Precinct name="Whigham" votes="0" />
                <Precinct name="Woodland" votes="0" />
            </VoteType>
        </Choice>
    </Contest>
    <Contest key="18" text="Commissioner of Labor - Dem" voteFor="1" isQuestion="false" precinctsReporting="13" precinctsReported="13">
        <VoteType name="Undervotes" votes="11">
            <Precinct name="Blowing Cave" votes="0" />
            <Precinct name="Cairo 4th District" votes="5" />
            <Precinct name="Cairo 5th District" votes="2" />
            <Precinct name="Duncanville " votes="0" />
            <Precinct name="Higdon" votes="3" />
            <Precinct name="Limesink" votes="0" />
            <Precinct name="Midway" votes="0" />
            <Precinct name="Pine Park " votes="0" />
            <Precinct name="Ragan" votes="0" />
            <Precinct name="Spence" votes="0" />
            <Precinct name="Spring Hill" votes="0" />
            <Precinct name="Whigham" votes="0" />
            <Precinct name="Woodland" votes="1" />
        </VoteType>
        <VoteType name="Overvotes" votes="0">
            <Precinct name="Blowing Cave" votes="0" />
            <Precinct name="Cairo 4th District" votes="0" />
            <Precinct name="Cairo 5th District" votes="0" />
            <Precinct name="Duncanville " votes="0" />
            <Precinct name="Higdon" votes="0" />
            <Precinct name="Limesink" votes="0" />
            <Precinct name="Midway" votes="0" />
            <Precinct name="Pine Park " votes="0" />
            <Precinct name="Ragan" votes="0" />
            <Precinct name="Spence" votes="0" />
            <Precinct name="Spring Hill" votes="0" />
            <Precinct name="Whigham" votes="0" />
            <Precinct name="Woodland" votes="0" />
        </VoteType>
        <Choice key="69" text="William &quot;&quot;Will&quot;&quot; Boddie, Jr." party="DEM" totalVotes="180">
            <VoteType name="Absentee by Mail Votes" votes="14">
                <Precinct name="Blowing Cave" votes="1" />
                <Precinct name="Cairo 4th District" votes="12" />
                <Precinct name="Cairo 5th District" votes="0" />
                <Precinct name="Duncanville " votes="1" />
                <Precinct name="Higdon" votes="0" />
                <Precinct name="Limesink" votes="0" />
                <Precinct name="Midway" votes="0" />
                <Precinct name="Pine Park " votes="0" />
                <Precinct name="Ragan" votes="0" />
                <Precinct name="Spence" votes="0" />
                <Precinct name="Spring Hill" votes="0" />
                <Precinct name="Whigham" votes="0" />
                <Precinct name="Woodland" votes="0" />
            </VoteType>
            <VoteType name="Advance Voting Votes" votes="48">
                <Precinct name="Blowing Cave" votes="1" />
                <Precinct name="Cairo 4th District" votes="29" />
                <Precinct name="Cairo 5th District" votes="0" />
                <Precinct name="Duncanville " votes="1" />
                <Precinct name="Higdon" votes="0" />
                <Precinct name="Limesink" votes="1" />
                <Precinct name="Midway" votes="6" />
                <Precinct name="Pine Park " votes="0" />
                <Precinct name="Ragan" votes="7" />
                <Precinct name="Spence" votes="0" />
                <Precinct name="Spring Hill" votes="0" />
                <Precinct name="Whigham" votes="0" />
                <Precinct name="Woodland" votes="3" />
            </VoteType>
            <VoteType name="Election Day Votes" votes="117">
                <Precinct name="Blowing Cave" votes="2" />
                <Precinct name="Cairo 4th District" votes="51" />
                <Precinct name="Cairo 5th District" votes="14" />
                <Precinct name="Duncanville " votes="8" />
                <Precinct name="Higdon" votes="12" />
                <Precinct name="Limesink" votes="2" />
                <Precinct name="Midway" votes="6" />
                <Precinct name="Pine Park " votes="7" />
                <Precinct name="Ragan" votes="6" />
                <Precinct name="Spence" votes="2" />
                <Precinct name="Spring Hill" votes="0" />
                <Precinct name="Whigham" votes="2" />
                <Precinct name="Woodland" votes="5" />
            </VoteType>
            <VoteType name="Provisional Votes" votes="1">
                <Precinct name="Blowing Cave" votes="0" />
                <Precinct name="Cairo 4th District" votes="0" />
                <Precinct name="Cairo 5th District" votes="1" />
                <Precinct name="Duncanville " votes="0" />
                <Precinct name="Higdon" votes="0" />
                <Precinct name="Limesink" votes="0" />
                <Precinct name="Midway" votes="0" />
                <Precinct name="Pine Park " votes="0" />
                <Precinct name="Ragan" votes="0" />
                <Precinct name="Spence" votes="0" />
                <Precinct name="Spring Hill" votes="0" />
                <Precinct name="Whigham" votes="0" />
                <Precinct name="Woodland" votes="0" />
            </VoteType>
        </Choice>
        <Choice key="71" text="Nicole Horn" party="DEM" totalVotes="151">
            <VoteType name="Absentee by Mail Votes" votes="13">
                <Precinct name="Blowing Cave" votes="2" />
                <Precinct name="Cairo 4th District" votes="3" />
                <Precinct name="Cairo 5th District" votes="4" />
                <Precinct name="Duncanville " votes="1" />
                <Precinct name="Higdon" votes="0" />
                <Precinct name="Limesink" votes="0" />
                <Precinct name="Midway" votes="1" />
                <Precinct name="Pine Park " votes="1" />
                <Precinct name="Ragan" votes="0" />
                <Precinct name="Spence" votes="0" />
                <Precinct name="Spring Hill" votes="0" />
                <Precinct name="Whigham" votes="0" />
                <Precinct name="Woodland" votes="1" />
            </VoteType>
            <VoteType name="Advance Voting Votes" votes="37">
                <Precinct name="Blowing Cave" votes="0" />
                <Precinct name="Cairo 4th District" votes="9" />
                <Precinct name="Cairo 5th District" votes="8" />
                <Precinct name="Duncanville " votes="3" />
                <Precinct name="Higdon" votes="0" />
                <Precinct name="Limesink" votes="2" />
                <Precinct name="Midway" votes="4" />
                <Precinct name="Pine Park " votes="0" />
                <Precinct name="Ragan" votes="3" />
                <Precinct name="Spence" votes="0" />
                <Precinct name="Spring Hill" votes="0" />
                <Precinct name="Whigham" votes="4" />
                <Precinct name="Woodland" votes="4" />
            </VoteType>
            <VoteType name="Election Day Votes" votes="100">
                <Precinct name="Blowing Cave" votes="1" />
                <Precinct name="Cairo 4th District" votes="38" />
                <Precinct name="Cairo 5th District" votes="19" />
                <Precinct name="Duncanville " votes="5" />
                <Precinct name="Higdon" votes="9" />
                <Precinct name="Limesink" votes="0" />
                <Precinct name="Midway" votes="6" />
                <Precinct name="Pine Park " votes="6" />
                <Precinct name="Ragan" votes="1" />
                <Precinct name="Spence" votes="2" />
                <Precinct name="Spring Hill" votes="0" />
                <Precinct name="Whigham" votes="7" />
                <Precinct name="Woodland" votes="6" />
            </VoteType>
            <VoteType name="Provisional Votes" votes="1">
                <Precinct name="Blowing Cave" votes="0" />
                <Precinct name="Cairo 4th District" votes="0" />
                <Precinct name="Cairo 5th District" votes="1" />
                <Precinct name="Duncanville " votes="0" />
                <Precinct name="Higdon" votes="0" />
                <Precinct name="Limesink" votes="0" />
                <Precinct name="Midway" votes="0" />
                <Precinct name="Pine Park " votes="0" />
                <Precinct name="Ragan" votes="0" />
                <Precinct name="Spence" votes="0" />
                <Precinct name="Spring Hill" votes="0" />
                <Precinct name="Whigham" votes="0" />
                <Precinct name="Woodland" votes="0" />
            </VoteType>
        </Choice>
    </Contest>
    <Contest key="23" text="US House of Representatives - District 2 - Rep" voteFor="1" isQuestion="false" precinctsReporting="13" precinctsReported="13">
        <VoteType name="Undervotes" votes="1">
            <Precinct name="Blowing Cave" votes="0" />
            <Precinct name="Cairo 4th District" votes="0" />
            <Precinct name="Cairo 5th District" votes="1" />
            <Precinct name="Duncanville " votes="0" />
            <Precinct name="Higdon" votes="0" />
            <Precinct name="Limesink" votes="0" />
            <Precinct name="Midway" votes="0" />
            <Precinct name="Pine Park " votes="0" />
            <Precinct name="Ragan" votes="0" />
            <Precinct name="Spence" votes="0" />
            <Precinct name="Spring Hill" votes="0" />
            <Precinct name="Whigham" votes="0" />
            <Precinct name="Woodland" votes="0" />
        </VoteType>
        <VoteType name="Overvotes" votes="0">
            <Precinct name="Blowing Cave" votes="0" />
            <Precinct name="Cairo 4th District" votes="0" />
            <Precinct name="Cairo 5th District" votes="0" />
            <Precinct name="Duncanville " votes="0" />
            <Precinct name="Higdon" votes="0" />
            <Precinct name="Limesink" votes="0" />
            <Precinct name="Midway" votes="0" />
            <Precinct name="Pine Park " votes="0" />
            <Precinct name="Ragan" votes="0" />
            <Precinct name="Spence" votes="0" />
            <Precinct name="Spring Hill" votes="0" />
            <Precinct name="Whigham" votes="0" />
            <Precinct name="Woodland" votes="0" />
        </VoteType>
        <Choice key="82" text="Jeremy Hunt" party="REP" totalVotes="648">
            <VoteType name="Absentee by Mail Votes" votes="18">
                <Precinct name="Blowing Cave" votes="0" />
                <Precinct name="Cairo 4th District" votes="1" />
                <Precinct name="Cairo 5th District" votes="1" />
                <Precinct name="Duncanville " votes="0" />
                <Precinct name="Higdon" votes="0" />
                <Precinct name="Limesink" votes="2" />
                <Precinct name="Midway" votes="6" />
                <Precinct name="Pine Park " votes="2" />
                <Precinct name="Ragan" votes="0" />
                <Precinct name="Spence" votes="0" />
                <Precinct name="Spring Hill" votes="0" />
                <Precinct name="Whigham" votes="0" />
                <Precinct name="Woodland" votes="6" />
            </VoteType>
            <VoteType name="Advance Voting Votes" votes="190">
                <Precinct name="Blowing Cave" votes="5" />
                <Precinct name="Cairo 4th District" votes="17" />
                <Precinct name="Cairo 5th District" votes="35" />
                <Precinct name="Duncanville " votes="2" />
                <Precinct name="Higdon" votes="7" />
                <Precinct name="Limesink" votes="4" />
                <Precinct name="Midway" votes="15" />
                <Precinct name="Pine Park " votes="7" />
                <Precinct name="Ragan" votes="7" />
                <Precinct name="Spence" votes="7" />
                <Precinct name="Spring Hill" votes="7" />
                <Precinct name="Whigham" votes="17" />
                <Precinct name="Woodland" votes="60" />
            </VoteType>
            <VoteType name="Election Day Votes" votes="438">
                <Precinct name="Blowing Cave" votes="24" />
                <Precinct name="Cairo 4th District" votes="6" />
                <Precinct name="Cairo 5th District" votes="57" />
                <Precinct name="Duncanville " votes="11" />
                <Precinct name="Higdon" votes="37" />
                <Precinct name="Limesink" votes="18" />
                <Precinct name="Midway" votes="55" />
                <Precinct name="Pine Park " votes="20" />
                <Precinct name="Ragan" votes="22" />
                <Precinct name="Spence" votes="27" />
                <Precinct name="Spring Hill" votes="26" />
                <Precinct name="Whigham" votes="38" />
                <Precinct name="Woodland" votes="97" />
            </VoteType>
            <VoteType name="Provisional Votes" votes="2">
                <Precinct name="Blowing Cave" votes="0" />
                <Precinct name="Cairo 4th District" votes="0" />
                <Precinct name="Cairo 5th District" votes="0" />
                <Precinct name="Duncanville " votes="1" />
                <Precinct name="Higdon" votes="0" />
                <Precinct name="Limesink" votes="0" />
                <Precinct name="Midway" votes="0" />
                <Precinct name="Pine Park " votes="1" />
                <Precinct name="Ragan" votes="0" />
                <Precinct name="Spence" votes="0" />
                <Precinct name="Spring Hill" votes="0" />
                <Precinct name="Whigham" votes="0" />
                <Precinct name="Woodland" votes="0" />
            </VoteType>
        </Choice>
        <Choice key="85" text="Chris West" party="REP" totalVotes="1030">
            <VoteType name="Absentee by Mail Votes" votes="30">
                <Precinct name="Blowing Cave" votes="0" />
                <Precinct name="Cairo 4th District" votes="3" />
                <Precinct name="Cairo 5th District" votes="9" />
                <Precinct name="Duncanville " votes="1" />
                <Precinct name="Higdon" votes="1" />
                <Precinct name="Limesink" votes="1" />
                <Precinct name="Midway" votes="3" />
                <Precinct name="Pine Park " votes="2" />
                <Precinct name="Ragan" votes="0" />
                <Precinct name="Spence" votes="4" />
                <Precinct name="Spring Hill" votes="0" />
                <Precinct name="Whigham" votes="0" />
                <Precinct name="Woodland" votes="6" />
            </VoteType>
            <VoteType name="Advance Voting Votes" votes="293">
                <Precinct name="Blowing Cave" votes="18" />
                <Precinct name="Cairo 4th District" votes="23" />
                <Precinct name="Cairo 5th District" votes="67" />
                <Precinct name="Duncanville " votes="6" />
                <Precinct name="Higdon" votes="7" />
                <Precinct name="Limesink" votes="4" />
                <Precinct name="Midway" votes="31" />
                <Precinct name="Pine Park " votes="14" />
                <Precinct name="Ragan" votes="16" />
                <Precinct name="Spence" votes="4" />
                <Precinct name="Spring Hill" votes="11" />
                <Precinct name="Whigham" votes="13" />
                <Precinct name="Woodland" votes="79" />
            </VoteType>
            <VoteType name="Election Day Votes" votes="705">
                <Precinct name="Blowing Cave" votes="62" />
                <Precinct name="Cairo 4th District" votes="9" />
                <Precinct name="Cairo 5th District" votes="59" />
                <Precinct name="Duncanville " votes="27" />
                <Precinct name="Higdon" votes="56" />
                <Precinct name="Limesink" votes="38" />
                <Precinct name="Midway" votes="83" />
                <Precinct name="Pine Park " votes="51" />
                <Precinct name="Ragan" votes="21" />
                <Precinct name="Spence" votes="71" />
                <Precinct name="Spring Hill" votes="46" />
                <Precinct name="Whigham" votes="68" />
                <Precinct name="Woodland" votes="114" />
            </VoteType>
            <VoteType name="Provisional Votes" votes="2">
                <Precinct name="Blowing Cave" votes="0" />
                <Precinct name="Cairo 4th District" votes="0" />
                <Precinct name="Cairo 5th District" votes="0" />
                <Precinct name="Duncanville " votes="0" />
                <Precinct name="Higdon" votes="0" />
                <Precinct name="Limesink" votes="0" />
                <Precinct name="Midway" votes="1" />
                <Precinct name="Pine Park " votes="1" />
                <Precinct name="Ragan" votes="0" />
                <Precinct name="Spence" votes="0" />
                <Precinct name="Spring Hill" votes="0" />
                <Precinct name="Whigham" votes="0" />
                <Precinct name="Woodland" votes="0" />
            </VoteType>
        </Choice>
    </Contest>
</ElectionResult>