<?xml version="1.0"?>
<!--Election result snapshot imported from Tabulation System
-->
<ElectionResult>
    <Timestamp>6/22/2022 11:23:35 AM EDT</Timestamp>
    <ElectionName>June 21, 2022 - General Primary -Nonpartisan General Election Runoff</ElectionName>
    <ElectionDate>6/21/2022</ElectionDate>
    <Region>Turner</Region>
    <VoterTurnout totalVoters="5479" ballotsCast="73" voterTurnout="1.33">
        <Precincts>
            <Precinct name="Ashburn" totalVoters="2526" ballotsCast="60" voterTurnout="2.38" percentReporting="4" />
            <Precinct name="Sycamore" totalVoters="1903" ballotsCast="8" voterTurnout="0.42" percentReporting="4" />
            <Precinct name="Rebecca" totalVoters="1050" ballotsCast="5" voterTurnout="0.48" percentReporting="4" />
        </Precincts>
    </VoterTurnout>
    <Contest key="6" text="Lieutenant Governor - Dem" voteFor="1" isQuestion="false" precinctsReporting="3" precinctsReported="3">
        <VoteType name="Undervotes" votes="2">
            <Precinct name="Ashburn" votes="2" />
            <Precinct name="Sycamore" votes="0" />
            <Precinct name="Rebecca" votes="0" />
        </VoteType>
        <VoteType name="Overvotes" votes="0">
            <Precinct name="Ashburn" votes="0" />
            <Precinct name="Sycamore" votes="0" />
            <Precinct name="Rebecca" votes="0" />
        </VoteType>
        <Choice key="46" text="Charlie Bailey" party="DEM" totalVotes="26">
            <VoteType name="Absentee by Mail Votes" votes="1">
                <Precinct name="Ashburn" votes="1" />
                <Precinct name="Sycamore" votes="0" />
                <Precinct name="Rebecca" votes="0" />
            </VoteType>
            <VoteType name="Advance Voting Votes" votes="4">
                <Precinct name="Ashburn" votes="4" />
                <Precinct name="Sycamore" votes="0" />
                <Precinct name="Rebecca" votes="0" />
            </VoteType>
            <VoteType name="Election Day Votes" votes="21">
                <Precinct name="Ashburn" votes="12" />
                <Precinct name="Sycamore" votes="7" />
                <Precinct name="Rebecca" votes="2" />
            </VoteType>
            <VoteType name="Provisional Votes" votes="0">
                <Precinct name="Ashburn" votes="0" />
                <Precinct name="Sycamore" votes="0" />
                <Precinct name="Rebecca" votes="0" />
            </VoteType>
        </Choice>
        <Choice key="49" text="Kwanza Hall" party="DEM" totalVotes="45">
            <VoteType name="Absentee by Mail Votes" votes="8">
                <Precinct name="Ashburn" votes="7" />
                <Precinct name="Sycamore" votes="0" />
                <Precinct name="Rebecca" votes="1" />
            </VoteType>
            <VoteType name="Advance Voting Votes" votes="16">
                <Precinct name="Ashburn" votes="16" />
                <Precinct name="Sycamore" votes="0" />
                <Precinct name="Rebecca" votes="0" />
            </VoteType>
            <VoteType name="Election Day Votes" votes="21">
                <Precinct name="Ashburn" votes="18" />
                <Precinct name="Sycamore" votes="1" />
                <Precinct name="Rebecca" votes="2" />
            </VoteType>
            <VoteType name="Provisional Votes" votes="0">
                <Precinct name="Ashburn" votes="0" />
                <Precinct name="Sycamore" votes="0" />
                <Precinct name="Rebecca" votes="0" />
            </VoteType>
        </Choice>
    </Contest>
    <Contest key="8" text="Secretary of State - Dem" voteFor="1" isQuestion="false" precinctsReporting="3" precinctsReported="3">
        <VoteType name="Undervotes" votes="3">
            <Precinct name="Ashburn" votes="3" />
            <Precinct name="Sycamore" votes="0" />
            <Precinct name="Rebecca" votes="0" />
        </VoteType>
        <VoteType name="Overvotes" votes="0">
            <Precinct name="Ashburn" votes="0" />
            <Precinct name="Sycamore" votes="0" />
            <Precinct name="Rebecca" votes="0" />
        </VoteType>
        <Choice key="58" text="Dee Dawkins-Haigler" party="DEM" totalVotes="37">
            <VoteType name="Absentee by Mail Votes" votes="7">
                <Precinct name="Ashburn" votes="6" />
                <Precinct name="Sycamore" votes="0" />
                <Precinct name="Rebecca" votes="1" />
            </VoteType>
            <VoteType name="Advance Voting Votes" votes="9">
                <Precinct name="Ashburn" votes="9" />
                <Precinct name="Sycamore" votes="0" />
                <Precinct name="Rebecca" votes="0" />
            </VoteType>
            <VoteType name="Election Day Votes" votes="21">
                <Precinct name="Ashburn" votes="14" />
                <Precinct name="Sycamore" votes="5" />
                <Precinct name="Rebecca" votes="2" />
            </VoteType>
            <VoteType name="Provisional Votes" votes="0">
                <Precinct name="Ashburn" votes="0" />
                <Precinct name="Sycamore" votes="0" />
                <Precinct name="Rebecca" votes="0" />
            </VoteType>
        </Choice>
        <Choice key="61" text="Bee Nguyen" party="DEM" totalVotes="33">
            <VoteType name="Absentee by Mail Votes" votes="2">
                <Precinct name="Ashburn" votes="2" />
                <Precinct name="Sycamore" votes="0" />
                <Precinct name="Rebecca" votes="0" />
            </VoteType>
            <VoteType name="Advance Voting Votes" votes="11">
                <Precinct name="Ashburn" votes="11" />
                <Precinct name="Sycamore" votes="0" />
                <Precinct name="Rebecca" votes="0" />
            </VoteType>
            <VoteType name="Election Day Votes" votes="20">
                <Precinct name="Ashburn" votes="15" />
                <Precinct name="Sycamore" votes="3" />
                <Precinct name="Rebecca" votes="2" />
            </VoteType>
            <VoteType name="Provisional Votes" votes="0">
                <Precinct name="Ashburn" votes="0" />
                <Precinct name="Sycamore" votes="0" />
                <Precinct name="Rebecca" votes="0" />
            </VoteType>
        </Choice>
    </Contest>
    <Contest key="14" text="Commissioner of Insurance - Dem" voteFor="1" isQuestion="false" precinctsReporting="3" precinctsReported="3">
        <VoteType name="Undervotes" votes="4">
            <Precinct name="Ashburn" votes="4" />
            <Precinct name="Sycamore" votes="0" />
            <Precinct name="Rebecca" votes="0" />
        </VoteType>
        <VoteType name="Overvotes" votes="0">
            <Precinct name="Ashburn" votes="0" />
            <Precinct name="Sycamore" votes="0" />
            <Precinct name="Rebecca" votes="0" />
        </VoteType>
        <Choice key="74" text="Raphael Baker" party="DEM" totalVotes="33">
            <VoteType name="Absentee by Mail Votes" votes="8">
                <Precinct name="Ashburn" votes="7" />
                <Precinct name="Sycamore" votes="0" />
                <Precinct name="Rebecca" votes="1" />
            </VoteType>
            <VoteType name="Advance Voting Votes" votes="9">
                <Precinct name="Ashburn" votes="9" />
                <Precinct name="Sycamore" votes="0" />
                <Precinct name="Rebecca" votes="0" />
            </VoteType>
            <VoteType name="Election Day Votes" votes="16">
                <Precinct name="Ashburn" votes="11" />
                <Precinct name="Sycamore" votes="2" />
                <Precinct name="Rebecca" votes="3" />
            </VoteType>
            <VoteType name="Provisional Votes" votes="0">
                <Precinct name="Ashburn" votes="0" />
                <Precinct name="Sycamore" votes="0" />
                <Precinct name="Rebecca" votes="0" />
            </VoteType>
        </Choice>
        <Choice key="75" text="Janice Laws Robinson" party="DEM" totalVotes="36">
            <VoteType name="Absentee by Mail Votes" votes="1">
                <Precinct name="Ashburn" votes="1" />
                <Precinct name="Sycamore" votes="0" />
                <Precinct name="Rebecca" votes="0" />
            </VoteType>
            <VoteType name="Advance Voting Votes" votes="10">
                <Precinct name="Ashburn" votes="10" />
                <Precinct name="Sycamore" votes="0" />
                <Precinct name="Rebecca" votes="0" />
            </VoteType>
            <VoteType name="Election Day Votes" votes="25">
                <Precinct name="Ashburn" votes="18" />
                <Precinct name="Sycamore" votes="6" />
                <Precinct name="Rebecca" votes="1" />
            </VoteType>
            <VoteType name="Provisional Votes" votes="0">
                <Precinct name="Ashburn" votes="0" />
                <Precinct name="Sycamore" votes="0" />
                <Precinct name="Rebecca" votes="0" />
            </VoteType>
        </Choice>
    </Contest>
    <Contest key="18" text="Commissioner of Labor - Dem" voteFor="1" isQuestion="false" precinctsReporting="3" precinctsReported="3">
        <VoteType name="Undervotes" votes="2">
            <Precinct name="Ashburn" votes="2" />
            <Precinct name="Sycamore" votes="0" />
            <Precinct name="Rebecca" votes="0" />
        </VoteType>
        <VoteType name="Overvotes" votes="0">
            <Precinct name="Ashburn" votes="0" />
            <Precinct name="Sycamore" votes="0" />
            <Precinct name="Rebecca" votes="0" />
        </VoteType>
        <Choice key="86" text="William &quot;&quot;Will&quot;&quot; Boddie, Jr." party="DEM" totalVotes="37">
            <VoteType name="Absentee by Mail Votes" votes="5">
                <Precinct name="Ashburn" votes="5" />
                <Precinct name="Sycamore" votes="0" />
                <Precinct name="Rebecca" votes="0" />
            </VoteType>
            <VoteType name="Advance Voting Votes" votes="5">
                <Precinct name="Ashburn" votes="5" />
                <Precinct name="Sycamore" votes="0" />
                <Precinct name="Rebecca" votes="0" />
            </VoteType>
            <VoteType name="Election Day Votes" votes="27">
                <Precinct name="Ashburn" votes="18" />
                <Precinct name="Sycamore" votes="5" />
                <Precinct name="Rebecca" votes="4" />
            </VoteType>
            <VoteType name="Provisional Votes" votes="0">
                <Precinct name="Ashburn" votes="0" />
                <Precinct name="Sycamore" votes="0" />
                <Precinct name="Rebecca" votes="0" />
            </VoteType>
        </Choice>
        <Choice key="88" text="Nicole Horn" party="DEM" totalVotes="34">
            <VoteType name="Absentee by Mail Votes" votes="4">
                <Precinct name="Ashburn" votes="3" />
                <Precinct name="Sycamore" votes="0" />
                <Precinct name="Rebecca" votes="1" />
            </VoteType>
            <VoteType name="Advance Voting Votes" votes="15">
                <Precinct name="Ashburn" votes="15" />
                <Precinct name="Sycamore" votes="0" />
                <Precinct name="Rebecca" votes="0" />
            </VoteType>
            <VoteType name="Election Day Votes" votes="15">
                <Precinct name="Ashburn" votes="12" />
                <Precinct name="Sycamore" votes="3" />
                <Precinct name="Rebecca" votes="0" />
            </VoteType>
            <VoteType name="Provisional Votes" votes="0">
                <Precinct name="Ashburn" votes="0" />
                <Precinct name="Sycamore" votes="0" />
                <Precinct name="Rebecca" votes="0" />
            </VoteType>
        </Choice>
    </Contest>
</ElectionResult>