<?xml version="1.0"?>
<!--Election result snapshot imported from Tabulation System
-->
<ElectionResult>
    <Timestamp>6/22/2022 3:53:36 PM EDT</Timestamp>
    <ElectionName>June 21, 2022 - General Primary -Nonpartisan General Election Runoff</ElectionName>
    <ElectionDate>6/21/2022</ElectionDate>
    <Region>Clinch</Region>
    <VoterTurnout totalVoters="0" ballotsCast="37" voterTurnout="0.00">
        <Precincts>
            <Precinct name="Arabia" totalVoters="0" ballotsCast="0" voterTurnout="0.00" percentReporting="4" />
            <Precinct name="Argyle" totalVoters="0" ballotsCast="1" voterTurnout="0.00" percentReporting="4" />
            <Precinct name="Dupont" totalVoters="0" ballotsCast="4" voterTurnout="0.00" percentReporting="4" />
            <Precinct name="Fargo" totalVoters="0" ballotsCast="3" voterTurnout="0.00" percentReporting="4" />
            <Precinct name="Homerville" totalVoters="0" ballotsCast="29" voterTurnout="0.00" percentReporting="4" />
        </Precincts>
    </VoterTurnout>
    <Contest key="6" text="Lieutenant Governor - Dem" voteFor="1" isQuestion="false" precinctsReporting="5" precinctsReported="5">
        <VoteType name="Undervotes" votes="2">
            <Precinct name="Arabia" votes="0" />
            <Precinct name="Argyle" votes="0" />
            <Precinct name="Dupont" votes="0" />
            <Precinct name="Fargo" votes="2" />
            <Precinct name="Homerville" votes="0" />
        </VoteType>
        <VoteType name="Overvotes" votes="0">
            <Precinct name="Arabia" votes="0" />
            <Precinct name="Argyle" votes="0" />
            <Precinct name="Dupont" votes="0" />
            <Precinct name="Fargo" votes="0" />
            <Precinct name="Homerville" votes="0" />
        </VoteType>
        <Choice key="46" text="Charlie Bailey" party="DEM" totalVotes="19">
            <VoteType name="Absentee by Mail Votes" votes="0">
                <Precinct name="Arabia" votes="0" />
                <Precinct name="Argyle" votes="0" />
                <Precinct name="Dupont" votes="0" />
                <Precinct name="Fargo" votes="0" />
                <Precinct name="Homerville" votes="0" />
            </VoteType>
            <VoteType name="Advance Voting Votes" votes="9">
                <Precinct name="Arabia" votes="0" />
                <Precinct name="Argyle" votes="0" />
                <Precinct name="Dupont" votes="1" />
                <Precinct name="Fargo" votes="0" />
                <Precinct name="Homerville" votes="8" />
            </VoteType>
            <VoteType name="Election Day Votes" votes="10">
                <Precinct name="Arabia" votes="0" />
                <Precinct name="Argyle" votes="1" />
                <Precinct name="Dupont" votes="3" />
                <Precinct name="Fargo" votes="1" />
                <Precinct name="Homerville" votes="5" />
            </VoteType>
            <VoteType name="Provisional Votes" votes="0">
                <Precinct name="Arabia" votes="0" />
                <Precinct name="Argyle" votes="0" />
                <Precinct name="Dupont" votes="0" />
                <Precinct name="Fargo" votes="0" />
                <Precinct name="Homerville" votes="0" />
            </VoteType>
        </Choice>
        <Choice key="49" text="Kwanza Hall" party="DEM" totalVotes="16">
            <VoteType name="Absentee by Mail Votes" votes="0">
                <Precinct name="Arabia" votes="0" />
                <Precinct name="Argyle" votes="0" />
                <Precinct name="Dupont" votes="0" />
                <Precinct name="Fargo" votes="0" />
                <Precinct name="Homerville" votes="0" />
            </VoteType>
            <VoteType name="Advance Voting Votes" votes="6">
                <Precinct name="Arabia" votes="0" />
                <Precinct name="Argyle" votes="0" />
                <Precinct name="Dupont" votes="0" />
                <Precinct name="Fargo" votes="0" />
                <Precinct name="Homerville" votes="6" />
            </VoteType>
            <VoteType name="Election Day Votes" votes="10">
                <Precinct name="Arabia" votes="0" />
                <Precinct name="Argyle" votes="0" />
                <Precinct name="Dupont" votes="0" />
                <Precinct name="Fargo" votes="0" />
                <Precinct name="Homerville" votes="10" />
            </VoteType>
            <VoteType name="Provisional Votes" votes="0">
                <Precinct name="Arabia" votes="0" />
                <Precinct name="Argyle" votes="0" />
                <Precinct name="Dupont" votes="0" />
                <Precinct name="Fargo" votes="0" />
                <Precinct name="Homerville" votes="0" />
            </VoteType>
        </Choice>
    </Contest>
    <Contest key="8" text="Secretary of State - Dem" voteFor="1" isQuestion="false" precinctsReporting="5" precinctsReported="5">
        <VoteType name="Undervotes" votes="0">
            <Precinct name="Arabia" votes="0" />
            <Precinct name="Argyle" votes="0" />
            <Precinct name="Dupont" votes="0" />
            <Precinct name="Fargo" votes="0" />
            <Precinct name="Homerville" votes="0" />
        </VoteType>
        <VoteType name="Overvotes" votes="0">
            <Precinct name="Arabia" votes="0" />
            <Precinct name="Argyle" votes="0" />
            <Precinct name="Dupont" votes="0" />
            <Precinct name="Fargo" votes="0" />
            <Precinct name="Homerville" votes="0" />
        </VoteType>
        <Choice key="58" text="Dee Dawkins-Haigler" party="DEM" totalVotes="21">
            <VoteType name="Absentee by Mail Votes" votes="0">
                <Precinct name="Arabia" votes="0" />
                <Precinct name="Argyle" votes="0" />
                <Precinct name="Dupont" votes="0" />
                <Precinct name="Fargo" votes="0" />
                <Precinct name="Homerville" votes="0" />
            </VoteType>
            <VoteType name="Advance Voting Votes" votes="9">
                <Precinct name="Arabia" votes="0" />
                <Precinct name="Argyle" votes="0" />
                <Precinct name="Dupont" votes="0" />
                <Precinct name="Fargo" votes="0" />
                <Precinct name="Homerville" votes="9" />
            </VoteType>
            <VoteType name="Election Day Votes" votes="12">
                <Precinct name="Arabia" votes="0" />
                <Precinct name="Argyle" votes="1" />
                <Precinct name="Dupont" votes="0" />
                <Precinct name="Fargo" votes="0" />
                <Precinct name="Homerville" votes="11" />
            </VoteType>
            <VoteType name="Provisional Votes" votes="0">
                <Precinct name="Arabia" votes="0" />
                <Precinct name="Argyle" votes="0" />
                <Precinct name="Dupont" votes="0" />
                <Precinct name="Fargo" votes="0" />
                <Precinct name="Homerville" votes="0" />
            </VoteType>
        </Choice>
        <Choice key="61" text="Bee Nguyen" party="DEM" totalVotes="16">
            <VoteType name="Absentee by Mail Votes" votes="0">
                <Precinct name="Arabia" votes="0" />
                <Precinct name="Argyle" votes="0" />
                <Precinct name="Dupont" votes="0" />
                <Precinct name="Fargo" votes="0" />
                <Precinct name="Homerville" votes="0" />
            </VoteType>
            <VoteType name="Advance Voting Votes" votes="6">
                <Precinct name="Arabia" votes="0" />
                <Precinct name="Argyle" votes="0" />
                <Precinct name="Dupont" votes="1" />
                <Precinct name="Fargo" votes="0" />
                <Precinct name="Homerville" votes="5" />
            </VoteType>
            <VoteType name="Election Day Votes" votes="10">
                <Precinct name="Arabia" votes="0" />
                <Precinct name="Argyle" votes="0" />
                <Precinct name="Dupont" votes="3" />
                <Precinct name="Fargo" votes="3" />
                <Precinct name="Homerville" votes="4" />
            </VoteType>
            <VoteType name="Provisional Votes" votes="0">
                <Precinct name="Arabia" votes="0" />
                <Precinct name="Argyle" votes="0" />
                <Precinct name="Dupont" votes="0" />
                <Precinct name="Fargo" votes="0" />
                <Precinct name="Homerville" votes="0" />
            </VoteType>
        </Choice>
    </Contest>
    <Contest key="14" text="Commissioner of Insurance - Dem" voteFor="1" isQuestion="false" precinctsReporting="5" precinctsReported="5">
        <VoteType name="Undervotes" votes="4">
            <Precinct name="Arabia" votes="0" />
            <Precinct name="Argyle" votes="0" />
            <Precinct name="Dupont" votes="0" />
            <Precinct name="Fargo" votes="2" />
            <Precinct name="Homerville" votes="2" />
        </VoteType>
        <VoteType name="Overvotes" votes="0">
            <Precinct name="Arabia" votes="0" />
            <Precinct name="Argyle" votes="0" />
            <Precinct name="Dupont" votes="0" />
            <Precinct name="Fargo" votes="0" />
            <Precinct name="Homerville" votes="0" />
        </VoteType>
        <Choice key="74" text="Raphael Baker" party="DEM" totalVotes="9">
            <VoteType name="Absentee by Mail Votes" votes="0">
                <Precinct name="Arabia" votes="0" />
                <Precinct name="Argyle" votes="0" />
                <Precinct name="Dupont" votes="0" />
                <Precinct name="Fargo" votes="0" />
                <Precinct name="Homerville" votes="0" />
            </VoteType>
            <VoteType name="Advance Voting Votes" votes="5">
                <Precinct name="Arabia" votes="0" />
                <Precinct name="Argyle" votes="0" />
                <Precinct name="Dupont" votes="0" />
                <Precinct name="Fargo" votes="0" />
                <Precinct name="Homerville" votes="5" />
            </VoteType>
            <VoteType name="Election Day Votes" votes="4">
                <Precinct name="Arabia" votes="0" />
                <Precinct name="Argyle" votes="1" />
                <Precinct name="Dupont" votes="1" />
                <Precinct name="Fargo" votes="1" />
                <Precinct name="Homerville" votes="1" />
            </VoteType>
            <VoteType name="Provisional Votes" votes="0">
                <Precinct name="Arabia" votes="0" />
                <Precinct name="Argyle" votes="0" />
                <Precinct name="Dupont" votes="0" />
                <Precinct name="Fargo" votes="0" />
                <Precinct name="Homerville" votes="0" />
            </VoteType>
        </Choice>
        <Choice key="75" text="Janice Laws Robinson" party="DEM" totalVotes="24">
            <VoteType name="Absentee by Mail Votes" votes="0">
                <Precinct name="Arabia" votes="0" />
                <Precinct name="Argyle" votes="0" />
                <Precinct name="Dupont" votes="0" />
                <Precinct name="Fargo" votes="0" />
                <Precinct name="Homerville" votes="0" />
            </VoteType>
            <VoteType name="Advance Voting Votes" votes="9">
                <Precinct name="Arabia" votes="0" />
                <Precinct name="Argyle" votes="0" />
                <Precinct name="Dupont" votes="1" />
                <Precinct name="Fargo" votes="0" />
                <Precinct name="Homerville" votes="8" />
            </VoteType>
            <VoteType name="Election Day Votes" votes="15">
                <Precinct name="Arabia" votes="0" />
                <Precinct name="Argyle" votes="0" />
                <Precinct name="Dupont" votes="2" />
                <Precinct name="Fargo" votes="0" />
                <Precinct name="Homerville" votes="13" />
            </VoteType>
            <VoteType name="Provisional Votes" votes="0">
                <Precinct name="Arabia" votes="0" />
                <Precinct name="Argyle" votes="0" />
                <Precinct name="Dupont" votes="0" />
                <Precinct name="Fargo" votes="0" />
                <Precinct name="Homerville" votes="0" />
            </VoteType>
        </Choice>
    </Contest>
    <Contest key="18" text="Commissioner of Labor - Dem" voteFor="1" isQuestion="false" precinctsReporting="5" precinctsReported="5">
        <VoteType name="Undervotes" votes="2">
            <Precinct name="Arabia" votes="0" />
            <Precinct name="Argyle" votes="0" />
            <Precinct name="Dupont" votes="0" />
            <Precinct name="Fargo" votes="0" />
            <Precinct name="Homerville" votes="2" />
        </VoteType>
        <VoteType name="Overvotes" votes="0">
            <Precinct name="Arabia" votes="0" />
            <Precinct name="Argyle" votes="0" />
            <Precinct name="Dupont" votes="0" />
            <Precinct name="Fargo" votes="0" />
            <Precinct name="Homerville" votes="0" />
        </VoteType>
        <Choice key="86" text="William &quot;&quot;Will&quot;&quot; Boddie, Jr." party="DEM" totalVotes="23">
            <VoteType name="Absentee by Mail Votes" votes="0">
                <Precinct name="Arabia" votes="0" />
                <Precinct name="Argyle" votes="0" />
                <Precinct name="Dupont" votes="0" />
                <Precinct name="Fargo" votes="0" />
                <Precinct name="Homerville" votes="0" />
            </VoteType>
            <VoteType name="Advance Voting Votes" votes="12">
                <Precinct name="Arabia" votes="0" />
                <Precinct name="Argyle" votes="0" />
                <Precinct name="Dupont" votes="1" />
                <Precinct name="Fargo" votes="0" />
                <Precinct name="Homerville" votes="11" />
            </VoteType>
            <VoteType name="Election Day Votes" votes="11">
                <Precinct name="Arabia" votes="0" />
                <Precinct name="Argyle" votes="0" />
                <Precinct name="Dupont" votes="1" />
                <Precinct name="Fargo" votes="0" />
                <Precinct name="Homerville" votes="10" />
            </VoteType>
            <VoteType name="Provisional Votes" votes="0">
                <Precinct name="Arabia" votes="0" />
                <Precinct name="Argyle" votes="0" />
                <Precinct name="Dupont" votes="0" />
                <Precinct name="Fargo" votes="0" />
                <Precinct name="Homerville" votes="0" />
            </VoteType>
        </Choice>
        <Choice key="88" text="Nicole Horn" party="DEM" totalVotes="12">
            <VoteType name="Absentee by Mail Votes" votes="0">
                <Precinct name="Arabia" votes="0" />
                <Precinct name="Argyle" votes="0" />
                <Precinct name="Dupont" votes="0" />
                <Precinct name="Fargo" votes="0" />
                <Precinct name="Homerville" votes="0" />
            </VoteType>
            <VoteType name="Advance Voting Votes" votes="2">
                <Precinct name="Arabia" votes="0" />
                <Precinct name="Argyle" votes="0" />
                <Precinct name="Dupont" votes="0" />
                <Precinct name="Fargo" votes="0" />
                <Precinct name="Homerville" votes="2" />
            </VoteType>
            <VoteType name="Election Day Votes" votes="10">
                <Precinct name="Arabia" votes="0" />
                <Precinct name="Argyle" votes="1" />
                <Precinct name="Dupont" votes="2" />
                <Precinct name="Fargo" votes="3" />
                <Precinct name="Homerville" votes="4" />
            </VoteType>
            <VoteType name="Provisional Votes" votes="0">
                <Precinct name="Arabia" votes="0" />
                <Precinct name="Argyle" votes="0" />
                <Precinct name="Dupont" votes="0" />
                <Precinct name="Fargo" votes="0" />
                <Precinct name="Homerville" votes="0" />
            </VoteType>
        </Choice>
    </Contest>
</ElectionResult>