<?xml version="1.0"?>
<!--Election result snapshot imported from Tabulation System
-->
<ElectionResult>
    <Timestamp>6/27/2022 4:03:12 PM EDT</Timestamp>
    <ElectionName>June 21, 2022 - General Primary -Nonpartisan General Election Runoff</ElectionName>
    <ElectionDate>6/21/2022</ElectionDate>
    <Region>Floyd</Region>
    <VoterTurnout totalVoters="59340" ballotsCast="725" voterTurnout="1.22">
        <Precincts>
            <Precinct name="Alto Park" totalVoters="3294" ballotsCast="38" voterTurnout="1.15" percentReporting="4" />
            <Precinct name="Armuchee" totalVoters="1245" ballotsCast="8" voterTurnout="0.64" percentReporting="4" />
            <Precinct name="Barkers" totalVoters="2249" ballotsCast="13" voterTurnout="0.58" percentReporting="4" />
            <Precinct name="Cave Spring" totalVoters="1578" ballotsCast="20" voterTurnout="1.27" percentReporting="4" />
            <Precinct name="Chulio" totalVoters="1196" ballotsCast="12" voterTurnout="1.00" percentReporting="4" />
            <Precinct name="Etowah" totalVoters="4858" ballotsCast="58" voterTurnout="1.19" percentReporting="4" />
            <Precinct name="Everett Springs" totalVoters="408" ballotsCast="2" voterTurnout="0.49" percentReporting="4" />
            <Precinct name="Floyd Springs" totalVoters="1609" ballotsCast="2" voterTurnout="0.12" percentReporting="4" />
            <Precinct name="Fosters Mill" totalVoters="964" ballotsCast="1" voterTurnout="0.10" percentReporting="4" />
            <Precinct name="Garden Lakes" totalVoters="2286" ballotsCast="19" voterTurnout="0.83" percentReporting="4" />
            <Precinct name="Glenwood" totalVoters="3483" ballotsCast="19" voterTurnout="0.55" percentReporting="4" />
            <Precinct name="Howell" totalVoters="1552" ballotsCast="7" voterTurnout="0.45" percentReporting="4" />
            <Precinct name="East Lindale" totalVoters="3266" ballotsCast="31" voterTurnout="0.95" percentReporting="4" />
            <Precinct name="Mt Alto North" totalVoters="5036" ballotsCast="69" voterTurnout="1.37" percentReporting="4" />
            <Precinct name="Mt Alto South" totalVoters="3899" ballotsCast="61" voterTurnout="1.56" percentReporting="4" />
            <Precinct name="North Carolina" totalVoters="1919" ballotsCast="9" voterTurnout="0.47" percentReporting="4" />
            <Precinct name="Riverside" totalVoters="915" ballotsCast="10" voterTurnout="1.09" percentReporting="4" />
            <Precinct name="East Rome" totalVoters="4084" ballotsCast="84" voterTurnout="2.06" percentReporting="4" />
            <Precinct name="North Rome" totalVoters="3213" ballotsCast="100" voterTurnout="3.11" percentReporting="4" />
            <Precinct name="South Rome" totalVoters="1434" ballotsCast="47" voterTurnout="3.28" percentReporting="4" />
            <Precinct name="Texas Valley" totalVoters="672" ballotsCast="4" voterTurnout="0.60" percentReporting="4" />
            <Precinct name="Vanns Valley" totalVoters="888" ballotsCast="5" voterTurnout="0.56" percentReporting="4" />
            <Precinct name="Watters" totalVoters="3388" ballotsCast="27" voterTurnout="0.80" percentReporting="4" />
            <Precinct name="West Lindale" totalVoters="2938" ballotsCast="18" voterTurnout="0.61" percentReporting="4" />
            <Precinct name="Town Rome" totalVoters="2966" ballotsCast="61" voterTurnout="2.06" percentReporting="4" />
        </Precincts>
    </VoterTurnout>
    <Contest key="8" text="DEM - Lieutenant Governor" voteFor="1" isQuestion="false" precinctsReporting="25" precinctsReported="25">
        <VoteType name="Undervotes" votes="0">
            <Precinct name="Alto Park" votes="0" />
            <Precinct name="Armuchee" votes="0" />
            <Precinct name="Barkers" votes="0" />
            <Precinct name="Cave Spring" votes="0" />
            <Precinct name="Chulio" votes="0" />
            <Precinct name="Etowah" votes="0" />
            <Precinct name="Everett Springs" votes="0" />
            <Precinct name="Floyd Springs" votes="0" />
            <Precinct name="Fosters Mill" votes="0" />
            <Precinct name="Garden Lakes" votes="0" />
            <Precinct name="Glenwood" votes="0" />
            <Precinct name="Howell" votes="0" />
            <Precinct name="East Lindale" votes="0" />
            <Precinct name="Mt Alto North" votes="0" />
            <Precinct name="Mt Alto South" votes="0" />
            <Precinct name="North Carolina" votes="0" />
            <Precinct name="Riverside" votes="0" />
            <Precinct name="East Rome" votes="0" />
            <Precinct name="North Rome" votes="0" />
            <Precinct name="South Rome" votes="0" />
            <Precinct name="Texas Valley" votes="0" />
            <Precinct name="Vanns Valley" votes="0" />
            <Precinct name="Watters" votes="0" />
            <Precinct name="West Lindale" votes="0" />
            <Precinct name="Town Rome" votes="0" />
        </VoteType>
        <VoteType name="Overvotes" votes="0">
            <Precinct name="Alto Park" votes="0" />
            <Precinct name="Armuchee" votes="0" />
            <Precinct name="Barkers" votes="0" />
            <Precinct name="Cave Spring" votes="0" />
            <Precinct name="Chulio" votes="0" />
            <Precinct name="Etowah" votes="0" />
            <Precinct name="Everett Springs" votes="0" />
            <Precinct name="Floyd Springs" votes="0" />
            <Precinct name="Fosters Mill" votes="0" />
            <Precinct name="Garden Lakes" votes="0" />
            <Precinct name="Glenwood" votes="0" />
            <Precinct name="Howell" votes="0" />
            <Precinct name="East Lindale" votes="0" />
            <Precinct name="Mt Alto North" votes="0" />
            <Precinct name="Mt Alto South" votes="0" />
            <Precinct name="North Carolina" votes="0" />
            <Precinct name="Riverside" votes="0" />
            <Precinct name="East Rome" votes="0" />
            <Precinct name="North Rome" votes="0" />
            <Precinct name="South Rome" votes="0" />
            <Precinct name="Texas Valley" votes="0" />
            <Precinct name="Vanns Valley" votes="0" />
            <Precinct name="Watters" votes="0" />
            <Precinct name="West Lindale" votes="0" />
            <Precinct name="Town Rome" votes="0" />
        </VoteType>
        <Choice key="67" text="Charlie Bailey" party="DEM" totalVotes="503">
            <VoteType name="Absentee by Mail Votes" votes="79">
                <Precinct name="Alto Park" votes="6" />
                <Precinct name="Armuchee" votes="1" />
                <Precinct name="Barkers" votes="4" />
                <Precinct name="Cave Spring" votes="1" />
                <Precinct name="Chulio" votes="4" />
                <Precinct name="Etowah" votes="4" />
                <Precinct name="Everett Springs" votes="0" />
                <Precinct name="Floyd Springs" votes="0" />
                <Precinct name="Fosters Mill" votes="0" />
                <Precinct name="Garden Lakes" votes="1" />
                <Precinct name="Glenwood" votes="3" />
                <Precinct name="Howell" votes="0" />
                <Precinct name="East Lindale" votes="5" />
                <Precinct name="Mt Alto North" votes="2" />
                <Precinct name="Mt Alto South" votes="7" />
                <Precinct name="North Carolina" votes="1" />
                <Precinct name="Riverside" votes="0" />
                <Precinct name="East Rome" votes="11" />
                <Precinct name="North Rome" votes="13" />
                <Precinct name="South Rome" votes="2" />
                <Precinct name="Texas Valley" votes="0" />
                <Precinct name="Vanns Valley" votes="0" />
                <Precinct name="Watters" votes="6" />
                <Precinct name="West Lindale" votes="2" />
                <Precinct name="Town Rome" votes="6" />
            </VoteType>
            <VoteType name="Advance Voting Votes" votes="130">
                <Precinct name="Alto Park" votes="5" />
                <Precinct name="Armuchee" votes="1" />
                <Precinct name="Barkers" votes="4" />
                <Precinct name="Cave Spring" votes="3" />
                <Precinct name="Chulio" votes="0" />
                <Precinct name="Etowah" votes="16" />
                <Precinct name="Everett Springs" votes="0" />
                <Precinct name="Floyd Springs" votes="0" />
                <Precinct name="Fosters Mill" votes="0" />
                <Precinct name="Garden Lakes" votes="5" />
                <Precinct name="Glenwood" votes="0" />
                <Precinct name="Howell" votes="3" />
                <Precinct name="East Lindale" votes="2" />
                <Precinct name="Mt Alto North" votes="11" />
                <Precinct name="Mt Alto South" votes="6" />
                <Precinct name="North Carolina" votes="0" />
                <Precinct name="Riverside" votes="1" />
                <Precinct name="East Rome" votes="20" />
                <Precinct name="North Rome" votes="32" />
                <Precinct name="South Rome" votes="7" />
                <Precinct name="Texas Valley" votes="0" />
                <Precinct name="Vanns Valley" votes="0" />
                <Precinct name="Watters" votes="3" />
                <Precinct name="West Lindale" votes="1" />
                <Precinct name="Town Rome" votes="10" />
            </VoteType>
            <VoteType name="Election Day Votes" votes="294">
                <Precinct name="Alto Park" votes="12" />
                <Precinct name="Armuchee" votes="6" />
                <Precinct name="Barkers" votes="2" />
                <Precinct name="Cave Spring" votes="13" />
                <Precinct name="Chulio" votes="5" />
                <Precinct name="Etowah" votes="18" />
                <Precinct name="Everett Springs" votes="2" />
                <Precinct name="Floyd Springs" votes="1" />
                <Precinct name="Fosters Mill" votes="1" />
                <Precinct name="Garden Lakes" votes="9" />
                <Precinct name="Glenwood" votes="10" />
                <Precinct name="Howell" votes="4" />
                <Precinct name="East Lindale" votes="12" />
                <Precinct name="Mt Alto North" votes="33" />
                <Precinct name="Mt Alto South" votes="25" />
                <Precinct name="North Carolina" votes="3" />
                <Precinct name="Riverside" votes="7" />
                <Precinct name="East Rome" votes="32" />
                <Precinct name="North Rome" votes="22" />
                <Precinct name="South Rome" votes="20" />
                <Precinct name="Texas Valley" votes="2" />
                <Precinct name="Vanns Valley" votes="3" />
                <Precinct name="Watters" votes="12" />
                <Precinct name="West Lindale" votes="5" />
                <Precinct name="Town Rome" votes="35" />
            </VoteType>
            <VoteType name="Provisional Votes" votes="0">
                <Precinct name="Alto Park" votes="0" />
                <Precinct name="Armuchee" votes="0" />
                <Precinct name="Barkers" votes="0" />
                <Precinct name="Cave Spring" votes="0" />
                <Precinct name="Chulio" votes="0" />
                <Precinct name="Etowah" votes="0" />
                <Precinct name="Everett Springs" votes="0" />
                <Precinct name="Floyd Springs" votes="0" />
                <Precinct name="Fosters Mill" votes="0" />
                <Precinct name="Garden Lakes" votes="0" />
                <Precinct name="Glenwood" votes="0" />
                <Precinct name="Howell" votes="0" />
                <Precinct name="East Lindale" votes="0" />
                <Precinct name="Mt Alto North" votes="0" />
                <Precinct name="Mt Alto South" votes="0" />
                <Precinct name="North Carolina" votes="0" />
                <Precinct name="Riverside" votes="0" />
                <Precinct name="East Rome" votes="0" />
                <Precinct name="North Rome" votes="0" />
                <Precinct name="South Rome" votes="0" />
                <Precinct name="Texas Valley" votes="0" />
                <Precinct name="Vanns Valley" votes="0" />
                <Precinct name="Watters" votes="0" />
                <Precinct name="West Lindale" votes="0" />
                <Precinct name="Town Rome" votes="0" />
            </VoteType>
        </Choice>
        <Choice key="70" text="Kwanza Hall" party="DEM" totalVotes="222">
            <VoteType name="Absentee by Mail Votes" votes="49">
                <Precinct name="Alto Park" votes="3" />
                <Precinct name="Armuchee" votes="0" />
                <Precinct name="Barkers" votes="3" />
                <Precinct name="Cave Spring" votes="1" />
                <Precinct name="Chulio" votes="0" />
                <Precinct name="Etowah" votes="6" />
                <Precinct name="Everett Springs" votes="0" />
                <Precinct name="Floyd Springs" votes="0" />
                <Precinct name="Fosters Mill" votes="0" />
                <Precinct name="Garden Lakes" votes="1" />
                <Precinct name="Glenwood" votes="0" />
                <Precinct name="Howell" votes="0" />
                <Precinct name="East Lindale" votes="1" />
                <Precinct name="Mt Alto North" votes="1" />
                <Precinct name="Mt Alto South" votes="4" />
                <Precinct name="North Carolina" votes="3" />
                <Precinct name="Riverside" votes="1" />
                <Precinct name="East Rome" votes="5" />
                <Precinct name="North Rome" votes="9" />
                <Precinct name="South Rome" votes="5" />
                <Precinct name="Texas Valley" votes="0" />
                <Precinct name="Vanns Valley" votes="0" />
                <Precinct name="Watters" votes="1" />
                <Precinct name="West Lindale" votes="1" />
                <Precinct name="Town Rome" votes="4" />
            </VoteType>
            <VoteType name="Advance Voting Votes" votes="49">
                <Precinct name="Alto Park" votes="5" />
                <Precinct name="Armuchee" votes="0" />
                <Precinct name="Barkers" votes="0" />
                <Precinct name="Cave Spring" votes="0" />
                <Precinct name="Chulio" votes="0" />
                <Precinct name="Etowah" votes="4" />
                <Precinct name="Everett Springs" votes="0" />
                <Precinct name="Floyd Springs" votes="0" />
                <Precinct name="Fosters Mill" votes="0" />
                <Precinct name="Garden Lakes" votes="1" />
                <Precinct name="Glenwood" votes="0" />
                <Precinct name="Howell" votes="0" />
                <Precinct name="East Lindale" votes="5" />
                <Precinct name="Mt Alto North" votes="7" />
                <Precinct name="Mt Alto South" votes="6" />
                <Precinct name="North Carolina" votes="0" />
                <Precinct name="Riverside" votes="0" />
                <Precinct name="East Rome" votes="6" />
                <Precinct name="North Rome" votes="9" />
                <Precinct name="South Rome" votes="0" />
                <Precinct name="Texas Valley" votes="0" />
                <Precinct name="Vanns Valley" votes="0" />
                <Precinct name="Watters" votes="3" />
                <Precinct name="West Lindale" votes="2" />
                <Precinct name="Town Rome" votes="1" />
            </VoteType>
            <VoteType name="Election Day Votes" votes="122">
                <Precinct name="Alto Park" votes="7" />
                <Precinct name="Armuchee" votes="0" />
                <Precinct name="Barkers" votes="0" />
                <Precinct name="Cave Spring" votes="2" />
                <Precinct name="Chulio" votes="3" />
                <Precinct name="Etowah" votes="10" />
                <Precinct name="Everett Springs" votes="0" />
                <Precinct name="Floyd Springs" votes="1" />
                <Precinct name="Fosters Mill" votes="0" />
                <Precinct name="Garden Lakes" votes="2" />
                <Precinct name="Glenwood" votes="6" />
                <Precinct name="Howell" votes="0" />
                <Precinct name="East Lindale" votes="6" />
                <Precinct name="Mt Alto North" votes="15" />
                <Precinct name="Mt Alto South" votes="13" />
                <Precinct name="North Carolina" votes="2" />
                <Precinct name="Riverside" votes="1" />
                <Precinct name="East Rome" votes="10" />
                <Precinct name="North Rome" votes="15" />
                <Precinct name="South Rome" votes="13" />
                <Precinct name="Texas Valley" votes="2" />
                <Precinct name="Vanns Valley" votes="2" />
                <Precinct name="Watters" votes="2" />
                <Precinct name="West Lindale" votes="5" />
                <Precinct name="Town Rome" votes="5" />
            </VoteType>
            <VoteType name="Provisional Votes" votes="2">
                <Precinct name="Alto Park" votes="0" />
                <Precinct name="Armuchee" votes="0" />
                <Precinct name="Barkers" votes="0" />
                <Precinct name="Cave Spring" votes="0" />
                <Precinct name="Chulio" votes="0" />
                <Precinct name="Etowah" votes="0" />
                <Precinct name="Everett Springs" votes="0" />
                <Precinct name="Floyd Springs" votes="0" />
                <Precinct name="Fosters Mill" votes="0" />
                <Precinct name="Garden Lakes" votes="0" />
                <Precinct name="Glenwood" votes="0" />
                <Precinct name="Howell" votes="0" />
                <Precinct name="East Lindale" votes="0" />
                <Precinct name="Mt Alto North" votes="0" />
                <Precinct name="Mt Alto South" votes="0" />
                <Precinct name="North Carolina" votes="0" />
                <Precinct name="Riverside" votes="0" />
                <Precinct name="East Rome" votes="0" />
                <Precinct name="North Rome" votes="0" />
                <Precinct name="South Rome" votes="0" />
                <Precinct name="Texas Valley" votes="0" />
                <Precinct name="Vanns Valley" votes="0" />
                <Precinct name="Watters" votes="0" />
                <Precinct name="West Lindale" votes="2" />
                <Precinct name="Town Rome" votes="0" />
            </VoteType>
        </Choice>
    </Contest>
    <Contest key="10" text="DEM - Secretary of State" voteFor="1" isQuestion="false" precinctsReporting="25" precinctsReported="25">
        <VoteType name="Undervotes" votes="4">
            <Precinct name="Alto Park" votes="0" />
            <Precinct name="Armuchee" votes="0" />
            <Precinct name="Barkers" votes="0" />
            <Precinct name="Cave Spring" votes="0" />
            <Precinct name="Chulio" votes="0" />
            <Precinct name="Etowah" votes="0" />
            <Precinct name="Everett Springs" votes="0" />
            <Precinct name="Floyd Springs" votes="0" />
            <Precinct name="Fosters Mill" votes="0" />
            <Precinct name="Garden Lakes" votes="0" />
            <Precinct name="Glenwood" votes="0" />
            <Precinct name="Howell" votes="0" />
            <Precinct name="East Lindale" votes="0" />
            <Precinct name="Mt Alto North" votes="1" />
            <Precinct name="Mt Alto South" votes="0" />
            <Precinct name="North Carolina" votes="1" />
            <Precinct name="Riverside" votes="0" />
            <Precinct name="East Rome" votes="1" />
            <Precinct name="North Rome" votes="1" />
            <Precinct name="South Rome" votes="0" />
            <Precinct name="Texas Valley" votes="0" />
            <Precinct name="Vanns Valley" votes="0" />
            <Precinct name="Watters" votes="0" />
            <Precinct name="West Lindale" votes="0" />
            <Precinct name="Town Rome" votes="0" />
        </VoteType>
        <VoteType name="Overvotes" votes="0">
            <Precinct name="Alto Park" votes="0" />
            <Precinct name="Armuchee" votes="0" />
            <Precinct name="Barkers" votes="0" />
            <Precinct name="Cave Spring" votes="0" />
            <Precinct name="Chulio" votes="0" />
            <Precinct name="Etowah" votes="0" />
            <Precinct name="Everett Springs" votes="0" />
            <Precinct name="Floyd Springs" votes="0" />
            <Precinct name="Fosters Mill" votes="0" />
            <Precinct name="Garden Lakes" votes="0" />
            <Precinct name="Glenwood" votes="0" />
            <Precinct name="Howell" votes="0" />
            <Precinct name="East Lindale" votes="0" />
            <Precinct name="Mt Alto North" votes="0" />
            <Precinct name="Mt Alto South" votes="0" />
            <Precinct name="North Carolina" votes="0" />
            <Precinct name="Riverside" votes="0" />
            <Precinct name="East Rome" votes="0" />
            <Precinct name="North Rome" votes="0" />
            <Precinct name="South Rome" votes="0" />
            <Precinct name="Texas Valley" votes="0" />
            <Precinct name="Vanns Valley" votes="0" />
            <Precinct name="Watters" votes="0" />
            <Precinct name="West Lindale" votes="0" />
            <Precinct name="Town Rome" votes="0" />
        </VoteType>
        <Choice key="79" text="Dee Dawkins-Haigler" party="DEM" totalVotes="121">
            <VoteType name="Absentee by Mail Votes" votes="24">
                <Precinct name="Alto Park" votes="0" />
                <Precinct name="Armuchee" votes="1" />
                <Precinct name="Barkers" votes="1" />
                <Precinct name="Cave Spring" votes="1" />
                <Precinct name="Chulio" votes="1" />
                <Precinct name="Etowah" votes="2" />
                <Precinct name="Everett Springs" votes="0" />
                <Precinct name="Floyd Springs" votes="0" />
                <Precinct name="Fosters Mill" votes="0" />
                <Precinct name="Garden Lakes" votes="1" />
                <Precinct name="Glenwood" votes="0" />
                <Precinct name="Howell" votes="0" />
                <Precinct name="East Lindale" votes="0" />
                <Precinct name="Mt Alto North" votes="0" />
                <Precinct name="Mt Alto South" votes="2" />
                <Precinct name="North Carolina" votes="0" />
                <Precinct name="Riverside" votes="0" />
                <Precinct name="East Rome" votes="4" />
                <Precinct name="North Rome" votes="7" />
                <Precinct name="South Rome" votes="2" />
                <Precinct name="Texas Valley" votes="0" />
                <Precinct name="Vanns Valley" votes="0" />
                <Precinct name="Watters" votes="0" />
                <Precinct name="West Lindale" votes="0" />
                <Precinct name="Town Rome" votes="2" />
            </VoteType>
            <VoteType name="Advance Voting Votes" votes="31">
                <Precinct name="Alto Park" votes="3" />
                <Precinct name="Armuchee" votes="0" />
                <Precinct name="Barkers" votes="0" />
                <Precinct name="Cave Spring" votes="0" />
                <Precinct name="Chulio" votes="0" />
                <Precinct name="Etowah" votes="3" />
                <Precinct name="Everett Springs" votes="0" />
                <Precinct name="Floyd Springs" votes="0" />
                <Precinct name="Fosters Mill" votes="0" />
                <Precinct name="Garden Lakes" votes="0" />
                <Precinct name="Glenwood" votes="0" />
                <Precinct name="Howell" votes="0" />
                <Precinct name="East Lindale" votes="2" />
                <Precinct name="Mt Alto North" votes="2" />
                <Precinct name="Mt Alto South" votes="4" />
                <Precinct name="North Carolina" votes="0" />
                <Precinct name="Riverside" votes="0" />
                <Precinct name="East Rome" votes="4" />
                <Precinct name="North Rome" votes="7" />
                <Precinct name="South Rome" votes="3" />
                <Precinct name="Texas Valley" votes="0" />
                <Precinct name="Vanns Valley" votes="0" />
                <Precinct name="Watters" votes="1" />
                <Precinct name="West Lindale" votes="0" />
                <Precinct name="Town Rome" votes="2" />
            </VoteType>
            <VoteType name="Election Day Votes" votes="66">
                <Precinct name="Alto Park" votes="2" />
                <Precinct name="Armuchee" votes="1" />
                <Precinct name="Barkers" votes="0" />
                <Precinct name="Cave Spring" votes="0" />
                <Precinct name="Chulio" votes="1" />
                <Precinct name="Etowah" votes="6" />
                <Precinct name="Everett Springs" votes="0" />
                <Precinct name="Floyd Springs" votes="0" />
                <Precinct name="Fosters Mill" votes="0" />
                <Precinct name="Garden Lakes" votes="0" />
                <Precinct name="Glenwood" votes="4" />
                <Precinct name="Howell" votes="1" />
                <Precinct name="East Lindale" votes="4" />
                <Precinct name="Mt Alto North" votes="6" />
                <Precinct name="Mt Alto South" votes="9" />
                <Precinct name="North Carolina" votes="0" />
                <Precinct name="Riverside" votes="2" />
                <Precinct name="East Rome" votes="6" />
                <Precinct name="North Rome" votes="10" />
                <Precinct name="South Rome" votes="9" />
                <Precinct name="Texas Valley" votes="0" />
                <Precinct name="Vanns Valley" votes="1" />
                <Precinct name="Watters" votes="2" />
                <Precinct name="West Lindale" votes="1" />
                <Precinct name="Town Rome" votes="1" />
            </VoteType>
            <VoteType name="Provisional Votes" votes="0">
                <Precinct name="Alto Park" votes="0" />
                <Precinct name="Armuchee" votes="0" />
                <Precinct name="Barkers" votes="0" />
                <Precinct name="Cave Spring" votes="0" />
                <Precinct name="Chulio" votes="0" />
                <Precinct name="Etowah" votes="0" />
                <Precinct name="Everett Springs" votes="0" />
                <Precinct name="Floyd Springs" votes="0" />
                <Precinct name="Fosters Mill" votes="0" />
                <Precinct name="Garden Lakes" votes="0" />
                <Precinct name="Glenwood" votes="0" />
                <Precinct name="Howell" votes="0" />
                <Precinct name="East Lindale" votes="0" />
                <Precinct name="Mt Alto North" votes="0" />
                <Precinct name="Mt Alto South" votes="0" />
                <Precinct name="North Carolina" votes="0" />
                <Precinct name="Riverside" votes="0" />
                <Precinct name="East Rome" votes="0" />
                <Precinct name="North Rome" votes="0" />
                <Precinct name="South Rome" votes="0" />
                <Precinct name="Texas Valley" votes="0" />
                <Precinct name="Vanns Valley" votes="0" />
                <Precinct name="Watters" votes="0" />
                <Precinct name="West Lindale" votes="0" />
                <Precinct name="Town Rome" votes="0" />
            </VoteType>
        </Choice>
        <Choice key="82" text="Bee Nguyen" party="DEM" totalVotes="600">
            <VoteType name="Absentee by Mail Votes" votes="103">
                <Precinct name="Alto Park" votes="9" />
                <Precinct name="Armuchee" votes="0" />
                <Precinct name="Barkers" votes="6" />
                <Precinct name="Cave Spring" votes="1" />
                <Precinct name="Chulio" votes="3" />
                <Precinct name="Etowah" votes="8" />
                <Precinct name="Everett Springs" votes="0" />
                <Precinct name="Floyd Springs" votes="0" />
                <Precinct name="Fosters Mill" votes="0" />
                <Precinct name="Garden Lakes" votes="1" />
                <Precinct name="Glenwood" votes="3" />
                <Precinct name="Howell" votes="0" />
                <Precinct name="East Lindale" votes="6" />
                <Precinct name="Mt Alto North" votes="3" />
                <Precinct name="Mt Alto South" votes="9" />
                <Precinct name="North Carolina" votes="3" />
                <Precinct name="Riverside" votes="1" />
                <Precinct name="East Rome" votes="12" />
                <Precinct name="North Rome" votes="15" />
                <Precinct name="South Rome" votes="5" />
                <Precinct name="Texas Valley" votes="0" />
                <Precinct name="Vanns Valley" votes="0" />
                <Precinct name="Watters" votes="7" />
                <Precinct name="West Lindale" votes="3" />
                <Precinct name="Town Rome" votes="8" />
            </VoteType>
            <VoteType name="Advance Voting Votes" votes="146">
                <Precinct name="Alto Park" votes="7" />
                <Precinct name="Armuchee" votes="1" />
                <Precinct name="Barkers" votes="4" />
                <Precinct name="Cave Spring" votes="3" />
                <Precinct name="Chulio" votes="0" />
                <Precinct name="Etowah" votes="17" />
                <Precinct name="Everett Springs" votes="0" />
                <Precinct name="Floyd Springs" votes="0" />
                <Precinct name="Fosters Mill" votes="0" />
                <Precinct name="Garden Lakes" votes="6" />
                <Precinct name="Glenwood" votes="0" />
                <Precinct name="Howell" votes="3" />
                <Precinct name="East Lindale" votes="5" />
                <Precinct name="Mt Alto North" votes="16" />
                <Precinct name="Mt Alto South" votes="8" />
                <Precinct name="North Carolina" votes="0" />
                <Precinct name="Riverside" votes="1" />
                <Precinct name="East Rome" votes="21" />
                <Precinct name="North Rome" votes="33" />
                <Precinct name="South Rome" votes="4" />
                <Precinct name="Texas Valley" votes="0" />
                <Precinct name="Vanns Valley" votes="0" />
                <Precinct name="Watters" votes="5" />
                <Precinct name="West Lindale" votes="3" />
                <Precinct name="Town Rome" votes="9" />
            </VoteType>
            <VoteType name="Election Day Votes" votes="349">
                <Precinct name="Alto Park" votes="17" />
                <Precinct name="Armuchee" votes="5" />
                <Precinct name="Barkers" votes="2" />
                <Precinct name="Cave Spring" votes="15" />
                <Precinct name="Chulio" votes="7" />
                <Precinct name="Etowah" votes="22" />
                <Precinct name="Everett Springs" votes="2" />
                <Precinct name="Floyd Springs" votes="2" />
                <Precinct name="Fosters Mill" votes="1" />
                <Precinct name="Garden Lakes" votes="11" />
                <Precinct name="Glenwood" votes="12" />
                <Precinct name="Howell" votes="3" />
                <Precinct name="East Lindale" votes="14" />
                <Precinct name="Mt Alto North" votes="41" />
                <Precinct name="Mt Alto South" votes="29" />
                <Precinct name="North Carolina" votes="5" />
                <Precinct name="Riverside" votes="6" />
                <Precinct name="East Rome" votes="36" />
                <Precinct name="North Rome" votes="27" />
                <Precinct name="South Rome" votes="24" />
                <Precinct name="Texas Valley" votes="4" />
                <Precinct name="Vanns Valley" votes="4" />
                <Precinct name="Watters" votes="12" />
                <Precinct name="West Lindale" votes="9" />
                <Precinct name="Town Rome" votes="39" />
            </VoteType>
            <VoteType name="Provisional Votes" votes="2">
                <Precinct name="Alto Park" votes="0" />
                <Precinct name="Armuchee" votes="0" />
                <Precinct name="Barkers" votes="0" />
                <Precinct name="Cave Spring" votes="0" />
                <Precinct name="Chulio" votes="0" />
                <Precinct name="Etowah" votes="0" />
                <Precinct name="Everett Springs" votes="0" />
                <Precinct name="Floyd Springs" votes="0" />
                <Precinct name="Fosters Mill" votes="0" />
                <Precinct name="Garden Lakes" votes="0" />
                <Precinct name="Glenwood" votes="0" />
                <Precinct name="Howell" votes="0" />
                <Precinct name="East Lindale" votes="0" />
                <Precinct name="Mt Alto North" votes="0" />
                <Precinct name="Mt Alto South" votes="0" />
                <Precinct name="North Carolina" votes="0" />
                <Precinct name="Riverside" votes="0" />
                <Precinct name="East Rome" votes="0" />
                <Precinct name="North Rome" votes="0" />
                <Precinct name="South Rome" votes="0" />
                <Precinct name="Texas Valley" votes="0" />
                <Precinct name="Vanns Valley" votes="0" />
                <Precinct name="Watters" votes="0" />
                <Precinct name="West Lindale" votes="2" />
                <Precinct name="Town Rome" votes="0" />
            </VoteType>
        </Choice>
    </Contest>
    <Contest key="16" text="DEM - Commissioner Of Insurance" voteFor="1" isQuestion="false" precinctsReporting="25" precinctsReported="25">
        <VoteType name="Undervotes" votes="27">
            <Precinct name="Alto Park" votes="1" />
            <Precinct name="Armuchee" votes="0" />
            <Precinct name="Barkers" votes="0" />
            <Precinct name="Cave Spring" votes="0" />
            <Precinct name="Chulio" votes="0" />
            <Precinct name="Etowah" votes="0" />
            <Precinct name="Everett Springs" votes="0" />
            <Precinct name="Floyd Springs" votes="0" />
            <Precinct name="Fosters Mill" votes="0" />
            <Precinct name="Garden Lakes" votes="1" />
            <Precinct name="Glenwood" votes="0" />
            <Precinct name="Howell" votes="0" />
            <Precinct name="East Lindale" votes="0" />
            <Precinct name="Mt Alto North" votes="3" />
            <Precinct name="Mt Alto South" votes="1" />
            <Precinct name="North Carolina" votes="1" />
            <Precinct name="Riverside" votes="0" />
            <Precinct name="East Rome" votes="2" />
            <Precinct name="North Rome" votes="9" />
            <Precinct name="South Rome" votes="1" />
            <Precinct name="Texas Valley" votes="0" />
            <Precinct name="Vanns Valley" votes="0" />
            <Precinct name="Watters" votes="0" />
            <Precinct name="West Lindale" votes="0" />
            <Precinct name="Town Rome" votes="8" />
        </VoteType>
        <VoteType name="Overvotes" votes="0">
            <Precinct name="Alto Park" votes="0" />
            <Precinct name="Armuchee" votes="0" />
            <Precinct name="Barkers" votes="0" />
            <Precinct name="Cave Spring" votes="0" />
            <Precinct name="Chulio" votes="0" />
            <Precinct name="Etowah" votes="0" />
            <Precinct name="Everett Springs" votes="0" />
            <Precinct name="Floyd Springs" votes="0" />
            <Precinct name="Fosters Mill" votes="0" />
            <Precinct name="Garden Lakes" votes="0" />
            <Precinct name="Glenwood" votes="0" />
            <Precinct name="Howell" votes="0" />
            <Precinct name="East Lindale" votes="0" />
            <Precinct name="Mt Alto North" votes="0" />
            <Precinct name="Mt Alto South" votes="0" />
            <Precinct name="North Carolina" votes="0" />
            <Precinct name="Riverside" votes="0" />
            <Precinct name="East Rome" votes="0" />
            <Precinct name="North Rome" votes="0" />
            <Precinct name="South Rome" votes="0" />
            <Precinct name="Texas Valley" votes="0" />
            <Precinct name="Vanns Valley" votes="0" />
            <Precinct name="Watters" votes="0" />
            <Precinct name="West Lindale" votes="0" />
            <Precinct name="Town Rome" votes="0" />
        </VoteType>
        <Choice key="95" text="Raphael Baker" party="DEM" totalVotes="248">
            <VoteType name="Absentee by Mail Votes" votes="36">
                <Precinct name="Alto Park" votes="4" />
                <Precinct name="Armuchee" votes="0" />
                <Precinct name="Barkers" votes="2" />
                <Precinct name="Cave Spring" votes="0" />
                <Precinct name="Chulio" votes="1" />
                <Precinct name="Etowah" votes="2" />
                <Precinct name="Everett Springs" votes="0" />
                <Precinct name="Floyd Springs" votes="0" />
                <Precinct name="Fosters Mill" votes="0" />
                <Precinct name="Garden Lakes" votes="0" />
                <Precinct name="Glenwood" votes="2" />
                <Precinct name="Howell" votes="0" />
                <Precinct name="East Lindale" votes="1" />
                <Precinct name="Mt Alto North" votes="1" />
                <Precinct name="Mt Alto South" votes="2" />
                <Precinct name="North Carolina" votes="2" />
                <Precinct name="Riverside" votes="0" />
                <Precinct name="East Rome" votes="5" />
                <Precinct name="North Rome" votes="7" />
                <Precinct name="South Rome" votes="2" />
                <Precinct name="Texas Valley" votes="0" />
                <Precinct name="Vanns Valley" votes="0" />
                <Precinct name="Watters" votes="2" />
                <Precinct name="West Lindale" votes="0" />
                <Precinct name="Town Rome" votes="3" />
            </VoteType>
            <VoteType name="Advance Voting Votes" votes="58">
                <Precinct name="Alto Park" votes="5" />
                <Precinct name="Armuchee" votes="1" />
                <Precinct name="Barkers" votes="1" />
                <Precinct name="Cave Spring" votes="1" />
                <Precinct name="Chulio" votes="0" />
                <Precinct name="Etowah" votes="7" />
                <Precinct name="Everett Springs" votes="0" />
                <Precinct name="Floyd Springs" votes="0" />
                <Precinct name="Fosters Mill" votes="0" />
                <Precinct name="Garden Lakes" votes="1" />
                <Precinct name="Glenwood" votes="0" />
                <Precinct name="Howell" votes="0" />
                <Precinct name="East Lindale" votes="2" />
                <Precinct name="Mt Alto North" votes="1" />
                <Precinct name="Mt Alto South" votes="4" />
                <Precinct name="North Carolina" votes="0" />
                <Precinct name="Riverside" votes="1" />
                <Precinct name="East Rome" votes="7" />
                <Precinct name="North Rome" votes="16" />
                <Precinct name="South Rome" votes="2" />
                <Precinct name="Texas Valley" votes="0" />
                <Precinct name="Vanns Valley" votes="0" />
                <Precinct name="Watters" votes="2" />
                <Precinct name="West Lindale" votes="3" />
                <Precinct name="Town Rome" votes="4" />
            </VoteType>
            <VoteType name="Election Day Votes" votes="154">
                <Precinct name="Alto Park" votes="6" />
                <Precinct name="Armuchee" votes="3" />
                <Precinct name="Barkers" votes="1" />
                <Precinct name="Cave Spring" votes="5" />
                <Precinct name="Chulio" votes="1" />
                <Precinct name="Etowah" votes="14" />
                <Precinct name="Everett Springs" votes="0" />
                <Precinct name="Floyd Springs" votes="2" />
                <Precinct name="Fosters Mill" votes="0" />
                <Precinct name="Garden Lakes" votes="4" />
                <Precinct name="Glenwood" votes="3" />
                <Precinct name="Howell" votes="0" />
                <Precinct name="East Lindale" votes="5" />
                <Precinct name="Mt Alto North" votes="19" />
                <Precinct name="Mt Alto South" votes="14" />
                <Precinct name="North Carolina" votes="1" />
                <Precinct name="Riverside" votes="4" />
                <Precinct name="East Rome" votes="13" />
                <Precinct name="North Rome" votes="22" />
                <Precinct name="South Rome" votes="15" />
                <Precinct name="Texas Valley" votes="2" />
                <Precinct name="Vanns Valley" votes="2" />
                <Precinct name="Watters" votes="6" />
                <Precinct name="West Lindale" votes="3" />
                <Precinct name="Town Rome" votes="9" />
            </VoteType>
            <VoteType name="Provisional Votes" votes="0">
                <Precinct name="Alto Park" votes="0" />
                <Precinct name="Armuchee" votes="0" />
                <Precinct name="Barkers" votes="0" />
                <Precinct name="Cave Spring" votes="0" />
                <Precinct name="Chulio" votes="0" />
                <Precinct name="Etowah" votes="0" />
                <Precinct name="Everett Springs" votes="0" />
                <Precinct name="Floyd Springs" votes="0" />
                <Precinct name="Fosters Mill" votes="0" />
                <Precinct name="Garden Lakes" votes="0" />
                <Precinct name="Glenwood" votes="0" />
                <Precinct name="Howell" votes="0" />
                <Precinct name="East Lindale" votes="0" />
                <Precinct name="Mt Alto North" votes="0" />
                <Precinct name="Mt Alto South" votes="0" />
                <Precinct name="North Carolina" votes="0" />
                <Precinct name="Riverside" votes="0" />
                <Precinct name="East Rome" votes="0" />
                <Precinct name="North Rome" votes="0" />
                <Precinct name="South Rome" votes="0" />
                <Precinct name="Texas Valley" votes="0" />
                <Precinct name="Vanns Valley" votes="0" />
                <Precinct name="Watters" votes="0" />
                <Precinct name="West Lindale" votes="0" />
                <Precinct name="Town Rome" votes="0" />
            </VoteType>
        </Choice>
        <Choice key="96" text="Janice Laws Robinson" party="DEM" totalVotes="450">
            <VoteType name="Absentee by Mail Votes" votes="84">
                <Precinct name="Alto Park" votes="4" />
                <Precinct name="Armuchee" votes="1" />
                <Precinct name="Barkers" votes="5" />
                <Precinct name="Cave Spring" votes="2" />
                <Precinct name="Chulio" votes="3" />
                <Precinct name="Etowah" votes="8" />
                <Precinct name="Everett Springs" votes="0" />
                <Precinct name="Floyd Springs" votes="0" />
                <Precinct name="Fosters Mill" votes="0" />
                <Precinct name="Garden Lakes" votes="2" />
                <Precinct name="Glenwood" votes="1" />
                <Precinct name="Howell" votes="0" />
                <Precinct name="East Lindale" votes="5" />
                <Precinct name="Mt Alto North" votes="2" />
                <Precinct name="Mt Alto South" votes="8" />
                <Precinct name="North Carolina" votes="1" />
                <Precinct name="Riverside" votes="1" />
                <Precinct name="East Rome" votes="11" />
                <Precinct name="North Rome" votes="13" />
                <Precinct name="South Rome" votes="4" />
                <Precinct name="Texas Valley" votes="0" />
                <Precinct name="Vanns Valley" votes="0" />
                <Precinct name="Watters" votes="5" />
                <Precinct name="West Lindale" votes="3" />
                <Precinct name="Town Rome" votes="5" />
            </VoteType>
            <VoteType name="Advance Voting Votes" votes="113">
                <Precinct name="Alto Park" votes="5" />
                <Precinct name="Armuchee" votes="0" />
                <Precinct name="Barkers" votes="3" />
                <Precinct name="Cave Spring" votes="2" />
                <Precinct name="Chulio" votes="0" />
                <Precinct name="Etowah" votes="13" />
                <Precinct name="Everett Springs" votes="0" />
                <Precinct name="Floyd Springs" votes="0" />
                <Precinct name="Fosters Mill" votes="0" />
                <Precinct name="Garden Lakes" votes="5" />
                <Precinct name="Glenwood" votes="0" />
                <Precinct name="Howell" votes="3" />
                <Precinct name="East Lindale" votes="5" />
                <Precinct name="Mt Alto North" votes="16" />
                <Precinct name="Mt Alto South" votes="8" />
                <Precinct name="North Carolina" votes="0" />
                <Precinct name="Riverside" votes="0" />
                <Precinct name="East Rome" votes="17" />
                <Precinct name="North Rome" votes="21" />
                <Precinct name="South Rome" votes="5" />
                <Precinct name="Texas Valley" votes="0" />
                <Precinct name="Vanns Valley" votes="0" />
                <Precinct name="Watters" votes="4" />
                <Precinct name="West Lindale" votes="0" />
                <Precinct name="Town Rome" votes="6" />
            </VoteType>
            <VoteType name="Election Day Votes" votes="251">
                <Precinct name="Alto Park" votes="13" />
                <Precinct name="Armuchee" votes="3" />
                <Precinct name="Barkers" votes="1" />
                <Precinct name="Cave Spring" votes="10" />
                <Precinct name="Chulio" votes="7" />
                <Precinct name="Etowah" votes="14" />
                <Precinct name="Everett Springs" votes="2" />
                <Precinct name="Floyd Springs" votes="0" />
                <Precinct name="Fosters Mill" votes="1" />
                <Precinct name="Garden Lakes" votes="6" />
                <Precinct name="Glenwood" votes="13" />
                <Precinct name="Howell" votes="4" />
                <Precinct name="East Lindale" votes="13" />
                <Precinct name="Mt Alto North" votes="27" />
                <Precinct name="Mt Alto South" votes="24" />
                <Precinct name="North Carolina" votes="4" />
                <Precinct name="Riverside" votes="4" />
                <Precinct name="East Rome" votes="29" />
                <Precinct name="North Rome" votes="12" />
                <Precinct name="South Rome" votes="18" />
                <Precinct name="Texas Valley" votes="2" />
                <Precinct name="Vanns Valley" votes="3" />
                <Precinct name="Watters" votes="8" />
                <Precinct name="West Lindale" votes="7" />
                <Precinct name="Town Rome" votes="26" />
            </VoteType>
            <VoteType name="Provisional Votes" votes="2">
                <Precinct name="Alto Park" votes="0" />
                <Precinct name="Armuchee" votes="0" />
                <Precinct name="Barkers" votes="0" />
                <Precinct name="Cave Spring" votes="0" />
                <Precinct name="Chulio" votes="0" />
                <Precinct name="Etowah" votes="0" />
                <Precinct name="Everett Springs" votes="0" />
                <Precinct name="Floyd Springs" votes="0" />
                <Precinct name="Fosters Mill" votes="0" />
                <Precinct name="Garden Lakes" votes="0" />
                <Precinct name="Glenwood" votes="0" />
                <Precinct name="Howell" votes="0" />
                <Precinct name="East Lindale" votes="0" />
                <Precinct name="Mt Alto North" votes="0" />
                <Precinct name="Mt Alto South" votes="0" />
                <Precinct name="North Carolina" votes="0" />
                <Precinct name="Riverside" votes="0" />
                <Precinct name="East Rome" votes="0" />
                <Precinct name="North Rome" votes="0" />
                <Precinct name="South Rome" votes="0" />
                <Precinct name="Texas Valley" votes="0" />
                <Precinct name="Vanns Valley" votes="0" />
                <Precinct name="Watters" votes="0" />
                <Precinct name="West Lindale" votes="2" />
                <Precinct name="Town Rome" votes="0" />
            </VoteType>
        </Choice>
    </Contest>
    <Contest key="20" text="DEM - Commissioner Of Labor" voteFor="1" isQuestion="false" precinctsReporting="25" precinctsReported="25">
        <VoteType name="Undervotes" votes="11">
            <Precinct name="Alto Park" votes="1" />
            <Precinct name="Armuchee" votes="0" />
            <Precinct name="Barkers" votes="0" />
            <Precinct name="Cave Spring" votes="0" />
            <Precinct name="Chulio" votes="0" />
            <Precinct name="Etowah" votes="0" />
            <Precinct name="Everett Springs" votes="0" />
            <Precinct name="Floyd Springs" votes="0" />
            <Precinct name="Fosters Mill" votes="0" />
            <Precinct name="Garden Lakes" votes="0" />
            <Precinct name="Glenwood" votes="0" />
            <Precinct name="Howell" votes="0" />
            <Precinct name="East Lindale" votes="1" />
            <Precinct name="Mt Alto North" votes="1" />
            <Precinct name="Mt Alto South" votes="0" />
            <Precinct name="North Carolina" votes="0" />
            <Precinct name="Riverside" votes="0" />
            <Precinct name="East Rome" votes="2" />
            <Precinct name="North Rome" votes="2" />
            <Precinct name="South Rome" votes="1" />
            <Precinct name="Texas Valley" votes="0" />
            <Precinct name="Vanns Valley" votes="0" />
            <Precinct name="Watters" votes="0" />
            <Precinct name="West Lindale" votes="0" />
            <Precinct name="Town Rome" votes="3" />
        </VoteType>
        <VoteType name="Overvotes" votes="0">
            <Precinct name="Alto Park" votes="0" />
            <Precinct name="Armuchee" votes="0" />
            <Precinct name="Barkers" votes="0" />
            <Precinct name="Cave Spring" votes="0" />
            <Precinct name="Chulio" votes="0" />
            <Precinct name="Etowah" votes="0" />
            <Precinct name="Everett Springs" votes="0" />
            <Precinct name="Floyd Springs" votes="0" />
            <Precinct name="Fosters Mill" votes="0" />
            <Precinct name="Garden Lakes" votes="0" />
            <Precinct name="Glenwood" votes="0" />
            <Precinct name="Howell" votes="0" />
            <Precinct name="East Lindale" votes="0" />
            <Precinct name="Mt Alto North" votes="0" />
            <Precinct name="Mt Alto South" votes="0" />
            <Precinct name="North Carolina" votes="0" />
            <Precinct name="Riverside" votes="0" />
            <Precinct name="East Rome" votes="0" />
            <Precinct name="North Rome" votes="0" />
            <Precinct name="South Rome" votes="0" />
            <Precinct name="Texas Valley" votes="0" />
            <Precinct name="Vanns Valley" votes="0" />
            <Precinct name="Watters" votes="0" />
            <Precinct name="West Lindale" votes="0" />
            <Precinct name="Town Rome" votes="0" />
        </VoteType>
        <Choice key="107" text="William &quot;&quot;Will&quot;&quot; Boddie, Jr." party="DEM" totalVotes="446">
            <VoteType name="Absentee by Mail Votes" votes="71">
                <Precinct name="Alto Park" votes="6" />
                <Precinct name="Armuchee" votes="1" />
                <Precinct name="Barkers" votes="1" />
                <Precinct name="Cave Spring" votes="1" />
                <Precinct name="Chulio" votes="3" />
                <Precinct name="Etowah" votes="4" />
                <Precinct name="Everett Springs" votes="0" />
                <Precinct name="Floyd Springs" votes="0" />
                <Precinct name="Fosters Mill" votes="0" />
                <Precinct name="Garden Lakes" votes="0" />
                <Precinct name="Glenwood" votes="2" />
                <Precinct name="Howell" votes="0" />
                <Precinct name="East Lindale" votes="3" />
                <Precinct name="Mt Alto North" votes="3" />
                <Precinct name="Mt Alto South" votes="7" />
                <Precinct name="North Carolina" votes="2" />
                <Precinct name="Riverside" votes="0" />
                <Precinct name="East Rome" votes="10" />
                <Precinct name="North Rome" votes="12" />
                <Precinct name="South Rome" votes="5" />
                <Precinct name="Texas Valley" votes="0" />
                <Precinct name="Vanns Valley" votes="0" />
                <Precinct name="Watters" votes="6" />
                <Precinct name="West Lindale" votes="2" />
                <Precinct name="Town Rome" votes="3" />
            </VoteType>
            <VoteType name="Advance Voting Votes" votes="118">
                <Precinct name="Alto Park" votes="4" />
                <Precinct name="Armuchee" votes="0" />
                <Precinct name="Barkers" votes="4" />
                <Precinct name="Cave Spring" votes="3" />
                <Precinct name="Chulio" votes="0" />
                <Precinct name="Etowah" votes="12" />
                <Precinct name="Everett Springs" votes="0" />
                <Precinct name="Floyd Springs" votes="0" />
                <Precinct name="Fosters Mill" votes="0" />
                <Precinct name="Garden Lakes" votes="4" />
                <Precinct name="Glenwood" votes="0" />
                <Precinct name="Howell" votes="2" />
                <Precinct name="East Lindale" votes="4" />
                <Precinct name="Mt Alto North" votes="9" />
                <Precinct name="Mt Alto South" votes="11" />
                <Precinct name="North Carolina" votes="0" />
                <Precinct name="Riverside" votes="1" />
                <Precinct name="East Rome" votes="15" />
                <Precinct name="North Rome" votes="36" />
                <Precinct name="South Rome" votes="2" />
                <Precinct name="Texas Valley" votes="0" />
                <Precinct name="Vanns Valley" votes="0" />
                <Precinct name="Watters" votes="2" />
                <Precinct name="West Lindale" votes="3" />
                <Precinct name="Town Rome" votes="6" />
            </VoteType>
            <VoteType name="Election Day Votes" votes="256">
                <Precinct name="Alto Park" votes="8" />
                <Precinct name="Armuchee" votes="2" />
                <Precinct name="Barkers" votes="2" />
                <Precinct name="Cave Spring" votes="8" />
                <Precinct name="Chulio" votes="2" />
                <Precinct name="Etowah" votes="15" />
                <Precinct name="Everett Springs" votes="1" />
                <Precinct name="Floyd Springs" votes="2" />
                <Precinct name="Fosters Mill" votes="0" />
                <Precinct name="Garden Lakes" votes="6" />
                <Precinct name="Glenwood" votes="5" />
                <Precinct name="Howell" votes="2" />
                <Precinct name="East Lindale" votes="10" />
                <Precinct name="Mt Alto North" votes="37" />
                <Precinct name="Mt Alto South" votes="28" />
                <Precinct name="North Carolina" votes="2" />
                <Precinct name="Riverside" votes="3" />
                <Precinct name="East Rome" votes="27" />
                <Precinct name="North Rome" votes="31" />
                <Precinct name="South Rome" votes="22" />
                <Precinct name="Texas Valley" votes="2" />
                <Precinct name="Vanns Valley" votes="2" />
                <Precinct name="Watters" votes="8" />
                <Precinct name="West Lindale" votes="5" />
                <Precinct name="Town Rome" votes="26" />
            </VoteType>
            <VoteType name="Provisional Votes" votes="1">
                <Precinct name="Alto Park" votes="0" />
                <Precinct name="Armuchee" votes="0" />
                <Precinct name="Barkers" votes="0" />
                <Precinct name="Cave Spring" votes="0" />
                <Precinct name="Chulio" votes="0" />
                <Precinct name="Etowah" votes="0" />
                <Precinct name="Everett Springs" votes="0" />
                <Precinct name="Floyd Springs" votes="0" />
                <Precinct name="Fosters Mill" votes="0" />
                <Precinct name="Garden Lakes" votes="0" />
                <Precinct name="Glenwood" votes="0" />
                <Precinct name="Howell" votes="0" />
                <Precinct name="East Lindale" votes="0" />
                <Precinct name="Mt Alto North" votes="0" />
                <Precinct name="Mt Alto South" votes="0" />
                <Precinct name="North Carolina" votes="0" />
                <Precinct name="Riverside" votes="0" />
                <Precinct name="East Rome" votes="0" />
                <Precinct name="North Rome" votes="0" />
                <Precinct name="South Rome" votes="0" />
                <Precinct name="Texas Valley" votes="0" />
                <Precinct name="Vanns Valley" votes="0" />
                <Precinct name="Watters" votes="0" />
                <Precinct name="West Lindale" votes="1" />
                <Precinct name="Town Rome" votes="0" />
            </VoteType>
        </Choice>
        <Choice key="109" text="Nicole Horn" party="DEM" totalVotes="268">
            <VoteType name="Absentee by Mail Votes" votes="51">
                <Precinct name="Alto Park" votes="2" />
                <Precinct name="Armuchee" votes="0" />
                <Precinct name="Barkers" votes="6" />
                <Precinct name="Cave Spring" votes="1" />
                <Precinct name="Chulio" votes="1" />
                <Precinct name="Etowah" votes="6" />
                <Precinct name="Everett Springs" votes="0" />
                <Precinct name="Floyd Springs" votes="0" />
                <Precinct name="Fosters Mill" votes="0" />
                <Precinct name="Garden Lakes" votes="2" />
                <Precinct name="Glenwood" votes="1" />
                <Precinct name="Howell" votes="0" />
                <Precinct name="East Lindale" votes="3" />
                <Precinct name="Mt Alto North" votes="0" />
                <Precinct name="Mt Alto South" votes="4" />
                <Precinct name="North Carolina" votes="2" />
                <Precinct name="Riverside" votes="1" />
                <Precinct name="East Rome" votes="6" />
                <Precinct name="North Rome" votes="8" />
                <Precinct name="South Rome" votes="1" />
                <Precinct name="Texas Valley" votes="0" />
                <Precinct name="Vanns Valley" votes="0" />
                <Precinct name="Watters" votes="1" />
                <Precinct name="West Lindale" votes="1" />
                <Precinct name="Town Rome" votes="5" />
            </VoteType>
            <VoteType name="Advance Voting Votes" votes="59">
                <Precinct name="Alto Park" votes="6" />
                <Precinct name="Armuchee" votes="1" />
                <Precinct name="Barkers" votes="0" />
                <Precinct name="Cave Spring" votes="0" />
                <Precinct name="Chulio" votes="0" />
                <Precinct name="Etowah" votes="8" />
                <Precinct name="Everett Springs" votes="0" />
                <Precinct name="Floyd Springs" votes="0" />
                <Precinct name="Fosters Mill" votes="0" />
                <Precinct name="Garden Lakes" votes="2" />
                <Precinct name="Glenwood" votes="0" />
                <Precinct name="Howell" votes="1" />
                <Precinct name="East Lindale" votes="2" />
                <Precinct name="Mt Alto North" votes="9" />
                <Precinct name="Mt Alto South" votes="1" />
                <Precinct name="North Carolina" votes="0" />
                <Precinct name="Riverside" votes="0" />
                <Precinct name="East Rome" votes="10" />
                <Precinct name="North Rome" votes="5" />
                <Precinct name="South Rome" votes="5" />
                <Precinct name="Texas Valley" votes="0" />
                <Precinct name="Vanns Valley" votes="0" />
                <Precinct name="Watters" votes="4" />
                <Precinct name="West Lindale" votes="0" />
                <Precinct name="Town Rome" votes="5" />
            </VoteType>
            <VoteType name="Election Day Votes" votes="157">
                <Precinct name="Alto Park" votes="11" />
                <Precinct name="Armuchee" votes="4" />
                <Precinct name="Barkers" votes="0" />
                <Precinct name="Cave Spring" votes="7" />
                <Precinct name="Chulio" votes="6" />
                <Precinct name="Etowah" votes="13" />
                <Precinct name="Everett Springs" votes="1" />
                <Precinct name="Floyd Springs" votes="0" />
                <Precinct name="Fosters Mill" votes="1" />
                <Precinct name="Garden Lakes" votes="5" />
                <Precinct name="Glenwood" votes="11" />
                <Precinct name="Howell" votes="2" />
                <Precinct name="East Lindale" votes="8" />
                <Precinct name="Mt Alto North" votes="10" />
                <Precinct name="Mt Alto South" votes="10" />
                <Precinct name="North Carolina" votes="3" />
                <Precinct name="Riverside" votes="5" />
                <Precinct name="East Rome" votes="14" />
                <Precinct name="North Rome" votes="6" />
                <Precinct name="South Rome" votes="11" />
                <Precinct name="Texas Valley" votes="2" />
                <Precinct name="Vanns Valley" votes="3" />
                <Precinct name="Watters" votes="6" />
                <Precinct name="West Lindale" votes="5" />
                <Precinct name="Town Rome" votes="13" />
            </VoteType>
            <VoteType name="Provisional Votes" votes="1">
                <Precinct name="Alto Park" votes="0" />
                <Precinct name="Armuchee" votes="0" />
                <Precinct name="Barkers" votes="0" />
                <Precinct name="Cave Spring" votes="0" />
                <Precinct name="Chulio" votes="0" />
                <Precinct name="Etowah" votes="0" />
                <Precinct name="Everett Springs" votes="0" />
                <Precinct name="Floyd Springs" votes="0" />
                <Precinct name="Fosters Mill" votes="0" />
                <Precinct name="Garden Lakes" votes="0" />
                <Precinct name="Glenwood" votes="0" />
                <Precinct name="Howell" votes="0" />
                <Precinct name="East Lindale" votes="0" />
                <Precinct name="Mt Alto North" votes="0" />
                <Precinct name="Mt Alto South" votes="0" />
                <Precinct name="North Carolina" votes="0" />
                <Precinct name="Riverside" votes="0" />
                <Precinct name="East Rome" votes="0" />
                <Precinct name="North Rome" votes="0" />
                <Precinct name="South Rome" votes="0" />
                <Precinct name="Texas Valley" votes="0" />
                <Precinct name="Vanns Valley" votes="0" />
                <Precinct name="Watters" votes="0" />
                <Precinct name="West Lindale" votes="1" />
                <Precinct name="Town Rome" votes="0" />
            </VoteType>
        </Choice>
    </Contest>
</ElectionResult>