<?xml version="1.0"?>
<!--Election result snapshot imported from Tabulation System
-->
<ElectionResult>
    <Timestamp>6/28/2022 10:28:10 AM EDT</Timestamp>
    <ElectionName>June 21, 2022 - General Primary -Nonpartisan General Election Runoff</ElectionName>
    <ElectionDate>6/21/2022</ElectionDate>
    <Region>Macon</Region>
    <VoterTurnout totalVoters="7380" ballotsCast="414" voterTurnout="5.61">
        <Precincts>
            <Precinct name="Ideal" totalVoters="1454" ballotsCast="51" voterTurnout="3.51" percentReporting="4" />
            <Precinct name="Oglethorpe" totalVoters="1392" ballotsCast="79" voterTurnout="5.68" percentReporting="4" />
            <Precinct name="Marshallville" totalVoters="1432" ballotsCast="103" voterTurnout="7.19" percentReporting="4" />
            <Precinct name="Montezuma #4" totalVoters="1646" ballotsCast="84" voterTurnout="5.10" percentReporting="4" />
            <Precinct name="Montezuma #5" totalVoters="1456" ballotsCast="97" voterTurnout="6.66" percentReporting="4" />
        </Precincts>
    </VoterTurnout>
    <Contest key="8" text="DEM - Lieutenant Governor" voteFor="1" isQuestion="false" precinctsReporting="5" precinctsReported="5">
        <VoteType name="Undervotes" votes="9">
            <Precinct name="Ideal" votes="3" />
            <Precinct name="Oglethorpe" votes="0" />
            <Precinct name="Marshallville" votes="2" />
            <Precinct name="Montezuma #4" votes="1" />
            <Precinct name="Montezuma #5" votes="3" />
        </VoteType>
        <VoteType name="Overvotes" votes="0">
            <Precinct name="Ideal" votes="0" />
            <Precinct name="Oglethorpe" votes="0" />
            <Precinct name="Marshallville" votes="0" />
            <Precinct name="Montezuma #4" votes="0" />
            <Precinct name="Montezuma #5" votes="0" />
        </VoteType>
        <Choice key="67" text="Charlie Bailey" party="DEM" totalVotes="294">
            <VoteType name="Absentee by Mail Votes" votes="19">
                <Precinct name="Ideal" votes="0" />
                <Precinct name="Oglethorpe" votes="5" />
                <Precinct name="Marshallville" votes="7" />
                <Precinct name="Montezuma #4" votes="3" />
                <Precinct name="Montezuma #5" votes="4" />
            </VoteType>
            <VoteType name="Advance Voting Votes" votes="69">
                <Precinct name="Ideal" votes="15" />
                <Precinct name="Oglethorpe" votes="20" />
                <Precinct name="Marshallville" votes="1" />
                <Precinct name="Montezuma #4" votes="12" />
                <Precinct name="Montezuma #5" votes="21" />
            </VoteType>
            <VoteType name="Election Day Votes" votes="206">
                <Precinct name="Ideal" votes="25" />
                <Precinct name="Oglethorpe" votes="33" />
                <Precinct name="Marshallville" votes="56" />
                <Precinct name="Montezuma #4" votes="43" />
                <Precinct name="Montezuma #5" votes="49" />
            </VoteType>
            <VoteType name="Provisional Votes" votes="0">
                <Precinct name="Ideal" votes="0" />
                <Precinct name="Oglethorpe" votes="0" />
                <Precinct name="Marshallville" votes="0" />
                <Precinct name="Montezuma #4" votes="0" />
                <Precinct name="Montezuma #5" votes="0" />
            </VoteType>
        </Choice>
        <Choice key="70" text="Kwanza Hall" party="DEM" totalVotes="111">
            <VoteType name="Absentee by Mail Votes" votes="9">
                <Precinct name="Ideal" votes="1" />
                <Precinct name="Oglethorpe" votes="0" />
                <Precinct name="Marshallville" votes="4" />
                <Precinct name="Montezuma #4" votes="2" />
                <Precinct name="Montezuma #5" votes="2" />
            </VoteType>
            <VoteType name="Advance Voting Votes" votes="37">
                <Precinct name="Ideal" votes="5" />
                <Precinct name="Oglethorpe" votes="11" />
                <Precinct name="Marshallville" votes="2" />
                <Precinct name="Montezuma #4" votes="13" />
                <Precinct name="Montezuma #5" votes="6" />
            </VoteType>
            <VoteType name="Election Day Votes" votes="65">
                <Precinct name="Ideal" votes="2" />
                <Precinct name="Oglethorpe" votes="10" />
                <Precinct name="Marshallville" votes="31" />
                <Precinct name="Montezuma #4" votes="10" />
                <Precinct name="Montezuma #5" votes="12" />
            </VoteType>
            <VoteType name="Provisional Votes" votes="0">
                <Precinct name="Ideal" votes="0" />
                <Precinct name="Oglethorpe" votes="0" />
                <Precinct name="Marshallville" votes="0" />
                <Precinct name="Montezuma #4" votes="0" />
                <Precinct name="Montezuma #5" votes="0" />
            </VoteType>
        </Choice>
    </Contest>
    <Contest key="10" text="DEM - Secretary of State" voteFor="1" isQuestion="false" precinctsReporting="5" precinctsReported="5">
        <VoteType name="Undervotes" votes="10">
            <Precinct name="Ideal" votes="2" />
            <Precinct name="Oglethorpe" votes="1" />
            <Precinct name="Marshallville" votes="2" />
            <Precinct name="Montezuma #4" votes="1" />
            <Precinct name="Montezuma #5" votes="4" />
        </VoteType>
        <VoteType name="Overvotes" votes="0">
            <Precinct name="Ideal" votes="0" />
            <Precinct name="Oglethorpe" votes="0" />
            <Precinct name="Marshallville" votes="0" />
            <Precinct name="Montezuma #4" votes="0" />
            <Precinct name="Montezuma #5" votes="0" />
        </VoteType>
        <Choice key="79" text="Dee Dawkins-Haigler" party="DEM" totalVotes="117">
            <VoteType name="Absentee by Mail Votes" votes="4">
                <Precinct name="Ideal" votes="0" />
                <Precinct name="Oglethorpe" votes="2" />
                <Precinct name="Marshallville" votes="1" />
                <Precinct name="Montezuma #4" votes="1" />
                <Precinct name="Montezuma #5" votes="0" />
            </VoteType>
            <VoteType name="Advance Voting Votes" votes="28">
                <Precinct name="Ideal" votes="7" />
                <Precinct name="Oglethorpe" votes="8" />
                <Precinct name="Marshallville" votes="1" />
                <Precinct name="Montezuma #4" votes="3" />
                <Precinct name="Montezuma #5" votes="9" />
            </VoteType>
            <VoteType name="Election Day Votes" votes="85">
                <Precinct name="Ideal" votes="11" />
                <Precinct name="Oglethorpe" votes="19" />
                <Precinct name="Marshallville" votes="24" />
                <Precinct name="Montezuma #4" votes="16" />
                <Precinct name="Montezuma #5" votes="15" />
            </VoteType>
            <VoteType name="Provisional Votes" votes="0">
                <Precinct name="Ideal" votes="0" />
                <Precinct name="Oglethorpe" votes="0" />
                <Precinct name="Marshallville" votes="0" />
                <Precinct name="Montezuma #4" votes="0" />
                <Precinct name="Montezuma #5" votes="0" />
            </VoteType>
        </Choice>
        <Choice key="82" text="Bee Nguyen" party="DEM" totalVotes="287">
            <VoteType name="Absentee by Mail Votes" votes="24">
                <Precinct name="Ideal" votes="1" />
                <Precinct name="Oglethorpe" votes="3" />
                <Precinct name="Marshallville" votes="10" />
                <Precinct name="Montezuma #4" votes="4" />
                <Precinct name="Montezuma #5" votes="6" />
            </VoteType>
            <VoteType name="Advance Voting Votes" votes="79">
                <Precinct name="Ideal" votes="14" />
                <Precinct name="Oglethorpe" votes="23" />
                <Precinct name="Marshallville" votes="2" />
                <Precinct name="Montezuma #4" votes="22" />
                <Precinct name="Montezuma #5" votes="18" />
            </VoteType>
            <VoteType name="Election Day Votes" votes="184">
                <Precinct name="Ideal" votes="16" />
                <Precinct name="Oglethorpe" votes="23" />
                <Precinct name="Marshallville" votes="63" />
                <Precinct name="Montezuma #4" votes="37" />
                <Precinct name="Montezuma #5" votes="45" />
            </VoteType>
            <VoteType name="Provisional Votes" votes="0">
                <Precinct name="Ideal" votes="0" />
                <Precinct name="Oglethorpe" votes="0" />
                <Precinct name="Marshallville" votes="0" />
                <Precinct name="Montezuma #4" votes="0" />
                <Precinct name="Montezuma #5" votes="0" />
            </VoteType>
        </Choice>
    </Contest>
    <Contest key="16" text="DEM - Commissioner Of Insurance" voteFor="1" isQuestion="false" precinctsReporting="5" precinctsReported="5">
        <VoteType name="Undervotes" votes="16">
            <Precinct name="Ideal" votes="2" />
            <Precinct name="Oglethorpe" votes="3" />
            <Precinct name="Marshallville" votes="2" />
            <Precinct name="Montezuma #4" votes="3" />
            <Precinct name="Montezuma #5" votes="6" />
        </VoteType>
        <VoteType name="Overvotes" votes="0">
            <Precinct name="Ideal" votes="0" />
            <Precinct name="Oglethorpe" votes="0" />
            <Precinct name="Marshallville" votes="0" />
            <Precinct name="Montezuma #4" votes="0" />
            <Precinct name="Montezuma #5" votes="0" />
        </VoteType>
        <Choice key="95" text="Raphael Baker" party="DEM" totalVotes="182">
            <VoteType name="Absentee by Mail Votes" votes="12">
                <Precinct name="Ideal" votes="0" />
                <Precinct name="Oglethorpe" votes="3" />
                <Precinct name="Marshallville" votes="5" />
                <Precinct name="Montezuma #4" votes="3" />
                <Precinct name="Montezuma #5" votes="1" />
            </VoteType>
            <VoteType name="Advance Voting Votes" votes="48">
                <Precinct name="Ideal" votes="10" />
                <Precinct name="Oglethorpe" votes="15" />
                <Precinct name="Marshallville" votes="1" />
                <Precinct name="Montezuma #4" votes="10" />
                <Precinct name="Montezuma #5" votes="12" />
            </VoteType>
            <VoteType name="Election Day Votes" votes="122">
                <Precinct name="Ideal" votes="14" />
                <Precinct name="Oglethorpe" votes="18" />
                <Precinct name="Marshallville" votes="49" />
                <Precinct name="Montezuma #4" votes="27" />
                <Precinct name="Montezuma #5" votes="14" />
            </VoteType>
            <VoteType name="Provisional Votes" votes="0">
                <Precinct name="Ideal" votes="0" />
                <Precinct name="Oglethorpe" votes="0" />
                <Precinct name="Marshallville" votes="0" />
                <Precinct name="Montezuma #4" votes="0" />
                <Precinct name="Montezuma #5" votes="0" />
            </VoteType>
        </Choice>
        <Choice key="96" text="Janice Laws Robinson" party="DEM" totalVotes="216">
            <VoteType name="Absentee by Mail Votes" votes="16">
                <Precinct name="Ideal" votes="1" />
                <Precinct name="Oglethorpe" votes="2" />
                <Precinct name="Marshallville" votes="6" />
                <Precinct name="Montezuma #4" votes="2" />
                <Precinct name="Montezuma #5" votes="5" />
            </VoteType>
            <VoteType name="Advance Voting Votes" votes="57">
                <Precinct name="Ideal" votes="11" />
                <Precinct name="Oglethorpe" votes="15" />
                <Precinct name="Marshallville" votes="2" />
                <Precinct name="Montezuma #4" votes="15" />
                <Precinct name="Montezuma #5" votes="14" />
            </VoteType>
            <VoteType name="Election Day Votes" votes="143">
                <Precinct name="Ideal" votes="13" />
                <Precinct name="Oglethorpe" votes="23" />
                <Precinct name="Marshallville" votes="38" />
                <Precinct name="Montezuma #4" votes="24" />
                <Precinct name="Montezuma #5" votes="45" />
            </VoteType>
            <VoteType name="Provisional Votes" votes="0">
                <Precinct name="Ideal" votes="0" />
                <Precinct name="Oglethorpe" votes="0" />
                <Precinct name="Marshallville" votes="0" />
                <Precinct name="Montezuma #4" votes="0" />
                <Precinct name="Montezuma #5" votes="0" />
            </VoteType>
        </Choice>
    </Contest>
    <Contest key="20" text="DEM - Commissioner Of Labor" voteFor="1" isQuestion="false" precinctsReporting="5" precinctsReported="5">
        <VoteType name="Undervotes" votes="23">
            <Precinct name="Ideal" votes="6" />
            <Precinct name="Oglethorpe" votes="1" />
            <Precinct name="Marshallville" votes="7" />
            <Precinct name="Montezuma #4" votes="5" />
            <Precinct name="Montezuma #5" votes="4" />
        </VoteType>
        <VoteType name="Overvotes" votes="0">
            <Precinct name="Ideal" votes="0" />
            <Precinct name="Oglethorpe" votes="0" />
            <Precinct name="Marshallville" votes="0" />
            <Precinct name="Montezuma #4" votes="0" />
            <Precinct name="Montezuma #5" votes="0" />
        </VoteType>
        <Choice key="107" text="William &quot;&quot;Will&quot;&quot; Boddie, Jr." party="DEM" totalVotes="237">
            <VoteType name="Absentee by Mail Votes" votes="16">
                <Precinct name="Ideal" votes="1" />
                <Precinct name="Oglethorpe" votes="1" />
                <Precinct name="Marshallville" votes="7" />
                <Precinct name="Montezuma #4" votes="2" />
                <Precinct name="Montezuma #5" votes="5" />
            </VoteType>
            <VoteType name="Advance Voting Votes" votes="68">
                <Precinct name="Ideal" votes="12" />
                <Precinct name="Oglethorpe" votes="21" />
                <Precinct name="Marshallville" votes="2" />
                <Precinct name="Montezuma #4" votes="11" />
                <Precinct name="Montezuma #5" votes="22" />
            </VoteType>
            <VoteType name="Election Day Votes" votes="153">
                <Precinct name="Ideal" votes="16" />
                <Precinct name="Oglethorpe" votes="20" />
                <Precinct name="Marshallville" votes="45" />
                <Precinct name="Montezuma #4" votes="31" />
                <Precinct name="Montezuma #5" votes="41" />
            </VoteType>
            <VoteType name="Provisional Votes" votes="0">
                <Precinct name="Ideal" votes="0" />
                <Precinct name="Oglethorpe" votes="0" />
                <Precinct name="Marshallville" votes="0" />
                <Precinct name="Montezuma #4" votes="0" />
                <Precinct name="Montezuma #5" votes="0" />
            </VoteType>
        </Choice>
        <Choice key="109" text="Nicole Horn" party="DEM" totalVotes="154">
            <VoteType name="Absentee by Mail Votes" votes="12">
                <Precinct name="Ideal" votes="0" />
                <Precinct name="Oglethorpe" votes="4" />
                <Precinct name="Marshallville" votes="4" />
                <Precinct name="Montezuma #4" votes="3" />
                <Precinct name="Montezuma #5" votes="1" />
            </VoteType>
            <VoteType name="Advance Voting Votes" votes="38">
                <Precinct name="Ideal" votes="8" />
                <Precinct name="Oglethorpe" votes="10" />
                <Precinct name="Marshallville" votes="1" />
                <Precinct name="Montezuma #4" votes="14" />
                <Precinct name="Montezuma #5" votes="5" />
            </VoteType>
            <VoteType name="Election Day Votes" votes="104">
                <Precinct name="Ideal" votes="8" />
                <Precinct name="Oglethorpe" votes="22" />
                <Precinct name="Marshallville" votes="37" />
                <Precinct name="Montezuma #4" votes="18" />
                <Precinct name="Montezuma #5" votes="19" />
            </VoteType>
            <VoteType name="Provisional Votes" votes="0">
                <Precinct name="Ideal" votes="0" />
                <Precinct name="Oglethorpe" votes="0" />
                <Precinct name="Marshallville" votes="0" />
                <Precinct name="Montezuma #4" votes="0" />
                <Precinct name="Montezuma #5" votes="0" />
            </VoteType>
        </Choice>
    </Contest>
    <Contest key="25" text="REP - US House Dist 2" voteFor="1" isQuestion="false" precinctsReporting="5" precinctsReported="5">
        <VoteType name="Undervotes" votes="1">
            <Precinct name="Ideal" votes="0" />
            <Precinct name="Oglethorpe" votes="0" />
            <Precinct name="Marshallville" votes="0" />
            <Precinct name="Montezuma #4" votes="1" />
            <Precinct name="Montezuma #5" votes="0" />
        </VoteType>
        <VoteType name="Overvotes" votes="0">
            <Precinct name="Ideal" votes="0" />
            <Precinct name="Oglethorpe" votes="0" />
            <Precinct name="Marshallville" votes="0" />
            <Precinct name="Montezuma #4" votes="0" />
            <Precinct name="Montezuma #5" votes="0" />
        </VoteType>
        <Choice key="120" text="Jeremy Hunt" party="REP" totalVotes="192">
            <VoteType name="Absentee by Mail Votes" votes="8">
                <Precinct name="Ideal" votes="1" />
                <Precinct name="Oglethorpe" votes="1" />
                <Precinct name="Marshallville" votes="3" />
                <Precinct name="Montezuma #4" votes="3" />
                <Precinct name="Montezuma #5" votes="0" />
            </VoteType>
            <VoteType name="Advance Voting Votes" votes="80">
                <Precinct name="Ideal" votes="21" />
                <Precinct name="Oglethorpe" votes="9" />
                <Precinct name="Marshallville" votes="12" />
                <Precinct name="Montezuma #4" votes="34" />
                <Precinct name="Montezuma #5" votes="4" />
            </VoteType>
            <VoteType name="Election Day Votes" votes="104">
                <Precinct name="Ideal" votes="40" />
                <Precinct name="Oglethorpe" votes="22" />
                <Precinct name="Marshallville" votes="13" />
                <Precinct name="Montezuma #4" votes="15" />
                <Precinct name="Montezuma #5" votes="14" />
            </VoteType>
            <VoteType name="Provisional Votes" votes="0">
                <Precinct name="Ideal" votes="0" />
                <Precinct name="Oglethorpe" votes="0" />
                <Precinct name="Marshallville" votes="0" />
                <Precinct name="Montezuma #4" votes="0" />
                <Precinct name="Montezuma #5" votes="0" />
            </VoteType>
        </Choice>
        <Choice key="123" text="Chris West" party="REP" totalVotes="69">
            <VoteType name="Absentee by Mail Votes" votes="3">
                <Precinct name="Ideal" votes="0" />
                <Precinct name="Oglethorpe" votes="0" />
                <Precinct name="Marshallville" votes="0" />
                <Precinct name="Montezuma #4" votes="3" />
                <Precinct name="Montezuma #5" votes="0" />
            </VoteType>
            <VoteType name="Advance Voting Votes" votes="20">
                <Precinct name="Ideal" votes="3" />
                <Precinct name="Oglethorpe" votes="3" />
                <Precinct name="Marshallville" votes="4" />
                <Precinct name="Montezuma #4" votes="8" />
                <Precinct name="Montezuma #5" votes="2" />
            </VoteType>
            <VoteType name="Election Day Votes" votes="46">
                <Precinct name="Ideal" votes="18" />
                <Precinct name="Oglethorpe" votes="6" />
                <Precinct name="Marshallville" votes="16" />
                <Precinct name="Montezuma #4" votes="6" />
                <Precinct name="Montezuma #5" votes="0" />
            </VoteType>
            <VoteType name="Provisional Votes" votes="0">
                <Precinct name="Ideal" votes="0" />
                <Precinct name="Oglethorpe" votes="0" />
                <Precinct name="Marshallville" votes="0" />
                <Precinct name="Montezuma #4" votes="0" />
                <Precinct name="Montezuma #5" votes="0" />
            </VoteType>
        </Choice>
    </Contest>
</ElectionResult>