<?xml version="1.0"?>
<!--Election result snapshot imported from Tabulation System
-->
<ElectionResult>
    <Timestamp>6/24/2022 10:44:08 AM EDT</Timestamp>
    <ElectionName>June 21, 2022 - General Primary -Nonpartisan General Election Runoff</ElectionName>
    <ElectionDate>6/21/2022</ElectionDate>
    <Region>Bryan</Region>
    <VoterTurnout totalVoters="33341" ballotsCast="515" voterTurnout="1.54">
        <Precincts>
            <Precinct name="Pembroke" totalVoters="2572" ballotsCast="54" voterTurnout="2.10" percentReporting="4" />
            <Precinct name="Danielsiding" totalVoters="2125" ballotsCast="61" voterTurnout="2.87" percentReporting="4" />
            <Precinct name="Ellabell" totalVoters="3621" ballotsCast="30" voterTurnout="0.83" percentReporting="4" />
            <Precinct name="Black Creek" totalVoters="1652" ballotsCast="26" voterTurnout="1.57" percentReporting="4" />
            <Precinct name="Ways Station" totalVoters="3986" ballotsCast="57" voterTurnout="1.43" percentReporting="4" />
            <Precinct name="RH Rec Complex" totalVoters="5916" ballotsCast="52" voterTurnout="0.88" percentReporting="4" />
            <Precinct name="JF Gregory Park" totalVoters="2799" ballotsCast="49" voterTurnout="1.75" percentReporting="4" />
            <Precinct name="Keller" totalVoters="4020" ballotsCast="88" voterTurnout="2.19" percentReporting="4" />
            <Precinct name="New Beginnings" totalVoters="2768" ballotsCast="39" voterTurnout="1.41" percentReporting="4" />
            <Precinct name="Hwy 144 East" totalVoters="3882" ballotsCast="59" voterTurnout="1.52" percentReporting="4" />
        </Precincts>
    </VoterTurnout>
    <Contest key="6" text="Lieutenant Governor - Dem" voteFor="1" isQuestion="false" precinctsReporting="10" precinctsReported="10">
        <VoteType name="Undervotes" votes="20">
            <Precinct name="Pembroke" votes="3" />
            <Precinct name="Danielsiding" votes="3" />
            <Precinct name="Ellabell" votes="1" />
            <Precinct name="Black Creek" votes="4" />
            <Precinct name="Ways Station" votes="1" />
            <Precinct name="RH Rec Complex" votes="5" />
            <Precinct name="JF Gregory Park" votes="1" />
            <Precinct name="Keller" votes="1" />
            <Precinct name="New Beginnings" votes="1" />
            <Precinct name="Hwy 144 East" votes="0" />
        </VoteType>
        <VoteType name="Overvotes" votes="0">
            <Precinct name="Pembroke" votes="0" />
            <Precinct name="Danielsiding" votes="0" />
            <Precinct name="Ellabell" votes="0" />
            <Precinct name="Black Creek" votes="0" />
            <Precinct name="Ways Station" votes="0" />
            <Precinct name="RH Rec Complex" votes="0" />
            <Precinct name="JF Gregory Park" votes="0" />
            <Precinct name="Keller" votes="0" />
            <Precinct name="New Beginnings" votes="0" />
            <Precinct name="Hwy 144 East" votes="0" />
        </VoteType>
        <Choice key="20" text="Charlie Bailey" party="DEM" totalVotes="263">
            <VoteType name="Absentee by Mail Votes" votes="25">
                <Precinct name="Pembroke" votes="0" />
                <Precinct name="Danielsiding" votes="5" />
                <Precinct name="Ellabell" votes="1" />
                <Precinct name="Black Creek" votes="3" />
                <Precinct name="Ways Station" votes="3" />
                <Precinct name="RH Rec Complex" votes="2" />
                <Precinct name="JF Gregory Park" votes="2" />
                <Precinct name="Keller" votes="1" />
                <Precinct name="New Beginnings" votes="7" />
                <Precinct name="Hwy 144 East" votes="1" />
            </VoteType>
            <VoteType name="Advance Voting Votes" votes="83">
                <Precinct name="Pembroke" votes="12" />
                <Precinct name="Danielsiding" votes="6" />
                <Precinct name="Ellabell" votes="3" />
                <Precinct name="Black Creek" votes="2" />
                <Precinct name="Ways Station" votes="7" />
                <Precinct name="RH Rec Complex" votes="6" />
                <Precinct name="JF Gregory Park" votes="12" />
                <Precinct name="Keller" votes="19" />
                <Precinct name="New Beginnings" votes="9" />
                <Precinct name="Hwy 144 East" votes="7" />
            </VoteType>
            <VoteType name="Election Day Votes" votes="155">
                <Precinct name="Pembroke" votes="6" />
                <Precinct name="Danielsiding" votes="21" />
                <Precinct name="Ellabell" votes="9" />
                <Precinct name="Black Creek" votes="7" />
                <Precinct name="Ways Station" votes="21" />
                <Precinct name="RH Rec Complex" votes="18" />
                <Precinct name="JF Gregory Park" votes="18" />
                <Precinct name="Keller" votes="24" />
                <Precinct name="New Beginnings" votes="9" />
                <Precinct name="Hwy 144 East" votes="22" />
            </VoteType>
            <VoteType name="Provisional Votes" votes="0">
                <Precinct name="Pembroke" votes="0" />
                <Precinct name="Danielsiding" votes="0" />
                <Precinct name="Ellabell" votes="0" />
                <Precinct name="Black Creek" votes="0" />
                <Precinct name="Ways Station" votes="0" />
                <Precinct name="RH Rec Complex" votes="0" />
                <Precinct name="JF Gregory Park" votes="0" />
                <Precinct name="Keller" votes="0" />
                <Precinct name="New Beginnings" votes="0" />
                <Precinct name="Hwy 144 East" votes="0" />
            </VoteType>
        </Choice>
        <Choice key="23" text="Kwanza Hall" party="DEM" totalVotes="232">
            <VoteType name="Absentee by Mail Votes" votes="21">
                <Precinct name="Pembroke" votes="5" />
                <Precinct name="Danielsiding" votes="1" />
                <Precinct name="Ellabell" votes="2" />
                <Precinct name="Black Creek" votes="0" />
                <Precinct name="Ways Station" votes="4" />
                <Precinct name="RH Rec Complex" votes="4" />
                <Precinct name="JF Gregory Park" votes="0" />
                <Precinct name="Keller" votes="2" />
                <Precinct name="New Beginnings" votes="2" />
                <Precinct name="Hwy 144 East" votes="1" />
            </VoteType>
            <VoteType name="Advance Voting Votes" votes="64">
                <Precinct name="Pembroke" votes="14" />
                <Precinct name="Danielsiding" votes="6" />
                <Precinct name="Ellabell" votes="4" />
                <Precinct name="Black Creek" votes="2" />
                <Precinct name="Ways Station" votes="10" />
                <Precinct name="RH Rec Complex" votes="11" />
                <Precinct name="JF Gregory Park" votes="2" />
                <Precinct name="Keller" votes="10" />
                <Precinct name="New Beginnings" votes="0" />
                <Precinct name="Hwy 144 East" votes="5" />
            </VoteType>
            <VoteType name="Election Day Votes" votes="142">
                <Precinct name="Pembroke" votes="11" />
                <Precinct name="Danielsiding" votes="18" />
                <Precinct name="Ellabell" votes="10" />
                <Precinct name="Black Creek" votes="7" />
                <Precinct name="Ways Station" votes="11" />
                <Precinct name="RH Rec Complex" votes="6" />
                <Precinct name="JF Gregory Park" votes="14" />
                <Precinct name="Keller" votes="31" />
                <Precinct name="New Beginnings" votes="11" />
                <Precinct name="Hwy 144 East" votes="23" />
            </VoteType>
            <VoteType name="Provisional Votes" votes="5">
                <Precinct name="Pembroke" votes="3" />
                <Precinct name="Danielsiding" votes="1" />
                <Precinct name="Ellabell" votes="0" />
                <Precinct name="Black Creek" votes="1" />
                <Precinct name="Ways Station" votes="0" />
                <Precinct name="RH Rec Complex" votes="0" />
                <Precinct name="JF Gregory Park" votes="0" />
                <Precinct name="Keller" votes="0" />
                <Precinct name="New Beginnings" votes="0" />
                <Precinct name="Hwy 144 East" votes="0" />
            </VoteType>
        </Choice>
    </Contest>
    <Contest key="8" text="Secretary of State - Dem" voteFor="1" isQuestion="false" precinctsReporting="10" precinctsReported="10">
        <VoteType name="Undervotes" votes="18">
            <Precinct name="Pembroke" votes="2" />
            <Precinct name="Danielsiding" votes="2" />
            <Precinct name="Ellabell" votes="1" />
            <Precinct name="Black Creek" votes="3" />
            <Precinct name="Ways Station" votes="1" />
            <Precinct name="RH Rec Complex" votes="4" />
            <Precinct name="JF Gregory Park" votes="1" />
            <Precinct name="Keller" votes="1" />
            <Precinct name="New Beginnings" votes="1" />
            <Precinct name="Hwy 144 East" votes="2" />
        </VoteType>
        <VoteType name="Overvotes" votes="0">
            <Precinct name="Pembroke" votes="0" />
            <Precinct name="Danielsiding" votes="0" />
            <Precinct name="Ellabell" votes="0" />
            <Precinct name="Black Creek" votes="0" />
            <Precinct name="Ways Station" votes="0" />
            <Precinct name="RH Rec Complex" votes="0" />
            <Precinct name="JF Gregory Park" votes="0" />
            <Precinct name="Keller" votes="0" />
            <Precinct name="New Beginnings" votes="0" />
            <Precinct name="Hwy 144 East" votes="0" />
        </VoteType>
        <Choice key="32" text="Dee Dawkins-Haigler" party="DEM" totalVotes="143">
            <VoteType name="Absentee by Mail Votes" votes="14">
                <Precinct name="Pembroke" votes="3" />
                <Precinct name="Danielsiding" votes="1" />
                <Precinct name="Ellabell" votes="1" />
                <Precinct name="Black Creek" votes="1" />
                <Precinct name="Ways Station" votes="2" />
                <Precinct name="RH Rec Complex" votes="1" />
                <Precinct name="JF Gregory Park" votes="0" />
                <Precinct name="Keller" votes="0" />
                <Precinct name="New Beginnings" votes="3" />
                <Precinct name="Hwy 144 East" votes="2" />
            </VoteType>
            <VoteType name="Advance Voting Votes" votes="38">
                <Precinct name="Pembroke" votes="7" />
                <Precinct name="Danielsiding" votes="3" />
                <Precinct name="Ellabell" votes="3" />
                <Precinct name="Black Creek" votes="2" />
                <Precinct name="Ways Station" votes="7" />
                <Precinct name="RH Rec Complex" votes="4" />
                <Precinct name="JF Gregory Park" votes="4" />
                <Precinct name="Keller" votes="5" />
                <Precinct name="New Beginnings" votes="1" />
                <Precinct name="Hwy 144 East" votes="2" />
            </VoteType>
            <VoteType name="Election Day Votes" votes="87">
                <Precinct name="Pembroke" votes="3" />
                <Precinct name="Danielsiding" votes="11" />
                <Precinct name="Ellabell" votes="4" />
                <Precinct name="Black Creek" votes="7" />
                <Precinct name="Ways Station" votes="7" />
                <Precinct name="RH Rec Complex" votes="5" />
                <Precinct name="JF Gregory Park" votes="11" />
                <Precinct name="Keller" votes="22" />
                <Precinct name="New Beginnings" votes="5" />
                <Precinct name="Hwy 144 East" votes="12" />
            </VoteType>
            <VoteType name="Provisional Votes" votes="4">
                <Precinct name="Pembroke" votes="2" />
                <Precinct name="Danielsiding" votes="1" />
                <Precinct name="Ellabell" votes="0" />
                <Precinct name="Black Creek" votes="1" />
                <Precinct name="Ways Station" votes="0" />
                <Precinct name="RH Rec Complex" votes="0" />
                <Precinct name="JF Gregory Park" votes="0" />
                <Precinct name="Keller" votes="0" />
                <Precinct name="New Beginnings" votes="0" />
                <Precinct name="Hwy 144 East" votes="0" />
            </VoteType>
        </Choice>
        <Choice key="35" text="Bee Nguyen" party="DEM" totalVotes="354">
            <VoteType name="Absentee by Mail Votes" votes="33">
                <Precinct name="Pembroke" votes="2" />
                <Precinct name="Danielsiding" votes="6" />
                <Precinct name="Ellabell" votes="2" />
                <Precinct name="Black Creek" votes="2" />
                <Precinct name="Ways Station" votes="5" />
                <Precinct name="RH Rec Complex" votes="5" />
                <Precinct name="JF Gregory Park" votes="2" />
                <Precinct name="Keller" votes="3" />
                <Precinct name="New Beginnings" votes="6" />
                <Precinct name="Hwy 144 East" votes="0" />
            </VoteType>
            <VoteType name="Advance Voting Votes" votes="111">
                <Precinct name="Pembroke" votes="20" />
                <Precinct name="Danielsiding" votes="9" />
                <Precinct name="Ellabell" votes="4" />
                <Precinct name="Black Creek" votes="2" />
                <Precinct name="Ways Station" votes="10" />
                <Precinct name="RH Rec Complex" votes="14" />
                <Precinct name="JF Gregory Park" votes="10" />
                <Precinct name="Keller" votes="24" />
                <Precinct name="New Beginnings" votes="8" />
                <Precinct name="Hwy 144 East" votes="10" />
            </VoteType>
            <VoteType name="Election Day Votes" votes="209">
                <Precinct name="Pembroke" votes="14" />
                <Precinct name="Danielsiding" votes="28" />
                <Precinct name="Ellabell" votes="15" />
                <Precinct name="Black Creek" votes="8" />
                <Precinct name="Ways Station" votes="25" />
                <Precinct name="RH Rec Complex" votes="19" />
                <Precinct name="JF Gregory Park" votes="21" />
                <Precinct name="Keller" votes="33" />
                <Precinct name="New Beginnings" votes="15" />
                <Precinct name="Hwy 144 East" votes="31" />
            </VoteType>
            <VoteType name="Provisional Votes" votes="1">
                <Precinct name="Pembroke" votes="1" />
                <Precinct name="Danielsiding" votes="0" />
                <Precinct name="Ellabell" votes="0" />
                <Precinct name="Black Creek" votes="0" />
                <Precinct name="Ways Station" votes="0" />
                <Precinct name="RH Rec Complex" votes="0" />
                <Precinct name="JF Gregory Park" votes="0" />
                <Precinct name="Keller" votes="0" />
                <Precinct name="New Beginnings" votes="0" />
                <Precinct name="Hwy 144 East" votes="0" />
            </VoteType>
        </Choice>
    </Contest>
    <Contest key="14" text="Commissioner of Insurance - Dem" voteFor="1" isQuestion="false" precinctsReporting="10" precinctsReported="10">
        <VoteType name="Undervotes" votes="38">
            <Precinct name="Pembroke" votes="3" />
            <Precinct name="Danielsiding" votes="3" />
            <Precinct name="Ellabell" votes="2" />
            <Precinct name="Black Creek" votes="5" />
            <Precinct name="Ways Station" votes="1" />
            <Precinct name="RH Rec Complex" votes="4" />
            <Precinct name="JF Gregory Park" votes="3" />
            <Precinct name="Keller" votes="6" />
            <Precinct name="New Beginnings" votes="8" />
            <Precinct name="Hwy 144 East" votes="3" />
        </VoteType>
        <VoteType name="Overvotes" votes="0">
            <Precinct name="Pembroke" votes="0" />
            <Precinct name="Danielsiding" votes="0" />
            <Precinct name="Ellabell" votes="0" />
            <Precinct name="Black Creek" votes="0" />
            <Precinct name="Ways Station" votes="0" />
            <Precinct name="RH Rec Complex" votes="0" />
            <Precinct name="JF Gregory Park" votes="0" />
            <Precinct name="Keller" votes="0" />
            <Precinct name="New Beginnings" votes="0" />
            <Precinct name="Hwy 144 East" votes="0" />
        </VoteType>
        <Choice key="48" text="Raphael Baker" party="DEM" totalVotes="192">
            <VoteType name="Absentee by Mail Votes" votes="12">
                <Precinct name="Pembroke" votes="1" />
                <Precinct name="Danielsiding" votes="1" />
                <Precinct name="Ellabell" votes="1" />
                <Precinct name="Black Creek" votes="0" />
                <Precinct name="Ways Station" votes="3" />
                <Precinct name="RH Rec Complex" votes="2" />
                <Precinct name="JF Gregory Park" votes="0" />
                <Precinct name="Keller" votes="0" />
                <Precinct name="New Beginnings" votes="3" />
                <Precinct name="Hwy 144 East" votes="1" />
            </VoteType>
            <VoteType name="Advance Voting Votes" votes="53">
                <Precinct name="Pembroke" votes="13" />
                <Precinct name="Danielsiding" votes="4" />
                <Precinct name="Ellabell" votes="5" />
                <Precinct name="Black Creek" votes="0" />
                <Precinct name="Ways Station" votes="8" />
                <Precinct name="RH Rec Complex" votes="6" />
                <Precinct name="JF Gregory Park" votes="5" />
                <Precinct name="Keller" votes="4" />
                <Precinct name="New Beginnings" votes="2" />
                <Precinct name="Hwy 144 East" votes="6" />
            </VoteType>
            <VoteType name="Election Day Votes" votes="126">
                <Precinct name="Pembroke" votes="4" />
                <Precinct name="Danielsiding" votes="15" />
                <Precinct name="Ellabell" votes="7" />
                <Precinct name="Black Creek" votes="7" />
                <Precinct name="Ways Station" votes="14" />
                <Precinct name="RH Rec Complex" votes="13" />
                <Precinct name="JF Gregory Park" votes="10" />
                <Precinct name="Keller" votes="26" />
                <Precinct name="New Beginnings" votes="6" />
                <Precinct name="Hwy 144 East" votes="24" />
            </VoteType>
            <VoteType name="Provisional Votes" votes="1">
                <Precinct name="Pembroke" votes="0" />
                <Precinct name="Danielsiding" votes="0" />
                <Precinct name="Ellabell" votes="0" />
                <Precinct name="Black Creek" votes="1" />
                <Precinct name="Ways Station" votes="0" />
                <Precinct name="RH Rec Complex" votes="0" />
                <Precinct name="JF Gregory Park" votes="0" />
                <Precinct name="Keller" votes="0" />
                <Precinct name="New Beginnings" votes="0" />
                <Precinct name="Hwy 144 East" votes="0" />
            </VoteType>
        </Choice>
        <Choice key="49" text="Janice Laws Robinson" party="DEM" totalVotes="285">
            <VoteType name="Absentee by Mail Votes" votes="34">
                <Precinct name="Pembroke" votes="4" />
                <Precinct name="Danielsiding" votes="6" />
                <Precinct name="Ellabell" votes="1" />
                <Precinct name="Black Creek" votes="3" />
                <Precinct name="Ways Station" votes="4" />
                <Precinct name="RH Rec Complex" votes="4" />
                <Precinct name="JF Gregory Park" votes="2" />
                <Precinct name="Keller" votes="3" />
                <Precinct name="New Beginnings" votes="6" />
                <Precinct name="Hwy 144 East" votes="1" />
            </VoteType>
            <VoteType name="Advance Voting Votes" votes="86">
                <Precinct name="Pembroke" votes="13" />
                <Precinct name="Danielsiding" votes="8" />
                <Precinct name="Ellabell" votes="2" />
                <Precinct name="Black Creek" votes="4" />
                <Precinct name="Ways Station" votes="9" />
                <Precinct name="RH Rec Complex" votes="11" />
                <Precinct name="JF Gregory Park" votes="7" />
                <Precinct name="Keller" votes="22" />
                <Precinct name="New Beginnings" votes="4" />
                <Precinct name="Hwy 144 East" votes="6" />
            </VoteType>
            <VoteType name="Election Day Votes" votes="161">
                <Precinct name="Pembroke" votes="13" />
                <Precinct name="Danielsiding" votes="23" />
                <Precinct name="Ellabell" votes="12" />
                <Precinct name="Black Creek" votes="6" />
                <Precinct name="Ways Station" votes="18" />
                <Precinct name="RH Rec Complex" votes="12" />
                <Precinct name="JF Gregory Park" votes="22" />
                <Precinct name="Keller" votes="27" />
                <Precinct name="New Beginnings" votes="10" />
                <Precinct name="Hwy 144 East" votes="18" />
            </VoteType>
            <VoteType name="Provisional Votes" votes="4">
                <Precinct name="Pembroke" votes="3" />
                <Precinct name="Danielsiding" votes="1" />
                <Precinct name="Ellabell" votes="0" />
                <Precinct name="Black Creek" votes="0" />
                <Precinct name="Ways Station" votes="0" />
                <Precinct name="RH Rec Complex" votes="0" />
                <Precinct name="JF Gregory Park" votes="0" />
                <Precinct name="Keller" votes="0" />
                <Precinct name="New Beginnings" votes="0" />
                <Precinct name="Hwy 144 East" votes="0" />
            </VoteType>
        </Choice>
    </Contest>
    <Contest key="18" text="Commissioner of Labor - Dem" voteFor="1" isQuestion="false" precinctsReporting="10" precinctsReported="10">
        <VoteType name="Undervotes" votes="38">
            <Precinct name="Pembroke" votes="6" />
            <Precinct name="Danielsiding" votes="4" />
            <Precinct name="Ellabell" votes="2" />
            <Precinct name="Black Creek" votes="7" />
            <Precinct name="Ways Station" votes="1" />
            <Precinct name="RH Rec Complex" votes="4" />
            <Precinct name="JF Gregory Park" votes="3" />
            <Precinct name="Keller" votes="4" />
            <Precinct name="New Beginnings" votes="4" />
            <Precinct name="Hwy 144 East" votes="3" />
        </VoteType>
        <VoteType name="Overvotes" votes="0">
            <Precinct name="Pembroke" votes="0" />
            <Precinct name="Danielsiding" votes="0" />
            <Precinct name="Ellabell" votes="0" />
            <Precinct name="Black Creek" votes="0" />
            <Precinct name="Ways Station" votes="0" />
            <Precinct name="RH Rec Complex" votes="0" />
            <Precinct name="JF Gregory Park" votes="0" />
            <Precinct name="Keller" votes="0" />
            <Precinct name="New Beginnings" votes="0" />
            <Precinct name="Hwy 144 East" votes="0" />
        </VoteType>
        <Choice key="60" text="William &quot;&quot;Will&quot;&quot; Boddie, Jr." party="DEM" totalVotes="248">
            <VoteType name="Absentee by Mail Votes" votes="24">
                <Precinct name="Pembroke" votes="2" />
                <Precinct name="Danielsiding" votes="4" />
                <Precinct name="Ellabell" votes="2" />
                <Precinct name="Black Creek" votes="2" />
                <Precinct name="Ways Station" votes="3" />
                <Precinct name="RH Rec Complex" votes="6" />
                <Precinct name="JF Gregory Park" votes="0" />
                <Precinct name="Keller" votes="1" />
                <Precinct name="New Beginnings" votes="3" />
                <Precinct name="Hwy 144 East" votes="1" />
            </VoteType>
            <VoteType name="Advance Voting Votes" votes="81">
                <Precinct name="Pembroke" votes="13" />
                <Precinct name="Danielsiding" votes="10" />
                <Precinct name="Ellabell" votes="3" />
                <Precinct name="Black Creek" votes="0" />
                <Precinct name="Ways Station" votes="8" />
                <Precinct name="RH Rec Complex" votes="10" />
                <Precinct name="JF Gregory Park" votes="10" />
                <Precinct name="Keller" votes="15" />
                <Precinct name="New Beginnings" votes="5" />
                <Precinct name="Hwy 144 East" votes="7" />
            </VoteType>
            <VoteType name="Election Day Votes" votes="142">
                <Precinct name="Pembroke" votes="7" />
                <Precinct name="Danielsiding" votes="16" />
                <Precinct name="Ellabell" votes="6" />
                <Precinct name="Black Creek" votes="7" />
                <Precinct name="Ways Station" votes="16" />
                <Precinct name="RH Rec Complex" votes="13" />
                <Precinct name="JF Gregory Park" votes="14" />
                <Precinct name="Keller" votes="34" />
                <Precinct name="New Beginnings" votes="12" />
                <Precinct name="Hwy 144 East" votes="17" />
            </VoteType>
            <VoteType name="Provisional Votes" votes="1">
                <Precinct name="Pembroke" votes="1" />
                <Precinct name="Danielsiding" votes="0" />
                <Precinct name="Ellabell" votes="0" />
                <Precinct name="Black Creek" votes="0" />
                <Precinct name="Ways Station" votes="0" />
                <Precinct name="RH Rec Complex" votes="0" />
                <Precinct name="JF Gregory Park" votes="0" />
                <Precinct name="Keller" votes="0" />
                <Precinct name="New Beginnings" votes="0" />
                <Precinct name="Hwy 144 East" votes="0" />
            </VoteType>
        </Choice>
        <Choice key="62" text="Nicole Horn" party="DEM" totalVotes="229">
            <VoteType name="Absentee by Mail Votes" votes="23">
                <Precinct name="Pembroke" votes="3" />
                <Precinct name="Danielsiding" votes="3" />
                <Precinct name="Ellabell" votes="1" />
                <Precinct name="Black Creek" votes="1" />
                <Precinct name="Ways Station" votes="4" />
                <Precinct name="RH Rec Complex" votes="0" />
                <Precinct name="JF Gregory Park" votes="2" />
                <Precinct name="Keller" votes="2" />
                <Precinct name="New Beginnings" votes="6" />
                <Precinct name="Hwy 144 East" votes="1" />
            </VoteType>
            <VoteType name="Advance Voting Votes" votes="59">
                <Precinct name="Pembroke" votes="11" />
                <Precinct name="Danielsiding" votes="2" />
                <Precinct name="Ellabell" votes="4" />
                <Precinct name="Black Creek" votes="4" />
                <Precinct name="Ways Station" votes="9" />
                <Precinct name="RH Rec Complex" votes="7" />
                <Precinct name="JF Gregory Park" votes="2" />
                <Precinct name="Keller" votes="12" />
                <Precinct name="New Beginnings" votes="3" />
                <Precinct name="Hwy 144 East" votes="5" />
            </VoteType>
            <VoteType name="Election Day Votes" votes="144">
                <Precinct name="Pembroke" votes="9" />
                <Precinct name="Danielsiding" votes="21" />
                <Precinct name="Ellabell" votes="12" />
                <Precinct name="Black Creek" votes="5" />
                <Precinct name="Ways Station" votes="16" />
                <Precinct name="RH Rec Complex" votes="12" />
                <Precinct name="JF Gregory Park" votes="18" />
                <Precinct name="Keller" votes="20" />
                <Precinct name="New Beginnings" votes="6" />
                <Precinct name="Hwy 144 East" votes="25" />
            </VoteType>
            <VoteType name="Provisional Votes" votes="3">
                <Precinct name="Pembroke" votes="2" />
                <Precinct name="Danielsiding" votes="1" />
                <Precinct name="Ellabell" votes="0" />
                <Precinct name="Black Creek" votes="0" />
                <Precinct name="Ways Station" votes="0" />
                <Precinct name="RH Rec Complex" votes="0" />
                <Precinct name="JF Gregory Park" votes="0" />
                <Precinct name="Keller" votes="0" />
                <Precinct name="New Beginnings" votes="0" />
                <Precinct name="Hwy 144 East" votes="0" />
            </VoteType>
        </Choice>
    </Contest>
    <Contest key="24" text="US House of Representatives - District 1 - Dem" voteFor="1" isQuestion="false" precinctsReporting="10" precinctsReported="10">
        <VoteType name="Undervotes" votes="3">
            <Precinct name="Pembroke" votes="0" />
            <Precinct name="Danielsiding" votes="0" />
            <Precinct name="Ellabell" votes="1" />
            <Precinct name="Black Creek" votes="1" />
            <Precinct name="Ways Station" votes="0" />
            <Precinct name="RH Rec Complex" votes="0" />
            <Precinct name="JF Gregory Park" votes="0" />
            <Precinct name="Keller" votes="1" />
            <Precinct name="New Beginnings" votes="0" />
            <Precinct name="Hwy 144 East" votes="0" />
        </VoteType>
        <VoteType name="Overvotes" votes="0">
            <Precinct name="Pembroke" votes="0" />
            <Precinct name="Danielsiding" votes="0" />
            <Precinct name="Ellabell" votes="0" />
            <Precinct name="Black Creek" votes="0" />
            <Precinct name="Ways Station" votes="0" />
            <Precinct name="RH Rec Complex" votes="0" />
            <Precinct name="JF Gregory Park" votes="0" />
            <Precinct name="Keller" votes="0" />
            <Precinct name="New Beginnings" votes="0" />
            <Precinct name="Hwy 144 East" votes="0" />
        </VoteType>
        <Choice key="73" text="Joyce Marie Griggs" party="DEM" totalVotes="210">
            <VoteType name="Absentee by Mail Votes" votes="13">
                <Precinct name="Pembroke" votes="2" />
                <Precinct name="Danielsiding" votes="2" />
                <Precinct name="Ellabell" votes="2" />
                <Precinct name="Black Creek" votes="1" />
                <Precinct name="Ways Station" votes="0" />
                <Precinct name="RH Rec Complex" votes="5" />
                <Precinct name="JF Gregory Park" votes="0" />
                <Precinct name="Keller" votes="0" />
                <Precinct name="New Beginnings" votes="1" />
                <Precinct name="Hwy 144 East" votes="0" />
            </VoteType>
            <VoteType name="Advance Voting Votes" votes="42">
                <Precinct name="Pembroke" votes="16" />
                <Precinct name="Danielsiding" votes="4" />
                <Precinct name="Ellabell" votes="3" />
                <Precinct name="Black Creek" votes="4" />
                <Precinct name="Ways Station" votes="3" />
                <Precinct name="RH Rec Complex" votes="2" />
                <Precinct name="JF Gregory Park" votes="2" />
                <Precinct name="Keller" votes="7" />
                <Precinct name="New Beginnings" votes="0" />
                <Precinct name="Hwy 144 East" votes="1" />
            </VoteType>
            <VoteType name="Election Day Votes" votes="152">
                <Precinct name="Pembroke" votes="10" />
                <Precinct name="Danielsiding" votes="20" />
                <Precinct name="Ellabell" votes="15" />
                <Precinct name="Black Creek" votes="14" />
                <Precinct name="Ways Station" votes="16" />
                <Precinct name="RH Rec Complex" votes="10" />
                <Precinct name="JF Gregory Park" votes="11" />
                <Precinct name="Keller" votes="25" />
                <Precinct name="New Beginnings" votes="10" />
                <Precinct name="Hwy 144 East" votes="21" />
            </VoteType>
            <VoteType name="Provisional Votes" votes="3">
                <Precinct name="Pembroke" votes="2" />
                <Precinct name="Danielsiding" votes="0" />
                <Precinct name="Ellabell" votes="0" />
                <Precinct name="Black Creek" votes="1" />
                <Precinct name="Ways Station" votes="0" />
                <Precinct name="RH Rec Complex" votes="0" />
                <Precinct name="JF Gregory Park" votes="0" />
                <Precinct name="Keller" votes="0" />
                <Precinct name="New Beginnings" votes="0" />
                <Precinct name="Hwy 144 East" votes="0" />
            </VoteType>
        </Choice>
        <Choice key="74" text="Wade Herring" party="DEM" totalVotes="302">
            <VoteType name="Absentee by Mail Votes" votes="34">
                <Precinct name="Pembroke" votes="3" />
                <Precinct name="Danielsiding" votes="5" />
                <Precinct name="Ellabell" votes="1" />
                <Precinct name="Black Creek" votes="2" />
                <Precinct name="Ways Station" votes="7" />
                <Precinct name="RH Rec Complex" votes="1" />
                <Precinct name="JF Gregory Park" votes="2" />
                <Precinct name="Keller" votes="3" />
                <Precinct name="New Beginnings" votes="8" />
                <Precinct name="Hwy 144 East" votes="2" />
            </VoteType>
            <VoteType name="Advance Voting Votes" votes="111">
                <Precinct name="Pembroke" votes="12" />
                <Precinct name="Danielsiding" votes="9" />
                <Precinct name="Ellabell" votes="4" />
                <Precinct name="Black Creek" votes="0" />
                <Precinct name="Ways Station" votes="14" />
                <Precinct name="RH Rec Complex" votes="18" />
                <Precinct name="JF Gregory Park" votes="12" />
                <Precinct name="Keller" votes="22" />
                <Precinct name="New Beginnings" votes="9" />
                <Precinct name="Hwy 144 East" votes="11" />
            </VoteType>
            <VoteType name="Election Day Votes" votes="155">
                <Precinct name="Pembroke" votes="8" />
                <Precinct name="Danielsiding" votes="20" />
                <Precinct name="Ellabell" votes="4" />
                <Precinct name="Black Creek" votes="3" />
                <Precinct name="Ways Station" votes="17" />
                <Precinct name="RH Rec Complex" votes="16" />
                <Precinct name="JF Gregory Park" votes="22" />
                <Precinct name="Keller" votes="30" />
                <Precinct name="New Beginnings" votes="11" />
                <Precinct name="Hwy 144 East" votes="24" />
            </VoteType>
            <VoteType name="Provisional Votes" votes="2">
                <Precinct name="Pembroke" votes="1" />
                <Precinct name="Danielsiding" votes="1" />
                <Precinct name="Ellabell" votes="0" />
                <Precinct name="Black Creek" votes="0" />
                <Precinct name="Ways Station" votes="0" />
                <Precinct name="RH Rec Complex" votes="0" />
                <Precinct name="JF Gregory Park" votes="0" />
                <Precinct name="Keller" votes="0" />
                <Precinct name="New Beginnings" votes="0" />
                <Precinct name="Hwy 144 East" votes="0" />
            </VoteType>
        </Choice>
    </Contest>
</ElectionResult>