<?xml version="1.0"?>
<!--Election result snapshot imported from Tabulation System
-->
<ElectionResult>
    <Timestamp>6/24/2022 10:19:29 AM EDT</Timestamp>
    <ElectionName>June 21, 2022 - General Primary -Nonpartisan General Election Runoff</ElectionName>
    <ElectionDate>6/21/2022</ElectionDate>
    <Region>Jenkins</Region>
    <VoterTurnout totalVoters="4986" ballotsCast="129" voterTurnout="2.59">
        <Precincts>
            <Precinct name="Primary School" totalVoters="1057" ballotsCast="52" voterTurnout="4.92" percentReporting="4" />
            <Precinct name="Court House" totalVoters="892" ballotsCast="31" voterTurnout="3.48" percentReporting="4" />
            <Precinct name="Perkins" totalVoters="1035" ballotsCast="15" voterTurnout="1.45" percentReporting="4" />
            <Precinct name="Senior Citizens Center" totalVoters="1014" ballotsCast="14" voterTurnout="1.38" percentReporting="4" />
            <Precinct name="Four Points" totalVoters="988" ballotsCast="17" voterTurnout="1.72" percentReporting="4" />
        </Precincts>
    </VoterTurnout>
    <Contest key="6" text="Lieutenant Governor - Dem" voteFor="1" isQuestion="false" precinctsReporting="5" precinctsReported="5">
        <VoteType name="Undervotes" votes="0">
            <Precinct name="Primary School" votes="0" />
            <Precinct name="Court House" votes="0" />
            <Precinct name="Perkins" votes="0" />
            <Precinct name="Senior Citizens Center" votes="0" />
            <Precinct name="Four Points" votes="0" />
        </VoteType>
        <VoteType name="Overvotes" votes="0">
            <Precinct name="Primary School" votes="0" />
            <Precinct name="Court House" votes="0" />
            <Precinct name="Perkins" votes="0" />
            <Precinct name="Senior Citizens Center" votes="0" />
            <Precinct name="Four Points" votes="0" />
        </VoteType>
        <Choice key="20" text="Charlie Bailey" party="DEM" totalVotes="84">
            <VoteType name="Absentee by Mail Votes" votes="8">
                <Precinct name="Primary School" votes="5" />
                <Precinct name="Court House" votes="2" />
                <Precinct name="Perkins" votes="1" />
                <Precinct name="Senior Citizens Center" votes="0" />
                <Precinct name="Four Points" votes="0" />
            </VoteType>
            <VoteType name="Advance Voting Votes" votes="38">
                <Precinct name="Primary School" votes="18" />
                <Precinct name="Court House" votes="7" />
                <Precinct name="Perkins" votes="4" />
                <Precinct name="Senior Citizens Center" votes="6" />
                <Precinct name="Four Points" votes="3" />
            </VoteType>
            <VoteType name="Election Day Votes" votes="38">
                <Precinct name="Primary School" votes="12" />
                <Precinct name="Court House" votes="9" />
                <Precinct name="Perkins" votes="3" />
                <Precinct name="Senior Citizens Center" votes="4" />
                <Precinct name="Four Points" votes="10" />
            </VoteType>
            <VoteType name="Provisional Votes" votes="0">
                <Precinct name="Primary School" votes="0" />
                <Precinct name="Court House" votes="0" />
                <Precinct name="Perkins" votes="0" />
                <Precinct name="Senior Citizens Center" votes="0" />
                <Precinct name="Four Points" votes="0" />
            </VoteType>
        </Choice>
        <Choice key="23" text="Kwanza Hall" party="DEM" totalVotes="45">
            <VoteType name="Absentee by Mail Votes" votes="7">
                <Precinct name="Primary School" votes="4" />
                <Precinct name="Court House" votes="2" />
                <Precinct name="Perkins" votes="1" />
                <Precinct name="Senior Citizens Center" votes="0" />
                <Precinct name="Four Points" votes="0" />
            </VoteType>
            <VoteType name="Advance Voting Votes" votes="14">
                <Precinct name="Primary School" votes="4" />
                <Precinct name="Court House" votes="6" />
                <Precinct name="Perkins" votes="3" />
                <Precinct name="Senior Citizens Center" votes="1" />
                <Precinct name="Four Points" votes="0" />
            </VoteType>
            <VoteType name="Election Day Votes" votes="24">
                <Precinct name="Primary School" votes="9" />
                <Precinct name="Court House" votes="5" />
                <Precinct name="Perkins" votes="3" />
                <Precinct name="Senior Citizens Center" votes="3" />
                <Precinct name="Four Points" votes="4" />
            </VoteType>
            <VoteType name="Provisional Votes" votes="0">
                <Precinct name="Primary School" votes="0" />
                <Precinct name="Court House" votes="0" />
                <Precinct name="Perkins" votes="0" />
                <Precinct name="Senior Citizens Center" votes="0" />
                <Precinct name="Four Points" votes="0" />
            </VoteType>
        </Choice>
    </Contest>
    <Contest key="8" text="Secretary of State - Dem" voteFor="1" isQuestion="false" precinctsReporting="5" precinctsReported="5">
        <VoteType name="Undervotes" votes="11">
            <Precinct name="Primary School" votes="2" />
            <Precinct name="Court House" votes="2" />
            <Precinct name="Perkins" votes="2" />
            <Precinct name="Senior Citizens Center" votes="0" />
            <Precinct name="Four Points" votes="5" />
        </VoteType>
        <VoteType name="Overvotes" votes="0">
            <Precinct name="Primary School" votes="0" />
            <Precinct name="Court House" votes="0" />
            <Precinct name="Perkins" votes="0" />
            <Precinct name="Senior Citizens Center" votes="0" />
            <Precinct name="Four Points" votes="0" />
        </VoteType>
        <Choice key="32" text="Dee Dawkins-Haigler" party="DEM" totalVotes="51">
            <VoteType name="Absentee by Mail Votes" votes="6">
                <Precinct name="Primary School" votes="5" />
                <Precinct name="Court House" votes="1" />
                <Precinct name="Perkins" votes="0" />
                <Precinct name="Senior Citizens Center" votes="0" />
                <Precinct name="Four Points" votes="0" />
            </VoteType>
            <VoteType name="Advance Voting Votes" votes="18">
                <Precinct name="Primary School" votes="9" />
                <Precinct name="Court House" votes="3" />
                <Precinct name="Perkins" votes="3" />
                <Precinct name="Senior Citizens Center" votes="2" />
                <Precinct name="Four Points" votes="1" />
            </VoteType>
            <VoteType name="Election Day Votes" votes="27">
                <Precinct name="Primary School" votes="14" />
                <Precinct name="Court House" votes="4" />
                <Precinct name="Perkins" votes="2" />
                <Precinct name="Senior Citizens Center" votes="3" />
                <Precinct name="Four Points" votes="4" />
            </VoteType>
            <VoteType name="Provisional Votes" votes="0">
                <Precinct name="Primary School" votes="0" />
                <Precinct name="Court House" votes="0" />
                <Precinct name="Perkins" votes="0" />
                <Precinct name="Senior Citizens Center" votes="0" />
                <Precinct name="Four Points" votes="0" />
            </VoteType>
        </Choice>
        <Choice key="35" text="Bee Nguyen" party="DEM" totalVotes="67">
            <VoteType name="Absentee by Mail Votes" votes="6">
                <Precinct name="Primary School" votes="2" />
                <Precinct name="Court House" votes="3" />
                <Precinct name="Perkins" votes="1" />
                <Precinct name="Senior Citizens Center" votes="0" />
                <Precinct name="Four Points" votes="0" />
            </VoteType>
            <VoteType name="Advance Voting Votes" votes="32">
                <Precinct name="Primary School" votes="13" />
                <Precinct name="Court House" votes="8" />
                <Precinct name="Perkins" votes="4" />
                <Precinct name="Senior Citizens Center" votes="5" />
                <Precinct name="Four Points" votes="2" />
            </VoteType>
            <VoteType name="Election Day Votes" votes="29">
                <Precinct name="Primary School" votes="7" />
                <Precinct name="Court House" votes="10" />
                <Precinct name="Perkins" votes="3" />
                <Precinct name="Senior Citizens Center" votes="4" />
                <Precinct name="Four Points" votes="5" />
            </VoteType>
            <VoteType name="Provisional Votes" votes="0">
                <Precinct name="Primary School" votes="0" />
                <Precinct name="Court House" votes="0" />
                <Precinct name="Perkins" votes="0" />
                <Precinct name="Senior Citizens Center" votes="0" />
                <Precinct name="Four Points" votes="0" />
            </VoteType>
        </Choice>
    </Contest>
    <Contest key="14" text="Commissioner of Insurance - Dem" voteFor="1" isQuestion="false" precinctsReporting="5" precinctsReported="5">
        <VoteType name="Undervotes" votes="7">
            <Precinct name="Primary School" votes="2" />
            <Precinct name="Court House" votes="2" />
            <Precinct name="Perkins" votes="0" />
            <Precinct name="Senior Citizens Center" votes="0" />
            <Precinct name="Four Points" votes="3" />
        </VoteType>
        <VoteType name="Overvotes" votes="0">
            <Precinct name="Primary School" votes="0" />
            <Precinct name="Court House" votes="0" />
            <Precinct name="Perkins" votes="0" />
            <Precinct name="Senior Citizens Center" votes="0" />
            <Precinct name="Four Points" votes="0" />
        </VoteType>
        <Choice key="48" text="Raphael Baker" party="DEM" totalVotes="51">
            <VoteType name="Absentee by Mail Votes" votes="6">
                <Precinct name="Primary School" votes="4" />
                <Precinct name="Court House" votes="1" />
                <Precinct name="Perkins" votes="1" />
                <Precinct name="Senior Citizens Center" votes="0" />
                <Precinct name="Four Points" votes="0" />
            </VoteType>
            <VoteType name="Advance Voting Votes" votes="21">
                <Precinct name="Primary School" votes="13" />
                <Precinct name="Court House" votes="3" />
                <Precinct name="Perkins" votes="2" />
                <Precinct name="Senior Citizens Center" votes="2" />
                <Precinct name="Four Points" votes="1" />
            </VoteType>
            <VoteType name="Election Day Votes" votes="24">
                <Precinct name="Primary School" votes="10" />
                <Precinct name="Court House" votes="4" />
                <Precinct name="Perkins" votes="2" />
                <Precinct name="Senior Citizens Center" votes="3" />
                <Precinct name="Four Points" votes="5" />
            </VoteType>
            <VoteType name="Provisional Votes" votes="0">
                <Precinct name="Primary School" votes="0" />
                <Precinct name="Court House" votes="0" />
                <Precinct name="Perkins" votes="0" />
                <Precinct name="Senior Citizens Center" votes="0" />
                <Precinct name="Four Points" votes="0" />
            </VoteType>
        </Choice>
        <Choice key="49" text="Janice Laws Robinson" party="DEM" totalVotes="71">
            <VoteType name="Absentee by Mail Votes" votes="7">
                <Precinct name="Primary School" votes="3" />
                <Precinct name="Court House" votes="3" />
                <Precinct name="Perkins" votes="1" />
                <Precinct name="Senior Citizens Center" votes="0" />
                <Precinct name="Four Points" votes="0" />
            </VoteType>
            <VoteType name="Advance Voting Votes" votes="31">
                <Precinct name="Primary School" votes="9" />
                <Precinct name="Court House" votes="10" />
                <Precinct name="Perkins" votes="5" />
                <Precinct name="Senior Citizens Center" votes="5" />
                <Precinct name="Four Points" votes="2" />
            </VoteType>
            <VoteType name="Election Day Votes" votes="33">
                <Precinct name="Primary School" votes="11" />
                <Precinct name="Court House" votes="8" />
                <Precinct name="Perkins" votes="4" />
                <Precinct name="Senior Citizens Center" votes="4" />
                <Precinct name="Four Points" votes="6" />
            </VoteType>
            <VoteType name="Provisional Votes" votes="0">
                <Precinct name="Primary School" votes="0" />
                <Precinct name="Court House" votes="0" />
                <Precinct name="Perkins" votes="0" />
                <Precinct name="Senior Citizens Center" votes="0" />
                <Precinct name="Four Points" votes="0" />
            </VoteType>
        </Choice>
    </Contest>
    <Contest key="18" text="Commissioner of Labor - Dem" voteFor="1" isQuestion="false" precinctsReporting="5" precinctsReported="5">
        <VoteType name="Undervotes" votes="1">
            <Precinct name="Primary School" votes="0" />
            <Precinct name="Court House" votes="0" />
            <Precinct name="Perkins" votes="0" />
            <Precinct name="Senior Citizens Center" votes="0" />
            <Precinct name="Four Points" votes="1" />
        </VoteType>
        <VoteType name="Overvotes" votes="0">
            <Precinct name="Primary School" votes="0" />
            <Precinct name="Court House" votes="0" />
            <Precinct name="Perkins" votes="0" />
            <Precinct name="Senior Citizens Center" votes="0" />
            <Precinct name="Four Points" votes="0" />
        </VoteType>
        <Choice key="60" text="William &quot;&quot;Will&quot;&quot; Boddie, Jr." party="DEM" totalVotes="83">
            <VoteType name="Absentee by Mail Votes" votes="12">
                <Precinct name="Primary School" votes="7" />
                <Precinct name="Court House" votes="4" />
                <Precinct name="Perkins" votes="1" />
                <Precinct name="Senior Citizens Center" votes="0" />
                <Precinct name="Four Points" votes="0" />
            </VoteType>
            <VoteType name="Advance Voting Votes" votes="37">
                <Precinct name="Primary School" votes="19" />
                <Precinct name="Court House" votes="8" />
                <Precinct name="Perkins" votes="5" />
                <Precinct name="Senior Citizens Center" votes="3" />
                <Precinct name="Four Points" votes="2" />
            </VoteType>
            <VoteType name="Election Day Votes" votes="34">
                <Precinct name="Primary School" votes="15" />
                <Precinct name="Court House" votes="8" />
                <Precinct name="Perkins" votes="3" />
                <Precinct name="Senior Citizens Center" votes="1" />
                <Precinct name="Four Points" votes="7" />
            </VoteType>
            <VoteType name="Provisional Votes" votes="0">
                <Precinct name="Primary School" votes="0" />
                <Precinct name="Court House" votes="0" />
                <Precinct name="Perkins" votes="0" />
                <Precinct name="Senior Citizens Center" votes="0" />
                <Precinct name="Four Points" votes="0" />
            </VoteType>
        </Choice>
        <Choice key="62" text="Nicole Horn" party="DEM" totalVotes="45">
            <VoteType name="Absentee by Mail Votes" votes="3">
                <Precinct name="Primary School" votes="2" />
                <Precinct name="Court House" votes="0" />
                <Precinct name="Perkins" votes="1" />
                <Precinct name="Senior Citizens Center" votes="0" />
                <Precinct name="Four Points" votes="0" />
            </VoteType>
            <VoteType name="Advance Voting Votes" votes="15">
                <Precinct name="Primary School" votes="3" />
                <Precinct name="Court House" votes="5" />
                <Precinct name="Perkins" votes="2" />
                <Precinct name="Senior Citizens Center" votes="4" />
                <Precinct name="Four Points" votes="1" />
            </VoteType>
            <VoteType name="Election Day Votes" votes="27">
                <Precinct name="Primary School" votes="6" />
                <Precinct name="Court House" votes="6" />
                <Precinct name="Perkins" votes="3" />
                <Precinct name="Senior Citizens Center" votes="6" />
                <Precinct name="Four Points" votes="6" />
            </VoteType>
            <VoteType name="Provisional Votes" votes="0">
                <Precinct name="Primary School" votes="0" />
                <Precinct name="Court House" votes="0" />
                <Precinct name="Perkins" votes="0" />
                <Precinct name="Senior Citizens Center" votes="0" />
                <Precinct name="Four Points" votes="0" />
            </VoteType>
        </Choice>
    </Contest>
</ElectionResult>