<?xml version="1.0"?>
<!--Election result snapshot imported from Tabulation System
-->
<ElectionResult>
    <Timestamp>6/24/2022 12:47:23 PM EDT</Timestamp>
    <ElectionName>June 21, 2022 - General Primary -Nonpartisan General Election Runoff</ElectionName>
    <ElectionDate>6/21/2022</ElectionDate>
    <Region>Tattnall</Region>
    <VoterTurnout totalVoters="11452" ballotsCast="179" voterTurnout="1.56">
        <Precincts>
            <Precinct name="Cobbtown" totalVoters="733" ballotsCast="8" voterTurnout="1.09" percentReporting="4" />
            <Precinct name="Collins" totalVoters="1395" ballotsCast="30" voterTurnout="2.15" percentReporting="4" />
            <Precinct name="District II" totalVoters="2203" ballotsCast="59" voterTurnout="2.68" percentReporting="4" />
            <Precinct name="District IV" totalVoters="2469" ballotsCast="38" voterTurnout="1.54" percentReporting="4" />
            <Precinct name="District V" totalVoters="977" ballotsCast="6" voterTurnout="0.61" percentReporting="4" />
            <Precinct name="East Glennville" totalVoters="2278" ballotsCast="17" voterTurnout="0.75" percentReporting="4" />
            <Precinct name="Manassas" totalVoters="384" ballotsCast="12" voterTurnout="3.13" percentReporting="4" />
            <Precinct name="Shiloh" totalVoters="1013" ballotsCast="9" voterTurnout="0.89" percentReporting="4" />
        </Precincts>
    </VoterTurnout>
    <Contest key="6" text="Lieutenant Governor - Dem" voteFor="1" isQuestion="false" precinctsReporting="8" precinctsReported="8">
        <VoteType name="Undervotes" votes="5">
            <Precinct name="Cobbtown" votes="0" />
            <Precinct name="Collins" votes="2" />
            <Precinct name="District II" votes="3" />
            <Precinct name="District IV" votes="0" />
            <Precinct name="District V" votes="0" />
            <Precinct name="East Glennville" votes="0" />
            <Precinct name="Manassas" votes="0" />
            <Precinct name="Shiloh" votes="0" />
        </VoteType>
        <VoteType name="Overvotes" votes="0">
            <Precinct name="Cobbtown" votes="0" />
            <Precinct name="Collins" votes="0" />
            <Precinct name="District II" votes="0" />
            <Precinct name="District IV" votes="0" />
            <Precinct name="District V" votes="0" />
            <Precinct name="East Glennville" votes="0" />
            <Precinct name="Manassas" votes="0" />
            <Precinct name="Shiloh" votes="0" />
        </VoteType>
        <Choice key="46" text="Charlie Bailey" party="DEM" totalVotes="91">
            <VoteType name="Absentee by Mail Votes" votes="10">
                <Precinct name="Cobbtown" votes="1" />
                <Precinct name="Collins" votes="0" />
                <Precinct name="District II" votes="2" />
                <Precinct name="District IV" votes="3" />
                <Precinct name="District V" votes="0" />
                <Precinct name="East Glennville" votes="4" />
                <Precinct name="Manassas" votes="0" />
                <Precinct name="Shiloh" votes="0" />
            </VoteType>
            <VoteType name="Advance Voting Votes" votes="24">
                <Precinct name="Cobbtown" votes="2" />
                <Precinct name="Collins" votes="6" />
                <Precinct name="District II" votes="11" />
                <Precinct name="District IV" votes="2" />
                <Precinct name="District V" votes="0" />
                <Precinct name="East Glennville" votes="0" />
                <Precinct name="Manassas" votes="0" />
                <Precinct name="Shiloh" votes="3" />
            </VoteType>
            <VoteType name="Election Day Votes" votes="57">
                <Precinct name="Cobbtown" votes="0" />
                <Precinct name="Collins" votes="8" />
                <Precinct name="District II" votes="14" />
                <Precinct name="District IV" votes="11" />
                <Precinct name="District V" votes="3" />
                <Precinct name="East Glennville" votes="9" />
                <Precinct name="Manassas" votes="7" />
                <Precinct name="Shiloh" votes="5" />
            </VoteType>
            <VoteType name="Provisional Votes" votes="0">
                <Precinct name="Cobbtown" votes="0" />
                <Precinct name="Collins" votes="0" />
                <Precinct name="District II" votes="0" />
                <Precinct name="District IV" votes="0" />
                <Precinct name="District V" votes="0" />
                <Precinct name="East Glennville" votes="0" />
                <Precinct name="Manassas" votes="0" />
                <Precinct name="Shiloh" votes="0" />
            </VoteType>
        </Choice>
        <Choice key="49" text="Kwanza Hall" party="DEM" totalVotes="83">
            <VoteType name="Absentee by Mail Votes" votes="16">
                <Precinct name="Cobbtown" votes="0" />
                <Precinct name="Collins" votes="2" />
                <Precinct name="District II" votes="5" />
                <Precinct name="District IV" votes="8" />
                <Precinct name="District V" votes="0" />
                <Precinct name="East Glennville" votes="1" />
                <Precinct name="Manassas" votes="0" />
                <Precinct name="Shiloh" votes="0" />
            </VoteType>
            <VoteType name="Advance Voting Votes" votes="22">
                <Precinct name="Cobbtown" votes="2" />
                <Precinct name="Collins" votes="3" />
                <Precinct name="District II" votes="10" />
                <Precinct name="District IV" votes="4" />
                <Precinct name="District V" votes="0" />
                <Precinct name="East Glennville" votes="1" />
                <Precinct name="Manassas" votes="2" />
                <Precinct name="Shiloh" votes="0" />
            </VoteType>
            <VoteType name="Election Day Votes" votes="45">
                <Precinct name="Cobbtown" votes="3" />
                <Precinct name="Collins" votes="9" />
                <Precinct name="District II" votes="14" />
                <Precinct name="District IV" votes="10" />
                <Precinct name="District V" votes="3" />
                <Precinct name="East Glennville" votes="2" />
                <Precinct name="Manassas" votes="3" />
                <Precinct name="Shiloh" votes="1" />
            </VoteType>
            <VoteType name="Provisional Votes" votes="0">
                <Precinct name="Cobbtown" votes="0" />
                <Precinct name="Collins" votes="0" />
                <Precinct name="District II" votes="0" />
                <Precinct name="District IV" votes="0" />
                <Precinct name="District V" votes="0" />
                <Precinct name="East Glennville" votes="0" />
                <Precinct name="Manassas" votes="0" />
                <Precinct name="Shiloh" votes="0" />
            </VoteType>
        </Choice>
    </Contest>
    <Contest key="8" text="Secretary of State - Dem" voteFor="1" isQuestion="false" precinctsReporting="8" precinctsReported="8">
        <VoteType name="Undervotes" votes="3">
            <Precinct name="Cobbtown" votes="0" />
            <Precinct name="Collins" votes="1" />
            <Precinct name="District II" votes="2" />
            <Precinct name="District IV" votes="0" />
            <Precinct name="District V" votes="0" />
            <Precinct name="East Glennville" votes="0" />
            <Precinct name="Manassas" votes="0" />
            <Precinct name="Shiloh" votes="0" />
        </VoteType>
        <VoteType name="Overvotes" votes="0">
            <Precinct name="Cobbtown" votes="0" />
            <Precinct name="Collins" votes="0" />
            <Precinct name="District II" votes="0" />
            <Precinct name="District IV" votes="0" />
            <Precinct name="District V" votes="0" />
            <Precinct name="East Glennville" votes="0" />
            <Precinct name="Manassas" votes="0" />
            <Precinct name="Shiloh" votes="0" />
        </VoteType>
        <Choice key="58" text="Dee Dawkins-Haigler" party="DEM" totalVotes="70">
            <VoteType name="Absentee by Mail Votes" votes="10">
                <Precinct name="Cobbtown" votes="0" />
                <Precinct name="Collins" votes="2" />
                <Precinct name="District II" votes="3" />
                <Precinct name="District IV" votes="2" />
                <Precinct name="District V" votes="0" />
                <Precinct name="East Glennville" votes="3" />
                <Precinct name="Manassas" votes="0" />
                <Precinct name="Shiloh" votes="0" />
            </VoteType>
            <VoteType name="Advance Voting Votes" votes="19">
                <Precinct name="Cobbtown" votes="1" />
                <Precinct name="Collins" votes="4" />
                <Precinct name="District II" votes="10" />
                <Precinct name="District IV" votes="2" />
                <Precinct name="District V" votes="0" />
                <Precinct name="East Glennville" votes="0" />
                <Precinct name="Manassas" votes="1" />
                <Precinct name="Shiloh" votes="1" />
            </VoteType>
            <VoteType name="Election Day Votes" votes="41">
                <Precinct name="Cobbtown" votes="1" />
                <Precinct name="Collins" votes="3" />
                <Precinct name="District II" votes="9" />
                <Precinct name="District IV" votes="11" />
                <Precinct name="District V" votes="3" />
                <Precinct name="East Glennville" votes="4" />
                <Precinct name="Manassas" votes="5" />
                <Precinct name="Shiloh" votes="5" />
            </VoteType>
            <VoteType name="Provisional Votes" votes="0">
                <Precinct name="Cobbtown" votes="0" />
                <Precinct name="Collins" votes="0" />
                <Precinct name="District II" votes="0" />
                <Precinct name="District IV" votes="0" />
                <Precinct name="District V" votes="0" />
                <Precinct name="East Glennville" votes="0" />
                <Precinct name="Manassas" votes="0" />
                <Precinct name="Shiloh" votes="0" />
            </VoteType>
        </Choice>
        <Choice key="61" text="Bee Nguyen" party="DEM" totalVotes="106">
            <VoteType name="Absentee by Mail Votes" votes="17">
                <Precinct name="Cobbtown" votes="1" />
                <Precinct name="Collins" votes="0" />
                <Precinct name="District II" votes="5" />
                <Precinct name="District IV" votes="9" />
                <Precinct name="District V" votes="0" />
                <Precinct name="East Glennville" votes="2" />
                <Precinct name="Manassas" votes="0" />
                <Precinct name="Shiloh" votes="0" />
            </VoteType>
            <VoteType name="Advance Voting Votes" votes="28">
                <Precinct name="Cobbtown" votes="3" />
                <Precinct name="Collins" votes="5" />
                <Precinct name="District II" votes="12" />
                <Precinct name="District IV" votes="4" />
                <Precinct name="District V" votes="0" />
                <Precinct name="East Glennville" votes="1" />
                <Precinct name="Manassas" votes="1" />
                <Precinct name="Shiloh" votes="2" />
            </VoteType>
            <VoteType name="Election Day Votes" votes="61">
                <Precinct name="Cobbtown" votes="2" />
                <Precinct name="Collins" votes="15" />
                <Precinct name="District II" votes="18" />
                <Precinct name="District IV" votes="10" />
                <Precinct name="District V" votes="3" />
                <Precinct name="East Glennville" votes="7" />
                <Precinct name="Manassas" votes="5" />
                <Precinct name="Shiloh" votes="1" />
            </VoteType>
            <VoteType name="Provisional Votes" votes="0">
                <Precinct name="Cobbtown" votes="0" />
                <Precinct name="Collins" votes="0" />
                <Precinct name="District II" votes="0" />
                <Precinct name="District IV" votes="0" />
                <Precinct name="District V" votes="0" />
                <Precinct name="East Glennville" votes="0" />
                <Precinct name="Manassas" votes="0" />
                <Precinct name="Shiloh" votes="0" />
            </VoteType>
        </Choice>
    </Contest>
    <Contest key="14" text="Commissioner of Insurance - Dem" voteFor="1" isQuestion="false" precinctsReporting="8" precinctsReported="8">
        <VoteType name="Undervotes" votes="7">
            <Precinct name="Cobbtown" votes="1" />
            <Precinct name="Collins" votes="2" />
            <Precinct name="District II" votes="3" />
            <Precinct name="District IV" votes="0" />
            <Precinct name="District V" votes="0" />
            <Precinct name="East Glennville" votes="0" />
            <Precinct name="Manassas" votes="0" />
            <Precinct name="Shiloh" votes="1" />
        </VoteType>
        <VoteType name="Overvotes" votes="0">
            <Precinct name="Cobbtown" votes="0" />
            <Precinct name="Collins" votes="0" />
            <Precinct name="District II" votes="0" />
            <Precinct name="District IV" votes="0" />
            <Precinct name="District V" votes="0" />
            <Precinct name="East Glennville" votes="0" />
            <Precinct name="Manassas" votes="0" />
            <Precinct name="Shiloh" votes="0" />
        </VoteType>
        <Choice key="74" text="Raphael Baker" party="DEM" totalVotes="71">
            <VoteType name="Absentee by Mail Votes" votes="5">
                <Precinct name="Cobbtown" votes="0" />
                <Precinct name="Collins" votes="1" />
                <Precinct name="District II" votes="1" />
                <Precinct name="District IV" votes="3" />
                <Precinct name="District V" votes="0" />
                <Precinct name="East Glennville" votes="0" />
                <Precinct name="Manassas" votes="0" />
                <Precinct name="Shiloh" votes="0" />
            </VoteType>
            <VoteType name="Advance Voting Votes" votes="17">
                <Precinct name="Cobbtown" votes="1" />
                <Precinct name="Collins" votes="6" />
                <Precinct name="District II" votes="8" />
                <Precinct name="District IV" votes="0" />
                <Precinct name="District V" votes="0" />
                <Precinct name="East Glennville" votes="0" />
                <Precinct name="Manassas" votes="1" />
                <Precinct name="Shiloh" votes="1" />
            </VoteType>
            <VoteType name="Election Day Votes" votes="49">
                <Precinct name="Cobbtown" votes="2" />
                <Precinct name="Collins" votes="8" />
                <Precinct name="District II" votes="10" />
                <Precinct name="District IV" votes="11" />
                <Precinct name="District V" votes="4" />
                <Precinct name="East Glennville" votes="3" />
                <Precinct name="Manassas" votes="6" />
                <Precinct name="Shiloh" votes="5" />
            </VoteType>
            <VoteType name="Provisional Votes" votes="0">
                <Precinct name="Cobbtown" votes="0" />
                <Precinct name="Collins" votes="0" />
                <Precinct name="District II" votes="0" />
                <Precinct name="District IV" votes="0" />
                <Precinct name="District V" votes="0" />
                <Precinct name="East Glennville" votes="0" />
                <Precinct name="Manassas" votes="0" />
                <Precinct name="Shiloh" votes="0" />
            </VoteType>
        </Choice>
        <Choice key="75" text="Janice Laws Robinson" party="DEM" totalVotes="101">
            <VoteType name="Absentee by Mail Votes" votes="21">
                <Precinct name="Cobbtown" votes="1" />
                <Precinct name="Collins" votes="1" />
                <Precinct name="District II" votes="6" />
                <Precinct name="District IV" votes="8" />
                <Precinct name="District V" votes="0" />
                <Precinct name="East Glennville" votes="5" />
                <Precinct name="Manassas" votes="0" />
                <Precinct name="Shiloh" votes="0" />
            </VoteType>
            <VoteType name="Advance Voting Votes" votes="28">
                <Precinct name="Cobbtown" votes="2" />
                <Precinct name="Collins" votes="3" />
                <Precinct name="District II" votes="14" />
                <Precinct name="District IV" votes="6" />
                <Precinct name="District V" votes="0" />
                <Precinct name="East Glennville" votes="1" />
                <Precinct name="Manassas" votes="1" />
                <Precinct name="Shiloh" votes="1" />
            </VoteType>
            <VoteType name="Election Day Votes" votes="52">
                <Precinct name="Cobbtown" votes="1" />
                <Precinct name="Collins" votes="9" />
                <Precinct name="District II" votes="17" />
                <Precinct name="District IV" votes="10" />
                <Precinct name="District V" votes="2" />
                <Precinct name="East Glennville" votes="8" />
                <Precinct name="Manassas" votes="4" />
                <Precinct name="Shiloh" votes="1" />
            </VoteType>
            <VoteType name="Provisional Votes" votes="0">
                <Precinct name="Cobbtown" votes="0" />
                <Precinct name="Collins" votes="0" />
                <Precinct name="District II" votes="0" />
                <Precinct name="District IV" votes="0" />
                <Precinct name="District V" votes="0" />
                <Precinct name="East Glennville" votes="0" />
                <Precinct name="Manassas" votes="0" />
                <Precinct name="Shiloh" votes="0" />
            </VoteType>
        </Choice>
    </Contest>
    <Contest key="18" text="Commissioner of Labor - Dem" voteFor="1" isQuestion="false" precinctsReporting="8" precinctsReported="8">
        <VoteType name="Undervotes" votes="5">
            <Precinct name="Cobbtown" votes="0" />
            <Precinct name="Collins" votes="1" />
            <Precinct name="District II" votes="3" />
            <Precinct name="District IV" votes="1" />
            <Precinct name="District V" votes="0" />
            <Precinct name="East Glennville" votes="0" />
            <Precinct name="Manassas" votes="0" />
            <Precinct name="Shiloh" votes="0" />
        </VoteType>
        <VoteType name="Overvotes" votes="0">
            <Precinct name="Cobbtown" votes="0" />
            <Precinct name="Collins" votes="0" />
            <Precinct name="District II" votes="0" />
            <Precinct name="District IV" votes="0" />
            <Precinct name="District V" votes="0" />
            <Precinct name="East Glennville" votes="0" />
            <Precinct name="Manassas" votes="0" />
            <Precinct name="Shiloh" votes="0" />
        </VoteType>
        <Choice key="86" text="William &quot;&quot;Will&quot;&quot; Boddie, Jr." party="DEM" totalVotes="103">
            <VoteType name="Absentee by Mail Votes" votes="16">
                <Precinct name="Cobbtown" votes="0" />
                <Precinct name="Collins" votes="1" />
                <Precinct name="District II" votes="5" />
                <Precinct name="District IV" votes="6" />
                <Precinct name="District V" votes="0" />
                <Precinct name="East Glennville" votes="4" />
                <Precinct name="Manassas" votes="0" />
                <Precinct name="Shiloh" votes="0" />
            </VoteType>
            <VoteType name="Advance Voting Votes" votes="27">
                <Precinct name="Cobbtown" votes="2" />
                <Precinct name="Collins" votes="7" />
                <Precinct name="District II" votes="10" />
                <Precinct name="District IV" votes="3" />
                <Precinct name="District V" votes="0" />
                <Precinct name="East Glennville" votes="1" />
                <Precinct name="Manassas" votes="2" />
                <Precinct name="Shiloh" votes="2" />
            </VoteType>
            <VoteType name="Election Day Votes" votes="60">
                <Precinct name="Cobbtown" votes="3" />
                <Precinct name="Collins" votes="10" />
                <Precinct name="District II" votes="17" />
                <Precinct name="District IV" votes="10" />
                <Precinct name="District V" votes="2" />
                <Precinct name="East Glennville" votes="9" />
                <Precinct name="Manassas" votes="7" />
                <Precinct name="Shiloh" votes="2" />
            </VoteType>
            <VoteType name="Provisional Votes" votes="0">
                <Precinct name="Cobbtown" votes="0" />
                <Precinct name="Collins" votes="0" />
                <Precinct name="District II" votes="0" />
                <Precinct name="District IV" votes="0" />
                <Precinct name="District V" votes="0" />
                <Precinct name="East Glennville" votes="0" />
                <Precinct name="Manassas" votes="0" />
                <Precinct name="Shiloh" votes="0" />
            </VoteType>
        </Choice>
        <Choice key="88" text="Nicole Horn" party="DEM" totalVotes="71">
            <VoteType name="Absentee by Mail Votes" votes="11">
                <Precinct name="Cobbtown" votes="1" />
                <Precinct name="Collins" votes="1" />
                <Precinct name="District II" votes="3" />
                <Precinct name="District IV" votes="5" />
                <Precinct name="District V" votes="0" />
                <Precinct name="East Glennville" votes="1" />
                <Precinct name="Manassas" votes="0" />
                <Precinct name="Shiloh" votes="0" />
            </VoteType>
            <VoteType name="Advance Voting Votes" votes="20">
                <Precinct name="Cobbtown" votes="2" />
                <Precinct name="Collins" votes="2" />
                <Precinct name="District II" votes="12" />
                <Precinct name="District IV" votes="3" />
                <Precinct name="District V" votes="0" />
                <Precinct name="East Glennville" votes="0" />
                <Precinct name="Manassas" votes="0" />
                <Precinct name="Shiloh" votes="1" />
            </VoteType>
            <VoteType name="Election Day Votes" votes="40">
                <Precinct name="Cobbtown" votes="0" />
                <Precinct name="Collins" votes="8" />
                <Precinct name="District II" votes="9" />
                <Precinct name="District IV" votes="10" />
                <Precinct name="District V" votes="4" />
                <Precinct name="East Glennville" votes="2" />
                <Precinct name="Manassas" votes="3" />
                <Precinct name="Shiloh" votes="4" />
            </VoteType>
            <VoteType name="Provisional Votes" votes="0">
                <Precinct name="Cobbtown" votes="0" />
                <Precinct name="Collins" votes="0" />
                <Precinct name="District II" votes="0" />
                <Precinct name="District IV" votes="0" />
                <Precinct name="District V" votes="0" />
                <Precinct name="East Glennville" votes="0" />
                <Precinct name="Manassas" votes="0" />
                <Precinct name="Shiloh" votes="0" />
            </VoteType>
        </Choice>
    </Contest>
</ElectionResult>