<?xml version="1.0"?>
<!--Election result snapshot imported from Tabulation System
-->
<ElectionResult>
    <Timestamp>6/24/2022 3:22:33 PM EDT</Timestamp>
    <ElectionName>June 21, 2022 - General Primary -Nonpartisan General Election Runoff</ElectionName>
    <ElectionDate>6/21/2022</ElectionDate>
    <Region>Butts</Region>
    <VoterTurnout totalVoters="18464" ballotsCast="319" voterTurnout="1.73">
        <Precincts>
            <Precinct name="Butts County Recreation Center" totalVoters="5656" ballotsCast="137" voterTurnout="2.42" percentReporting="4" />
            <Precinct name="Jenkinsburg City Hall" totalVoters="3550" ballotsCast="46" voterTurnout="1.30" percentReporting="4" />
            <Precinct name="Rock Creek Missionary" totalVoters="2106" ballotsCast="83" voterTurnout="3.94" percentReporting="4" />
            <Precinct name="Stark United Methodist Church" totalVoters="3487" ballotsCast="16" voterTurnout="0.46" percentReporting="4" />
            <Precinct name="Towaliga Baptist Church" totalVoters="3665" ballotsCast="37" voterTurnout="1.01" percentReporting="4" />
        </Precincts>
    </VoterTurnout>
    <Contest key="6" text="Lieutenant Governor - Dem" voteFor="1" isQuestion="false" precinctsReporting="5" precinctsReported="5">
        <VoteType name="Undervotes" votes="4">
            <Precinct name="Butts County Recreation Center" votes="3" />
            <Precinct name="Jenkinsburg City Hall" votes="0" />
            <Precinct name="Rock Creek Missionary" votes="1" />
            <Precinct name="Stark United Methodist Church" votes="0" />
            <Precinct name="Towaliga Baptist Church" votes="0" />
        </VoteType>
        <VoteType name="Overvotes" votes="0">
            <Precinct name="Butts County Recreation Center" votes="0" />
            <Precinct name="Jenkinsburg City Hall" votes="0" />
            <Precinct name="Rock Creek Missionary" votes="0" />
            <Precinct name="Stark United Methodist Church" votes="0" />
            <Precinct name="Towaliga Baptist Church" votes="0" />
        </VoteType>
        <Choice key="20" text="Charlie Bailey" party="DEM" totalVotes="205">
            <VoteType name="Absentee by Mail Votes" votes="24">
                <Precinct name="Butts County Recreation Center" votes="14" />
                <Precinct name="Jenkinsburg City Hall" votes="2" />
                <Precinct name="Rock Creek Missionary" votes="4" />
                <Precinct name="Stark United Methodist Church" votes="1" />
                <Precinct name="Towaliga Baptist Church" votes="3" />
            </VoteType>
            <VoteType name="Advance Voting Votes" votes="59">
                <Precinct name="Butts County Recreation Center" votes="21" />
                <Precinct name="Jenkinsburg City Hall" votes="14" />
                <Precinct name="Rock Creek Missionary" votes="16" />
                <Precinct name="Stark United Methodist Church" votes="3" />
                <Precinct name="Towaliga Baptist Church" votes="5" />
            </VoteType>
            <VoteType name="Election Day Votes" votes="122">
                <Precinct name="Butts County Recreation Center" votes="44" />
                <Precinct name="Jenkinsburg City Hall" votes="16" />
                <Precinct name="Rock Creek Missionary" votes="35" />
                <Precinct name="Stark United Methodist Church" votes="10" />
                <Precinct name="Towaliga Baptist Church" votes="17" />
            </VoteType>
            <VoteType name="Provisional Votes" votes="0">
                <Precinct name="Butts County Recreation Center" votes="0" />
                <Precinct name="Jenkinsburg City Hall" votes="0" />
                <Precinct name="Rock Creek Missionary" votes="0" />
                <Precinct name="Stark United Methodist Church" votes="0" />
                <Precinct name="Towaliga Baptist Church" votes="0" />
            </VoteType>
        </Choice>
        <Choice key="23" text="Kwanza Hall" party="DEM" totalVotes="110">
            <VoteType name="Absentee by Mail Votes" votes="7">
                <Precinct name="Butts County Recreation Center" votes="3" />
                <Precinct name="Jenkinsburg City Hall" votes="0" />
                <Precinct name="Rock Creek Missionary" votes="3" />
                <Precinct name="Stark United Methodist Church" votes="0" />
                <Precinct name="Towaliga Baptist Church" votes="1" />
            </VoteType>
            <VoteType name="Advance Voting Votes" votes="55">
                <Precinct name="Butts County Recreation Center" votes="36" />
                <Precinct name="Jenkinsburg City Hall" votes="6" />
                <Precinct name="Rock Creek Missionary" votes="7" />
                <Precinct name="Stark United Methodist Church" votes="1" />
                <Precinct name="Towaliga Baptist Church" votes="5" />
            </VoteType>
            <VoteType name="Election Day Votes" votes="48">
                <Precinct name="Butts County Recreation Center" votes="16" />
                <Precinct name="Jenkinsburg City Hall" votes="8" />
                <Precinct name="Rock Creek Missionary" votes="17" />
                <Precinct name="Stark United Methodist Church" votes="1" />
                <Precinct name="Towaliga Baptist Church" votes="6" />
            </VoteType>
            <VoteType name="Provisional Votes" votes="0">
                <Precinct name="Butts County Recreation Center" votes="0" />
                <Precinct name="Jenkinsburg City Hall" votes="0" />
                <Precinct name="Rock Creek Missionary" votes="0" />
                <Precinct name="Stark United Methodist Church" votes="0" />
                <Precinct name="Towaliga Baptist Church" votes="0" />
            </VoteType>
        </Choice>
    </Contest>
    <Contest key="8" text="Secretary of State - Dem" voteFor="1" isQuestion="false" precinctsReporting="5" precinctsReported="5">
        <VoteType name="Undervotes" votes="5">
            <Precinct name="Butts County Recreation Center" votes="2" />
            <Precinct name="Jenkinsburg City Hall" votes="1" />
            <Precinct name="Rock Creek Missionary" votes="1" />
            <Precinct name="Stark United Methodist Church" votes="0" />
            <Precinct name="Towaliga Baptist Church" votes="1" />
        </VoteType>
        <VoteType name="Overvotes" votes="0">
            <Precinct name="Butts County Recreation Center" votes="0" />
            <Precinct name="Jenkinsburg City Hall" votes="0" />
            <Precinct name="Rock Creek Missionary" votes="0" />
            <Precinct name="Stark United Methodist Church" votes="0" />
            <Precinct name="Towaliga Baptist Church" votes="0" />
        </VoteType>
        <Choice key="32" text="Dee Dawkins-Haigler" party="DEM" totalVotes="69">
            <VoteType name="Absentee by Mail Votes" votes="5">
                <Precinct name="Butts County Recreation Center" votes="4" />
                <Precinct name="Jenkinsburg City Hall" votes="0" />
                <Precinct name="Rock Creek Missionary" votes="0" />
                <Precinct name="Stark United Methodist Church" votes="0" />
                <Precinct name="Towaliga Baptist Church" votes="1" />
            </VoteType>
            <VoteType name="Advance Voting Votes" votes="29">
                <Precinct name="Butts County Recreation Center" votes="15" />
                <Precinct name="Jenkinsburg City Hall" votes="5" />
                <Precinct name="Rock Creek Missionary" votes="5" />
                <Precinct name="Stark United Methodist Church" votes="0" />
                <Precinct name="Towaliga Baptist Church" votes="4" />
            </VoteType>
            <VoteType name="Election Day Votes" votes="35">
                <Precinct name="Butts County Recreation Center" votes="10" />
                <Precinct name="Jenkinsburg City Hall" votes="3" />
                <Precinct name="Rock Creek Missionary" votes="14" />
                <Precinct name="Stark United Methodist Church" votes="2" />
                <Precinct name="Towaliga Baptist Church" votes="6" />
            </VoteType>
            <VoteType name="Provisional Votes" votes="0">
                <Precinct name="Butts County Recreation Center" votes="0" />
                <Precinct name="Jenkinsburg City Hall" votes="0" />
                <Precinct name="Rock Creek Missionary" votes="0" />
                <Precinct name="Stark United Methodist Church" votes="0" />
                <Precinct name="Towaliga Baptist Church" votes="0" />
            </VoteType>
        </Choice>
        <Choice key="35" text="Bee Nguyen" party="DEM" totalVotes="245">
            <VoteType name="Absentee by Mail Votes" votes="25">
                <Precinct name="Butts County Recreation Center" votes="13" />
                <Precinct name="Jenkinsburg City Hall" votes="2" />
                <Precinct name="Rock Creek Missionary" votes="7" />
                <Precinct name="Stark United Methodist Church" votes="1" />
                <Precinct name="Towaliga Baptist Church" votes="2" />
            </VoteType>
            <VoteType name="Advance Voting Votes" votes="88">
                <Precinct name="Butts County Recreation Center" votes="44" />
                <Precinct name="Jenkinsburg City Hall" votes="15" />
                <Precinct name="Rock Creek Missionary" votes="19" />
                <Precinct name="Stark United Methodist Church" votes="4" />
                <Precinct name="Towaliga Baptist Church" votes="6" />
            </VoteType>
            <VoteType name="Election Day Votes" votes="132">
                <Precinct name="Butts County Recreation Center" votes="49" />
                <Precinct name="Jenkinsburg City Hall" votes="20" />
                <Precinct name="Rock Creek Missionary" votes="37" />
                <Precinct name="Stark United Methodist Church" votes="9" />
                <Precinct name="Towaliga Baptist Church" votes="17" />
            </VoteType>
            <VoteType name="Provisional Votes" votes="0">
                <Precinct name="Butts County Recreation Center" votes="0" />
                <Precinct name="Jenkinsburg City Hall" votes="0" />
                <Precinct name="Rock Creek Missionary" votes="0" />
                <Precinct name="Stark United Methodist Church" votes="0" />
                <Precinct name="Towaliga Baptist Church" votes="0" />
            </VoteType>
        </Choice>
    </Contest>
    <Contest key="14" text="Commissioner of Insurance - Dem" voteFor="1" isQuestion="false" precinctsReporting="5" precinctsReported="5">
        <VoteType name="Undervotes" votes="12">
            <Precinct name="Butts County Recreation Center" votes="5" />
            <Precinct name="Jenkinsburg City Hall" votes="1" />
            <Precinct name="Rock Creek Missionary" votes="2" />
            <Precinct name="Stark United Methodist Church" votes="2" />
            <Precinct name="Towaliga Baptist Church" votes="2" />
        </VoteType>
        <VoteType name="Overvotes" votes="0">
            <Precinct name="Butts County Recreation Center" votes="0" />
            <Precinct name="Jenkinsburg City Hall" votes="0" />
            <Precinct name="Rock Creek Missionary" votes="0" />
            <Precinct name="Stark United Methodist Church" votes="0" />
            <Precinct name="Towaliga Baptist Church" votes="0" />
        </VoteType>
        <Choice key="48" text="Raphael Baker" party="DEM" totalVotes="136">
            <VoteType name="Absentee by Mail Votes" votes="9">
                <Precinct name="Butts County Recreation Center" votes="3" />
                <Precinct name="Jenkinsburg City Hall" votes="1" />
                <Precinct name="Rock Creek Missionary" votes="4" />
                <Precinct name="Stark United Methodist Church" votes="0" />
                <Precinct name="Towaliga Baptist Church" votes="1" />
            </VoteType>
            <VoteType name="Advance Voting Votes" votes="52">
                <Precinct name="Butts County Recreation Center" votes="26" />
                <Precinct name="Jenkinsburg City Hall" votes="11" />
                <Precinct name="Rock Creek Missionary" votes="9" />
                <Precinct name="Stark United Methodist Church" votes="3" />
                <Precinct name="Towaliga Baptist Church" votes="3" />
            </VoteType>
            <VoteType name="Election Day Votes" votes="75">
                <Precinct name="Butts County Recreation Center" votes="29" />
                <Precinct name="Jenkinsburg City Hall" votes="10" />
                <Precinct name="Rock Creek Missionary" votes="24" />
                <Precinct name="Stark United Methodist Church" votes="5" />
                <Precinct name="Towaliga Baptist Church" votes="7" />
            </VoteType>
            <VoteType name="Provisional Votes" votes="0">
                <Precinct name="Butts County Recreation Center" votes="0" />
                <Precinct name="Jenkinsburg City Hall" votes="0" />
                <Precinct name="Rock Creek Missionary" votes="0" />
                <Precinct name="Stark United Methodist Church" votes="0" />
                <Precinct name="Towaliga Baptist Church" votes="0" />
            </VoteType>
        </Choice>
        <Choice key="49" text="Janice Laws Robinson" party="DEM" totalVotes="171">
            <VoteType name="Absentee by Mail Votes" votes="21">
                <Precinct name="Butts County Recreation Center" votes="13" />
                <Precinct name="Jenkinsburg City Hall" votes="1" />
                <Precinct name="Rock Creek Missionary" votes="3" />
                <Precinct name="Stark United Methodist Church" votes="1" />
                <Precinct name="Towaliga Baptist Church" votes="3" />
            </VoteType>
            <VoteType name="Advance Voting Votes" votes="61">
                <Precinct name="Butts County Recreation Center" votes="31" />
                <Precinct name="Jenkinsburg City Hall" votes="8" />
                <Precinct name="Rock Creek Missionary" votes="14" />
                <Precinct name="Stark United Methodist Church" votes="1" />
                <Precinct name="Towaliga Baptist Church" votes="7" />
            </VoteType>
            <VoteType name="Election Day Votes" votes="89">
                <Precinct name="Butts County Recreation Center" votes="30" />
                <Precinct name="Jenkinsburg City Hall" votes="14" />
                <Precinct name="Rock Creek Missionary" votes="27" />
                <Precinct name="Stark United Methodist Church" votes="4" />
                <Precinct name="Towaliga Baptist Church" votes="14" />
            </VoteType>
            <VoteType name="Provisional Votes" votes="0">
                <Precinct name="Butts County Recreation Center" votes="0" />
                <Precinct name="Jenkinsburg City Hall" votes="0" />
                <Precinct name="Rock Creek Missionary" votes="0" />
                <Precinct name="Stark United Methodist Church" votes="0" />
                <Precinct name="Towaliga Baptist Church" votes="0" />
            </VoteType>
        </Choice>
    </Contest>
    <Contest key="18" text="Commissioner of Labor - Dem" voteFor="1" isQuestion="false" precinctsReporting="5" precinctsReported="5">
        <VoteType name="Undervotes" votes="12">
            <Precinct name="Butts County Recreation Center" votes="7" />
            <Precinct name="Jenkinsburg City Hall" votes="1" />
            <Precinct name="Rock Creek Missionary" votes="2" />
            <Precinct name="Stark United Methodist Church" votes="0" />
            <Precinct name="Towaliga Baptist Church" votes="2" />
        </VoteType>
        <VoteType name="Overvotes" votes="0">
            <Precinct name="Butts County Recreation Center" votes="0" />
            <Precinct name="Jenkinsburg City Hall" votes="0" />
            <Precinct name="Rock Creek Missionary" votes="0" />
            <Precinct name="Stark United Methodist Church" votes="0" />
            <Precinct name="Towaliga Baptist Church" votes="0" />
        </VoteType>
        <Choice key="60" text="William &quot;&quot;Will&quot;&quot; Boddie, Jr." party="DEM" totalVotes="178">
            <VoteType name="Absentee by Mail Votes" votes="19">
                <Precinct name="Butts County Recreation Center" votes="10" />
                <Precinct name="Jenkinsburg City Hall" votes="0" />
                <Precinct name="Rock Creek Missionary" votes="5" />
                <Precinct name="Stark United Methodist Church" votes="0" />
                <Precinct name="Towaliga Baptist Church" votes="4" />
            </VoteType>
            <VoteType name="Advance Voting Votes" votes="56">
                <Precinct name="Butts County Recreation Center" votes="28" />
                <Precinct name="Jenkinsburg City Hall" votes="15" />
                <Precinct name="Rock Creek Missionary" votes="5" />
                <Precinct name="Stark United Methodist Church" votes="2" />
                <Precinct name="Towaliga Baptist Church" votes="6" />
            </VoteType>
            <VoteType name="Election Day Votes" votes="103">
                <Precinct name="Butts County Recreation Center" votes="33" />
                <Precinct name="Jenkinsburg City Hall" votes="15" />
                <Precinct name="Rock Creek Missionary" votes="37" />
                <Precinct name="Stark United Methodist Church" votes="7" />
                <Precinct name="Towaliga Baptist Church" votes="11" />
            </VoteType>
            <VoteType name="Provisional Votes" votes="0">
                <Precinct name="Butts County Recreation Center" votes="0" />
                <Precinct name="Jenkinsburg City Hall" votes="0" />
                <Precinct name="Rock Creek Missionary" votes="0" />
                <Precinct name="Stark United Methodist Church" votes="0" />
                <Precinct name="Towaliga Baptist Church" votes="0" />
            </VoteType>
        </Choice>
        <Choice key="62" text="Nicole Horn" party="DEM" totalVotes="129">
            <VoteType name="Absentee by Mail Votes" votes="12">
                <Precinct name="Butts County Recreation Center" votes="7" />
                <Precinct name="Jenkinsburg City Hall" votes="2" />
                <Precinct name="Rock Creek Missionary" votes="2" />
                <Precinct name="Stark United Methodist Church" votes="1" />
                <Precinct name="Towaliga Baptist Church" votes="0" />
            </VoteType>
            <VoteType name="Advance Voting Votes" votes="55">
                <Precinct name="Butts County Recreation Center" votes="26" />
                <Precinct name="Jenkinsburg City Hall" votes="4" />
                <Precinct name="Rock Creek Missionary" votes="19" />
                <Precinct name="Stark United Methodist Church" votes="2" />
                <Precinct name="Towaliga Baptist Church" votes="4" />
            </VoteType>
            <VoteType name="Election Day Votes" votes="62">
                <Precinct name="Butts County Recreation Center" votes="26" />
                <Precinct name="Jenkinsburg City Hall" votes="9" />
                <Precinct name="Rock Creek Missionary" votes="13" />
                <Precinct name="Stark United Methodist Church" votes="4" />
                <Precinct name="Towaliga Baptist Church" votes="10" />
            </VoteType>
            <VoteType name="Provisional Votes" votes="0">
                <Precinct name="Butts County Recreation Center" votes="0" />
                <Precinct name="Jenkinsburg City Hall" votes="0" />
                <Precinct name="Rock Creek Missionary" votes="0" />
                <Precinct name="Stark United Methodist Church" votes="0" />
                <Precinct name="Towaliga Baptist Church" votes="0" />
            </VoteType>
        </Choice>
    </Contest>
    <Contest key="23" text="US House of Representatives - District 10 - Rep" voteFor="1" isQuestion="false" precinctsReporting="5" precinctsReported="5">
        <VoteType name="Undervotes" votes="0">
            <Precinct name="Butts County Recreation Center" votes="0" />
            <Precinct name="Jenkinsburg City Hall" votes="0" />
            <Precinct name="Rock Creek Missionary" votes="0" />
            <Precinct name="Stark United Methodist Church" votes="0" />
            <Precinct name="Towaliga Baptist Church" votes="0" />
        </VoteType>
        <VoteType name="Overvotes" votes="0">
            <Precinct name="Butts County Recreation Center" votes="0" />
            <Precinct name="Jenkinsburg City Hall" votes="0" />
            <Precinct name="Rock Creek Missionary" votes="0" />
            <Precinct name="Stark United Methodist Church" votes="0" />
            <Precinct name="Towaliga Baptist Church" votes="0" />
        </VoteType>
        <Choice key="74" text="Mike Collins" party="REP" totalVotes="1617">
            <VoteType name="Absentee by Mail Votes" votes="79">
                <Precinct name="Butts County Recreation Center" votes="30" />
                <Precinct name="Jenkinsburg City Hall" votes="12" />
                <Precinct name="Rock Creek Missionary" votes="7" />
                <Precinct name="Stark United Methodist Church" votes="18" />
                <Precinct name="Towaliga Baptist Church" votes="12" />
            </VoteType>
            <VoteType name="Advance Voting Votes" votes="863">
                <Precinct name="Butts County Recreation Center" votes="252" />
                <Precinct name="Jenkinsburg City Hall" votes="158" />
                <Precinct name="Rock Creek Missionary" votes="70" />
                <Precinct name="Stark United Methodist Church" votes="178" />
                <Precinct name="Towaliga Baptist Church" votes="205" />
            </VoteType>
            <VoteType name="Election Day Votes" votes="675">
                <Precinct name="Butts County Recreation Center" votes="157" />
                <Precinct name="Jenkinsburg City Hall" votes="93" />
                <Precinct name="Rock Creek Missionary" votes="53" />
                <Precinct name="Stark United Methodist Church" votes="207" />
                <Precinct name="Towaliga Baptist Church" votes="165" />
            </VoteType>
            <VoteType name="Provisional Votes" votes="0">
                <Precinct name="Butts County Recreation Center" votes="0" />
                <Precinct name="Jenkinsburg City Hall" votes="0" />
                <Precinct name="Rock Creek Missionary" votes="0" />
                <Precinct name="Stark United Methodist Church" votes="0" />
                <Precinct name="Towaliga Baptist Church" votes="0" />
            </VoteType>
        </Choice>
        <Choice key="76" text="Vernon Jones" party="REP" totalVotes="254">
            <VoteType name="Absentee by Mail Votes" votes="10">
                <Precinct name="Butts County Recreation Center" votes="2" />
                <Precinct name="Jenkinsburg City Hall" votes="1" />
                <Precinct name="Rock Creek Missionary" votes="2" />
                <Precinct name="Stark United Methodist Church" votes="4" />
                <Precinct name="Towaliga Baptist Church" votes="1" />
            </VoteType>
            <VoteType name="Advance Voting Votes" votes="133">
                <Precinct name="Butts County Recreation Center" votes="32" />
                <Precinct name="Jenkinsburg City Hall" votes="30" />
                <Precinct name="Rock Creek Missionary" votes="10" />
                <Precinct name="Stark United Methodist Church" votes="35" />
                <Precinct name="Towaliga Baptist Church" votes="26" />
            </VoteType>
            <VoteType name="Election Day Votes" votes="111">
                <Precinct name="Butts County Recreation Center" votes="19" />
                <Precinct name="Jenkinsburg City Hall" votes="16" />
                <Precinct name="Rock Creek Missionary" votes="16" />
                <Precinct name="Stark United Methodist Church" votes="38" />
                <Precinct name="Towaliga Baptist Church" votes="22" />
            </VoteType>
            <VoteType name="Provisional Votes" votes="0">
                <Precinct name="Butts County Recreation Center" votes="0" />
                <Precinct name="Jenkinsburg City Hall" votes="0" />
                <Precinct name="Rock Creek Missionary" votes="0" />
                <Precinct name="Stark United Methodist Church" votes="0" />
                <Precinct name="Towaliga Baptist Church" votes="0" />
            </VoteType>
        </Choice>
    </Contest>
    <Contest key="24" text="US House of Representatives - District 10 - Dem" voteFor="1" isQuestion="false" precinctsReporting="5" precinctsReported="5">
        <VoteType name="Undervotes" votes="15">
            <Precinct name="Butts County Recreation Center" votes="7" />
            <Precinct name="Jenkinsburg City Hall" votes="2" />
            <Precinct name="Rock Creek Missionary" votes="4" />
            <Precinct name="Stark United Methodist Church" votes="2" />
            <Precinct name="Towaliga Baptist Church" votes="0" />
        </VoteType>
        <VoteType name="Overvotes" votes="0">
            <Precinct name="Butts County Recreation Center" votes="0" />
            <Precinct name="Jenkinsburg City Hall" votes="0" />
            <Precinct name="Rock Creek Missionary" votes="0" />
            <Precinct name="Stark United Methodist Church" votes="0" />
            <Precinct name="Towaliga Baptist Church" votes="0" />
        </VoteType>
        <Choice key="80" text="Jessica Allison Fore" party="DEM" totalVotes="103">
            <VoteType name="Absentee by Mail Votes" votes="11">
                <Precinct name="Butts County Recreation Center" votes="6" />
                <Precinct name="Jenkinsburg City Hall" votes="1" />
                <Precinct name="Rock Creek Missionary" votes="3" />
                <Precinct name="Stark United Methodist Church" votes="0" />
                <Precinct name="Towaliga Baptist Church" votes="1" />
            </VoteType>
            <VoteType name="Advance Voting Votes" votes="37">
                <Precinct name="Butts County Recreation Center" votes="12" />
                <Precinct name="Jenkinsburg City Hall" votes="12" />
                <Precinct name="Rock Creek Missionary" votes="6" />
                <Precinct name="Stark United Methodist Church" votes="3" />
                <Precinct name="Towaliga Baptist Church" votes="4" />
            </VoteType>
            <VoteType name="Election Day Votes" votes="55">
                <Precinct name="Butts County Recreation Center" votes="23" />
                <Precinct name="Jenkinsburg City Hall" votes="6" />
                <Precinct name="Rock Creek Missionary" votes="17" />
                <Precinct name="Stark United Methodist Church" votes="4" />
                <Precinct name="Towaliga Baptist Church" votes="5" />
            </VoteType>
            <VoteType name="Provisional Votes" votes="0">
                <Precinct name="Butts County Recreation Center" votes="0" />
                <Precinct name="Jenkinsburg City Hall" votes="0" />
                <Precinct name="Rock Creek Missionary" votes="0" />
                <Precinct name="Stark United Methodist Church" votes="0" />
                <Precinct name="Towaliga Baptist Church" votes="0" />
            </VoteType>
        </Choice>
        <Choice key="81" text="Tabitha Johnson-Green" party="DEM" totalVotes="201">
            <VoteType name="Absentee by Mail Votes" votes="20">
                <Precinct name="Butts County Recreation Center" votes="11" />
                <Precinct name="Jenkinsburg City Hall" votes="1" />
                <Precinct name="Rock Creek Missionary" votes="4" />
                <Precinct name="Stark United Methodist Church" votes="1" />
                <Precinct name="Towaliga Baptist Church" votes="3" />
            </VoteType>
            <VoteType name="Advance Voting Votes" votes="72">
                <Precinct name="Butts County Recreation Center" votes="42" />
                <Precinct name="Jenkinsburg City Hall" votes="7" />
                <Precinct name="Rock Creek Missionary" votes="16" />
                <Precinct name="Stark United Methodist Church" votes="1" />
                <Precinct name="Towaliga Baptist Church" votes="6" />
            </VoteType>
            <VoteType name="Election Day Votes" votes="109">
                <Precinct name="Butts County Recreation Center" votes="36" />
                <Precinct name="Jenkinsburg City Hall" votes="17" />
                <Precinct name="Rock Creek Missionary" votes="33" />
                <Precinct name="Stark United Methodist Church" votes="5" />
                <Precinct name="Towaliga Baptist Church" votes="18" />
            </VoteType>
            <VoteType name="Provisional Votes" votes="0">
                <Precinct name="Butts County Recreation Center" votes="0" />
                <Precinct name="Jenkinsburg City Hall" votes="0" />
                <Precinct name="Rock Creek Missionary" votes="0" />
                <Precinct name="Stark United Methodist Church" votes="0" />
                <Precinct name="Towaliga Baptist Church" votes="0" />
            </VoteType>
        </Choice>
    </Contest>
</ElectionResult>