<?xml version="1.0"?>
<!--Election result snapshot imported from Tabulation System
-->
<ElectionResult>
    <Timestamp>6/27/2022 9:35:23 AM EDT</Timestamp>
    <ElectionName>June 21, 2022 - General Primary -Nonpartisan General Election Runoff</ElectionName>
    <ElectionDate>6/21/2022</ElectionDate>
    <Region>Atkinson</Region>
    <VoterTurnout totalVoters="4468" ballotsCast="47" voterTurnout="1.05">
        <Precincts>
            <Precinct name="Pearson County" totalVoters="1697" ballotsCast="6" voterTurnout="0.35" percentReporting="4" />
            <Precinct name="Axson" totalVoters="706" ballotsCast="3" voterTurnout="0.42" percentReporting="4" />
            <Precinct name="Willacoochee" totalVoters="1205" ballotsCast="25" voterTurnout="2.07" percentReporting="4" />
            <Precinct name="Pearson City" totalVoters="860" ballotsCast="13" voterTurnout="1.51" percentReporting="4" />
        </Precincts>
    </VoterTurnout>
    <Contest key="6" text="Lieutenant Governor - Dem" voteFor="1" isQuestion="false" precinctsReporting="4" precinctsReported="4">
        <VoteType name="Undervotes" votes="0">
            <Precinct name="Pearson County" votes="0" />
            <Precinct name="Axson" votes="0" />
            <Precinct name="Willacoochee" votes="0" />
            <Precinct name="Pearson City" votes="0" />
        </VoteType>
        <VoteType name="Overvotes" votes="0">
            <Precinct name="Pearson County" votes="0" />
            <Precinct name="Axson" votes="0" />
            <Precinct name="Willacoochee" votes="0" />
            <Precinct name="Pearson City" votes="0" />
        </VoteType>
        <Choice key="20" text="Charlie Bailey" party="DEM" totalVotes="33">
            <VoteType name="Absentee by Mail Votes" votes="4">
                <Precinct name="Pearson County" votes="3" />
                <Precinct name="Axson" votes="0" />
                <Precinct name="Willacoochee" votes="1" />
                <Precinct name="Pearson City" votes="0" />
            </VoteType>
            <VoteType name="Advance Voting Votes" votes="8">
                <Precinct name="Pearson County" votes="1" />
                <Precinct name="Axson" votes="0" />
                <Precinct name="Willacoochee" votes="6" />
                <Precinct name="Pearson City" votes="1" />
            </VoteType>
            <VoteType name="Election Day Votes" votes="21">
                <Precinct name="Pearson County" votes="0" />
                <Precinct name="Axson" votes="2" />
                <Precinct name="Willacoochee" votes="15" />
                <Precinct name="Pearson City" votes="4" />
            </VoteType>
            <VoteType name="Provisional Votes" votes="0">
                <Precinct name="Pearson County" votes="0" />
                <Precinct name="Axson" votes="0" />
                <Precinct name="Willacoochee" votes="0" />
                <Precinct name="Pearson City" votes="0" />
            </VoteType>
        </Choice>
        <Choice key="23" text="Kwanza Hall" party="DEM" totalVotes="14">
            <VoteType name="Absentee by Mail Votes" votes="3">
                <Precinct name="Pearson County" votes="0" />
                <Precinct name="Axson" votes="0" />
                <Precinct name="Willacoochee" votes="0" />
                <Precinct name="Pearson City" votes="3" />
            </VoteType>
            <VoteType name="Advance Voting Votes" votes="5">
                <Precinct name="Pearson County" votes="0" />
                <Precinct name="Axson" votes="0" />
                <Precinct name="Willacoochee" votes="2" />
                <Precinct name="Pearson City" votes="3" />
            </VoteType>
            <VoteType name="Election Day Votes" votes="6">
                <Precinct name="Pearson County" votes="2" />
                <Precinct name="Axson" votes="1" />
                <Precinct name="Willacoochee" votes="1" />
                <Precinct name="Pearson City" votes="2" />
            </VoteType>
            <VoteType name="Provisional Votes" votes="0">
                <Precinct name="Pearson County" votes="0" />
                <Precinct name="Axson" votes="0" />
                <Precinct name="Willacoochee" votes="0" />
                <Precinct name="Pearson City" votes="0" />
            </VoteType>
        </Choice>
    </Contest>
    <Contest key="8" text="Secretary of State - Dem" voteFor="1" isQuestion="false" precinctsReporting="4" precinctsReported="4">
        <VoteType name="Undervotes" votes="0">
            <Precinct name="Pearson County" votes="0" />
            <Precinct name="Axson" votes="0" />
            <Precinct name="Willacoochee" votes="0" />
            <Precinct name="Pearson City" votes="0" />
        </VoteType>
        <VoteType name="Overvotes" votes="0">
            <Precinct name="Pearson County" votes="0" />
            <Precinct name="Axson" votes="0" />
            <Precinct name="Willacoochee" votes="0" />
            <Precinct name="Pearson City" votes="0" />
        </VoteType>
        <Choice key="32" text="Dee Dawkins-Haigler" party="DEM" totalVotes="27">
            <VoteType name="Absentee by Mail Votes" votes="5">
                <Precinct name="Pearson County" votes="2" />
                <Precinct name="Axson" votes="0" />
                <Precinct name="Willacoochee" votes="0" />
                <Precinct name="Pearson City" votes="3" />
            </VoteType>
            <VoteType name="Advance Voting Votes" votes="5">
                <Precinct name="Pearson County" votes="1" />
                <Precinct name="Axson" votes="0" />
                <Precinct name="Willacoochee" votes="1" />
                <Precinct name="Pearson City" votes="3" />
            </VoteType>
            <VoteType name="Election Day Votes" votes="17">
                <Precinct name="Pearson County" votes="2" />
                <Precinct name="Axson" votes="2" />
                <Precinct name="Willacoochee" votes="7" />
                <Precinct name="Pearson City" votes="6" />
            </VoteType>
            <VoteType name="Provisional Votes" votes="0">
                <Precinct name="Pearson County" votes="0" />
                <Precinct name="Axson" votes="0" />
                <Precinct name="Willacoochee" votes="0" />
                <Precinct name="Pearson City" votes="0" />
            </VoteType>
        </Choice>
        <Choice key="35" text="Bee Nguyen" party="DEM" totalVotes="20">
            <VoteType name="Absentee by Mail Votes" votes="2">
                <Precinct name="Pearson County" votes="1" />
                <Precinct name="Axson" votes="0" />
                <Precinct name="Willacoochee" votes="1" />
                <Precinct name="Pearson City" votes="0" />
            </VoteType>
            <VoteType name="Advance Voting Votes" votes="8">
                <Precinct name="Pearson County" votes="0" />
                <Precinct name="Axson" votes="0" />
                <Precinct name="Willacoochee" votes="7" />
                <Precinct name="Pearson City" votes="1" />
            </VoteType>
            <VoteType name="Election Day Votes" votes="10">
                <Precinct name="Pearson County" votes="0" />
                <Precinct name="Axson" votes="1" />
                <Precinct name="Willacoochee" votes="9" />
                <Precinct name="Pearson City" votes="0" />
            </VoteType>
            <VoteType name="Provisional Votes" votes="0">
                <Precinct name="Pearson County" votes="0" />
                <Precinct name="Axson" votes="0" />
                <Precinct name="Willacoochee" votes="0" />
                <Precinct name="Pearson City" votes="0" />
            </VoteType>
        </Choice>
    </Contest>
    <Contest key="14" text="Commissioner of Insurance - Dem" voteFor="1" isQuestion="false" precinctsReporting="4" precinctsReported="4">
        <VoteType name="Undervotes" votes="2">
            <Precinct name="Pearson County" votes="0" />
            <Precinct name="Axson" votes="0" />
            <Precinct name="Willacoochee" votes="2" />
            <Precinct name="Pearson City" votes="0" />
        </VoteType>
        <VoteType name="Overvotes" votes="0">
            <Precinct name="Pearson County" votes="0" />
            <Precinct name="Axson" votes="0" />
            <Precinct name="Willacoochee" votes="0" />
            <Precinct name="Pearson City" votes="0" />
        </VoteType>
        <Choice key="48" text="Raphael Baker" party="DEM" totalVotes="21">
            <VoteType name="Absentee by Mail Votes" votes="3">
                <Precinct name="Pearson County" votes="3" />
                <Precinct name="Axson" votes="0" />
                <Precinct name="Willacoochee" votes="0" />
                <Precinct name="Pearson City" votes="0" />
            </VoteType>
            <VoteType name="Advance Voting Votes" votes="6">
                <Precinct name="Pearson County" votes="1" />
                <Precinct name="Axson" votes="0" />
                <Precinct name="Willacoochee" votes="3" />
                <Precinct name="Pearson City" votes="2" />
            </VoteType>
            <VoteType name="Election Day Votes" votes="12">
                <Precinct name="Pearson County" votes="0" />
                <Precinct name="Axson" votes="2" />
                <Precinct name="Willacoochee" votes="7" />
                <Precinct name="Pearson City" votes="3" />
            </VoteType>
            <VoteType name="Provisional Votes" votes="0">
                <Precinct name="Pearson County" votes="0" />
                <Precinct name="Axson" votes="0" />
                <Precinct name="Willacoochee" votes="0" />
                <Precinct name="Pearson City" votes="0" />
            </VoteType>
        </Choice>
        <Choice key="49" text="Janice Laws Robinson" party="DEM" totalVotes="24">
            <VoteType name="Absentee by Mail Votes" votes="4">
                <Precinct name="Pearson County" votes="0" />
                <Precinct name="Axson" votes="0" />
                <Precinct name="Willacoochee" votes="1" />
                <Precinct name="Pearson City" votes="3" />
            </VoteType>
            <VoteType name="Advance Voting Votes" votes="7">
                <Precinct name="Pearson County" votes="0" />
                <Precinct name="Axson" votes="0" />
                <Precinct name="Willacoochee" votes="5" />
                <Precinct name="Pearson City" votes="2" />
            </VoteType>
            <VoteType name="Election Day Votes" votes="13">
                <Precinct name="Pearson County" votes="2" />
                <Precinct name="Axson" votes="1" />
                <Precinct name="Willacoochee" votes="7" />
                <Precinct name="Pearson City" votes="3" />
            </VoteType>
            <VoteType name="Provisional Votes" votes="0">
                <Precinct name="Pearson County" votes="0" />
                <Precinct name="Axson" votes="0" />
                <Precinct name="Willacoochee" votes="0" />
                <Precinct name="Pearson City" votes="0" />
            </VoteType>
        </Choice>
    </Contest>
    <Contest key="18" text="Commissioner of Labor - Dem" voteFor="1" isQuestion="false" precinctsReporting="4" precinctsReported="4">
        <VoteType name="Undervotes" votes="1">
            <Precinct name="Pearson County" votes="0" />
            <Precinct name="Axson" votes="0" />
            <Precinct name="Willacoochee" votes="1" />
            <Precinct name="Pearson City" votes="0" />
        </VoteType>
        <VoteType name="Overvotes" votes="0">
            <Precinct name="Pearson County" votes="0" />
            <Precinct name="Axson" votes="0" />
            <Precinct name="Willacoochee" votes="0" />
            <Precinct name="Pearson City" votes="0" />
        </VoteType>
        <Choice key="60" text="William &quot;&quot;Will&quot;&quot; Boddie, Jr." party="DEM" totalVotes="28">
            <VoteType name="Absentee by Mail Votes" votes="5">
                <Precinct name="Pearson County" votes="3" />
                <Precinct name="Axson" votes="0" />
                <Precinct name="Willacoochee" votes="1" />
                <Precinct name="Pearson City" votes="1" />
            </VoteType>
            <VoteType name="Advance Voting Votes" votes="10">
                <Precinct name="Pearson County" votes="1" />
                <Precinct name="Axson" votes="0" />
                <Precinct name="Willacoochee" votes="7" />
                <Precinct name="Pearson City" votes="2" />
            </VoteType>
            <VoteType name="Election Day Votes" votes="13">
                <Precinct name="Pearson County" votes="0" />
                <Precinct name="Axson" votes="1" />
                <Precinct name="Willacoochee" votes="11" />
                <Precinct name="Pearson City" votes="1" />
            </VoteType>
            <VoteType name="Provisional Votes" votes="0">
                <Precinct name="Pearson County" votes="0" />
                <Precinct name="Axson" votes="0" />
                <Precinct name="Willacoochee" votes="0" />
                <Precinct name="Pearson City" votes="0" />
            </VoteType>
        </Choice>
        <Choice key="62" text="Nicole Horn" party="DEM" totalVotes="18">
            <VoteType name="Absentee by Mail Votes" votes="2">
                <Precinct name="Pearson County" votes="0" />
                <Precinct name="Axson" votes="0" />
                <Precinct name="Willacoochee" votes="0" />
                <Precinct name="Pearson City" votes="2" />
            </VoteType>
            <VoteType name="Advance Voting Votes" votes="3">
                <Precinct name="Pearson County" votes="0" />
                <Precinct name="Axson" votes="0" />
                <Precinct name="Willacoochee" votes="1" />
                <Precinct name="Pearson City" votes="2" />
            </VoteType>
            <VoteType name="Election Day Votes" votes="13">
                <Precinct name="Pearson County" votes="2" />
                <Precinct name="Axson" votes="2" />
                <Precinct name="Willacoochee" votes="4" />
                <Precinct name="Pearson City" votes="5" />
            </VoteType>
            <VoteType name="Provisional Votes" votes="0">
                <Precinct name="Pearson County" votes="0" />
                <Precinct name="Axson" votes="0" />
                <Precinct name="Willacoochee" votes="0" />
                <Precinct name="Pearson City" votes="0" />
            </VoteType>
        </Choice>
    </Contest>
</ElectionResult>