<?xml version="1.0"?>
<!--Election result snapshot imported from Tabulation System
-->
<ElectionResult>
    <Timestamp>6/27/2022 2:33:49 PM EDT</Timestamp>
    <ElectionName>June 21, 2022 - General Primary -Nonpartisan General Election Runoff</ElectionName>
    <ElectionDate>6/21/2022</ElectionDate>
    <Region>Coweta</Region>
    <VoterTurnout totalVoters="101997" ballotsCast="2089" voterTurnout="2.05">
        <Precincts>
            <Precinct name="Senoia" totalVoters="6202" ballotsCast="80" voterTurnout="1.29" percentReporting="4" />
            <Precinct name="Moreland" totalVoters="2796" ballotsCast="59" voterTurnout="2.11" percentReporting="4" />
            <Precinct name="Pine Road" totalVoters="2274" ballotsCast="12" voterTurnout="0.53" percentReporting="4" />
            <Precinct name="Dresden" totalVoters="830" ballotsCast="12" voterTurnout="1.45" percentReporting="4" />
            <Precinct name="Newnan" totalVoters="3265" ballotsCast="112" voterTurnout="3.43" percentReporting="4" />
            <Precinct name="Sharpsburg" totalVoters="4525" ballotsCast="68" voterTurnout="1.50" percentReporting="4" />
            <Precinct name="Fischer Road" totalVoters="4280" ballotsCast="159" voterTurnout="3.71" percentReporting="4" />
            <Precinct name="Grantville" totalVoters="2564" ballotsCast="35" voterTurnout="1.37" percentReporting="4" />
            <Precinct name="Haralson" totalVoters="2379" ballotsCast="10" voterTurnout="0.42" percentReporting="4" />
            <Precinct name="Welcome" totalVoters="3171" ballotsCast="33" voterTurnout="1.04" percentReporting="4" />
            <Precinct name="Panther Creek" totalVoters="3021" ballotsCast="28" voterTurnout="0.93" percentReporting="4" />
            <Precinct name="Raymond" totalVoters="2557" ballotsCast="32" voterTurnout="1.25" percentReporting="4" />
            <Precinct name="Turin" totalVoters="4781" ballotsCast="62" voterTurnout="1.30" percentReporting="4" />
            <Precinct name="Smokey Road" totalVoters="2495" ballotsCast="52" voterTurnout="2.08" percentReporting="4" />
            <Precinct name="Central" totalVoters="4411" ballotsCast="97" voterTurnout="2.20" percentReporting="4" />
            <Precinct name="Newnan Centre" totalVoters="20150" ballotsCast="487" voterTurnout="2.42" percentReporting="4" />
            <Precinct name="Greentop" totalVoters="2823" ballotsCast="60" voterTurnout="2.13" percentReporting="4" />
            <Precinct name="Expo Center" totalVoters="1948" ballotsCast="29" voterTurnout="1.49" percentReporting="4" />
            <Precinct name="White Oak" totalVoters="4424" ballotsCast="131" voterTurnout="2.96" percentReporting="4" />
            <Precinct name="Madras" totalVoters="9825" ballotsCast="169" voterTurnout="1.72" percentReporting="4" />
            <Precinct name="Cannongate" totalVoters="3568" ballotsCast="108" voterTurnout="3.03" percentReporting="4" />
            <Precinct name="Westside" totalVoters="833" ballotsCast="54" voterTurnout="6.48" percentReporting="4" />
            <Precinct name="Northside" totalVoters="2259" ballotsCast="46" voterTurnout="2.04" percentReporting="4" />
            <Precinct name="Thomas Crossroads" totalVoters="4732" ballotsCast="117" voterTurnout="2.47" percentReporting="4" />
            <Precinct name="Coweta Central Library" totalVoters="1884" ballotsCast="37" voterTurnout="1.96" percentReporting="4" />
        </Precincts>
    </VoterTurnout>
    <Contest key="8" text="DEM - Lieutenant Governor" voteFor="1" isQuestion="false" precinctsReporting="25" precinctsReported="25">
        <VoteType name="Undervotes" votes="43">
            <Precinct name="Senoia" votes="0" />
            <Precinct name="Moreland" votes="0" />
            <Precinct name="Pine Road" votes="0" />
            <Precinct name="Dresden" votes="0" />
            <Precinct name="Newnan" votes="2" />
            <Precinct name="Sharpsburg" votes="5" />
            <Precinct name="Fischer Road" votes="6" />
            <Precinct name="Grantville" votes="1" />
            <Precinct name="Haralson" votes="0" />
            <Precinct name="Welcome" votes="0" />
            <Precinct name="Panther Creek" votes="0" />
            <Precinct name="Raymond" votes="0" />
            <Precinct name="Turin" votes="1" />
            <Precinct name="Smokey Road" votes="0" />
            <Precinct name="Central" votes="0" />
            <Precinct name="Newnan Centre" votes="11" />
            <Precinct name="Greentop" votes="1" />
            <Precinct name="Expo Center" votes="0" />
            <Precinct name="White Oak" votes="3" />
            <Precinct name="Madras" votes="0" />
            <Precinct name="Cannongate" votes="5" />
            <Precinct name="Westside" votes="1" />
            <Precinct name="Northside" votes="2" />
            <Precinct name="Thomas Crossroads" votes="5" />
            <Precinct name="Coweta Central Library" votes="0" />
        </VoteType>
        <VoteType name="Overvotes" votes="0">
            <Precinct name="Senoia" votes="0" />
            <Precinct name="Moreland" votes="0" />
            <Precinct name="Pine Road" votes="0" />
            <Precinct name="Dresden" votes="0" />
            <Precinct name="Newnan" votes="0" />
            <Precinct name="Sharpsburg" votes="0" />
            <Precinct name="Fischer Road" votes="0" />
            <Precinct name="Grantville" votes="0" />
            <Precinct name="Haralson" votes="0" />
            <Precinct name="Welcome" votes="0" />
            <Precinct name="Panther Creek" votes="0" />
            <Precinct name="Raymond" votes="0" />
            <Precinct name="Turin" votes="0" />
            <Precinct name="Smokey Road" votes="0" />
            <Precinct name="Central" votes="0" />
            <Precinct name="Newnan Centre" votes="0" />
            <Precinct name="Greentop" votes="0" />
            <Precinct name="Expo Center" votes="0" />
            <Precinct name="White Oak" votes="0" />
            <Precinct name="Madras" votes="0" />
            <Precinct name="Cannongate" votes="0" />
            <Precinct name="Westside" votes="0" />
            <Precinct name="Northside" votes="0" />
            <Precinct name="Thomas Crossroads" votes="0" />
            <Precinct name="Coweta Central Library" votes="0" />
        </VoteType>
        <Choice key="67" text="Charlie Bailey" party="DEM" totalVotes="1283">
            <VoteType name="Absentee by Mail Votes" votes="131">
                <Precinct name="Senoia" votes="4" />
                <Precinct name="Moreland" votes="4" />
                <Precinct name="Pine Road" votes="1" />
                <Precinct name="Dresden" votes="2" />
                <Precinct name="Newnan" votes="6" />
                <Precinct name="Sharpsburg" votes="4" />
                <Precinct name="Fischer Road" votes="4" />
                <Precinct name="Grantville" votes="4" />
                <Precinct name="Haralson" votes="2" />
                <Precinct name="Welcome" votes="2" />
                <Precinct name="Panther Creek" votes="0" />
                <Precinct name="Raymond" votes="5" />
                <Precinct name="Turin" votes="6" />
                <Precinct name="Smokey Road" votes="6" />
                <Precinct name="Central" votes="12" />
                <Precinct name="Newnan Centre" votes="29" />
                <Precinct name="Greentop" votes="9" />
                <Precinct name="Expo Center" votes="2" />
                <Precinct name="White Oak" votes="5" />
                <Precinct name="Madras" votes="9" />
                <Precinct name="Cannongate" votes="2" />
                <Precinct name="Westside" votes="4" />
                <Precinct name="Northside" votes="2" />
                <Precinct name="Thomas Crossroads" votes="2" />
                <Precinct name="Coweta Central Library" votes="5" />
            </VoteType>
            <VoteType name="Advance Voting Votes" votes="351">
                <Precinct name="Senoia" votes="18" />
                <Precinct name="Moreland" votes="9" />
                <Precinct name="Pine Road" votes="3" />
                <Precinct name="Dresden" votes="0" />
                <Precinct name="Newnan" votes="11" />
                <Precinct name="Sharpsburg" votes="10" />
                <Precinct name="Fischer Road" votes="20" />
                <Precinct name="Grantville" votes="2" />
                <Precinct name="Haralson" votes="1" />
                <Precinct name="Welcome" votes="4" />
                <Precinct name="Panther Creek" votes="3" />
                <Precinct name="Raymond" votes="8" />
                <Precinct name="Turin" votes="9" />
                <Precinct name="Smokey Road" votes="6" />
                <Precinct name="Central" votes="4" />
                <Precinct name="Newnan Centre" votes="94" />
                <Precinct name="Greentop" votes="9" />
                <Precinct name="Expo Center" votes="3" />
                <Precinct name="White Oak" votes="45" />
                <Precinct name="Madras" votes="29" />
                <Precinct name="Cannongate" votes="14" />
                <Precinct name="Westside" votes="7" />
                <Precinct name="Northside" votes="4" />
                <Precinct name="Thomas Crossroads" votes="30" />
                <Precinct name="Coweta Central Library" votes="8" />
            </VoteType>
            <VoteType name="Election Day Votes" votes="801">
                <Precinct name="Senoia" votes="39" />
                <Precinct name="Moreland" votes="39" />
                <Precinct name="Pine Road" votes="6" />
                <Precinct name="Dresden" votes="2" />
                <Precinct name="Newnan" votes="46" />
                <Precinct name="Sharpsburg" votes="26" />
                <Precinct name="Fischer Road" votes="57" />
                <Precinct name="Grantville" votes="21" />
                <Precinct name="Haralson" votes="3" />
                <Precinct name="Welcome" votes="14" />
                <Precinct name="Panther Creek" votes="15" />
                <Precinct name="Raymond" votes="14" />
                <Precinct name="Turin" votes="26" />
                <Precinct name="Smokey Road" votes="15" />
                <Precinct name="Central" votes="41" />
                <Precinct name="Newnan Centre" votes="159" />
                <Precinct name="Greentop" votes="18" />
                <Precinct name="Expo Center" votes="16" />
                <Precinct name="White Oak" votes="34" />
                <Precinct name="Madras" votes="70" />
                <Precinct name="Cannongate" votes="48" />
                <Precinct name="Westside" votes="23" />
                <Precinct name="Northside" votes="16" />
                <Precinct name="Thomas Crossroads" votes="41" />
                <Precinct name="Coweta Central Library" votes="12" />
            </VoteType>
            <VoteType name="Provisional Votes" votes="0">
                <Precinct name="Senoia" votes="0" />
                <Precinct name="Moreland" votes="0" />
                <Precinct name="Pine Road" votes="0" />
                <Precinct name="Dresden" votes="0" />
                <Precinct name="Newnan" votes="0" />
                <Precinct name="Sharpsburg" votes="0" />
                <Precinct name="Fischer Road" votes="0" />
                <Precinct name="Grantville" votes="0" />
                <Precinct name="Haralson" votes="0" />
                <Precinct name="Welcome" votes="0" />
                <Precinct name="Panther Creek" votes="0" />
                <Precinct name="Raymond" votes="0" />
                <Precinct name="Turin" votes="0" />
                <Precinct name="Smokey Road" votes="0" />
                <Precinct name="Central" votes="0" />
                <Precinct name="Newnan Centre" votes="0" />
                <Precinct name="Greentop" votes="0" />
                <Precinct name="Expo Center" votes="0" />
                <Precinct name="White Oak" votes="0" />
                <Precinct name="Madras" votes="0" />
                <Precinct name="Cannongate" votes="0" />
                <Precinct name="Westside" votes="0" />
                <Precinct name="Northside" votes="0" />
                <Precinct name="Thomas Crossroads" votes="0" />
                <Precinct name="Coweta Central Library" votes="0" />
            </VoteType>
        </Choice>
        <Choice key="70" text="Kwanza Hall" party="DEM" totalVotes="763">
            <VoteType name="Absentee by Mail Votes" votes="84">
                <Precinct name="Senoia" votes="2" />
                <Precinct name="Moreland" votes="0" />
                <Precinct name="Pine Road" votes="0" />
                <Precinct name="Dresden" votes="4" />
                <Precinct name="Newnan" votes="14" />
                <Precinct name="Sharpsburg" votes="3" />
                <Precinct name="Fischer Road" votes="0" />
                <Precinct name="Grantville" votes="1" />
                <Precinct name="Haralson" votes="1" />
                <Precinct name="Welcome" votes="0" />
                <Precinct name="Panther Creek" votes="0" />
                <Precinct name="Raymond" votes="1" />
                <Precinct name="Turin" votes="5" />
                <Precinct name="Smokey Road" votes="3" />
                <Precinct name="Central" votes="7" />
                <Precinct name="Newnan Centre" votes="16" />
                <Precinct name="Greentop" votes="3" />
                <Precinct name="Expo Center" votes="2" />
                <Precinct name="White Oak" votes="3" />
                <Precinct name="Madras" votes="12" />
                <Precinct name="Cannongate" votes="2" />
                <Precinct name="Westside" votes="0" />
                <Precinct name="Northside" votes="2" />
                <Precinct name="Thomas Crossroads" votes="3" />
                <Precinct name="Coweta Central Library" votes="0" />
            </VoteType>
            <VoteType name="Advance Voting Votes" votes="229">
                <Precinct name="Senoia" votes="3" />
                <Precinct name="Moreland" votes="2" />
                <Precinct name="Pine Road" votes="0" />
                <Precinct name="Dresden" votes="2" />
                <Precinct name="Newnan" votes="14" />
                <Precinct name="Sharpsburg" votes="6" />
                <Precinct name="Fischer Road" votes="31" />
                <Precinct name="Grantville" votes="0" />
                <Precinct name="Haralson" votes="1" />
                <Precinct name="Welcome" votes="3" />
                <Precinct name="Panther Creek" votes="4" />
                <Precinct name="Raymond" votes="2" />
                <Precinct name="Turin" votes="9" />
                <Precinct name="Smokey Road" votes="8" />
                <Precinct name="Central" votes="12" />
                <Precinct name="Newnan Centre" votes="51" />
                <Precinct name="Greentop" votes="6" />
                <Precinct name="Expo Center" votes="1" />
                <Precinct name="White Oak" votes="23" />
                <Precinct name="Madras" votes="22" />
                <Precinct name="Cannongate" votes="10" />
                <Precinct name="Westside" votes="2" />
                <Precinct name="Northside" votes="7" />
                <Precinct name="Thomas Crossroads" votes="6" />
                <Precinct name="Coweta Central Library" votes="4" />
            </VoteType>
            <VoteType name="Election Day Votes" votes="450">
                <Precinct name="Senoia" votes="14" />
                <Precinct name="Moreland" votes="5" />
                <Precinct name="Pine Road" votes="2" />
                <Precinct name="Dresden" votes="2" />
                <Precinct name="Newnan" votes="19" />
                <Precinct name="Sharpsburg" votes="14" />
                <Precinct name="Fischer Road" votes="41" />
                <Precinct name="Grantville" votes="6" />
                <Precinct name="Haralson" votes="2" />
                <Precinct name="Welcome" votes="10" />
                <Precinct name="Panther Creek" votes="6" />
                <Precinct name="Raymond" votes="2" />
                <Precinct name="Turin" votes="6" />
                <Precinct name="Smokey Road" votes="14" />
                <Precinct name="Central" votes="21" />
                <Precinct name="Newnan Centre" votes="127" />
                <Precinct name="Greentop" votes="14" />
                <Precinct name="Expo Center" votes="5" />
                <Precinct name="White Oak" votes="18" />
                <Precinct name="Madras" votes="27" />
                <Precinct name="Cannongate" votes="27" />
                <Precinct name="Westside" votes="17" />
                <Precinct name="Northside" votes="13" />
                <Precinct name="Thomas Crossroads" votes="30" />
                <Precinct name="Coweta Central Library" votes="8" />
            </VoteType>
            <VoteType name="Provisional Votes" votes="0">
                <Precinct name="Senoia" votes="0" />
                <Precinct name="Moreland" votes="0" />
                <Precinct name="Pine Road" votes="0" />
                <Precinct name="Dresden" votes="0" />
                <Precinct name="Newnan" votes="0" />
                <Precinct name="Sharpsburg" votes="0" />
                <Precinct name="Fischer Road" votes="0" />
                <Precinct name="Grantville" votes="0" />
                <Precinct name="Haralson" votes="0" />
                <Precinct name="Welcome" votes="0" />
                <Precinct name="Panther Creek" votes="0" />
                <Precinct name="Raymond" votes="0" />
                <Precinct name="Turin" votes="0" />
                <Precinct name="Smokey Road" votes="0" />
                <Precinct name="Central" votes="0" />
                <Precinct name="Newnan Centre" votes="0" />
                <Precinct name="Greentop" votes="0" />
                <Precinct name="Expo Center" votes="0" />
                <Precinct name="White Oak" votes="0" />
                <Precinct name="Madras" votes="0" />
                <Precinct name="Cannongate" votes="0" />
                <Precinct name="Westside" votes="0" />
                <Precinct name="Northside" votes="0" />
                <Precinct name="Thomas Crossroads" votes="0" />
                <Precinct name="Coweta Central Library" votes="0" />
            </VoteType>
        </Choice>
    </Contest>
    <Contest key="10" text="DEM - Secretary of State" voteFor="1" isQuestion="false" precinctsReporting="25" precinctsReported="25">
        <VoteType name="Undervotes" votes="50">
            <Precinct name="Senoia" votes="2" />
            <Precinct name="Moreland" votes="0" />
            <Precinct name="Pine Road" votes="0" />
            <Precinct name="Dresden" votes="0" />
            <Precinct name="Newnan" votes="4" />
            <Precinct name="Sharpsburg" votes="3" />
            <Precinct name="Fischer Road" votes="8" />
            <Precinct name="Grantville" votes="0" />
            <Precinct name="Haralson" votes="0" />
            <Precinct name="Welcome" votes="0" />
            <Precinct name="Panther Creek" votes="0" />
            <Precinct name="Raymond" votes="0" />
            <Precinct name="Turin" votes="1" />
            <Precinct name="Smokey Road" votes="1" />
            <Precinct name="Central" votes="2" />
            <Precinct name="Newnan Centre" votes="13" />
            <Precinct name="Greentop" votes="2" />
            <Precinct name="Expo Center" votes="1" />
            <Precinct name="White Oak" votes="3" />
            <Precinct name="Madras" votes="1" />
            <Precinct name="Cannongate" votes="2" />
            <Precinct name="Westside" votes="1" />
            <Precinct name="Northside" votes="1" />
            <Precinct name="Thomas Crossroads" votes="5" />
            <Precinct name="Coweta Central Library" votes="0" />
        </VoteType>
        <VoteType name="Overvotes" votes="0">
            <Precinct name="Senoia" votes="0" />
            <Precinct name="Moreland" votes="0" />
            <Precinct name="Pine Road" votes="0" />
            <Precinct name="Dresden" votes="0" />
            <Precinct name="Newnan" votes="0" />
            <Precinct name="Sharpsburg" votes="0" />
            <Precinct name="Fischer Road" votes="0" />
            <Precinct name="Grantville" votes="0" />
            <Precinct name="Haralson" votes="0" />
            <Precinct name="Welcome" votes="0" />
            <Precinct name="Panther Creek" votes="0" />
            <Precinct name="Raymond" votes="0" />
            <Precinct name="Turin" votes="0" />
            <Precinct name="Smokey Road" votes="0" />
            <Precinct name="Central" votes="0" />
            <Precinct name="Newnan Centre" votes="0" />
            <Precinct name="Greentop" votes="0" />
            <Precinct name="Expo Center" votes="0" />
            <Precinct name="White Oak" votes="0" />
            <Precinct name="Madras" votes="0" />
            <Precinct name="Cannongate" votes="0" />
            <Precinct name="Westside" votes="0" />
            <Precinct name="Northside" votes="0" />
            <Precinct name="Thomas Crossroads" votes="0" />
            <Precinct name="Coweta Central Library" votes="0" />
        </VoteType>
        <Choice key="79" text="Dee Dawkins-Haigler" party="DEM" totalVotes="375">
            <VoteType name="Absentee by Mail Votes" votes="36">
                <Precinct name="Senoia" votes="1" />
                <Precinct name="Moreland" votes="1" />
                <Precinct name="Pine Road" votes="0" />
                <Precinct name="Dresden" votes="3" />
                <Precinct name="Newnan" votes="4" />
                <Precinct name="Sharpsburg" votes="0" />
                <Precinct name="Fischer Road" votes="1" />
                <Precinct name="Grantville" votes="0" />
                <Precinct name="Haralson" votes="2" />
                <Precinct name="Welcome" votes="0" />
                <Precinct name="Panther Creek" votes="0" />
                <Precinct name="Raymond" votes="0" />
                <Precinct name="Turin" votes="1" />
                <Precinct name="Smokey Road" votes="3" />
                <Precinct name="Central" votes="2" />
                <Precinct name="Newnan Centre" votes="6" />
                <Precinct name="Greentop" votes="0" />
                <Precinct name="Expo Center" votes="1" />
                <Precinct name="White Oak" votes="6" />
                <Precinct name="Madras" votes="3" />
                <Precinct name="Cannongate" votes="0" />
                <Precinct name="Westside" votes="0" />
                <Precinct name="Northside" votes="2" />
                <Precinct name="Thomas Crossroads" votes="0" />
                <Precinct name="Coweta Central Library" votes="0" />
            </VoteType>
            <VoteType name="Advance Voting Votes" votes="97">
                <Precinct name="Senoia" votes="3" />
                <Precinct name="Moreland" votes="1" />
                <Precinct name="Pine Road" votes="0" />
                <Precinct name="Dresden" votes="0" />
                <Precinct name="Newnan" votes="4" />
                <Precinct name="Sharpsburg" votes="2" />
                <Precinct name="Fischer Road" votes="10" />
                <Precinct name="Grantville" votes="1" />
                <Precinct name="Haralson" votes="1" />
                <Precinct name="Welcome" votes="3" />
                <Precinct name="Panther Creek" votes="1" />
                <Precinct name="Raymond" votes="0" />
                <Precinct name="Turin" votes="2" />
                <Precinct name="Smokey Road" votes="0" />
                <Precinct name="Central" votes="6" />
                <Precinct name="Newnan Centre" votes="21" />
                <Precinct name="Greentop" votes="4" />
                <Precinct name="Expo Center" votes="0" />
                <Precinct name="White Oak" votes="10" />
                <Precinct name="Madras" votes="10" />
                <Precinct name="Cannongate" votes="7" />
                <Precinct name="Westside" votes="0" />
                <Precinct name="Northside" votes="3" />
                <Precinct name="Thomas Crossroads" votes="4" />
                <Precinct name="Coweta Central Library" votes="4" />
            </VoteType>
            <VoteType name="Election Day Votes" votes="242">
                <Precinct name="Senoia" votes="15" />
                <Precinct name="Moreland" votes="2" />
                <Precinct name="Pine Road" votes="2" />
                <Precinct name="Dresden" votes="0" />
                <Precinct name="Newnan" votes="5" />
                <Precinct name="Sharpsburg" votes="13" />
                <Precinct name="Fischer Road" votes="13" />
                <Precinct name="Grantville" votes="7" />
                <Precinct name="Haralson" votes="0" />
                <Precinct name="Welcome" votes="4" />
                <Precinct name="Panther Creek" votes="7" />
                <Precinct name="Raymond" votes="3" />
                <Precinct name="Turin" votes="7" />
                <Precinct name="Smokey Road" votes="4" />
                <Precinct name="Central" votes="14" />
                <Precinct name="Newnan Centre" votes="58" />
                <Precinct name="Greentop" votes="4" />
                <Precinct name="Expo Center" votes="4" />
                <Precinct name="White Oak" votes="11" />
                <Precinct name="Madras" votes="21" />
                <Precinct name="Cannongate" votes="14" />
                <Precinct name="Westside" votes="9" />
                <Precinct name="Northside" votes="9" />
                <Precinct name="Thomas Crossroads" votes="14" />
                <Precinct name="Coweta Central Library" votes="2" />
            </VoteType>
            <VoteType name="Provisional Votes" votes="0">
                <Precinct name="Senoia" votes="0" />
                <Precinct name="Moreland" votes="0" />
                <Precinct name="Pine Road" votes="0" />
                <Precinct name="Dresden" votes="0" />
                <Precinct name="Newnan" votes="0" />
                <Precinct name="Sharpsburg" votes="0" />
                <Precinct name="Fischer Road" votes="0" />
                <Precinct name="Grantville" votes="0" />
                <Precinct name="Haralson" votes="0" />
                <Precinct name="Welcome" votes="0" />
                <Precinct name="Panther Creek" votes="0" />
                <Precinct name="Raymond" votes="0" />
                <Precinct name="Turin" votes="0" />
                <Precinct name="Smokey Road" votes="0" />
                <Precinct name="Central" votes="0" />
                <Precinct name="Newnan Centre" votes="0" />
                <Precinct name="Greentop" votes="0" />
                <Precinct name="Expo Center" votes="0" />
                <Precinct name="White Oak" votes="0" />
                <Precinct name="Madras" votes="0" />
                <Precinct name="Cannongate" votes="0" />
                <Precinct name="Westside" votes="0" />
                <Precinct name="Northside" votes="0" />
                <Precinct name="Thomas Crossroads" votes="0" />
                <Precinct name="Coweta Central Library" votes="0" />
            </VoteType>
        </Choice>
        <Choice key="82" text="Bee Nguyen" party="DEM" totalVotes="1664">
            <VoteType name="Absentee by Mail Votes" votes="179">
                <Precinct name="Senoia" votes="5" />
                <Precinct name="Moreland" votes="3" />
                <Precinct name="Pine Road" votes="1" />
                <Precinct name="Dresden" votes="3" />
                <Precinct name="Newnan" votes="17" />
                <Precinct name="Sharpsburg" votes="7" />
                <Precinct name="Fischer Road" votes="3" />
                <Precinct name="Grantville" votes="5" />
                <Precinct name="Haralson" votes="1" />
                <Precinct name="Welcome" votes="2" />
                <Precinct name="Panther Creek" votes="0" />
                <Precinct name="Raymond" votes="6" />
                <Precinct name="Turin" votes="10" />
                <Precinct name="Smokey Road" votes="6" />
                <Precinct name="Central" votes="17" />
                <Precinct name="Newnan Centre" votes="38" />
                <Precinct name="Greentop" votes="12" />
                <Precinct name="Expo Center" votes="3" />
                <Precinct name="White Oak" votes="2" />
                <Precinct name="Madras" votes="18" />
                <Precinct name="Cannongate" votes="4" />
                <Precinct name="Westside" votes="4" />
                <Precinct name="Northside" votes="2" />
                <Precinct name="Thomas Crossroads" votes="5" />
                <Precinct name="Coweta Central Library" votes="5" />
            </VoteType>
            <VoteType name="Advance Voting Votes" votes="482">
                <Precinct name="Senoia" votes="17" />
                <Precinct name="Moreland" votes="10" />
                <Precinct name="Pine Road" votes="3" />
                <Precinct name="Dresden" votes="2" />
                <Precinct name="Newnan" votes="20" />
                <Precinct name="Sharpsburg" votes="14" />
                <Precinct name="Fischer Road" votes="41" />
                <Precinct name="Grantville" votes="1" />
                <Precinct name="Haralson" votes="1" />
                <Precinct name="Welcome" votes="4" />
                <Precinct name="Panther Creek" votes="6" />
                <Precinct name="Raymond" votes="10" />
                <Precinct name="Turin" votes="16" />
                <Precinct name="Smokey Road" votes="14" />
                <Precinct name="Central" votes="10" />
                <Precinct name="Newnan Centre" votes="124" />
                <Precinct name="Greentop" votes="11" />
                <Precinct name="Expo Center" votes="4" />
                <Precinct name="White Oak" votes="57" />
                <Precinct name="Madras" votes="41" />
                <Precinct name="Cannongate" votes="17" />
                <Precinct name="Westside" votes="9" />
                <Precinct name="Northside" votes="8" />
                <Precinct name="Thomas Crossroads" votes="34" />
                <Precinct name="Coweta Central Library" votes="8" />
            </VoteType>
            <VoteType name="Election Day Votes" votes="1003">
                <Precinct name="Senoia" votes="37" />
                <Precinct name="Moreland" votes="42" />
                <Precinct name="Pine Road" votes="6" />
                <Precinct name="Dresden" votes="4" />
                <Precinct name="Newnan" votes="58" />
                <Precinct name="Sharpsburg" votes="29" />
                <Precinct name="Fischer Road" votes="83" />
                <Precinct name="Grantville" votes="21" />
                <Precinct name="Haralson" votes="5" />
                <Precinct name="Welcome" votes="20" />
                <Precinct name="Panther Creek" votes="14" />
                <Precinct name="Raymond" votes="13" />
                <Precinct name="Turin" votes="25" />
                <Precinct name="Smokey Road" votes="24" />
                <Precinct name="Central" votes="46" />
                <Precinct name="Newnan Centre" votes="227" />
                <Precinct name="Greentop" votes="27" />
                <Precinct name="Expo Center" votes="16" />
                <Precinct name="White Oak" votes="42" />
                <Precinct name="Madras" votes="75" />
                <Precinct name="Cannongate" votes="64" />
                <Precinct name="Westside" votes="31" />
                <Precinct name="Northside" votes="21" />
                <Precinct name="Thomas Crossroads" votes="55" />
                <Precinct name="Coweta Central Library" votes="18" />
            </VoteType>
            <VoteType name="Provisional Votes" votes="0">
                <Precinct name="Senoia" votes="0" />
                <Precinct name="Moreland" votes="0" />
                <Precinct name="Pine Road" votes="0" />
                <Precinct name="Dresden" votes="0" />
                <Precinct name="Newnan" votes="0" />
                <Precinct name="Sharpsburg" votes="0" />
                <Precinct name="Fischer Road" votes="0" />
                <Precinct name="Grantville" votes="0" />
                <Precinct name="Haralson" votes="0" />
                <Precinct name="Welcome" votes="0" />
                <Precinct name="Panther Creek" votes="0" />
                <Precinct name="Raymond" votes="0" />
                <Precinct name="Turin" votes="0" />
                <Precinct name="Smokey Road" votes="0" />
                <Precinct name="Central" votes="0" />
                <Precinct name="Newnan Centre" votes="0" />
                <Precinct name="Greentop" votes="0" />
                <Precinct name="Expo Center" votes="0" />
                <Precinct name="White Oak" votes="0" />
                <Precinct name="Madras" votes="0" />
                <Precinct name="Cannongate" votes="0" />
                <Precinct name="Westside" votes="0" />
                <Precinct name="Northside" votes="0" />
                <Precinct name="Thomas Crossroads" votes="0" />
                <Precinct name="Coweta Central Library" votes="0" />
            </VoteType>
        </Choice>
    </Contest>
    <Contest key="16" text="DEM - Commissioner Of Insurance" voteFor="1" isQuestion="false" precinctsReporting="25" precinctsReported="25">
        <VoteType name="Undervotes" votes="98">
            <Precinct name="Senoia" votes="7" />
            <Precinct name="Moreland" votes="0" />
            <Precinct name="Pine Road" votes="2" />
            <Precinct name="Dresden" votes="0" />
            <Precinct name="Newnan" votes="3" />
            <Precinct name="Sharpsburg" votes="3" />
            <Precinct name="Fischer Road" votes="14" />
            <Precinct name="Grantville" votes="3" />
            <Precinct name="Haralson" votes="0" />
            <Precinct name="Welcome" votes="1" />
            <Precinct name="Panther Creek" votes="1" />
            <Precinct name="Raymond" votes="1" />
            <Precinct name="Turin" votes="4" />
            <Precinct name="Smokey Road" votes="0" />
            <Precinct name="Central" votes="3" />
            <Precinct name="Newnan Centre" votes="23" />
            <Precinct name="Greentop" votes="4" />
            <Precinct name="Expo Center" votes="0" />
            <Precinct name="White Oak" votes="7" />
            <Precinct name="Madras" votes="3" />
            <Precinct name="Cannongate" votes="5" />
            <Precinct name="Westside" votes="2" />
            <Precinct name="Northside" votes="2" />
            <Precinct name="Thomas Crossroads" votes="9" />
            <Precinct name="Coweta Central Library" votes="1" />
        </VoteType>
        <VoteType name="Overvotes" votes="0">
            <Precinct name="Senoia" votes="0" />
            <Precinct name="Moreland" votes="0" />
            <Precinct name="Pine Road" votes="0" />
            <Precinct name="Dresden" votes="0" />
            <Precinct name="Newnan" votes="0" />
            <Precinct name="Sharpsburg" votes="0" />
            <Precinct name="Fischer Road" votes="0" />
            <Precinct name="Grantville" votes="0" />
            <Precinct name="Haralson" votes="0" />
            <Precinct name="Welcome" votes="0" />
            <Precinct name="Panther Creek" votes="0" />
            <Precinct name="Raymond" votes="0" />
            <Precinct name="Turin" votes="0" />
            <Precinct name="Smokey Road" votes="0" />
            <Precinct name="Central" votes="0" />
            <Precinct name="Newnan Centre" votes="0" />
            <Precinct name="Greentop" votes="0" />
            <Precinct name="Expo Center" votes="0" />
            <Precinct name="White Oak" votes="0" />
            <Precinct name="Madras" votes="0" />
            <Precinct name="Cannongate" votes="0" />
            <Precinct name="Westside" votes="0" />
            <Precinct name="Northside" votes="0" />
            <Precinct name="Thomas Crossroads" votes="0" />
            <Precinct name="Coweta Central Library" votes="0" />
        </VoteType>
        <Choice key="95" text="Raphael Baker" party="DEM" totalVotes="684">
            <VoteType name="Absentee by Mail Votes" votes="44">
                <Precinct name="Senoia" votes="0" />
                <Precinct name="Moreland" votes="1" />
                <Precinct name="Pine Road" votes="0" />
                <Precinct name="Dresden" votes="1" />
                <Precinct name="Newnan" votes="5" />
                <Precinct name="Sharpsburg" votes="0" />
                <Precinct name="Fischer Road" votes="1" />
                <Precinct name="Grantville" votes="2" />
                <Precinct name="Haralson" votes="0" />
                <Precinct name="Welcome" votes="1" />
                <Precinct name="Panther Creek" votes="0" />
                <Precinct name="Raymond" votes="4" />
                <Precinct name="Turin" votes="4" />
                <Precinct name="Smokey Road" votes="1" />
                <Precinct name="Central" votes="1" />
                <Precinct name="Newnan Centre" votes="8" />
                <Precinct name="Greentop" votes="0" />
                <Precinct name="Expo Center" votes="3" />
                <Precinct name="White Oak" votes="0" />
                <Precinct name="Madras" votes="7" />
                <Precinct name="Cannongate" votes="2" />
                <Precinct name="Westside" votes="2" />
                <Precinct name="Northside" votes="0" />
                <Precinct name="Thomas Crossroads" votes="1" />
                <Precinct name="Coweta Central Library" votes="0" />
            </VoteType>
            <VoteType name="Advance Voting Votes" votes="191">
                <Precinct name="Senoia" votes="8" />
                <Precinct name="Moreland" votes="1" />
                <Precinct name="Pine Road" votes="1" />
                <Precinct name="Dresden" votes="0" />
                <Precinct name="Newnan" votes="4" />
                <Precinct name="Sharpsburg" votes="5" />
                <Precinct name="Fischer Road" votes="16" />
                <Precinct name="Grantville" votes="2" />
                <Precinct name="Haralson" votes="1" />
                <Precinct name="Welcome" votes="2" />
                <Precinct name="Panther Creek" votes="2" />
                <Precinct name="Raymond" votes="4" />
                <Precinct name="Turin" votes="9" />
                <Precinct name="Smokey Road" votes="6" />
                <Precinct name="Central" votes="5" />
                <Precinct name="Newnan Centre" votes="45" />
                <Precinct name="Greentop" votes="3" />
                <Precinct name="Expo Center" votes="3" />
                <Precinct name="White Oak" votes="22" />
                <Precinct name="Madras" votes="17" />
                <Precinct name="Cannongate" votes="8" />
                <Precinct name="Westside" votes="3" />
                <Precinct name="Northside" votes="3" />
                <Precinct name="Thomas Crossroads" votes="13" />
                <Precinct name="Coweta Central Library" votes="8" />
            </VoteType>
            <VoteType name="Election Day Votes" votes="449">
                <Precinct name="Senoia" votes="16" />
                <Precinct name="Moreland" votes="19" />
                <Precinct name="Pine Road" votes="3" />
                <Precinct name="Dresden" votes="2" />
                <Precinct name="Newnan" votes="19" />
                <Precinct name="Sharpsburg" votes="19" />
                <Precinct name="Fischer Road" votes="44" />
                <Precinct name="Grantville" votes="12" />
                <Precinct name="Haralson" votes="2" />
                <Precinct name="Welcome" votes="13" />
                <Precinct name="Panther Creek" votes="7" />
                <Precinct name="Raymond" votes="5" />
                <Precinct name="Turin" votes="15" />
                <Precinct name="Smokey Road" votes="8" />
                <Precinct name="Central" votes="22" />
                <Precinct name="Newnan Centre" votes="97" />
                <Precinct name="Greentop" votes="9" />
                <Precinct name="Expo Center" votes="1" />
                <Precinct name="White Oak" votes="15" />
                <Precinct name="Madras" votes="27" />
                <Precinct name="Cannongate" votes="28" />
                <Precinct name="Westside" votes="18" />
                <Precinct name="Northside" votes="13" />
                <Precinct name="Thomas Crossroads" votes="30" />
                <Precinct name="Coweta Central Library" votes="5" />
            </VoteType>
            <VoteType name="Provisional Votes" votes="0">
                <Precinct name="Senoia" votes="0" />
                <Precinct name="Moreland" votes="0" />
                <Precinct name="Pine Road" votes="0" />
                <Precinct name="Dresden" votes="0" />
                <Precinct name="Newnan" votes="0" />
                <Precinct name="Sharpsburg" votes="0" />
                <Precinct name="Fischer Road" votes="0" />
                <Precinct name="Grantville" votes="0" />
                <Precinct name="Haralson" votes="0" />
                <Precinct name="Welcome" votes="0" />
                <Precinct name="Panther Creek" votes="0" />
                <Precinct name="Raymond" votes="0" />
                <Precinct name="Turin" votes="0" />
                <Precinct name="Smokey Road" votes="0" />
                <Precinct name="Central" votes="0" />
                <Precinct name="Newnan Centre" votes="0" />
                <Precinct name="Greentop" votes="0" />
                <Precinct name="Expo Center" votes="0" />
                <Precinct name="White Oak" votes="0" />
                <Precinct name="Madras" votes="0" />
                <Precinct name="Cannongate" votes="0" />
                <Precinct name="Westside" votes="0" />
                <Precinct name="Northside" votes="0" />
                <Precinct name="Thomas Crossroads" votes="0" />
                <Precinct name="Coweta Central Library" votes="0" />
            </VoteType>
        </Choice>
        <Choice key="96" text="Janice Laws Robinson" party="DEM" totalVotes="1307">
            <VoteType name="Absentee by Mail Votes" votes="167">
                <Precinct name="Senoia" votes="6" />
                <Precinct name="Moreland" votes="3" />
                <Precinct name="Pine Road" votes="0" />
                <Precinct name="Dresden" votes="5" />
                <Precinct name="Newnan" votes="15" />
                <Precinct name="Sharpsburg" votes="7" />
                <Precinct name="Fischer Road" votes="3" />
                <Precinct name="Grantville" votes="2" />
                <Precinct name="Haralson" votes="3" />
                <Precinct name="Welcome" votes="0" />
                <Precinct name="Panther Creek" votes="0" />
                <Precinct name="Raymond" votes="2" />
                <Precinct name="Turin" votes="7" />
                <Precinct name="Smokey Road" votes="8" />
                <Precinct name="Central" votes="18" />
                <Precinct name="Newnan Centre" votes="36" />
                <Precinct name="Greentop" votes="12" />
                <Precinct name="Expo Center" votes="1" />
                <Precinct name="White Oak" votes="8" />
                <Precinct name="Madras" votes="14" />
                <Precinct name="Cannongate" votes="2" />
                <Precinct name="Westside" votes="2" />
                <Precinct name="Northside" votes="4" />
                <Precinct name="Thomas Crossroads" votes="4" />
                <Precinct name="Coweta Central Library" votes="5" />
            </VoteType>
            <VoteType name="Advance Voting Votes" votes="377">
                <Precinct name="Senoia" votes="10" />
                <Precinct name="Moreland" votes="10" />
                <Precinct name="Pine Road" votes="2" />
                <Precinct name="Dresden" votes="2" />
                <Precinct name="Newnan" votes="21" />
                <Precinct name="Sharpsburg" votes="11" />
                <Precinct name="Fischer Road" votes="33" />
                <Precinct name="Grantville" votes="0" />
                <Precinct name="Haralson" votes="1" />
                <Precinct name="Welcome" votes="5" />
                <Precinct name="Panther Creek" votes="4" />
                <Precinct name="Raymond" votes="6" />
                <Precinct name="Turin" votes="8" />
                <Precinct name="Smokey Road" votes="8" />
                <Precinct name="Central" votes="11" />
                <Precinct name="Newnan Centre" votes="98" />
                <Precinct name="Greentop" votes="11" />
                <Precinct name="Expo Center" votes="1" />
                <Precinct name="White Oak" votes="45" />
                <Precinct name="Madras" votes="34" />
                <Precinct name="Cannongate" votes="16" />
                <Precinct name="Westside" votes="5" />
                <Precinct name="Northside" votes="8" />
                <Precinct name="Thomas Crossroads" votes="23" />
                <Precinct name="Coweta Central Library" votes="4" />
            </VoteType>
            <VoteType name="Election Day Votes" votes="763">
                <Precinct name="Senoia" votes="33" />
                <Precinct name="Moreland" votes="25" />
                <Precinct name="Pine Road" votes="4" />
                <Precinct name="Dresden" votes="2" />
                <Precinct name="Newnan" votes="45" />
                <Precinct name="Sharpsburg" votes="23" />
                <Precinct name="Fischer Road" votes="48" />
                <Precinct name="Grantville" votes="14" />
                <Precinct name="Haralson" votes="3" />
                <Precinct name="Welcome" votes="11" />
                <Precinct name="Panther Creek" votes="14" />
                <Precinct name="Raymond" votes="10" />
                <Precinct name="Turin" votes="15" />
                <Precinct name="Smokey Road" votes="21" />
                <Precinct name="Central" votes="37" />
                <Precinct name="Newnan Centre" votes="180" />
                <Precinct name="Greentop" votes="21" />
                <Precinct name="Expo Center" votes="20" />
                <Precinct name="White Oak" votes="34" />
                <Precinct name="Madras" votes="67" />
                <Precinct name="Cannongate" votes="47" />
                <Precinct name="Westside" votes="22" />
                <Precinct name="Northside" votes="16" />
                <Precinct name="Thomas Crossroads" votes="37" />
                <Precinct name="Coweta Central Library" votes="14" />
            </VoteType>
            <VoteType name="Provisional Votes" votes="0">
                <Precinct name="Senoia" votes="0" />
                <Precinct name="Moreland" votes="0" />
                <Precinct name="Pine Road" votes="0" />
                <Precinct name="Dresden" votes="0" />
                <Precinct name="Newnan" votes="0" />
                <Precinct name="Sharpsburg" votes="0" />
                <Precinct name="Fischer Road" votes="0" />
                <Precinct name="Grantville" votes="0" />
                <Precinct name="Haralson" votes="0" />
                <Precinct name="Welcome" votes="0" />
                <Precinct name="Panther Creek" votes="0" />
                <Precinct name="Raymond" votes="0" />
                <Precinct name="Turin" votes="0" />
                <Precinct name="Smokey Road" votes="0" />
                <Precinct name="Central" votes="0" />
                <Precinct name="Newnan Centre" votes="0" />
                <Precinct name="Greentop" votes="0" />
                <Precinct name="Expo Center" votes="0" />
                <Precinct name="White Oak" votes="0" />
                <Precinct name="Madras" votes="0" />
                <Precinct name="Cannongate" votes="0" />
                <Precinct name="Westside" votes="0" />
                <Precinct name="Northside" votes="0" />
                <Precinct name="Thomas Crossroads" votes="0" />
                <Precinct name="Coweta Central Library" votes="0" />
            </VoteType>
        </Choice>
    </Contest>
    <Contest key="20" text="DEM - Commissioner Of Labor" voteFor="1" isQuestion="false" precinctsReporting="25" precinctsReported="25">
        <VoteType name="Undervotes" votes="90">
            <Precinct name="Senoia" votes="8" />
            <Precinct name="Moreland" votes="0" />
            <Precinct name="Pine Road" votes="2" />
            <Precinct name="Dresden" votes="0" />
            <Precinct name="Newnan" votes="5" />
            <Precinct name="Sharpsburg" votes="6" />
            <Precinct name="Fischer Road" votes="13" />
            <Precinct name="Grantville" votes="1" />
            <Precinct name="Haralson" votes="0" />
            <Precinct name="Welcome" votes="1" />
            <Precinct name="Panther Creek" votes="0" />
            <Precinct name="Raymond" votes="0" />
            <Precinct name="Turin" votes="4" />
            <Precinct name="Smokey Road" votes="0" />
            <Precinct name="Central" votes="2" />
            <Precinct name="Newnan Centre" votes="19" />
            <Precinct name="Greentop" votes="3" />
            <Precinct name="Expo Center" votes="1" />
            <Precinct name="White Oak" votes="5" />
            <Precinct name="Madras" votes="3" />
            <Precinct name="Cannongate" votes="6" />
            <Precinct name="Westside" votes="1" />
            <Precinct name="Northside" votes="2" />
            <Precinct name="Thomas Crossroads" votes="8" />
            <Precinct name="Coweta Central Library" votes="0" />
        </VoteType>
        <VoteType name="Overvotes" votes="0">
            <Precinct name="Senoia" votes="0" />
            <Precinct name="Moreland" votes="0" />
            <Precinct name="Pine Road" votes="0" />
            <Precinct name="Dresden" votes="0" />
            <Precinct name="Newnan" votes="0" />
            <Precinct name="Sharpsburg" votes="0" />
            <Precinct name="Fischer Road" votes="0" />
            <Precinct name="Grantville" votes="0" />
            <Precinct name="Haralson" votes="0" />
            <Precinct name="Welcome" votes="0" />
            <Precinct name="Panther Creek" votes="0" />
            <Precinct name="Raymond" votes="0" />
            <Precinct name="Turin" votes="0" />
            <Precinct name="Smokey Road" votes="0" />
            <Precinct name="Central" votes="0" />
            <Precinct name="Newnan Centre" votes="0" />
            <Precinct name="Greentop" votes="0" />
            <Precinct name="Expo Center" votes="0" />
            <Precinct name="White Oak" votes="0" />
            <Precinct name="Madras" votes="0" />
            <Precinct name="Cannongate" votes="0" />
            <Precinct name="Westside" votes="0" />
            <Precinct name="Northside" votes="0" />
            <Precinct name="Thomas Crossroads" votes="0" />
            <Precinct name="Coweta Central Library" votes="0" />
        </VoteType>
        <Choice key="107" text="William &quot;&quot;Will&quot;&quot; Boddie, Jr." party="DEM" totalVotes="1185">
            <VoteType name="Absentee by Mail Votes" votes="128">
                <Precinct name="Senoia" votes="3" />
                <Precinct name="Moreland" votes="2" />
                <Precinct name="Pine Road" votes="0" />
                <Precinct name="Dresden" votes="5" />
                <Precinct name="Newnan" votes="10" />
                <Precinct name="Sharpsburg" votes="6" />
                <Precinct name="Fischer Road" votes="0" />
                <Precinct name="Grantville" votes="2" />
                <Precinct name="Haralson" votes="2" />
                <Precinct name="Welcome" votes="1" />
                <Precinct name="Panther Creek" votes="0" />
                <Precinct name="Raymond" votes="3" />
                <Precinct name="Turin" votes="10" />
                <Precinct name="Smokey Road" votes="7" />
                <Precinct name="Central" votes="15" />
                <Precinct name="Newnan Centre" votes="25" />
                <Precinct name="Greentop" votes="5" />
                <Precinct name="Expo Center" votes="4" />
                <Precinct name="White Oak" votes="7" />
                <Precinct name="Madras" votes="11" />
                <Precinct name="Cannongate" votes="2" />
                <Precinct name="Westside" votes="3" />
                <Precinct name="Northside" votes="0" />
                <Precinct name="Thomas Crossroads" votes="2" />
                <Precinct name="Coweta Central Library" votes="3" />
            </VoteType>
            <VoteType name="Advance Voting Votes" votes="363">
                <Precinct name="Senoia" votes="11" />
                <Precinct name="Moreland" votes="6" />
                <Precinct name="Pine Road" votes="2" />
                <Precinct name="Dresden" votes="0" />
                <Precinct name="Newnan" votes="18" />
                <Precinct name="Sharpsburg" votes="7" />
                <Precinct name="Fischer Road" votes="28" />
                <Precinct name="Grantville" votes="2" />
                <Precinct name="Haralson" votes="1" />
                <Precinct name="Welcome" votes="4" />
                <Precinct name="Panther Creek" votes="5" />
                <Precinct name="Raymond" votes="7" />
                <Precinct name="Turin" votes="13" />
                <Precinct name="Smokey Road" votes="10" />
                <Precinct name="Central" votes="9" />
                <Precinct name="Newnan Centre" votes="92" />
                <Precinct name="Greentop" votes="9" />
                <Precinct name="Expo Center" votes="2" />
                <Precinct name="White Oak" votes="44" />
                <Precinct name="Madras" votes="36" />
                <Precinct name="Cannongate" votes="12" />
                <Precinct name="Westside" votes="8" />
                <Precinct name="Northside" votes="6" />
                <Precinct name="Thomas Crossroads" votes="21" />
                <Precinct name="Coweta Central Library" votes="10" />
            </VoteType>
            <VoteType name="Election Day Votes" votes="694">
                <Precinct name="Senoia" votes="18" />
                <Precinct name="Moreland" votes="28" />
                <Precinct name="Pine Road" votes="5" />
                <Precinct name="Dresden" votes="2" />
                <Precinct name="Newnan" votes="39" />
                <Precinct name="Sharpsburg" votes="21" />
                <Precinct name="Fischer Road" votes="50" />
                <Precinct name="Grantville" votes="18" />
                <Precinct name="Haralson" votes="4" />
                <Precinct name="Welcome" votes="15" />
                <Precinct name="Panther Creek" votes="12" />
                <Precinct name="Raymond" votes="11" />
                <Precinct name="Turin" votes="23" />
                <Precinct name="Smokey Road" votes="15" />
                <Precinct name="Central" votes="40" />
                <Precinct name="Newnan Centre" votes="161" />
                <Precinct name="Greentop" votes="19" />
                <Precinct name="Expo Center" votes="6" />
                <Precinct name="White Oak" votes="24" />
                <Precinct name="Madras" votes="58" />
                <Precinct name="Cannongate" votes="33" />
                <Precinct name="Westside" votes="29" />
                <Precinct name="Northside" votes="14" />
                <Precinct name="Thomas Crossroads" votes="35" />
                <Precinct name="Coweta Central Library" votes="14" />
            </VoteType>
            <VoteType name="Provisional Votes" votes="0">
                <Precinct name="Senoia" votes="0" />
                <Precinct name="Moreland" votes="0" />
                <Precinct name="Pine Road" votes="0" />
                <Precinct name="Dresden" votes="0" />
                <Precinct name="Newnan" votes="0" />
                <Precinct name="Sharpsburg" votes="0" />
                <Precinct name="Fischer Road" votes="0" />
                <Precinct name="Grantville" votes="0" />
                <Precinct name="Haralson" votes="0" />
                <Precinct name="Welcome" votes="0" />
                <Precinct name="Panther Creek" votes="0" />
                <Precinct name="Raymond" votes="0" />
                <Precinct name="Turin" votes="0" />
                <Precinct name="Smokey Road" votes="0" />
                <Precinct name="Central" votes="0" />
                <Precinct name="Newnan Centre" votes="0" />
                <Precinct name="Greentop" votes="0" />
                <Precinct name="Expo Center" votes="0" />
                <Precinct name="White Oak" votes="0" />
                <Precinct name="Madras" votes="0" />
                <Precinct name="Cannongate" votes="0" />
                <Precinct name="Westside" votes="0" />
                <Precinct name="Northside" votes="0" />
                <Precinct name="Thomas Crossroads" votes="0" />
                <Precinct name="Coweta Central Library" votes="0" />
            </VoteType>
        </Choice>
        <Choice key="109" text="Nicole Horn" party="DEM" totalVotes="814">
            <VoteType name="Absentee by Mail Votes" votes="83">
                <Precinct name="Senoia" votes="3" />
                <Precinct name="Moreland" votes="2" />
                <Precinct name="Pine Road" votes="0" />
                <Precinct name="Dresden" votes="1" />
                <Precinct name="Newnan" votes="10" />
                <Precinct name="Sharpsburg" votes="1" />
                <Precinct name="Fischer Road" votes="4" />
                <Precinct name="Grantville" votes="2" />
                <Precinct name="Haralson" votes="1" />
                <Precinct name="Welcome" votes="0" />
                <Precinct name="Panther Creek" votes="0" />
                <Precinct name="Raymond" votes="3" />
                <Precinct name="Turin" votes="1" />
                <Precinct name="Smokey Road" votes="2" />
                <Precinct name="Central" votes="4" />
                <Precinct name="Newnan Centre" votes="20" />
                <Precinct name="Greentop" votes="7" />
                <Precinct name="Expo Center" votes="0" />
                <Precinct name="White Oak" votes="1" />
                <Precinct name="Madras" votes="9" />
                <Precinct name="Cannongate" votes="2" />
                <Precinct name="Westside" votes="1" />
                <Precinct name="Northside" votes="4" />
                <Precinct name="Thomas Crossroads" votes="3" />
                <Precinct name="Coweta Central Library" votes="2" />
            </VoteType>
            <VoteType name="Advance Voting Votes" votes="205">
                <Precinct name="Senoia" votes="7" />
                <Precinct name="Moreland" votes="5" />
                <Precinct name="Pine Road" votes="1" />
                <Precinct name="Dresden" votes="2" />
                <Precinct name="Newnan" votes="5" />
                <Precinct name="Sharpsburg" votes="9" />
                <Precinct name="Fischer Road" votes="20" />
                <Precinct name="Grantville" votes="0" />
                <Precinct name="Haralson" votes="1" />
                <Precinct name="Welcome" votes="3" />
                <Precinct name="Panther Creek" votes="2" />
                <Precinct name="Raymond" votes="3" />
                <Precinct name="Turin" votes="4" />
                <Precinct name="Smokey Road" votes="4" />
                <Precinct name="Central" votes="7" />
                <Precinct name="Newnan Centre" votes="51" />
                <Precinct name="Greentop" votes="5" />
                <Precinct name="Expo Center" votes="2" />
                <Precinct name="White Oak" votes="24" />
                <Precinct name="Madras" votes="15" />
                <Precinct name="Cannongate" votes="12" />
                <Precinct name="Westside" votes="1" />
                <Precinct name="Northside" votes="5" />
                <Precinct name="Thomas Crossroads" votes="15" />
                <Precinct name="Coweta Central Library" votes="2" />
            </VoteType>
            <VoteType name="Election Day Votes" votes="526">
                <Precinct name="Senoia" votes="30" />
                <Precinct name="Moreland" votes="16" />
                <Precinct name="Pine Road" votes="2" />
                <Precinct name="Dresden" votes="2" />
                <Precinct name="Newnan" votes="25" />
                <Precinct name="Sharpsburg" votes="18" />
                <Precinct name="Fischer Road" votes="44" />
                <Precinct name="Grantville" votes="10" />
                <Precinct name="Haralson" votes="1" />
                <Precinct name="Welcome" votes="9" />
                <Precinct name="Panther Creek" votes="9" />
                <Precinct name="Raymond" votes="5" />
                <Precinct name="Turin" votes="7" />
                <Precinct name="Smokey Road" votes="14" />
                <Precinct name="Central" votes="20" />
                <Precinct name="Newnan Centre" votes="119" />
                <Precinct name="Greentop" votes="12" />
                <Precinct name="Expo Center" votes="14" />
                <Precinct name="White Oak" votes="26" />
                <Precinct name="Madras" votes="37" />
                <Precinct name="Cannongate" votes="41" />
                <Precinct name="Westside" votes="11" />
                <Precinct name="Northside" votes="15" />
                <Precinct name="Thomas Crossroads" votes="33" />
                <Precinct name="Coweta Central Library" votes="6" />
            </VoteType>
            <VoteType name="Provisional Votes" votes="0">
                <Precinct name="Senoia" votes="0" />
                <Precinct name="Moreland" votes="0" />
                <Precinct name="Pine Road" votes="0" />
                <Precinct name="Dresden" votes="0" />
                <Precinct name="Newnan" votes="0" />
                <Precinct name="Sharpsburg" votes="0" />
                <Precinct name="Fischer Road" votes="0" />
                <Precinct name="Grantville" votes="0" />
                <Precinct name="Haralson" votes="0" />
                <Precinct name="Welcome" votes="0" />
                <Precinct name="Panther Creek" votes="0" />
                <Precinct name="Raymond" votes="0" />
                <Precinct name="Turin" votes="0" />
                <Precinct name="Smokey Road" votes="0" />
                <Precinct name="Central" votes="0" />
                <Precinct name="Newnan Centre" votes="0" />
                <Precinct name="Greentop" votes="0" />
                <Precinct name="Expo Center" votes="0" />
                <Precinct name="White Oak" votes="0" />
                <Precinct name="Madras" votes="0" />
                <Precinct name="Cannongate" votes="0" />
                <Precinct name="Westside" votes="0" />
                <Precinct name="Northside" votes="0" />
                <Precinct name="Thomas Crossroads" votes="0" />
                <Precinct name="Coweta Central Library" votes="0" />
            </VoteType>
        </Choice>
    </Contest>
    <Contest key="72" text="County Board of Education Dist 4" voteFor="1" isQuestion="false" precinctsReporting="5" precinctsReported="5">
        <VoteType name="Undervotes" votes="12">
            <Precinct name="Fischer Road" votes="5" />
            <Precinct name="Newnan Centre" votes="2" />
            <Precinct name="White Oak" votes="1" />
            <Precinct name="Cannongate" votes="1" />
            <Precinct name="Thomas Crossroads" votes="3" />
        </VoteType>
        <VoteType name="Overvotes" votes="0">
            <Precinct name="Fischer Road" votes="0" />
            <Precinct name="Newnan Centre" votes="0" />
            <Precinct name="White Oak" votes="0" />
            <Precinct name="Cannongate" votes="0" />
            <Precinct name="Thomas Crossroads" votes="0" />
        </VoteType>
        <Choice key="198" text="Rob DuBose" totalVotes="2661">
            <VoteType name="Absentee by Mail Votes" votes="86">
                <Precinct name="Fischer Road" votes="15" />
                <Precinct name="Newnan Centre" votes="19" />
                <Precinct name="White Oak" votes="16" />
                <Precinct name="Cannongate" votes="11" />
                <Precinct name="Thomas Crossroads" votes="25" />
            </VoteType>
            <VoteType name="Advance Voting Votes" votes="869">
                <Precinct name="Fischer Road" votes="208" />
                <Precinct name="Newnan Centre" votes="179" />
                <Precinct name="White Oak" votes="176" />
                <Precinct name="Cannongate" votes="131" />
                <Precinct name="Thomas Crossroads" votes="175" />
            </VoteType>
            <VoteType name="Election Day Votes" votes="1706">
                <Precinct name="Fischer Road" votes="471" />
                <Precinct name="Newnan Centre" votes="266" />
                <Precinct name="White Oak" votes="225" />
                <Precinct name="Cannongate" votes="378" />
                <Precinct name="Thomas Crossroads" votes="366" />
            </VoteType>
            <VoteType name="Provisional Votes" votes="0">
                <Precinct name="Fischer Road" votes="0" />
                <Precinct name="Newnan Centre" votes="0" />
                <Precinct name="White Oak" votes="0" />
                <Precinct name="Cannongate" votes="0" />
                <Precinct name="Thomas Crossroads" votes="0" />
            </VoteType>
        </Choice>
        <Choice key="199" text="Linda Menk (I)" totalVotes="686">
            <VoteType name="Absentee by Mail Votes" votes="31">
                <Precinct name="Fischer Road" votes="8" />
                <Precinct name="Newnan Centre" votes="9" />
                <Precinct name="White Oak" votes="3" />
                <Precinct name="Cannongate" votes="5" />
                <Precinct name="Thomas Crossroads" votes="6" />
            </VoteType>
            <VoteType name="Advance Voting Votes" votes="222">
                <Precinct name="Fischer Road" votes="33" />
                <Precinct name="Newnan Centre" votes="54" />
                <Precinct name="White Oak" votes="45" />
                <Precinct name="Cannongate" votes="31" />
                <Precinct name="Thomas Crossroads" votes="59" />
            </VoteType>
            <VoteType name="Election Day Votes" votes="433">
                <Precinct name="Fischer Road" votes="87" />
                <Precinct name="Newnan Centre" votes="64" />
                <Precinct name="White Oak" votes="69" />
                <Precinct name="Cannongate" votes="92" />
                <Precinct name="Thomas Crossroads" votes="121" />
            </VoteType>
            <VoteType name="Provisional Votes" votes="0">
                <Precinct name="Fischer Road" votes="0" />
                <Precinct name="Newnan Centre" votes="0" />
                <Precinct name="White Oak" votes="0" />
                <Precinct name="Cannongate" votes="0" />
                <Precinct name="Thomas Crossroads" votes="0" />
            </VoteType>
        </Choice>
    </Contest>
</ElectionResult>