<?xml version="1.0"?>
<!--Election result snapshot imported from Tabulation System
-->
<ElectionResult>
    <Timestamp>6/24/2022 3:07:54 PM EDT</Timestamp>
    <ElectionName>June 21, 2022 - General Primary -Nonpartisan General Election Runoff</ElectionName>
    <ElectionDate>6/21/2022</ElectionDate>
    <Region>Lanier</Region>
    <VoterTurnout totalVoters="5548" ballotsCast="41" voterTurnout="0.74">
        <Precincts>
            <Precinct name="Lakeland" totalVoters="5548" ballotsCast="41" voterTurnout="0.74" percentReporting="4" />
        </Precincts>
    </VoterTurnout>
    <Contest key="6" text="Lieutenant Governor - Dem" voteFor="1" isQuestion="false" precinctsReporting="1" precinctsReported="1">
        <VoteType name="Undervotes" votes="0">
            <Precinct name="Lakeland" votes="0" />
        </VoteType>
        <VoteType name="Overvotes" votes="0">
            <Precinct name="Lakeland" votes="0" />
        </VoteType>
        <Choice key="20" text="Charlie Bailey" party="DEM" totalVotes="21">
            <VoteType name="Absentee by Mail Votes" votes="4">
                <Precinct name="Lakeland" votes="4" />
            </VoteType>
            <VoteType name="Advance Voting Votes" votes="6">
                <Precinct name="Lakeland" votes="6" />
            </VoteType>
            <VoteType name="Election Day Votes" votes="11">
                <Precinct name="Lakeland" votes="11" />
            </VoteType>
            <VoteType name="Provisional Votes" votes="0">
                <Precinct name="Lakeland" votes="0" />
            </VoteType>
        </Choice>
        <Choice key="23" text="Kwanza Hall" party="DEM" totalVotes="20">
            <VoteType name="Absentee by Mail Votes" votes="0">
                <Precinct name="Lakeland" votes="0" />
            </VoteType>
            <VoteType name="Advance Voting Votes" votes="2">
                <Precinct name="Lakeland" votes="2" />
            </VoteType>
            <VoteType name="Election Day Votes" votes="18">
                <Precinct name="Lakeland" votes="18" />
            </VoteType>
            <VoteType name="Provisional Votes" votes="0">
                <Precinct name="Lakeland" votes="0" />
            </VoteType>
        </Choice>
    </Contest>
    <Contest key="8" text="Secretary of State - Dem" voteFor="1" isQuestion="false" precinctsReporting="1" precinctsReported="1">
        <VoteType name="Undervotes" votes="0">
            <Precinct name="Lakeland" votes="0" />
        </VoteType>
        <VoteType name="Overvotes" votes="0">
            <Precinct name="Lakeland" votes="0" />
        </VoteType>
        <Choice key="32" text="Dee Dawkins-Haigler" party="DEM" totalVotes="17">
            <VoteType name="Absentee by Mail Votes" votes="1">
                <Precinct name="Lakeland" votes="1" />
            </VoteType>
            <VoteType name="Advance Voting Votes" votes="3">
                <Precinct name="Lakeland" votes="3" />
            </VoteType>
            <VoteType name="Election Day Votes" votes="13">
                <Precinct name="Lakeland" votes="13" />
            </VoteType>
            <VoteType name="Provisional Votes" votes="0">
                <Precinct name="Lakeland" votes="0" />
            </VoteType>
        </Choice>
        <Choice key="35" text="Bee Nguyen" party="DEM" totalVotes="24">
            <VoteType name="Absentee by Mail Votes" votes="3">
                <Precinct name="Lakeland" votes="3" />
            </VoteType>
            <VoteType name="Advance Voting Votes" votes="5">
                <Precinct name="Lakeland" votes="5" />
            </VoteType>
            <VoteType name="Election Day Votes" votes="16">
                <Precinct name="Lakeland" votes="16" />
            </VoteType>
            <VoteType name="Provisional Votes" votes="0">
                <Precinct name="Lakeland" votes="0" />
            </VoteType>
        </Choice>
    </Contest>
    <Contest key="14" text="Commissioner of Insurance - Dem" voteFor="1" isQuestion="false" precinctsReporting="1" precinctsReported="1">
        <VoteType name="Undervotes" votes="1">
            <Precinct name="Lakeland" votes="1" />
        </VoteType>
        <VoteType name="Overvotes" votes="0">
            <Precinct name="Lakeland" votes="0" />
        </VoteType>
        <Choice key="48" text="Raphael Baker" party="DEM" totalVotes="17">
            <VoteType name="Absentee by Mail Votes" votes="0">
                <Precinct name="Lakeland" votes="0" />
            </VoteType>
            <VoteType name="Advance Voting Votes" votes="4">
                <Precinct name="Lakeland" votes="4" />
            </VoteType>
            <VoteType name="Election Day Votes" votes="13">
                <Precinct name="Lakeland" votes="13" />
            </VoteType>
            <VoteType name="Provisional Votes" votes="0">
                <Precinct name="Lakeland" votes="0" />
            </VoteType>
        </Choice>
        <Choice key="49" text="Janice Laws Robinson" party="DEM" totalVotes="23">
            <VoteType name="Absentee by Mail Votes" votes="4">
                <Precinct name="Lakeland" votes="4" />
            </VoteType>
            <VoteType name="Advance Voting Votes" votes="4">
                <Precinct name="Lakeland" votes="4" />
            </VoteType>
            <VoteType name="Election Day Votes" votes="15">
                <Precinct name="Lakeland" votes="15" />
            </VoteType>
            <VoteType name="Provisional Votes" votes="0">
                <Precinct name="Lakeland" votes="0" />
            </VoteType>
        </Choice>
    </Contest>
    <Contest key="18" text="Commissioner of Labor - Dem" voteFor="1" isQuestion="false" precinctsReporting="1" precinctsReported="1">
        <VoteType name="Undervotes" votes="0">
            <Precinct name="Lakeland" votes="0" />
        </VoteType>
        <VoteType name="Overvotes" votes="0">
            <Precinct name="Lakeland" votes="0" />
        </VoteType>
        <Choice key="60" text="William &quot;&quot;Will&quot;&quot; Boddie, Jr." party="DEM" totalVotes="29">
            <VoteType name="Absentee by Mail Votes" votes="2">
                <Precinct name="Lakeland" votes="2" />
            </VoteType>
            <VoteType name="Advance Voting Votes" votes="6">
                <Precinct name="Lakeland" votes="6" />
            </VoteType>
            <VoteType name="Election Day Votes" votes="21">
                <Precinct name="Lakeland" votes="21" />
            </VoteType>
            <VoteType name="Provisional Votes" votes="0">
                <Precinct name="Lakeland" votes="0" />
            </VoteType>
        </Choice>
        <Choice key="62" text="Nicole Horn" party="DEM" totalVotes="12">
            <VoteType name="Absentee by Mail Votes" votes="2">
                <Precinct name="Lakeland" votes="2" />
            </VoteType>
            <VoteType name="Advance Voting Votes" votes="2">
                <Precinct name="Lakeland" votes="2" />
            </VoteType>
            <VoteType name="Election Day Votes" votes="8">
                <Precinct name="Lakeland" votes="8" />
            </VoteType>
            <VoteType name="Provisional Votes" votes="0">
                <Precinct name="Lakeland" votes="0" />
            </VoteType>
        </Choice>
    </Contest>
</ElectionResult>