<?xml version="1.0"?>
<!--Election result snapshot imported from Tabulation System
-->
<ElectionResult>
    <Timestamp>6/27/2022 10:59:54 AM EDT</Timestamp>
    <ElectionName>June 21, 2022 - General Primary -Nonpartisan General Election Runoff</ElectionName>
    <ElectionDate>6/21/2022</ElectionDate>
    <Region>Wheeler</Region>
    <VoterTurnout totalVoters="0" ballotsCast="111" voterTurnout="0.00">
        <Precincts>
            <Precinct name="Alamo" totalVoters="0" ballotsCast="78" voterTurnout="0.00" percentReporting="4" />
            <Precinct name="Glenwood" totalVoters="0" ballotsCast="33" voterTurnout="0.00" percentReporting="4" />
        </Precincts>
    </VoterTurnout>
    <Contest key="6" text="Lieutenant Governor - Dem" voteFor="1" isQuestion="false" precinctsReporting="2" precinctsReported="2">
        <VoteType name="Undervotes" votes="2">
            <Precinct name="Alamo" votes="0" />
            <Precinct name="Glenwood" votes="2" />
        </VoteType>
        <VoteType name="Overvotes" votes="0">
            <Precinct name="Alamo" votes="0" />
            <Precinct name="Glenwood" votes="0" />
        </VoteType>
        <Choice key="46" text="Charlie Bailey" party="DEM" totalVotes="79">
            <VoteType name="Absentee by Mail Votes" votes="4">
                <Precinct name="Alamo" votes="3" />
                <Precinct name="Glenwood" votes="1" />
            </VoteType>
            <VoteType name="Advance Voting Votes" votes="30">
                <Precinct name="Alamo" votes="21" />
                <Precinct name="Glenwood" votes="9" />
            </VoteType>
            <VoteType name="Election Day Votes" votes="45">
                <Precinct name="Alamo" votes="31" />
                <Precinct name="Glenwood" votes="14" />
            </VoteType>
            <VoteType name="Provisional Votes" votes="0">
                <Precinct name="Alamo" votes="0" />
                <Precinct name="Glenwood" votes="0" />
            </VoteType>
        </Choice>
        <Choice key="49" text="Kwanza Hall" party="DEM" totalVotes="30">
            <VoteType name="Absentee by Mail Votes" votes="2">
                <Precinct name="Alamo" votes="2" />
                <Precinct name="Glenwood" votes="0" />
            </VoteType>
            <VoteType name="Advance Voting Votes" votes="5">
                <Precinct name="Alamo" votes="4" />
                <Precinct name="Glenwood" votes="1" />
            </VoteType>
            <VoteType name="Election Day Votes" votes="22">
                <Precinct name="Alamo" votes="16" />
                <Precinct name="Glenwood" votes="6" />
            </VoteType>
            <VoteType name="Provisional Votes" votes="1">
                <Precinct name="Alamo" votes="1" />
                <Precinct name="Glenwood" votes="0" />
            </VoteType>
        </Choice>
    </Contest>
    <Contest key="8" text="Secretary of State - Dem" voteFor="1" isQuestion="false" precinctsReporting="2" precinctsReported="2">
        <VoteType name="Undervotes" votes="0">
            <Precinct name="Alamo" votes="0" />
            <Precinct name="Glenwood" votes="0" />
        </VoteType>
        <VoteType name="Overvotes" votes="0">
            <Precinct name="Alamo" votes="0" />
            <Precinct name="Glenwood" votes="0" />
        </VoteType>
        <Choice key="58" text="Dee Dawkins-Haigler" party="DEM" totalVotes="24">
            <VoteType name="Absentee by Mail Votes" votes="1">
                <Precinct name="Alamo" votes="1" />
                <Precinct name="Glenwood" votes="0" />
            </VoteType>
            <VoteType name="Advance Voting Votes" votes="4">
                <Precinct name="Alamo" votes="2" />
                <Precinct name="Glenwood" votes="2" />
            </VoteType>
            <VoteType name="Election Day Votes" votes="18">
                <Precinct name="Alamo" votes="16" />
                <Precinct name="Glenwood" votes="2" />
            </VoteType>
            <VoteType name="Provisional Votes" votes="1">
                <Precinct name="Alamo" votes="1" />
                <Precinct name="Glenwood" votes="0" />
            </VoteType>
        </Choice>
        <Choice key="61" text="Bee Nguyen" party="DEM" totalVotes="87">
            <VoteType name="Absentee by Mail Votes" votes="5">
                <Precinct name="Alamo" votes="4" />
                <Precinct name="Glenwood" votes="1" />
            </VoteType>
            <VoteType name="Advance Voting Votes" votes="33">
                <Precinct name="Alamo" votes="23" />
                <Precinct name="Glenwood" votes="10" />
            </VoteType>
            <VoteType name="Election Day Votes" votes="49">
                <Precinct name="Alamo" votes="31" />
                <Precinct name="Glenwood" votes="18" />
            </VoteType>
            <VoteType name="Provisional Votes" votes="0">
                <Precinct name="Alamo" votes="0" />
                <Precinct name="Glenwood" votes="0" />
            </VoteType>
        </Choice>
    </Contest>
    <Contest key="14" text="Commissioner of Insurance - Dem" voteFor="1" isQuestion="false" precinctsReporting="2" precinctsReported="2">
        <VoteType name="Undervotes" votes="3">
            <Precinct name="Alamo" votes="2" />
            <Precinct name="Glenwood" votes="1" />
        </VoteType>
        <VoteType name="Overvotes" votes="0">
            <Precinct name="Alamo" votes="0" />
            <Precinct name="Glenwood" votes="0" />
        </VoteType>
        <Choice key="74" text="Raphael Baker" party="DEM" totalVotes="40">
            <VoteType name="Absentee by Mail Votes" votes="0">
                <Precinct name="Alamo" votes="0" />
                <Precinct name="Glenwood" votes="0" />
            </VoteType>
            <VoteType name="Advance Voting Votes" votes="10">
                <Precinct name="Alamo" votes="5" />
                <Precinct name="Glenwood" votes="5" />
            </VoteType>
            <VoteType name="Election Day Votes" votes="30">
                <Precinct name="Alamo" votes="20" />
                <Precinct name="Glenwood" votes="10" />
            </VoteType>
            <VoteType name="Provisional Votes" votes="0">
                <Precinct name="Alamo" votes="0" />
                <Precinct name="Glenwood" votes="0" />
            </VoteType>
        </Choice>
        <Choice key="75" text="Janice Laws Robinson" party="DEM" totalVotes="68">
            <VoteType name="Absentee by Mail Votes" votes="6">
                <Precinct name="Alamo" votes="5" />
                <Precinct name="Glenwood" votes="1" />
            </VoteType>
            <VoteType name="Advance Voting Votes" votes="24">
                <Precinct name="Alamo" votes="18" />
                <Precinct name="Glenwood" votes="6" />
            </VoteType>
            <VoteType name="Election Day Votes" votes="37">
                <Precinct name="Alamo" votes="27" />
                <Precinct name="Glenwood" votes="10" />
            </VoteType>
            <VoteType name="Provisional Votes" votes="1">
                <Precinct name="Alamo" votes="1" />
                <Precinct name="Glenwood" votes="0" />
            </VoteType>
        </Choice>
    </Contest>
    <Contest key="18" text="Commissioner of Labor - Dem" voteFor="1" isQuestion="false" precinctsReporting="2" precinctsReported="2">
        <VoteType name="Undervotes" votes="4">
            <Precinct name="Alamo" votes="3" />
            <Precinct name="Glenwood" votes="1" />
        </VoteType>
        <VoteType name="Overvotes" votes="0">
            <Precinct name="Alamo" votes="0" />
            <Precinct name="Glenwood" votes="0" />
        </VoteType>
        <Choice key="86" text="William &quot;&quot;Will&quot;&quot; Boddie, Jr." party="DEM" totalVotes="79">
            <VoteType name="Absentee by Mail Votes" votes="2">
                <Precinct name="Alamo" votes="2" />
                <Precinct name="Glenwood" votes="0" />
            </VoteType>
            <VoteType name="Advance Voting Votes" votes="31">
                <Precinct name="Alamo" votes="21" />
                <Precinct name="Glenwood" votes="10" />
            </VoteType>
            <VoteType name="Election Day Votes" votes="46">
                <Precinct name="Alamo" votes="31" />
                <Precinct name="Glenwood" votes="15" />
            </VoteType>
            <VoteType name="Provisional Votes" votes="0">
                <Precinct name="Alamo" votes="0" />
                <Precinct name="Glenwood" votes="0" />
            </VoteType>
        </Choice>
        <Choice key="88" text="Nicole Horn" party="DEM" totalVotes="28">
            <VoteType name="Absentee by Mail Votes" votes="4">
                <Precinct name="Alamo" votes="3" />
                <Precinct name="Glenwood" votes="1" />
            </VoteType>
            <VoteType name="Advance Voting Votes" votes="3">
                <Precinct name="Alamo" votes="2" />
                <Precinct name="Glenwood" votes="1" />
            </VoteType>
            <VoteType name="Election Day Votes" votes="20">
                <Precinct name="Alamo" votes="15" />
                <Precinct name="Glenwood" votes="5" />
            </VoteType>
            <VoteType name="Provisional Votes" votes="1">
                <Precinct name="Alamo" votes="1" />
                <Precinct name="Glenwood" votes="0" />
            </VoteType>
        </Choice>
    </Contest>
</ElectionResult>