<?xml version="1.0"?>
<!--Election result snapshot imported from Tabulation System
-->
<ElectionResult>
    <Timestamp>6/24/2022 10:53:28 AM EDT</Timestamp>
    <ElectionName>June 21, 2022 - General Primary -Nonpartisan General Election Runoff</ElectionName>
    <ElectionDate>6/21/2022</ElectionDate>
    <Region>Chattahoochee</Region>
    <VoterTurnout totalVoters="0" ballotsCast="94" voterTurnout="0.00">
        <Precincts>
            <Precinct name="Activity Center" totalVoters="0" ballotsCast="94" voterTurnout="0.00" percentReporting="4" />
        </Precincts>
    </VoterTurnout>
    <Contest key="8" text="DEM - Lieutenant Governor" voteFor="1" isQuestion="false" precinctsReporting="1" precinctsReported="1">
        <VoteType name="Undervotes" votes="26">
            <Precinct name="Activity Center" votes="26" />
        </VoteType>
        <VoteType name="Overvotes" votes="0">
            <Precinct name="Activity Center" votes="0" />
        </VoteType>
        <Choice key="67" text="Charlie Bailey" party="DEM" totalVotes="37">
            <VoteType name="Absentee by Mail Votes" votes="4">
                <Precinct name="Activity Center" votes="4" />
            </VoteType>
            <VoteType name="Advance Voting Votes" votes="7">
                <Precinct name="Activity Center" votes="7" />
            </VoteType>
            <VoteType name="Election Day Votes" votes="26">
                <Precinct name="Activity Center" votes="26" />
            </VoteType>
            <VoteType name="Provisional Votes" votes="0">
                <Precinct name="Activity Center" votes="0" />
            </VoteType>
        </Choice>
        <Choice key="70" text="Kwanza Hall" party="DEM" totalVotes="31">
            <VoteType name="Absentee by Mail Votes" votes="4">
                <Precinct name="Activity Center" votes="4" />
            </VoteType>
            <VoteType name="Advance Voting Votes" votes="8">
                <Precinct name="Activity Center" votes="8" />
            </VoteType>
            <VoteType name="Election Day Votes" votes="19">
                <Precinct name="Activity Center" votes="19" />
            </VoteType>
            <VoteType name="Provisional Votes" votes="0">
                <Precinct name="Activity Center" votes="0" />
            </VoteType>
        </Choice>
    </Contest>
    <Contest key="10" text="DEM - Secretary of State" voteFor="1" isQuestion="false" precinctsReporting="1" precinctsReported="1">
        <VoteType name="Undervotes" votes="25">
            <Precinct name="Activity Center" votes="25" />
        </VoteType>
        <VoteType name="Overvotes" votes="0">
            <Precinct name="Activity Center" votes="0" />
        </VoteType>
        <Choice key="79" text="Dee Dawkins-Haigler" party="DEM" totalVotes="44">
            <VoteType name="Absentee by Mail Votes" votes="3">
                <Precinct name="Activity Center" votes="3" />
            </VoteType>
            <VoteType name="Advance Voting Votes" votes="12">
                <Precinct name="Activity Center" votes="12" />
            </VoteType>
            <VoteType name="Election Day Votes" votes="29">
                <Precinct name="Activity Center" votes="29" />
            </VoteType>
            <VoteType name="Provisional Votes" votes="0">
                <Precinct name="Activity Center" votes="0" />
            </VoteType>
        </Choice>
        <Choice key="82" text="Bee Nguyen" party="DEM" totalVotes="25">
            <VoteType name="Absentee by Mail Votes" votes="6">
                <Precinct name="Activity Center" votes="6" />
            </VoteType>
            <VoteType name="Advance Voting Votes" votes="3">
                <Precinct name="Activity Center" votes="3" />
            </VoteType>
            <VoteType name="Election Day Votes" votes="16">
                <Precinct name="Activity Center" votes="16" />
            </VoteType>
            <VoteType name="Provisional Votes" votes="0">
                <Precinct name="Activity Center" votes="0" />
            </VoteType>
        </Choice>
    </Contest>
    <Contest key="16" text="DEM - Commissioner Of Insurance" voteFor="1" isQuestion="false" precinctsReporting="1" precinctsReported="1">
        <VoteType name="Undervotes" votes="25">
            <Precinct name="Activity Center" votes="25" />
        </VoteType>
        <VoteType name="Overvotes" votes="0">
            <Precinct name="Activity Center" votes="0" />
        </VoteType>
        <Choice key="95" text="Raphael Baker" party="DEM" totalVotes="46">
            <VoteType name="Absentee by Mail Votes" votes="5">
                <Precinct name="Activity Center" votes="5" />
            </VoteType>
            <VoteType name="Advance Voting Votes" votes="12">
                <Precinct name="Activity Center" votes="12" />
            </VoteType>
            <VoteType name="Election Day Votes" votes="29">
                <Precinct name="Activity Center" votes="29" />
            </VoteType>
            <VoteType name="Provisional Votes" votes="0">
                <Precinct name="Activity Center" votes="0" />
            </VoteType>
        </Choice>
        <Choice key="96" text="Janice Laws Robinson" party="DEM" totalVotes="23">
            <VoteType name="Absentee by Mail Votes" votes="3">
                <Precinct name="Activity Center" votes="3" />
            </VoteType>
            <VoteType name="Advance Voting Votes" votes="4">
                <Precinct name="Activity Center" votes="4" />
            </VoteType>
            <VoteType name="Election Day Votes" votes="16">
                <Precinct name="Activity Center" votes="16" />
            </VoteType>
            <VoteType name="Provisional Votes" votes="0">
                <Precinct name="Activity Center" votes="0" />
            </VoteType>
        </Choice>
    </Contest>
    <Contest key="20" text="DEM - Commissioner Of Labor" voteFor="1" isQuestion="false" precinctsReporting="1" precinctsReported="1">
        <VoteType name="Undervotes" votes="29">
            <Precinct name="Activity Center" votes="29" />
        </VoteType>
        <VoteType name="Overvotes" votes="0">
            <Precinct name="Activity Center" votes="0" />
        </VoteType>
        <Choice key="107" text="William &quot;&quot;Will&quot;&quot; Boddie, Jr." party="DEM" totalVotes="41">
            <VoteType name="Absentee by Mail Votes" votes="6">
                <Precinct name="Activity Center" votes="6" />
            </VoteType>
            <VoteType name="Advance Voting Votes" votes="11">
                <Precinct name="Activity Center" votes="11" />
            </VoteType>
            <VoteType name="Election Day Votes" votes="24">
                <Precinct name="Activity Center" votes="24" />
            </VoteType>
            <VoteType name="Provisional Votes" votes="0">
                <Precinct name="Activity Center" votes="0" />
            </VoteType>
        </Choice>
        <Choice key="109" text="Nicole Horn" party="DEM" totalVotes="24">
            <VoteType name="Absentee by Mail Votes" votes="2">
                <Precinct name="Activity Center" votes="2" />
            </VoteType>
            <VoteType name="Advance Voting Votes" votes="4">
                <Precinct name="Activity Center" votes="4" />
            </VoteType>
            <VoteType name="Election Day Votes" votes="18">
                <Precinct name="Activity Center" votes="18" />
            </VoteType>
            <VoteType name="Provisional Votes" votes="0">
                <Precinct name="Activity Center" votes="0" />
            </VoteType>
        </Choice>
    </Contest>
    <Contest key="25" text="REP - US House Dist 2" voteFor="1" isQuestion="false" precinctsReporting="1" precinctsReported="1">
        <VoteType name="Undervotes" votes="19">
            <Precinct name="Activity Center" votes="19" />
        </VoteType>
        <VoteType name="Overvotes" votes="0">
            <Precinct name="Activity Center" votes="0" />
        </VoteType>
        <Choice key="120" text="Jeremy Hunt" party="REP" totalVotes="183">
            <VoteType name="Absentee by Mail Votes" votes="2">
                <Precinct name="Activity Center" votes="2" />
            </VoteType>
            <VoteType name="Advance Voting Votes" votes="50">
                <Precinct name="Activity Center" votes="50" />
            </VoteType>
            <VoteType name="Election Day Votes" votes="131">
                <Precinct name="Activity Center" votes="131" />
            </VoteType>
            <VoteType name="Provisional Votes" votes="0">
                <Precinct name="Activity Center" votes="0" />
            </VoteType>
        </Choice>
        <Choice key="123" text="Chris West" party="REP" totalVotes="45">
            <VoteType name="Absentee by Mail Votes" votes="1">
                <Precinct name="Activity Center" votes="1" />
            </VoteType>
            <VoteType name="Advance Voting Votes" votes="14">
                <Precinct name="Activity Center" votes="14" />
            </VoteType>
            <VoteType name="Election Day Votes" votes="30">
                <Precinct name="Activity Center" votes="30" />
            </VoteType>
            <VoteType name="Provisional Votes" votes="0">
                <Precinct name="Activity Center" votes="0" />
            </VoteType>
        </Choice>
    </Contest>
    <Contest key="53" text="County Commissioner P3" voteFor="1" isQuestion="false" precinctsReporting="1" precinctsReported="1">
        <VoteType name="Undervotes" votes="4">
            <Precinct name="Activity Center" votes="4" />
        </VoteType>
        <VoteType name="Overvotes" votes="0">
            <Precinct name="Activity Center" votes="0" />
        </VoteType>
        <Choice key="178" text="Jason Frost" totalVotes="203">
            <VoteType name="Absentee by Mail Votes" votes="2">
                <Precinct name="Activity Center" votes="2" />
            </VoteType>
            <VoteType name="Advance Voting Votes" votes="51">
                <Precinct name="Activity Center" votes="51" />
            </VoteType>
            <VoteType name="Election Day Votes" votes="150">
                <Precinct name="Activity Center" votes="150" />
            </VoteType>
            <VoteType name="Provisional Votes" votes="0">
                <Precinct name="Activity Center" votes="0" />
            </VoteType>
        </Choice>
        <Choice key="180" text="Tommy Martin (I)" totalVotes="155">
            <VoteType name="Absentee by Mail Votes" votes="9">
                <Precinct name="Activity Center" votes="9" />
            </VoteType>
            <VoteType name="Advance Voting Votes" votes="59">
                <Precinct name="Activity Center" votes="59" />
            </VoteType>
            <VoteType name="Election Day Votes" votes="87">
                <Precinct name="Activity Center" votes="87" />
            </VoteType>
            <VoteType name="Provisional Votes" votes="0">
                <Precinct name="Activity Center" votes="0" />
            </VoteType>
        </Choice>
    </Contest>
</ElectionResult>