<?xml version="1.0"?>
<!--Election result snapshot imported from Tabulation System
-->
<ElectionResult>
    <Timestamp>6/27/2022 10:06:28 AM EDT</Timestamp>
    <ElectionName>June 21, 2022 - General Primary -Nonpartisan General Election Runoff</ElectionName>
    <ElectionDate>6/21/2022</ElectionDate>
    <Region>Berrien</Region>
    <VoterTurnout totalVoters="10402" ballotsCast="99" voterTurnout="0.95">
        <Precincts>
            <Precinct name="West Berrien" totalVoters="966" ballotsCast="6" voterTurnout="0.62" percentReporting="4" />
            <Precinct name="Ray City " totalVoters="1780" ballotsCast="9" voterTurnout="0.51" percentReporting="4" />
            <Precinct name="Nashville" totalVoters="5640" ballotsCast="46" voterTurnout="0.82" percentReporting="4" />
            <Precinct name="Enigma" totalVoters="996" ballotsCast="8" voterTurnout="0.80" percentReporting="4" />
            <Precinct name="Alapaha " totalVoters="1020" ballotsCast="30" voterTurnout="2.94" percentReporting="4" />
        </Precincts>
    </VoterTurnout>
    <Contest key="6" text="Lieutenant Governor - Dem" voteFor="1" isQuestion="false" precinctsReporting="5" precinctsReported="5">
        <VoteType name="Undervotes" votes="3">
            <Precinct name="West Berrien" votes="0" />
            <Precinct name="Ray City " votes="0" />
            <Precinct name="Nashville" votes="0" />
            <Precinct name="Enigma" votes="2" />
            <Precinct name="Alapaha " votes="1" />
        </VoteType>
        <VoteType name="Overvotes" votes="0">
            <Precinct name="West Berrien" votes="0" />
            <Precinct name="Ray City " votes="0" />
            <Precinct name="Nashville" votes="0" />
            <Precinct name="Enigma" votes="0" />
            <Precinct name="Alapaha " votes="0" />
        </VoteType>
        <Choice key="20" text="Charlie Bailey" party="DEM" totalVotes="49">
            <VoteType name="Absentee by Mail Votes" votes="19">
                <Precinct name="West Berrien" votes="3" />
                <Precinct name="Ray City " votes="0" />
                <Precinct name="Nashville" votes="14" />
                <Precinct name="Enigma" votes="1" />
                <Precinct name="Alapaha " votes="1" />
            </VoteType>
            <VoteType name="Advance Voting Votes" votes="9">
                <Precinct name="West Berrien" votes="0" />
                <Precinct name="Ray City " votes="1" />
                <Precinct name="Nashville" votes="8" />
                <Precinct name="Enigma" votes="0" />
                <Precinct name="Alapaha " votes="0" />
            </VoteType>
            <VoteType name="Election Day Votes" votes="21">
                <Precinct name="West Berrien" votes="1" />
                <Precinct name="Ray City " votes="5" />
                <Precinct name="Nashville" votes="3" />
                <Precinct name="Enigma" votes="2" />
                <Precinct name="Alapaha " votes="10" />
            </VoteType>
            <VoteType name="Provisional Votes" votes="0">
                <Precinct name="West Berrien" votes="0" />
                <Precinct name="Ray City " votes="0" />
                <Precinct name="Nashville" votes="0" />
                <Precinct name="Enigma" votes="0" />
                <Precinct name="Alapaha " votes="0" />
            </VoteType>
        </Choice>
        <Choice key="23" text="Kwanza Hall" party="DEM" totalVotes="47">
            <VoteType name="Absentee by Mail Votes" votes="14">
                <Precinct name="West Berrien" votes="2" />
                <Precinct name="Ray City " votes="0" />
                <Precinct name="Nashville" votes="8" />
                <Precinct name="Enigma" votes="2" />
                <Precinct name="Alapaha " votes="2" />
            </VoteType>
            <VoteType name="Advance Voting Votes" votes="7">
                <Precinct name="West Berrien" votes="0" />
                <Precinct name="Ray City " votes="1" />
                <Precinct name="Nashville" votes="4" />
                <Precinct name="Enigma" votes="0" />
                <Precinct name="Alapaha " votes="2" />
            </VoteType>
            <VoteType name="Election Day Votes" votes="26">
                <Precinct name="West Berrien" votes="0" />
                <Precinct name="Ray City " votes="2" />
                <Precinct name="Nashville" votes="9" />
                <Precinct name="Enigma" votes="1" />
                <Precinct name="Alapaha " votes="14" />
            </VoteType>
            <VoteType name="Provisional Votes" votes="0">
                <Precinct name="West Berrien" votes="0" />
                <Precinct name="Ray City " votes="0" />
                <Precinct name="Nashville" votes="0" />
                <Precinct name="Enigma" votes="0" />
                <Precinct name="Alapaha " votes="0" />
            </VoteType>
        </Choice>
    </Contest>
    <Contest key="8" text="Secretary of State - Dem" voteFor="1" isQuestion="false" precinctsReporting="5" precinctsReported="5">
        <VoteType name="Undervotes" votes="3">
            <Precinct name="West Berrien" votes="0" />
            <Precinct name="Ray City " votes="0" />
            <Precinct name="Nashville" votes="2" />
            <Precinct name="Enigma" votes="1" />
            <Precinct name="Alapaha " votes="0" />
        </VoteType>
        <VoteType name="Overvotes" votes="0">
            <Precinct name="West Berrien" votes="0" />
            <Precinct name="Ray City " votes="0" />
            <Precinct name="Nashville" votes="0" />
            <Precinct name="Enigma" votes="0" />
            <Precinct name="Alapaha " votes="0" />
        </VoteType>
        <Choice key="32" text="Dee Dawkins-Haigler" party="DEM" totalVotes="36">
            <VoteType name="Absentee by Mail Votes" votes="8">
                <Precinct name="West Berrien" votes="0" />
                <Precinct name="Ray City " votes="0" />
                <Precinct name="Nashville" votes="6" />
                <Precinct name="Enigma" votes="2" />
                <Precinct name="Alapaha " votes="0" />
            </VoteType>
            <VoteType name="Advance Voting Votes" votes="5">
                <Precinct name="West Berrien" votes="0" />
                <Precinct name="Ray City " votes="0" />
                <Precinct name="Nashville" votes="4" />
                <Precinct name="Enigma" votes="0" />
                <Precinct name="Alapaha " votes="1" />
            </VoteType>
            <VoteType name="Election Day Votes" votes="23">
                <Precinct name="West Berrien" votes="0" />
                <Precinct name="Ray City " votes="4" />
                <Precinct name="Nashville" votes="6" />
                <Precinct name="Enigma" votes="1" />
                <Precinct name="Alapaha " votes="12" />
            </VoteType>
            <VoteType name="Provisional Votes" votes="0">
                <Precinct name="West Berrien" votes="0" />
                <Precinct name="Ray City " votes="0" />
                <Precinct name="Nashville" votes="0" />
                <Precinct name="Enigma" votes="0" />
                <Precinct name="Alapaha " votes="0" />
            </VoteType>
        </Choice>
        <Choice key="35" text="Bee Nguyen" party="DEM" totalVotes="60">
            <VoteType name="Absentee by Mail Votes" votes="23">
                <Precinct name="West Berrien" votes="5" />
                <Precinct name="Ray City " votes="0" />
                <Precinct name="Nashville" votes="14" />
                <Precinct name="Enigma" votes="1" />
                <Precinct name="Alapaha " votes="3" />
            </VoteType>
            <VoteType name="Advance Voting Votes" votes="12">
                <Precinct name="West Berrien" votes="0" />
                <Precinct name="Ray City " votes="2" />
                <Precinct name="Nashville" votes="8" />
                <Precinct name="Enigma" votes="0" />
                <Precinct name="Alapaha " votes="2" />
            </VoteType>
            <VoteType name="Election Day Votes" votes="25">
                <Precinct name="West Berrien" votes="1" />
                <Precinct name="Ray City " votes="3" />
                <Precinct name="Nashville" votes="6" />
                <Precinct name="Enigma" votes="3" />
                <Precinct name="Alapaha " votes="12" />
            </VoteType>
            <VoteType name="Provisional Votes" votes="0">
                <Precinct name="West Berrien" votes="0" />
                <Precinct name="Ray City " votes="0" />
                <Precinct name="Nashville" votes="0" />
                <Precinct name="Enigma" votes="0" />
                <Precinct name="Alapaha " votes="0" />
            </VoteType>
        </Choice>
    </Contest>
    <Contest key="14" text="Commissioner of Insurance - Dem" voteFor="1" isQuestion="false" precinctsReporting="5" precinctsReported="5">
        <VoteType name="Undervotes" votes="3">
            <Precinct name="West Berrien" votes="0" />
            <Precinct name="Ray City " votes="0" />
            <Precinct name="Nashville" votes="2" />
            <Precinct name="Enigma" votes="1" />
            <Precinct name="Alapaha " votes="0" />
        </VoteType>
        <VoteType name="Overvotes" votes="0">
            <Precinct name="West Berrien" votes="0" />
            <Precinct name="Ray City " votes="0" />
            <Precinct name="Nashville" votes="0" />
            <Precinct name="Enigma" votes="0" />
            <Precinct name="Alapaha " votes="0" />
        </VoteType>
        <Choice key="48" text="Raphael Baker" party="DEM" totalVotes="38">
            <VoteType name="Absentee by Mail Votes" votes="10">
                <Precinct name="West Berrien" votes="2" />
                <Precinct name="Ray City " votes="0" />
                <Precinct name="Nashville" votes="4" />
                <Precinct name="Enigma" votes="1" />
                <Precinct name="Alapaha " votes="3" />
            </VoteType>
            <VoteType name="Advance Voting Votes" votes="7">
                <Precinct name="West Berrien" votes="0" />
                <Precinct name="Ray City " votes="0" />
                <Precinct name="Nashville" votes="6" />
                <Precinct name="Enigma" votes="0" />
                <Precinct name="Alapaha " votes="1" />
            </VoteType>
            <VoteType name="Election Day Votes" votes="21">
                <Precinct name="West Berrien" votes="0" />
                <Precinct name="Ray City " votes="3" />
                <Precinct name="Nashville" votes="8" />
                <Precinct name="Enigma" votes="0" />
                <Precinct name="Alapaha " votes="10" />
            </VoteType>
            <VoteType name="Provisional Votes" votes="0">
                <Precinct name="West Berrien" votes="0" />
                <Precinct name="Ray City " votes="0" />
                <Precinct name="Nashville" votes="0" />
                <Precinct name="Enigma" votes="0" />
                <Precinct name="Alapaha " votes="0" />
            </VoteType>
        </Choice>
        <Choice key="49" text="Janice Laws Robinson" party="DEM" totalVotes="58">
            <VoteType name="Absentee by Mail Votes" votes="21">
                <Precinct name="West Berrien" votes="3" />
                <Precinct name="Ray City " votes="0" />
                <Precinct name="Nashville" votes="16" />
                <Precinct name="Enigma" votes="2" />
                <Precinct name="Alapaha " votes="0" />
            </VoteType>
            <VoteType name="Advance Voting Votes" votes="10">
                <Precinct name="West Berrien" votes="0" />
                <Precinct name="Ray City " votes="2" />
                <Precinct name="Nashville" votes="6" />
                <Precinct name="Enigma" votes="0" />
                <Precinct name="Alapaha " votes="2" />
            </VoteType>
            <VoteType name="Election Day Votes" votes="27">
                <Precinct name="West Berrien" votes="1" />
                <Precinct name="Ray City " votes="4" />
                <Precinct name="Nashville" votes="4" />
                <Precinct name="Enigma" votes="4" />
                <Precinct name="Alapaha " votes="14" />
            </VoteType>
            <VoteType name="Provisional Votes" votes="0">
                <Precinct name="West Berrien" votes="0" />
                <Precinct name="Ray City " votes="0" />
                <Precinct name="Nashville" votes="0" />
                <Precinct name="Enigma" votes="0" />
                <Precinct name="Alapaha " votes="0" />
            </VoteType>
        </Choice>
    </Contest>
    <Contest key="18" text="Commissioner of Labor - Dem" voteFor="1" isQuestion="false" precinctsReporting="5" precinctsReported="5">
        <VoteType name="Undervotes" votes="6">
            <Precinct name="West Berrien" votes="0" />
            <Precinct name="Ray City " votes="0" />
            <Precinct name="Nashville" votes="3" />
            <Precinct name="Enigma" votes="1" />
            <Precinct name="Alapaha " votes="2" />
        </VoteType>
        <VoteType name="Overvotes" votes="0">
            <Precinct name="West Berrien" votes="0" />
            <Precinct name="Ray City " votes="0" />
            <Precinct name="Nashville" votes="0" />
            <Precinct name="Enigma" votes="0" />
            <Precinct name="Alapaha " votes="0" />
        </VoteType>
        <Choice key="60" text="William &quot;&quot;Will&quot;&quot; Boddie, Jr." party="DEM" totalVotes="53">
            <VoteType name="Absentee by Mail Votes" votes="22">
                <Precinct name="West Berrien" votes="3" />
                <Precinct name="Ray City " votes="0" />
                <Precinct name="Nashville" votes="13" />
                <Precinct name="Enigma" votes="3" />
                <Precinct name="Alapaha " votes="3" />
            </VoteType>
            <VoteType name="Advance Voting Votes" votes="12">
                <Precinct name="West Berrien" votes="0" />
                <Precinct name="Ray City " votes="0" />
                <Precinct name="Nashville" votes="11" />
                <Precinct name="Enigma" votes="0" />
                <Precinct name="Alapaha " votes="1" />
            </VoteType>
            <VoteType name="Election Day Votes" votes="19">
                <Precinct name="West Berrien" votes="0" />
                <Precinct name="Ray City " votes="3" />
                <Precinct name="Nashville" votes="5" />
                <Precinct name="Enigma" votes="2" />
                <Precinct name="Alapaha " votes="9" />
            </VoteType>
            <VoteType name="Provisional Votes" votes="0">
                <Precinct name="West Berrien" votes="0" />
                <Precinct name="Ray City " votes="0" />
                <Precinct name="Nashville" votes="0" />
                <Precinct name="Enigma" votes="0" />
                <Precinct name="Alapaha " votes="0" />
            </VoteType>
        </Choice>
        <Choice key="62" text="Nicole Horn" party="DEM" totalVotes="40">
            <VoteType name="Absentee by Mail Votes" votes="8">
                <Precinct name="West Berrien" votes="2" />
                <Precinct name="Ray City " votes="0" />
                <Precinct name="Nashville" votes="6" />
                <Precinct name="Enigma" votes="0" />
                <Precinct name="Alapaha " votes="0" />
            </VoteType>
            <VoteType name="Advance Voting Votes" votes="4">
                <Precinct name="West Berrien" votes="0" />
                <Precinct name="Ray City " votes="2" />
                <Precinct name="Nashville" votes="1" />
                <Precinct name="Enigma" votes="0" />
                <Precinct name="Alapaha " votes="1" />
            </VoteType>
            <VoteType name="Election Day Votes" votes="28">
                <Precinct name="West Berrien" votes="1" />
                <Precinct name="Ray City " votes="4" />
                <Precinct name="Nashville" votes="7" />
                <Precinct name="Enigma" votes="2" />
                <Precinct name="Alapaha " votes="14" />
            </VoteType>
            <VoteType name="Provisional Votes" votes="0">
                <Precinct name="West Berrien" votes="0" />
                <Precinct name="Ray City " votes="0" />
                <Precinct name="Nashville" votes="0" />
                <Precinct name="Enigma" votes="0" />
                <Precinct name="Alapaha " votes="0" />
            </VoteType>
        </Choice>
    </Contest>
</ElectionResult>