<?xml version="1.0"?>
<!--Election result snapshot imported from Tabulation System
-->
<ElectionResult>
    <Timestamp>6/2/2022 9:55:10 AM EDT</Timestamp>
    <ElectionName>May 24, 2022 - General Primary -Nonpartisan General Election</ElectionName>
    <ElectionDate>5/24/2022</ElectionDate>
    <Region>Pulaski</Region>
    <VoterTurnout totalVoters="0" ballotsCast="1406" voterTurnout="0.00">
        <Precincts>
            <Precinct name="Annex" totalVoters="0" ballotsCast="1406" voterTurnout="0.00" percentReporting="4" />
        </Precincts>
    </VoterTurnout>
    <Contest key="1" text="US Senate - Rep" voteFor="1" isQuestion="false" precinctsReporting="1" precinctsReported="1">
        <VoteType name="Undervotes" votes="7">
            <Precinct name="Annex" votes="7" />
        </VoteType>
        <VoteType name="Overvotes" votes="0">
            <Precinct name="Annex" votes="0" />
        </VoteType>
        <Choice key="27" text="Gary W. Black" party="REP" totalVotes="240">
            <VoteType name="Election Day Votes" votes="108">
                <Precinct name="Annex" votes="108" />
            </VoteType>
            <VoteType name="Advanced Voting Votes" votes="126">
                <Precinct name="Annex" votes="126" />
            </VoteType>
            <VoteType name="Absentee by Mail Votes" votes="6">
                <Precinct name="Annex" votes="6" />
            </VoteType>
            <VoteType name="Provisional Votes" votes="0">
                <Precinct name="Annex" votes="0" />
            </VoteType>
        </Choice>
        <Choice key="28" text="Josh Clark" party="REP" totalVotes="29">
            <VoteType name="Election Day Votes" votes="20">
                <Precinct name="Annex" votes="20" />
            </VoteType>
            <VoteType name="Advanced Voting Votes" votes="7">
                <Precinct name="Annex" votes="7" />
            </VoteType>
            <VoteType name="Absentee by Mail Votes" votes="2">
                <Precinct name="Annex" votes="2" />
            </VoteType>
            <VoteType name="Provisional Votes" votes="0">
                <Precinct name="Annex" votes="0" />
            </VoteType>
        </Choice>
        <Choice key="29" text="Kelvin King" party="REP" totalVotes="18">
            <VoteType name="Election Day Votes" votes="10">
                <Precinct name="Annex" votes="10" />
            </VoteType>
            <VoteType name="Advanced Voting Votes" votes="8">
                <Precinct name="Annex" votes="8" />
            </VoteType>
            <VoteType name="Absentee by Mail Votes" votes="0">
                <Precinct name="Annex" votes="0" />
            </VoteType>
            <VoteType name="Provisional Votes" votes="0">
                <Precinct name="Annex" votes="0" />
            </VoteType>
        </Choice>
        <Choice key="30" text="Jonathan &quot;&quot;Jon&quot;&quot; McColumn" party="REP" totalVotes="12">
            <VoteType name="Election Day Votes" votes="6">
                <Precinct name="Annex" votes="6" />
            </VoteType>
            <VoteType name="Advanced Voting Votes" votes="6">
                <Precinct name="Annex" votes="6" />
            </VoteType>
            <VoteType name="Absentee by Mail Votes" votes="0">
                <Precinct name="Annex" votes="0" />
            </VoteType>
            <VoteType name="Provisional Votes" votes="0">
                <Precinct name="Annex" votes="0" />
            </VoteType>
        </Choice>
        <Choice key="31" text="Latham Saddler" party="REP" totalVotes="23">
            <VoteType name="Election Day Votes" votes="10">
                <Precinct name="Annex" votes="10" />
            </VoteType>
            <VoteType name="Advanced Voting Votes" votes="10">
                <Precinct name="Annex" votes="10" />
            </VoteType>
            <VoteType name="Absentee by Mail Votes" votes="3">
                <Precinct name="Annex" votes="3" />
            </VoteType>
            <VoteType name="Provisional Votes" votes="0">
                <Precinct name="Annex" votes="0" />
            </VoteType>
        </Choice>
        <Choice key="32" text="Herschel Junior Walker" party="REP" totalVotes="1077">
            <VoteType name="Election Day Votes" votes="561">
                <Precinct name="Annex" votes="561" />
            </VoteType>
            <VoteType name="Advanced Voting Votes" votes="490">
                <Precinct name="Annex" votes="490" />
            </VoteType>
            <VoteType name="Absentee by Mail Votes" votes="26">
                <Precinct name="Annex" votes="26" />
            </VoteType>
            <VoteType name="Provisional Votes" votes="0">
                <Precinct name="Annex" votes="0" />
            </VoteType>
        </Choice>
    </Contest>
    <Contest key="2" text="US Senate - Dem" voteFor="1" isQuestion="false" precinctsReporting="1" precinctsReported="1">
        <VoteType name="Undervotes" votes="17">
            <Precinct name="Annex" votes="17" />
        </VoteType>
        <VoteType name="Overvotes" votes="0">
            <Precinct name="Annex" votes="0" />
        </VoteType>
        <Choice key="33" text="Tamara Johnson-Shealey" party="DEM" totalVotes="14">
            <VoteType name="Election Day Votes" votes="9">
                <Precinct name="Annex" votes="9" />
            </VoteType>
            <VoteType name="Advanced Voting Votes" votes="3">
                <Precinct name="Annex" votes="3" />
            </VoteType>
            <VoteType name="Absentee by Mail Votes" votes="2">
                <Precinct name="Annex" votes="2" />
            </VoteType>
            <VoteType name="Provisional Votes" votes="0">
                <Precinct name="Annex" votes="0" />
            </VoteType>
        </Choice>
        <Choice key="34" text="Raphael Warnock (I)" party="DEM" totalVotes="340">
            <VoteType name="Election Day Votes" votes="127">
                <Precinct name="Annex" votes="127" />
            </VoteType>
            <VoteType name="Advanced Voting Votes" votes="181">
                <Precinct name="Annex" votes="181" />
            </VoteType>
            <VoteType name="Absentee by Mail Votes" votes="32">
                <Precinct name="Annex" votes="32" />
            </VoteType>
            <VoteType name="Provisional Votes" votes="0">
                <Precinct name="Annex" votes="0" />
            </VoteType>
        </Choice>
    </Contest>
    <Contest key="3" text="Governor - Rep" voteFor="1" isQuestion="false" precinctsReporting="1" precinctsReported="1">
        <VoteType name="Undervotes" votes="5">
            <Precinct name="Annex" votes="5" />
        </VoteType>
        <VoteType name="Overvotes" votes="0">
            <Precinct name="Annex" votes="0" />
        </VoteType>
        <Choice key="35" text="Catherine Davis" party="REP" totalVotes="7">
            <VoteType name="Election Day Votes" votes="4">
                <Precinct name="Annex" votes="4" />
            </VoteType>
            <VoteType name="Advanced Voting Votes" votes="3">
                <Precinct name="Annex" votes="3" />
            </VoteType>
            <VoteType name="Absentee by Mail Votes" votes="0">
                <Precinct name="Annex" votes="0" />
            </VoteType>
            <VoteType name="Provisional Votes" votes="0">
                <Precinct name="Annex" votes="0" />
            </VoteType>
        </Choice>
        <Choice key="36" text="Brian Kemp (I)" party="REP" totalVotes="957">
            <VoteType name="Election Day Votes" votes="483">
                <Precinct name="Annex" votes="483" />
            </VoteType>
            <VoteType name="Advanced Voting Votes" votes="443">
                <Precinct name="Annex" votes="443" />
            </VoteType>
            <VoteType name="Absentee by Mail Votes" votes="31">
                <Precinct name="Annex" votes="31" />
            </VoteType>
            <VoteType name="Provisional Votes" votes="0">
                <Precinct name="Annex" votes="0" />
            </VoteType>
        </Choice>
        <Choice key="37" text="David A. Perdue" party="REP" totalVotes="380">
            <VoteType name="Election Day Votes" votes="196">
                <Precinct name="Annex" votes="196" />
            </VoteType>
            <VoteType name="Advanced Voting Votes" votes="178">
                <Precinct name="Annex" votes="178" />
            </VoteType>
            <VoteType name="Absentee by Mail Votes" votes="6">
                <Precinct name="Annex" votes="6" />
            </VoteType>
            <VoteType name="Provisional Votes" votes="0">
                <Precinct name="Annex" votes="0" />
            </VoteType>
        </Choice>
        <Choice key="38" text="Kandiss Taylor" party="REP" totalVotes="55">
            <VoteType name="Election Day Votes" votes="34">
                <Precinct name="Annex" votes="34" />
            </VoteType>
            <VoteType name="Advanced Voting Votes" votes="21">
                <Precinct name="Annex" votes="21" />
            </VoteType>
            <VoteType name="Absentee by Mail Votes" votes="0">
                <Precinct name="Annex" votes="0" />
            </VoteType>
            <VoteType name="Provisional Votes" votes="0">
                <Precinct name="Annex" votes="0" />
            </VoteType>
        </Choice>
        <Choice key="39" text="Tom Williams" party="REP" totalVotes="2">
            <VoteType name="Election Day Votes" votes="1">
                <Precinct name="Annex" votes="1" />
            </VoteType>
            <VoteType name="Advanced Voting Votes" votes="1">
                <Precinct name="Annex" votes="1" />
            </VoteType>
            <VoteType name="Absentee by Mail Votes" votes="0">
                <Precinct name="Annex" votes="0" />
            </VoteType>
            <VoteType name="Provisional Votes" votes="0">
                <Precinct name="Annex" votes="0" />
            </VoteType>
        </Choice>
    </Contest>
    <Contest key="4" text="Governor - Dem" voteFor="1" isQuestion="false" precinctsReporting="1" precinctsReported="1">
        <VoteType name="Undervotes" votes="22">
            <Precinct name="Annex" votes="22" />
        </VoteType>
        <VoteType name="Overvotes" votes="0">
            <Precinct name="Annex" votes="0" />
        </VoteType>
        <Choice key="40" text="Stacey Abrams" party="DEM" totalVotes="349">
            <VoteType name="Election Day Votes" votes="132">
                <Precinct name="Annex" votes="132" />
            </VoteType>
            <VoteType name="Advanced Voting Votes" votes="185">
                <Precinct name="Annex" votes="185" />
            </VoteType>
            <VoteType name="Absentee by Mail Votes" votes="32">
                <Precinct name="Annex" votes="32" />
            </VoteType>
            <VoteType name="Provisional Votes" votes="0">
                <Precinct name="Annex" votes="0" />
            </VoteType>
        </Choice>
    </Contest>
    <Contest key="5" text="Lieutenant Governor - Rep" voteFor="1" isQuestion="false" precinctsReporting="1" precinctsReported="1">
        <VoteType name="Undervotes" votes="67">
            <Precinct name="Annex" votes="67" />
        </VoteType>
        <VoteType name="Overvotes" votes="0">
            <Precinct name="Annex" votes="0" />
        </VoteType>
        <Choice key="41" text="Burt Jones" party="REP" totalVotes="791">
            <VoteType name="Election Day Votes" votes="394">
                <Precinct name="Annex" votes="394" />
            </VoteType>
            <VoteType name="Advanced Voting Votes" votes="377">
                <Precinct name="Annex" votes="377" />
            </VoteType>
            <VoteType name="Absentee by Mail Votes" votes="20">
                <Precinct name="Annex" votes="20" />
            </VoteType>
            <VoteType name="Provisional Votes" votes="0">
                <Precinct name="Annex" votes="0" />
            </VoteType>
        </Choice>
        <Choice key="42" text="Mack McGregor" party="REP" totalVotes="131">
            <VoteType name="Election Day Votes" votes="79">
                <Precinct name="Annex" votes="79" />
            </VoteType>
            <VoteType name="Advanced Voting Votes" votes="49">
                <Precinct name="Annex" votes="49" />
            </VoteType>
            <VoteType name="Absentee by Mail Votes" votes="3">
                <Precinct name="Annex" votes="3" />
            </VoteType>
            <VoteType name="Provisional Votes" votes="0">
                <Precinct name="Annex" votes="0" />
            </VoteType>
        </Choice>
        <Choice key="43" text="Butch Miller" party="REP" totalVotes="358">
            <VoteType name="Election Day Votes" votes="179">
                <Precinct name="Annex" votes="179" />
            </VoteType>
            <VoteType name="Advanced Voting Votes" votes="168">
                <Precinct name="Annex" votes="168" />
            </VoteType>
            <VoteType name="Absentee by Mail Votes" votes="11">
                <Precinct name="Annex" votes="11" />
            </VoteType>
            <VoteType name="Provisional Votes" votes="0">
                <Precinct name="Annex" votes="0" />
            </VoteType>
        </Choice>
        <Choice key="44" text="Jeanne Seaver" party="REP" totalVotes="59">
            <VoteType name="Election Day Votes" votes="28">
                <Precinct name="Annex" votes="28" />
            </VoteType>
            <VoteType name="Advanced Voting Votes" votes="31">
                <Precinct name="Annex" votes="31" />
            </VoteType>
            <VoteType name="Absentee by Mail Votes" votes="0">
                <Precinct name="Annex" votes="0" />
            </VoteType>
            <VoteType name="Provisional Votes" votes="0">
                <Precinct name="Annex" votes="0" />
            </VoteType>
        </Choice>
    </Contest>
    <Contest key="6" text="Lieutenant Governor - Dem" voteFor="1" isQuestion="false" precinctsReporting="1" precinctsReported="1">
        <VoteType name="Undervotes" votes="56">
            <Precinct name="Annex" votes="56" />
        </VoteType>
        <VoteType name="Overvotes" votes="0">
            <Precinct name="Annex" votes="0" />
        </VoteType>
        <Choice key="45" text="Erick E. Allen" party="DEM" totalVotes="29">
            <VoteType name="Election Day Votes" votes="9">
                <Precinct name="Annex" votes="9" />
            </VoteType>
            <VoteType name="Advanced Voting Votes" votes="16">
                <Precinct name="Annex" votes="16" />
            </VoteType>
            <VoteType name="Absentee by Mail Votes" votes="4">
                <Precinct name="Annex" votes="4" />
            </VoteType>
            <VoteType name="Provisional Votes" votes="0">
                <Precinct name="Annex" votes="0" />
            </VoteType>
        </Choice>
        <Choice key="46" text="Charlie Bailey" party="DEM" totalVotes="43">
            <VoteType name="Election Day Votes" votes="10">
                <Precinct name="Annex" votes="10" />
            </VoteType>
            <VoteType name="Advanced Voting Votes" votes="28">
                <Precinct name="Annex" votes="28" />
            </VoteType>
            <VoteType name="Absentee by Mail Votes" votes="5">
                <Precinct name="Annex" votes="5" />
            </VoteType>
            <VoteType name="Provisional Votes" votes="0">
                <Precinct name="Annex" votes="0" />
            </VoteType>
        </Choice>
        <Choice key="47" text="Tyrone Brooks, Jr." party="DEM" totalVotes="56">
            <VoteType name="Election Day Votes" votes="13">
                <Precinct name="Annex" votes="13" />
            </VoteType>
            <VoteType name="Advanced Voting Votes" votes="39">
                <Precinct name="Annex" votes="39" />
            </VoteType>
            <VoteType name="Absentee by Mail Votes" votes="4">
                <Precinct name="Annex" votes="4" />
            </VoteType>
            <VoteType name="Provisional Votes" votes="0">
                <Precinct name="Annex" votes="0" />
            </VoteType>
        </Choice>
        <Choice key="48" text="Tony Brown" party="DEM" totalVotes="23">
            <VoteType name="Election Day Votes" votes="7">
                <Precinct name="Annex" votes="7" />
            </VoteType>
            <VoteType name="Advanced Voting Votes" votes="15">
                <Precinct name="Annex" votes="15" />
            </VoteType>
            <VoteType name="Absentee by Mail Votes" votes="1">
                <Precinct name="Annex" votes="1" />
            </VoteType>
            <VoteType name="Provisional Votes" votes="0">
                <Precinct name="Annex" votes="0" />
            </VoteType>
        </Choice>
        <Choice key="49" text="Kwanza Hall" party="DEM" totalVotes="78">
            <VoteType name="Election Day Votes" votes="30">
                <Precinct name="Annex" votes="30" />
            </VoteType>
            <VoteType name="Advanced Voting Votes" votes="35">
                <Precinct name="Annex" votes="35" />
            </VoteType>
            <VoteType name="Absentee by Mail Votes" votes="13">
                <Precinct name="Annex" votes="13" />
            </VoteType>
            <VoteType name="Provisional Votes" votes="0">
                <Precinct name="Annex" votes="0" />
            </VoteType>
        </Choice>
        <Choice key="50" text="Jason T. Hayes" party="DEM" totalVotes="5">
            <VoteType name="Election Day Votes" votes="2">
                <Precinct name="Annex" votes="2" />
            </VoteType>
            <VoteType name="Advanced Voting Votes" votes="1">
                <Precinct name="Annex" votes="1" />
            </VoteType>
            <VoteType name="Absentee by Mail Votes" votes="2">
                <Precinct name="Annex" votes="2" />
            </VoteType>
            <VoteType name="Provisional Votes" votes="0">
                <Precinct name="Annex" votes="0" />
            </VoteType>
        </Choice>
        <Choice key="51" text="Derrick L. Jackson" party="DEM" totalVotes="40">
            <VoteType name="Election Day Votes" votes="18">
                <Precinct name="Annex" votes="18" />
            </VoteType>
            <VoteType name="Advanced Voting Votes" votes="19">
                <Precinct name="Annex" votes="19" />
            </VoteType>
            <VoteType name="Absentee by Mail Votes" votes="3">
                <Precinct name="Annex" votes="3" />
            </VoteType>
            <VoteType name="Provisional Votes" votes="0">
                <Precinct name="Annex" votes="0" />
            </VoteType>
        </Choice>
        <Choice key="52" text="R. Malik" party="DEM" totalVotes="4">
            <VoteType name="Election Day Votes" votes="1">
                <Precinct name="Annex" votes="1" />
            </VoteType>
            <VoteType name="Advanced Voting Votes" votes="3">
                <Precinct name="Annex" votes="3" />
            </VoteType>
            <VoteType name="Absentee by Mail Votes" votes="0">
                <Precinct name="Annex" votes="0" />
            </VoteType>
            <VoteType name="Provisional Votes" votes="0">
                <Precinct name="Annex" votes="0" />
            </VoteType>
        </Choice>
        <Choice key="53" text="Renitta Shannon" party="DEM" totalVotes="37">
            <VoteType name="Election Day Votes" votes="21">
                <Precinct name="Annex" votes="21" />
            </VoteType>
            <VoteType name="Advanced Voting Votes" votes="15">
                <Precinct name="Annex" votes="15" />
            </VoteType>
            <VoteType name="Absentee by Mail Votes" votes="1">
                <Precinct name="Annex" votes="1" />
            </VoteType>
            <VoteType name="Provisional Votes" votes="0">
                <Precinct name="Annex" votes="0" />
            </VoteType>
        </Choice>
    </Contest>
    <Contest key="7" text="Secretary of State - Rep" voteFor="1" isQuestion="false" precinctsReporting="1" precinctsReported="1">
        <VoteType name="Undervotes" votes="54">
            <Precinct name="Annex" votes="54" />
        </VoteType>
        <VoteType name="Overvotes" votes="0">
            <Precinct name="Annex" votes="0" />
        </VoteType>
        <Choice key="54" text="David C. Belle Isle" party="REP" totalVotes="145">
            <VoteType name="Election Day Votes" votes="66">
                <Precinct name="Annex" votes="66" />
            </VoteType>
            <VoteType name="Advanced Voting Votes" votes="78">
                <Precinct name="Annex" votes="78" />
            </VoteType>
            <VoteType name="Absentee by Mail Votes" votes="1">
                <Precinct name="Annex" votes="1" />
            </VoteType>
            <VoteType name="Provisional Votes" votes="0">
                <Precinct name="Annex" votes="0" />
            </VoteType>
        </Choice>
        <Choice key="55" text="Jody Hice" party="REP" totalVotes="346">
            <VoteType name="Election Day Votes" votes="183">
                <Precinct name="Annex" votes="183" />
            </VoteType>
            <VoteType name="Advanced Voting Votes" votes="154">
                <Precinct name="Annex" votes="154" />
            </VoteType>
            <VoteType name="Absentee by Mail Votes" votes="9">
                <Precinct name="Annex" votes="9" />
            </VoteType>
            <VoteType name="Provisional Votes" votes="0">
                <Precinct name="Annex" votes="0" />
            </VoteType>
        </Choice>
        <Choice key="56" text="T.J. Hudson" party="REP" totalVotes="132">
            <VoteType name="Election Day Votes" votes="70">
                <Precinct name="Annex" votes="70" />
            </VoteType>
            <VoteType name="Advanced Voting Votes" votes="61">
                <Precinct name="Annex" votes="61" />
            </VoteType>
            <VoteType name="Absentee by Mail Votes" votes="1">
                <Precinct name="Annex" votes="1" />
            </VoteType>
            <VoteType name="Provisional Votes" votes="0">
                <Precinct name="Annex" votes="0" />
            </VoteType>
        </Choice>
        <Choice key="57" text="Brad Raffensperger (I)" party="REP" totalVotes="729">
            <VoteType name="Election Day Votes" votes="366">
                <Precinct name="Annex" votes="366" />
            </VoteType>
            <VoteType name="Advanced Voting Votes" votes="338">
                <Precinct name="Annex" votes="338" />
            </VoteType>
            <VoteType name="Absentee by Mail Votes" votes="25">
                <Precinct name="Annex" votes="25" />
            </VoteType>
            <VoteType name="Provisional Votes" votes="0">
                <Precinct name="Annex" votes="0" />
            </VoteType>
        </Choice>
    </Contest>
    <Contest key="8" text="Secretary of State - Dem" voteFor="1" isQuestion="false" precinctsReporting="1" precinctsReported="1">
        <VoteType name="Undervotes" votes="53">
            <Precinct name="Annex" votes="53" />
        </VoteType>
        <VoteType name="Overvotes" votes="0">
            <Precinct name="Annex" votes="0" />
        </VoteType>
        <Choice key="58" text="Dee Dawkins-Haigler" party="DEM" totalVotes="71">
            <VoteType name="Election Day Votes" votes="36">
                <Precinct name="Annex" votes="36" />
            </VoteType>
            <VoteType name="Advanced Voting Votes" votes="31">
                <Precinct name="Annex" votes="31" />
            </VoteType>
            <VoteType name="Absentee by Mail Votes" votes="4">
                <Precinct name="Annex" votes="4" />
            </VoteType>
            <VoteType name="Provisional Votes" votes="0">
                <Precinct name="Annex" votes="0" />
            </VoteType>
        </Choice>
        <Choice key="59" text="John Eaves" party="DEM" totalVotes="20">
            <VoteType name="Election Day Votes" votes="5">
                <Precinct name="Annex" votes="5" />
            </VoteType>
            <VoteType name="Advanced Voting Votes" votes="12">
                <Precinct name="Annex" votes="12" />
            </VoteType>
            <VoteType name="Absentee by Mail Votes" votes="3">
                <Precinct name="Annex" votes="3" />
            </VoteType>
            <VoteType name="Provisional Votes" votes="0">
                <Precinct name="Annex" votes="0" />
            </VoteType>
        </Choice>
        <Choice key="60" text="Floyd Griffin" party="DEM" totalVotes="85">
            <VoteType name="Election Day Votes" votes="26">
                <Precinct name="Annex" votes="26" />
            </VoteType>
            <VoteType name="Advanced Voting Votes" votes="53">
                <Precinct name="Annex" votes="53" />
            </VoteType>
            <VoteType name="Absentee by Mail Votes" votes="6">
                <Precinct name="Annex" votes="6" />
            </VoteType>
            <VoteType name="Provisional Votes" votes="0">
                <Precinct name="Annex" votes="0" />
            </VoteType>
        </Choice>
        <Choice key="61" text="Bee Nguyen" party="DEM" totalVotes="69">
            <VoteType name="Election Day Votes" votes="22">
                <Precinct name="Annex" votes="22" />
            </VoteType>
            <VoteType name="Advanced Voting Votes" votes="37">
                <Precinct name="Annex" votes="37" />
            </VoteType>
            <VoteType name="Absentee by Mail Votes" votes="10">
                <Precinct name="Annex" votes="10" />
            </VoteType>
            <VoteType name="Provisional Votes" votes="0">
                <Precinct name="Annex" votes="0" />
            </VoteType>
        </Choice>
        <Choice key="62" text="Michael Owens" party="DEM" totalVotes="73">
            <VoteType name="Election Day Votes" votes="23">
                <Precinct name="Annex" votes="23" />
            </VoteType>
            <VoteType name="Advanced Voting Votes" votes="41">
                <Precinct name="Annex" votes="41" />
            </VoteType>
            <VoteType name="Absentee by Mail Votes" votes="9">
                <Precinct name="Annex" votes="9" />
            </VoteType>
            <VoteType name="Provisional Votes" votes="0">
                <Precinct name="Annex" votes="0" />
            </VoteType>
        </Choice>
    </Contest>
    <Contest key="9" text="Attorney General - Rep" voteFor="1" isQuestion="false" precinctsReporting="1" precinctsReported="1">
        <VoteType name="Undervotes" votes="79">
            <Precinct name="Annex" votes="79" />
        </VoteType>
        <VoteType name="Overvotes" votes="0">
            <Precinct name="Annex" votes="0" />
        </VoteType>
        <Choice key="63" text="Chris Carr (I)" party="REP" totalVotes="1039">
            <VoteType name="Election Day Votes" votes="496">
                <Precinct name="Annex" votes="496" />
            </VoteType>
            <VoteType name="Advanced Voting Votes" votes="513">
                <Precinct name="Annex" votes="513" />
            </VoteType>
            <VoteType name="Absentee by Mail Votes" votes="30">
                <Precinct name="Annex" votes="30" />
            </VoteType>
            <VoteType name="Provisional Votes" votes="0">
                <Precinct name="Annex" votes="0" />
            </VoteType>
        </Choice>
        <Choice key="64" text="John Gordon" party="REP" totalVotes="288">
            <VoteType name="Election Day Votes" votes="181">
                <Precinct name="Annex" votes="181" />
            </VoteType>
            <VoteType name="Advanced Voting Votes" votes="102">
                <Precinct name="Annex" votes="102" />
            </VoteType>
            <VoteType name="Absentee by Mail Votes" votes="5">
                <Precinct name="Annex" votes="5" />
            </VoteType>
            <VoteType name="Provisional Votes" votes="0">
                <Precinct name="Annex" votes="0" />
            </VoteType>
        </Choice>
    </Contest>
    <Contest key="10" text="Attorney General - Dem" voteFor="1" isQuestion="false" precinctsReporting="1" precinctsReported="1">
        <VoteType name="Undervotes" votes="51">
            <Precinct name="Annex" votes="51" />
        </VoteType>
        <VoteType name="Overvotes" votes="0">
            <Precinct name="Annex" votes="0" />
        </VoteType>
        <Choice key="65" text="Jennifer &quot;&quot;Jen&quot;&quot; Jordan" party="DEM" totalVotes="252">
            <VoteType name="Election Day Votes" votes="94">
                <Precinct name="Annex" votes="94" />
            </VoteType>
            <VoteType name="Advanced Voting Votes" votes="142">
                <Precinct name="Annex" votes="142" />
            </VoteType>
            <VoteType name="Absentee by Mail Votes" votes="16">
                <Precinct name="Annex" votes="16" />
            </VoteType>
            <VoteType name="Provisional Votes" votes="0">
                <Precinct name="Annex" votes="0" />
            </VoteType>
        </Choice>
        <Choice key="66" text="Christian Wise Smith" party="DEM" totalVotes="68">
            <VoteType name="Election Day Votes" votes="21">
                <Precinct name="Annex" votes="21" />
            </VoteType>
            <VoteType name="Advanced Voting Votes" votes="32">
                <Precinct name="Annex" votes="32" />
            </VoteType>
            <VoteType name="Absentee by Mail Votes" votes="15">
                <Precinct name="Annex" votes="15" />
            </VoteType>
            <VoteType name="Provisional Votes" votes="0">
                <Precinct name="Annex" votes="0" />
            </VoteType>
        </Choice>
    </Contest>
    <Contest key="15" text="Commissioner of Agriculture - Rep" voteFor="1" isQuestion="false" precinctsReporting="1" precinctsReported="1">
        <VoteType name="Undervotes" votes="174">
            <Precinct name="Annex" votes="174" />
        </VoteType>
        <VoteType name="Overvotes" votes="0">
            <Precinct name="Annex" votes="0" />
        </VoteType>
        <Choice key="67" text="Tyler Harper" party="REP" totalVotes="1232">
            <VoteType name="Election Day Votes" votes="634">
                <Precinct name="Annex" votes="634" />
            </VoteType>
            <VoteType name="Advanced Voting Votes" votes="567">
                <Precinct name="Annex" votes="567" />
            </VoteType>
            <VoteType name="Absentee by Mail Votes" votes="31">
                <Precinct name="Annex" votes="31" />
            </VoteType>
            <VoteType name="Provisional Votes" votes="0">
                <Precinct name="Annex" votes="0" />
            </VoteType>
        </Choice>
    </Contest>
    <Contest key="16" text="Commissioner of Agriculture - Dem" voteFor="1" isQuestion="false" precinctsReporting="1" precinctsReported="1">
        <VoteType name="Undervotes" votes="59">
            <Precinct name="Annex" votes="59" />
        </VoteType>
        <VoteType name="Overvotes" votes="0">
            <Precinct name="Annex" votes="0" />
        </VoteType>
        <Choice key="68" text="Winfred Dukes" party="DEM" totalVotes="91">
            <VoteType name="Election Day Votes" votes="31">
                <Precinct name="Annex" votes="31" />
            </VoteType>
            <VoteType name="Advanced Voting Votes" votes="50">
                <Precinct name="Annex" votes="50" />
            </VoteType>
            <VoteType name="Absentee by Mail Votes" votes="10">
                <Precinct name="Annex" votes="10" />
            </VoteType>
            <VoteType name="Provisional Votes" votes="0">
                <Precinct name="Annex" votes="0" />
            </VoteType>
        </Choice>
        <Choice key="69" text="Nakita Hemingway" party="DEM" totalVotes="164">
            <VoteType name="Election Day Votes" votes="63">
                <Precinct name="Annex" votes="63" />
            </VoteType>
            <VoteType name="Advanced Voting Votes" votes="86">
                <Precinct name="Annex" votes="86" />
            </VoteType>
            <VoteType name="Absentee by Mail Votes" votes="15">
                <Precinct name="Annex" votes="15" />
            </VoteType>
            <VoteType name="Provisional Votes" votes="0">
                <Precinct name="Annex" votes="0" />
            </VoteType>
        </Choice>
        <Choice key="70" text="Fred Swann" party="DEM" totalVotes="57">
            <VoteType name="Election Day Votes" votes="19">
                <Precinct name="Annex" votes="19" />
            </VoteType>
            <VoteType name="Advanced Voting Votes" votes="33">
                <Precinct name="Annex" votes="33" />
            </VoteType>
            <VoteType name="Absentee by Mail Votes" votes="5">
                <Precinct name="Annex" votes="5" />
            </VoteType>
            <VoteType name="Provisional Votes" votes="0">
                <Precinct name="Annex" votes="0" />
            </VoteType>
        </Choice>
    </Contest>
    <Contest key="13" text="Commissioner of Insurance - Rep" voteFor="1" isQuestion="false" precinctsReporting="1" precinctsReported="1">
        <VoteType name="Undervotes" votes="107">
            <Precinct name="Annex" votes="107" />
        </VoteType>
        <VoteType name="Overvotes" votes="0">
            <Precinct name="Annex" votes="0" />
        </VoteType>
        <Choice key="71" text="Ben Cowart" party="REP" totalVotes="165">
            <VoteType name="Election Day Votes" votes="91">
                <Precinct name="Annex" votes="91" />
            </VoteType>
            <VoteType name="Advanced Voting Votes" votes="72">
                <Precinct name="Annex" votes="72" />
            </VoteType>
            <VoteType name="Absentee by Mail Votes" votes="2">
                <Precinct name="Annex" votes="2" />
            </VoteType>
            <VoteType name="Provisional Votes" votes="0">
                <Precinct name="Annex" votes="0" />
            </VoteType>
        </Choice>
        <Choice key="72" text="John King (I)" party="REP" totalVotes="972">
            <VoteType name="Election Day Votes" votes="465">
                <Precinct name="Annex" votes="465" />
            </VoteType>
            <VoteType name="Advanced Voting Votes" votes="476">
                <Precinct name="Annex" votes="476" />
            </VoteType>
            <VoteType name="Absentee by Mail Votes" votes="31">
                <Precinct name="Annex" votes="31" />
            </VoteType>
            <VoteType name="Provisional Votes" votes="0">
                <Precinct name="Annex" votes="0" />
            </VoteType>
        </Choice>
        <Choice key="73" text="Patrick Witt" party="REP" totalVotes="162">
            <VoteType name="Election Day Votes" votes="109">
                <Precinct name="Annex" votes="109" />
            </VoteType>
            <VoteType name="Advanced Voting Votes" votes="53">
                <Precinct name="Annex" votes="53" />
            </VoteType>
            <VoteType name="Absentee by Mail Votes" votes="0">
                <Precinct name="Annex" votes="0" />
            </VoteType>
            <VoteType name="Provisional Votes" votes="0">
                <Precinct name="Annex" votes="0" />
            </VoteType>
        </Choice>
    </Contest>
    <Contest key="14" text="Commissioner of Insurance - Dem" voteFor="1" isQuestion="false" precinctsReporting="1" precinctsReported="1">
        <VoteType name="Undervotes" votes="56">
            <Precinct name="Annex" votes="56" />
        </VoteType>
        <VoteType name="Overvotes" votes="0">
            <Precinct name="Annex" votes="0" />
        </VoteType>
        <Choice key="74" text="Raphael Baker" party="DEM" totalVotes="123">
            <VoteType name="Election Day Votes" votes="44">
                <Precinct name="Annex" votes="44" />
            </VoteType>
            <VoteType name="Advanced Voting Votes" votes="68">
                <Precinct name="Annex" votes="68" />
            </VoteType>
            <VoteType name="Absentee by Mail Votes" votes="11">
                <Precinct name="Annex" votes="11" />
            </VoteType>
            <VoteType name="Provisional Votes" votes="0">
                <Precinct name="Annex" votes="0" />
            </VoteType>
        </Choice>
        <Choice key="75" text="Janice Laws Robinson" party="DEM" totalVotes="148">
            <VoteType name="Election Day Votes" votes="56">
                <Precinct name="Annex" votes="56" />
            </VoteType>
            <VoteType name="Advanced Voting Votes" votes="75">
                <Precinct name="Annex" votes="75" />
            </VoteType>
            <VoteType name="Absentee by Mail Votes" votes="17">
                <Precinct name="Annex" votes="17" />
            </VoteType>
            <VoteType name="Provisional Votes" votes="0">
                <Precinct name="Annex" votes="0" />
            </VoteType>
        </Choice>
        <Choice key="76" text="Matthew Wilson" party="DEM" totalVotes="44">
            <VoteType name="Election Day Votes" votes="13">
                <Precinct name="Annex" votes="13" />
            </VoteType>
            <VoteType name="Advanced Voting Votes" votes="28">
                <Precinct name="Annex" votes="28" />
            </VoteType>
            <VoteType name="Absentee by Mail Votes" votes="3">
                <Precinct name="Annex" votes="3" />
            </VoteType>
            <VoteType name="Provisional Votes" votes="0">
                <Precinct name="Annex" votes="0" />
            </VoteType>
        </Choice>
    </Contest>
    <Contest key="11" text="State School Superintendent - Rep" voteFor="1" isQuestion="false" precinctsReporting="1" precinctsReported="1">
        <VoteType name="Undervotes" votes="84">
            <Precinct name="Annex" votes="84" />
        </VoteType>
        <VoteType name="Overvotes" votes="0">
            <Precinct name="Annex" votes="0" />
        </VoteType>
        <Choice key="77" text="John D. Barge" party="REP" totalVotes="248">
            <VoteType name="Election Day Votes" votes="145">
                <Precinct name="Annex" votes="145" />
            </VoteType>
            <VoteType name="Advanced Voting Votes" votes="100">
                <Precinct name="Annex" votes="100" />
            </VoteType>
            <VoteType name="Absentee by Mail Votes" votes="3">
                <Precinct name="Annex" votes="3" />
            </VoteType>
            <VoteType name="Provisional Votes" votes="0">
                <Precinct name="Annex" votes="0" />
            </VoteType>
        </Choice>
        <Choice key="78" text="Richard Woods (I)" party="REP" totalVotes="1074">
            <VoteType name="Election Day Votes" votes="529">
                <Precinct name="Annex" votes="529" />
            </VoteType>
            <VoteType name="Advanced Voting Votes" votes="515">
                <Precinct name="Annex" votes="515" />
            </VoteType>
            <VoteType name="Absentee by Mail Votes" votes="30">
                <Precinct name="Annex" votes="30" />
            </VoteType>
            <VoteType name="Provisional Votes" votes="0">
                <Precinct name="Annex" votes="0" />
            </VoteType>
        </Choice>
    </Contest>
    <Contest key="12" text="State School Superintendent - Dem" voteFor="1" isQuestion="false" precinctsReporting="1" precinctsReported="1">
        <VoteType name="Undervotes" votes="55">
            <Precinct name="Annex" votes="55" />
        </VoteType>
        <VoteType name="Overvotes" votes="0">
            <Precinct name="Annex" votes="0" />
        </VoteType>
        <Choice key="79" text="Currey Hitchens" party="DEM" totalVotes="31">
            <VoteType name="Election Day Votes" votes="13">
                <Precinct name="Annex" votes="13" />
            </VoteType>
            <VoteType name="Advanced Voting Votes" votes="18">
                <Precinct name="Annex" votes="18" />
            </VoteType>
            <VoteType name="Absentee by Mail Votes" votes="0">
                <Precinct name="Annex" votes="0" />
            </VoteType>
            <VoteType name="Provisional Votes" votes="0">
                <Precinct name="Annex" votes="0" />
            </VoteType>
        </Choice>
        <Choice key="80" text="Jaha V. Howard" party="DEM" totalVotes="37">
            <VoteType name="Election Day Votes" votes="10">
                <Precinct name="Annex" votes="10" />
            </VoteType>
            <VoteType name="Advanced Voting Votes" votes="21">
                <Precinct name="Annex" votes="21" />
            </VoteType>
            <VoteType name="Absentee by Mail Votes" votes="6">
                <Precinct name="Annex" votes="6" />
            </VoteType>
            <VoteType name="Provisional Votes" votes="0">
                <Precinct name="Annex" votes="0" />
            </VoteType>
        </Choice>
        <Choice key="81" text="James Morrow, Jr." party="DEM" totalVotes="63">
            <VoteType name="Election Day Votes" votes="22">
                <Precinct name="Annex" votes="22" />
            </VoteType>
            <VoteType name="Advanced Voting Votes" votes="36">
                <Precinct name="Annex" votes="36" />
            </VoteType>
            <VoteType name="Absentee by Mail Votes" votes="5">
                <Precinct name="Annex" votes="5" />
            </VoteType>
            <VoteType name="Provisional Votes" votes="0">
                <Precinct name="Annex" votes="0" />
            </VoteType>
        </Choice>
        <Choice key="82" text="Alisha Thomas Searcy" party="DEM" totalVotes="185">
            <VoteType name="Election Day Votes" votes="70">
                <Precinct name="Annex" votes="70" />
            </VoteType>
            <VoteType name="Advanced Voting Votes" votes="95">
                <Precinct name="Annex" votes="95" />
            </VoteType>
            <VoteType name="Absentee by Mail Votes" votes="20">
                <Precinct name="Annex" votes="20" />
            </VoteType>
            <VoteType name="Provisional Votes" votes="0">
                <Precinct name="Annex" votes="0" />
            </VoteType>
        </Choice>
    </Contest>
    <Contest key="17" text="Commissioner of Labor - Rep" voteFor="1" isQuestion="false" precinctsReporting="1" precinctsReported="1">
        <VoteType name="Undervotes" votes="187">
            <Precinct name="Annex" votes="187" />
        </VoteType>
        <VoteType name="Overvotes" votes="0">
            <Precinct name="Annex" votes="0" />
        </VoteType>
        <Choice key="83" text="Kartik Bhatt" party="REP" totalVotes="62">
            <VoteType name="Election Day Votes" votes="30">
                <Precinct name="Annex" votes="30" />
            </VoteType>
            <VoteType name="Advanced Voting Votes" votes="32">
                <Precinct name="Annex" votes="32" />
            </VoteType>
            <VoteType name="Absentee by Mail Votes" votes="0">
                <Precinct name="Annex" votes="0" />
            </VoteType>
            <VoteType name="Provisional Votes" votes="0">
                <Precinct name="Annex" votes="0" />
            </VoteType>
        </Choice>
        <Choice key="84" text="Mike Coan" party="REP" totalVotes="339">
            <VoteType name="Election Day Votes" votes="181">
                <Precinct name="Annex" votes="181" />
            </VoteType>
            <VoteType name="Advanced Voting Votes" votes="143">
                <Precinct name="Annex" votes="143" />
            </VoteType>
            <VoteType name="Absentee by Mail Votes" votes="15">
                <Precinct name="Annex" votes="15" />
            </VoteType>
            <VoteType name="Provisional Votes" votes="0">
                <Precinct name="Annex" votes="0" />
            </VoteType>
        </Choice>
        <Choice key="85" text="Bruce Thompson" party="REP" totalVotes="818">
            <VoteType name="Election Day Votes" votes="419">
                <Precinct name="Annex" votes="419" />
            </VoteType>
            <VoteType name="Advanced Voting Votes" votes="386">
                <Precinct name="Annex" votes="386" />
            </VoteType>
            <VoteType name="Absentee by Mail Votes" votes="13">
                <Precinct name="Annex" votes="13" />
            </VoteType>
            <VoteType name="Provisional Votes" votes="0">
                <Precinct name="Annex" votes="0" />
            </VoteType>
        </Choice>
    </Contest>
    <Contest key="18" text="Commissioner of Labor - Dem" voteFor="1" isQuestion="false" precinctsReporting="1" precinctsReported="1">
        <VoteType name="Undervotes" votes="52">
            <Precinct name="Annex" votes="52" />
        </VoteType>
        <VoteType name="Overvotes" votes="0">
            <Precinct name="Annex" votes="0" />
        </VoteType>
        <Choice key="86" text="William &quot;&quot;Will&quot;&quot; Boddie, Jr." party="DEM" totalVotes="49">
            <VoteType name="Election Day Votes" votes="20">
                <Precinct name="Annex" votes="20" />
            </VoteType>
            <VoteType name="Advanced Voting Votes" votes="26">
                <Precinct name="Annex" votes="26" />
            </VoteType>
            <VoteType name="Absentee by Mail Votes" votes="3">
                <Precinct name="Annex" votes="3" />
            </VoteType>
            <VoteType name="Provisional Votes" votes="0">
                <Precinct name="Annex" votes="0" />
            </VoteType>
        </Choice>
        <Choice key="87" text="Thomas Dean" party="DEM" totalVotes="32">
            <VoteType name="Election Day Votes" votes="12">
                <Precinct name="Annex" votes="12" />
            </VoteType>
            <VoteType name="Advanced Voting Votes" votes="17">
                <Precinct name="Annex" votes="17" />
            </VoteType>
            <VoteType name="Absentee by Mail Votes" votes="3">
                <Precinct name="Annex" votes="3" />
            </VoteType>
            <VoteType name="Provisional Votes" votes="0">
                <Precinct name="Annex" votes="0" />
            </VoteType>
        </Choice>
        <Choice key="88" text="Nicole Horn" party="DEM" totalVotes="73">
            <VoteType name="Election Day Votes" votes="31">
                <Precinct name="Annex" votes="31" />
            </VoteType>
            <VoteType name="Advanced Voting Votes" votes="36">
                <Precinct name="Annex" votes="36" />
            </VoteType>
            <VoteType name="Absentee by Mail Votes" votes="6">
                <Precinct name="Annex" votes="6" />
            </VoteType>
            <VoteType name="Provisional Votes" votes="0">
                <Precinct name="Annex" votes="0" />
            </VoteType>
        </Choice>
        <Choice key="89" text="Lester G. Jackson III" party="DEM" totalVotes="112">
            <VoteType name="Election Day Votes" votes="34">
                <Precinct name="Annex" votes="34" />
            </VoteType>
            <VoteType name="Advanced Voting Votes" votes="66">
                <Precinct name="Annex" votes="66" />
            </VoteType>
            <VoteType name="Absentee by Mail Votes" votes="12">
                <Precinct name="Annex" votes="12" />
            </VoteType>
            <VoteType name="Provisional Votes" votes="0">
                <Precinct name="Annex" votes="0" />
            </VoteType>
        </Choice>
        <Choice key="90" text="Nadia Surrency" party="DEM" totalVotes="53">
            <VoteType name="Election Day Votes" votes="20">
                <Precinct name="Annex" votes="20" />
            </VoteType>
            <VoteType name="Advanced Voting Votes" votes="25">
                <Precinct name="Annex" votes="25" />
            </VoteType>
            <VoteType name="Absentee by Mail Votes" votes="8">
                <Precinct name="Annex" votes="8" />
            </VoteType>
            <VoteType name="Provisional Votes" votes="0">
                <Precinct name="Annex" votes="0" />
            </VoteType>
        </Choice>
    </Contest>
    <Contest key="19" text="PSC - District 2 - Rep" voteFor="1" isQuestion="false" precinctsReporting="1" precinctsReported="1">
        <VoteType name="Undervotes" votes="181">
            <Precinct name="Annex" votes="181" />
        </VoteType>
        <VoteType name="Overvotes" votes="0">
            <Precinct name="Annex" votes="0" />
        </VoteType>
        <Choice key="91" text="Tim Echols (I)" party="REP" totalVotes="1225">
            <VoteType name="Election Day Votes" votes="628">
                <Precinct name="Annex" votes="628" />
            </VoteType>
            <VoteType name="Advanced Voting Votes" votes="566">
                <Precinct name="Annex" votes="566" />
            </VoteType>
            <VoteType name="Absentee by Mail Votes" votes="31">
                <Precinct name="Annex" votes="31" />
            </VoteType>
            <VoteType name="Provisional Votes" votes="0">
                <Precinct name="Annex" votes="0" />
            </VoteType>
        </Choice>
    </Contest>
    <Contest key="20" text="PSC - District 2 - Dem" voteFor="1" isQuestion="false" precinctsReporting="1" precinctsReported="1">
        <VoteType name="Undervotes" votes="66">
            <Precinct name="Annex" votes="66" />
        </VoteType>
        <VoteType name="Overvotes" votes="0">
            <Precinct name="Annex" votes="0" />
        </VoteType>
        <Choice key="92" text="Patty Durand" party="DEM" totalVotes="169">
            <VoteType name="Election Day Votes" votes="68">
                <Precinct name="Annex" votes="68" />
            </VoteType>
            <VoteType name="Advanced Voting Votes" votes="85">
                <Precinct name="Annex" votes="85" />
            </VoteType>
            <VoteType name="Absentee by Mail Votes" votes="16">
                <Precinct name="Annex" votes="16" />
            </VoteType>
            <VoteType name="Provisional Votes" votes="0">
                <Precinct name="Annex" votes="0" />
            </VoteType>
        </Choice>
        <Choice key="93" text="Russell Edwards" party="DEM" totalVotes="136">
            <VoteType name="Election Day Votes" votes="41">
                <Precinct name="Annex" votes="41" />
            </VoteType>
            <VoteType name="Advanced Voting Votes" votes="80">
                <Precinct name="Annex" votes="80" />
            </VoteType>
            <VoteType name="Absentee by Mail Votes" votes="15">
                <Precinct name="Annex" votes="15" />
            </VoteType>
            <VoteType name="Provisional Votes" votes="0">
                <Precinct name="Annex" votes="0" />
            </VoteType>
        </Choice>
    </Contest>
    <Contest key="21" text="PSC - District 3 - Rep" voteFor="1" isQuestion="false" precinctsReporting="1" precinctsReported="1">
        <VoteType name="Undervotes" votes="199">
            <Precinct name="Annex" votes="199" />
        </VoteType>
        <VoteType name="Overvotes" votes="0">
            <Precinct name="Annex" votes="0" />
        </VoteType>
        <Choice key="94" text="Fitz Johnson (I)" party="REP" totalVotes="1207">
            <VoteType name="Election Day Votes" votes="614">
                <Precinct name="Annex" votes="614" />
            </VoteType>
            <VoteType name="Advanced Voting Votes" votes="562">
                <Precinct name="Annex" votes="562" />
            </VoteType>
            <VoteType name="Absentee by Mail Votes" votes="31">
                <Precinct name="Annex" votes="31" />
            </VoteType>
            <VoteType name="Provisional Votes" votes="0">
                <Precinct name="Annex" votes="0" />
            </VoteType>
        </Choice>
    </Contest>
    <Contest key="22" text="PSC - District 3 - Dem" voteFor="1" isQuestion="false" precinctsReporting="1" precinctsReported="1">
        <VoteType name="Undervotes" votes="61">
            <Precinct name="Annex" votes="61" />
        </VoteType>
        <VoteType name="Overvotes" votes="0">
            <Precinct name="Annex" votes="0" />
        </VoteType>
        <Choice key="95" text="Shelia Edwards" party="DEM" totalVotes="195">
            <VoteType name="Election Day Votes" votes="67">
                <Precinct name="Annex" votes="67" />
            </VoteType>
            <VoteType name="Advanced Voting Votes" votes="112">
                <Precinct name="Annex" votes="112" />
            </VoteType>
            <VoteType name="Absentee by Mail Votes" votes="16">
                <Precinct name="Annex" votes="16" />
            </VoteType>
            <VoteType name="Provisional Votes" votes="0">
                <Precinct name="Annex" votes="0" />
            </VoteType>
        </Choice>
        <Choice key="96" text="Chandra Farley" party="DEM" totalVotes="72">
            <VoteType name="Election Day Votes" votes="28">
                <Precinct name="Annex" votes="28" />
            </VoteType>
            <VoteType name="Advanced Voting Votes" votes="32">
                <Precinct name="Annex" votes="32" />
            </VoteType>
            <VoteType name="Absentee by Mail Votes" votes="12">
                <Precinct name="Annex" votes="12" />
            </VoteType>
            <VoteType name="Provisional Votes" votes="0">
                <Precinct name="Annex" votes="0" />
            </VoteType>
        </Choice>
        <Choice key="97" text="Missy Moore" party="DEM" totalVotes="43">
            <VoteType name="Election Day Votes" votes="15">
                <Precinct name="Annex" votes="15" />
            </VoteType>
            <VoteType name="Advanced Voting Votes" votes="25">
                <Precinct name="Annex" votes="25" />
            </VoteType>
            <VoteType name="Absentee by Mail Votes" votes="3">
                <Precinct name="Annex" votes="3" />
            </VoteType>
            <VoteType name="Provisional Votes" votes="0">
                <Precinct name="Annex" votes="0" />
            </VoteType>
        </Choice>
    </Contest>
    <Contest key="23" text="US House of Representatives - District 8 - Rep" voteFor="1" isQuestion="false" precinctsReporting="1" precinctsReported="1">
        <VoteType name="Undervotes" votes="138">
            <Precinct name="Annex" votes="138" />
        </VoteType>
        <VoteType name="Overvotes" votes="0">
            <Precinct name="Annex" votes="0" />
        </VoteType>
        <Choice key="134" text="Austin Scott (I)" party="REP" totalVotes="1268">
            <VoteType name="Election Day Votes" votes="638">
                <Precinct name="Annex" votes="638" />
            </VoteType>
            <VoteType name="Advanced Voting Votes" votes="598">
                <Precinct name="Annex" votes="598" />
            </VoteType>
            <VoteType name="Absentee by Mail Votes" votes="32">
                <Precinct name="Annex" votes="32" />
            </VoteType>
            <VoteType name="Provisional Votes" votes="0">
                <Precinct name="Annex" votes="0" />
            </VoteType>
        </Choice>
    </Contest>
    <Contest key="69" text="US House of Representatives - District 8 - Dem" voteFor="1" isQuestion="false" precinctsReporting="1" precinctsReported="1">
        <VoteType name="Undervotes" votes="85">
            <Precinct name="Annex" votes="85" />
        </VoteType>
        <VoteType name="Overvotes" votes="0">
            <Precinct name="Annex" votes="0" />
        </VoteType>
        <Choice key="135" text="Darrius Butler" party="DEM" totalVotes="286">
            <VoteType name="Election Day Votes" votes="105">
                <Precinct name="Annex" votes="105" />
            </VoteType>
            <VoteType name="Advanced Voting Votes" votes="155">
                <Precinct name="Annex" votes="155" />
            </VoteType>
            <VoteType name="Absentee by Mail Votes" votes="26">
                <Precinct name="Annex" votes="26" />
            </VoteType>
            <VoteType name="Provisional Votes" votes="0">
                <Precinct name="Annex" votes="0" />
            </VoteType>
        </Choice>
    </Contest>
    <Contest key="25" text="State Senate - District 20 - Rep" voteFor="1" isQuestion="false" precinctsReporting="1" precinctsReported="1">
        <VoteType name="Undervotes" votes="141">
            <Precinct name="Annex" votes="141" />
        </VoteType>
        <VoteType name="Overvotes" votes="0">
            <Precinct name="Annex" votes="0" />
        </VoteType>
        <Choice key="136" text="Larry Walker (I)" party="REP" totalVotes="1265">
            <VoteType name="Election Day Votes" votes="639">
                <Precinct name="Annex" votes="639" />
            </VoteType>
            <VoteType name="Advanced Voting Votes" votes="593">
                <Precinct name="Annex" votes="593" />
            </VoteType>
            <VoteType name="Absentee by Mail Votes" votes="33">
                <Precinct name="Annex" votes="33" />
            </VoteType>
            <VoteType name="Provisional Votes" votes="0">
                <Precinct name="Annex" votes="0" />
            </VoteType>
        </Choice>
    </Contest>
    <Contest key="27" text="State House of Representatives - District 148 - Rep" voteFor="1" isQuestion="false" precinctsReporting="1" precinctsReported="1">
        <VoteType name="Undervotes" votes="177">
            <Precinct name="Annex" votes="177" />
        </VoteType>
        <VoteType name="Overvotes" votes="0">
            <Precinct name="Annex" votes="0" />
        </VoteType>
        <Choice key="137" text="Noel Williams, Jr. (I)" party="REP" totalVotes="1229">
            <VoteType name="Election Day Votes" votes="619">
                <Precinct name="Annex" votes="619" />
            </VoteType>
            <VoteType name="Advanced Voting Votes" votes="578">
                <Precinct name="Annex" votes="578" />
            </VoteType>
            <VoteType name="Absentee by Mail Votes" votes="32">
                <Precinct name="Annex" votes="32" />
            </VoteType>
            <VoteType name="Provisional Votes" votes="0">
                <Precinct name="Annex" votes="0" />
            </VoteType>
        </Choice>
    </Contest>
    <Contest key="37" text="Party Question 1 - Rep" voteFor="1" isQuestion="false" precinctsReporting="1" precinctsReported="1">
        <VoteType name="Undervotes" votes="22">
            <Precinct name="Annex" votes="22" />
        </VoteType>
        <VoteType name="Overvotes" votes="0">
            <Precinct name="Annex" votes="0" />
        </VoteType>
        <Choice key="1" text="Yes" party="REP" totalVotes="1328">
            <VoteType name="Election Day Votes" votes="678">
                <Precinct name="Annex" votes="678" />
            </VoteType>
            <VoteType name="Advanced Voting Votes" votes="615">
                <Precinct name="Annex" votes="615" />
            </VoteType>
            <VoteType name="Absentee by Mail Votes" votes="35">
                <Precinct name="Annex" votes="35" />
            </VoteType>
            <VoteType name="Provisional Votes" votes="0">
                <Precinct name="Annex" votes="0" />
            </VoteType>
        </Choice>
        <Choice key="2" text="No" party="REP" totalVotes="56">
            <VoteType name="Election Day Votes" votes="31">
                <Precinct name="Annex" votes="31" />
            </VoteType>
            <VoteType name="Advanced Voting Votes" votes="25">
                <Precinct name="Annex" votes="25" />
            </VoteType>
            <VoteType name="Absentee by Mail Votes" votes="0">
                <Precinct name="Annex" votes="0" />
            </VoteType>
            <VoteType name="Provisional Votes" votes="0">
                <Precinct name="Annex" votes="0" />
            </VoteType>
        </Choice>
    </Contest>
    <Contest key="54" text="Party Question 2 - Rep" voteFor="1" isQuestion="false" precinctsReporting="1" precinctsReported="1">
        <VoteType name="Undervotes" votes="44">
            <Precinct name="Annex" votes="44" />
        </VoteType>
        <VoteType name="Overvotes" votes="0">
            <Precinct name="Annex" votes="0" />
        </VoteType>
        <Choice key="101" text="Yes" party="REP" totalVotes="1040">
            <VoteType name="Election Day Votes" votes="540">
                <Precinct name="Annex" votes="540" />
            </VoteType>
            <VoteType name="Advanced Voting Votes" votes="474">
                <Precinct name="Annex" votes="474" />
            </VoteType>
            <VoteType name="Absentee by Mail Votes" votes="26">
                <Precinct name="Annex" votes="26" />
            </VoteType>
            <VoteType name="Provisional Votes" votes="0">
                <Precinct name="Annex" votes="0" />
            </VoteType>
        </Choice>
        <Choice key="102" text="No" party="REP" totalVotes="322">
            <VoteType name="Election Day Votes" votes="160">
                <Precinct name="Annex" votes="160" />
            </VoteType>
            <VoteType name="Advanced Voting Votes" votes="156">
                <Precinct name="Annex" votes="156" />
            </VoteType>
            <VoteType name="Absentee by Mail Votes" votes="6">
                <Precinct name="Annex" votes="6" />
            </VoteType>
            <VoteType name="Provisional Votes" votes="0">
                <Precinct name="Annex" votes="0" />
            </VoteType>
        </Choice>
    </Contest>
    <Contest key="55" text="Party Question 3 - Rep" voteFor="1" isQuestion="false" precinctsReporting="1" precinctsReported="1">
        <VoteType name="Undervotes" votes="64">
            <Precinct name="Annex" votes="64" />
        </VoteType>
        <VoteType name="Overvotes" votes="0">
            <Precinct name="Annex" votes="0" />
        </VoteType>
        <Choice key="103" text="Yes" party="REP" totalVotes="1147">
            <VoteType name="Election Day Votes" votes="578">
                <Precinct name="Annex" votes="578" />
            </VoteType>
            <VoteType name="Advanced Voting Votes" votes="540">
                <Precinct name="Annex" votes="540" />
            </VoteType>
            <VoteType name="Absentee by Mail Votes" votes="29">
                <Precinct name="Annex" votes="29" />
            </VoteType>
            <VoteType name="Provisional Votes" votes="0">
                <Precinct name="Annex" votes="0" />
            </VoteType>
        </Choice>
        <Choice key="104" text="No" party="REP" totalVotes="195">
            <VoteType name="Election Day Votes" votes="109">
                <Precinct name="Annex" votes="109" />
            </VoteType>
            <VoteType name="Advanced Voting Votes" votes="85">
                <Precinct name="Annex" votes="85" />
            </VoteType>
            <VoteType name="Absentee by Mail Votes" votes="1">
                <Precinct name="Annex" votes="1" />
            </VoteType>
            <VoteType name="Provisional Votes" votes="0">
                <Precinct name="Annex" votes="0" />
            </VoteType>
        </Choice>
    </Contest>
    <Contest key="56" text="Party Question 4 - Rep" voteFor="1" isQuestion="false" precinctsReporting="1" precinctsReported="1">
        <VoteType name="Undervotes" votes="93">
            <Precinct name="Annex" votes="93" />
        </VoteType>
        <VoteType name="Overvotes" votes="0">
            <Precinct name="Annex" votes="0" />
        </VoteType>
        <Choice key="105" text="Yes" party="REP" totalVotes="1123">
            <VoteType name="Election Day Votes" votes="575">
                <Precinct name="Annex" votes="575" />
            </VoteType>
            <VoteType name="Advanced Voting Votes" votes="521">
                <Precinct name="Annex" votes="521" />
            </VoteType>
            <VoteType name="Absentee by Mail Votes" votes="27">
                <Precinct name="Annex" votes="27" />
            </VoteType>
            <VoteType name="Provisional Votes" votes="0">
                <Precinct name="Annex" votes="0" />
            </VoteType>
        </Choice>
        <Choice key="106" text="No" party="REP" totalVotes="190">
            <VoteType name="Election Day Votes" votes="102">
                <Precinct name="Annex" votes="102" />
            </VoteType>
            <VoteType name="Advanced Voting Votes" votes="85">
                <Precinct name="Annex" votes="85" />
            </VoteType>
            <VoteType name="Absentee by Mail Votes" votes="3">
                <Precinct name="Annex" votes="3" />
            </VoteType>
            <VoteType name="Provisional Votes" votes="0">
                <Precinct name="Annex" votes="0" />
            </VoteType>
        </Choice>
    </Contest>
    <Contest key="57" text="Party Question 5 - Rep" voteFor="1" isQuestion="false" precinctsReporting="1" precinctsReported="1">
        <VoteType name="Undervotes" votes="33">
            <Precinct name="Annex" votes="33" />
        </VoteType>
        <VoteType name="Overvotes" votes="0">
            <Precinct name="Annex" votes="0" />
        </VoteType>
        <Choice key="107" text="Yes" party="REP" totalVotes="28">
            <VoteType name="Election Day Votes" votes="13">
                <Precinct name="Annex" votes="13" />
            </VoteType>
            <VoteType name="Advanced Voting Votes" votes="13">
                <Precinct name="Annex" votes="13" />
            </VoteType>
            <VoteType name="Absentee by Mail Votes" votes="2">
                <Precinct name="Annex" votes="2" />
            </VoteType>
            <VoteType name="Provisional Votes" votes="0">
                <Precinct name="Annex" votes="0" />
            </VoteType>
        </Choice>
        <Choice key="108" text="No" party="REP" totalVotes="1345">
            <VoteType name="Election Day Votes" votes="692">
                <Precinct name="Annex" votes="692" />
            </VoteType>
            <VoteType name="Advanced Voting Votes" votes="620">
                <Precinct name="Annex" votes="620" />
            </VoteType>
            <VoteType name="Absentee by Mail Votes" votes="33">
                <Precinct name="Annex" votes="33" />
            </VoteType>
            <VoteType name="Provisional Votes" votes="0">
                <Precinct name="Annex" votes="0" />
            </VoteType>
        </Choice>
    </Contest>
    <Contest key="58" text="Party Question 6 - Rep" voteFor="1" isQuestion="false" precinctsReporting="1" precinctsReported="1">
        <VoteType name="Undervotes" votes="47">
            <Precinct name="Annex" votes="47" />
        </VoteType>
        <VoteType name="Overvotes" votes="0">
            <Precinct name="Annex" votes="0" />
        </VoteType>
        <Choice key="109" text="Yes" party="REP" totalVotes="1324">
            <VoteType name="Election Day Votes" votes="679">
                <Precinct name="Annex" votes="679" />
            </VoteType>
            <VoteType name="Advanced Voting Votes" votes="610">
                <Precinct name="Annex" votes="610" />
            </VoteType>
            <VoteType name="Absentee by Mail Votes" votes="35">
                <Precinct name="Annex" votes="35" />
            </VoteType>
            <VoteType name="Provisional Votes" votes="0">
                <Precinct name="Annex" votes="0" />
            </VoteType>
        </Choice>
        <Choice key="110" text="No" party="REP" totalVotes="35">
            <VoteType name="Election Day Votes" votes="16">
                <Precinct name="Annex" votes="16" />
            </VoteType>
            <VoteType name="Advanced Voting Votes" votes="19">
                <Precinct name="Annex" votes="19" />
            </VoteType>
            <VoteType name="Absentee by Mail Votes" votes="0">
                <Precinct name="Annex" votes="0" />
            </VoteType>
            <VoteType name="Provisional Votes" votes="0">
                <Precinct name="Annex" votes="0" />
            </VoteType>
        </Choice>
    </Contest>
    <Contest key="59" text="Party Question 7 - Rep" voteFor="1" isQuestion="false" precinctsReporting="1" precinctsReported="1">
        <VoteType name="Undervotes" votes="44">
            <Precinct name="Annex" votes="44" />
        </VoteType>
        <VoteType name="Overvotes" votes="0">
            <Precinct name="Annex" votes="0" />
        </VoteType>
        <Choice key="111" text="Yes" party="REP" totalVotes="1252">
            <VoteType name="Election Day Votes" votes="651">
                <Precinct name="Annex" votes="651" />
            </VoteType>
            <VoteType name="Advanced Voting Votes" votes="571">
                <Precinct name="Annex" votes="571" />
            </VoteType>
            <VoteType name="Absentee by Mail Votes" votes="30">
                <Precinct name="Annex" votes="30" />
            </VoteType>
            <VoteType name="Provisional Votes" votes="0">
                <Precinct name="Annex" votes="0" />
            </VoteType>
        </Choice>
        <Choice key="112" text="No" party="REP" totalVotes="110">
            <VoteType name="Election Day Votes" votes="48">
                <Precinct name="Annex" votes="48" />
            </VoteType>
            <VoteType name="Advanced Voting Votes" votes="58">
                <Precinct name="Annex" votes="58" />
            </VoteType>
            <VoteType name="Absentee by Mail Votes" votes="4">
                <Precinct name="Annex" votes="4" />
            </VoteType>
            <VoteType name="Provisional Votes" votes="0">
                <Precinct name="Annex" votes="0" />
            </VoteType>
        </Choice>
    </Contest>
    <Contest key="60" text="Party Question 8 - Rep" voteFor="1" isQuestion="false" precinctsReporting="1" precinctsReported="1">
        <VoteType name="Undervotes" votes="82">
            <Precinct name="Annex" votes="82" />
        </VoteType>
        <VoteType name="Overvotes" votes="0">
            <Precinct name="Annex" votes="0" />
        </VoteType>
        <Choice key="113" text="Yes" party="REP" totalVotes="956">
            <VoteType name="Election Day Votes" votes="484">
                <Precinct name="Annex" votes="484" />
            </VoteType>
            <VoteType name="Advanced Voting Votes" votes="449">
                <Precinct name="Annex" votes="449" />
            </VoteType>
            <VoteType name="Absentee by Mail Votes" votes="23">
                <Precinct name="Annex" votes="23" />
            </VoteType>
            <VoteType name="Provisional Votes" votes="0">
                <Precinct name="Annex" votes="0" />
            </VoteType>
        </Choice>
        <Choice key="114" text="No" party="REP" totalVotes="368">
            <VoteType name="Election Day Votes" votes="193">
                <Precinct name="Annex" votes="193" />
            </VoteType>
            <VoteType name="Advanced Voting Votes" votes="166">
                <Precinct name="Annex" votes="166" />
            </VoteType>
            <VoteType name="Absentee by Mail Votes" votes="9">
                <Precinct name="Annex" votes="9" />
            </VoteType>
            <VoteType name="Provisional Votes" votes="0">
                <Precinct name="Annex" votes="0" />
            </VoteType>
        </Choice>
    </Contest>
    <Contest key="38" text="Party Question 1 - Dem" voteFor="1" isQuestion="false" precinctsReporting="1" precinctsReported="1">
        <VoteType name="Undervotes" votes="15">
            <Precinct name="Annex" votes="15" />
        </VoteType>
        <VoteType name="Overvotes" votes="0">
            <Precinct name="Annex" votes="0" />
        </VoteType>
        <Choice key="3" text="Yes" party="DEM" totalVotes="313">
            <VoteType name="Election Day Votes" votes="119">
                <Precinct name="Annex" votes="119" />
            </VoteType>
            <VoteType name="Advanced Voting Votes" votes="166">
                <Precinct name="Annex" votes="166" />
            </VoteType>
            <VoteType name="Absentee by Mail Votes" votes="28">
                <Precinct name="Annex" votes="28" />
            </VoteType>
            <VoteType name="Provisional Votes" votes="0">
                <Precinct name="Annex" votes="0" />
            </VoteType>
        </Choice>
        <Choice key="4" text="No" party="DEM" totalVotes="43">
            <VoteType name="Election Day Votes" votes="14">
                <Precinct name="Annex" votes="14" />
            </VoteType>
            <VoteType name="Advanced Voting Votes" votes="24">
                <Precinct name="Annex" votes="24" />
            </VoteType>
            <VoteType name="Absentee by Mail Votes" votes="5">
                <Precinct name="Annex" votes="5" />
            </VoteType>
            <VoteType name="Provisional Votes" votes="0">
                <Precinct name="Annex" votes="0" />
            </VoteType>
        </Choice>
    </Contest>
    <Contest key="61" text="Party Question 2 - Dem" voteFor="1" isQuestion="false" precinctsReporting="1" precinctsReported="1">
        <VoteType name="Undervotes" votes="20">
            <Precinct name="Annex" votes="20" />
        </VoteType>
        <VoteType name="Overvotes" votes="0">
            <Precinct name="Annex" votes="0" />
        </VoteType>
        <Choice key="115" text="Yes" party="DEM" totalVotes="315">
            <VoteType name="Election Day Votes" votes="124">
                <Precinct name="Annex" votes="124" />
            </VoteType>
            <VoteType name="Advanced Voting Votes" votes="161">
                <Precinct name="Annex" votes="161" />
            </VoteType>
            <VoteType name="Absentee by Mail Votes" votes="30">
                <Precinct name="Annex" votes="30" />
            </VoteType>
            <VoteType name="Provisional Votes" votes="0">
                <Precinct name="Annex" votes="0" />
            </VoteType>
        </Choice>
        <Choice key="116" text="No" party="DEM" totalVotes="36">
            <VoteType name="Election Day Votes" votes="8">
                <Precinct name="Annex" votes="8" />
            </VoteType>
            <VoteType name="Advanced Voting Votes" votes="26">
                <Precinct name="Annex" votes="26" />
            </VoteType>
            <VoteType name="Absentee by Mail Votes" votes="2">
                <Precinct name="Annex" votes="2" />
            </VoteType>
            <VoteType name="Provisional Votes" votes="0">
                <Precinct name="Annex" votes="0" />
            </VoteType>
        </Choice>
    </Contest>
    <Contest key="62" text="Party Question 3 - Dem" voteFor="1" isQuestion="false" precinctsReporting="1" precinctsReported="1">
        <VoteType name="Undervotes" votes="16">
            <Precinct name="Annex" votes="16" />
        </VoteType>
        <VoteType name="Overvotes" votes="0">
            <Precinct name="Annex" votes="0" />
        </VoteType>
        <Choice key="117" text="Yes" party="DEM" totalVotes="331">
            <VoteType name="Election Day Votes" votes="126">
                <Precinct name="Annex" votes="126" />
            </VoteType>
            <VoteType name="Advanced Voting Votes" votes="171">
                <Precinct name="Annex" votes="171" />
            </VoteType>
            <VoteType name="Absentee by Mail Votes" votes="34">
                <Precinct name="Annex" votes="34" />
            </VoteType>
            <VoteType name="Provisional Votes" votes="0">
                <Precinct name="Annex" votes="0" />
            </VoteType>
        </Choice>
        <Choice key="118" text="No" party="DEM" totalVotes="24">
            <VoteType name="Election Day Votes" votes="5">
                <Precinct name="Annex" votes="5" />
            </VoteType>
            <VoteType name="Advanced Voting Votes" votes="19">
                <Precinct name="Annex" votes="19" />
            </VoteType>
            <VoteType name="Absentee by Mail Votes" votes="0">
                <Precinct name="Annex" votes="0" />
            </VoteType>
            <VoteType name="Provisional Votes" votes="0">
                <Precinct name="Annex" votes="0" />
            </VoteType>
        </Choice>
    </Contest>
    <Contest key="63" text="Party Question 4 - Dem" voteFor="1" isQuestion="false" precinctsReporting="1" precinctsReported="1">
        <VoteType name="Undervotes" votes="27">
            <Precinct name="Annex" votes="27" />
        </VoteType>
        <VoteType name="Overvotes" votes="0">
            <Precinct name="Annex" votes="0" />
        </VoteType>
        <Choice key="119" text="Yes" party="DEM" totalVotes="286">
            <VoteType name="Election Day Votes" votes="109">
                <Precinct name="Annex" votes="109" />
            </VoteType>
            <VoteType name="Advanced Voting Votes" votes="146">
                <Precinct name="Annex" votes="146" />
            </VoteType>
            <VoteType name="Absentee by Mail Votes" votes="31">
                <Precinct name="Annex" votes="31" />
            </VoteType>
            <VoteType name="Provisional Votes" votes="0">
                <Precinct name="Annex" votes="0" />
            </VoteType>
        </Choice>
        <Choice key="120" text="No" party="DEM" totalVotes="58">
            <VoteType name="Election Day Votes" votes="19">
                <Precinct name="Annex" votes="19" />
            </VoteType>
            <VoteType name="Advanced Voting Votes" votes="36">
                <Precinct name="Annex" votes="36" />
            </VoteType>
            <VoteType name="Absentee by Mail Votes" votes="3">
                <Precinct name="Annex" votes="3" />
            </VoteType>
            <VoteType name="Provisional Votes" votes="0">
                <Precinct name="Annex" votes="0" />
            </VoteType>
        </Choice>
    </Contest>
    <Contest key="64" text="Party Question 5 - Dem" voteFor="1" isQuestion="false" precinctsReporting="1" precinctsReported="1">
        <VoteType name="Undervotes" votes="18">
            <Precinct name="Annex" votes="18" />
        </VoteType>
        <VoteType name="Overvotes" votes="0">
            <Precinct name="Annex" votes="0" />
        </VoteType>
        <Choice key="121" text="Yes" party="DEM" totalVotes="306">
            <VoteType name="Election Day Votes" votes="110">
                <Precinct name="Annex" votes="110" />
            </VoteType>
            <VoteType name="Advanced Voting Votes" votes="164">
                <Precinct name="Annex" votes="164" />
            </VoteType>
            <VoteType name="Absentee by Mail Votes" votes="32">
                <Precinct name="Annex" votes="32" />
            </VoteType>
            <VoteType name="Provisional Votes" votes="0">
                <Precinct name="Annex" votes="0" />
            </VoteType>
        </Choice>
        <Choice key="122" text="No" party="DEM" totalVotes="47">
            <VoteType name="Election Day Votes" votes="21">
                <Precinct name="Annex" votes="21" />
            </VoteType>
            <VoteType name="Advanced Voting Votes" votes="25">
                <Precinct name="Annex" votes="25" />
            </VoteType>
            <VoteType name="Absentee by Mail Votes" votes="1">
                <Precinct name="Annex" votes="1" />
            </VoteType>
            <VoteType name="Provisional Votes" votes="0">
                <Precinct name="Annex" votes="0" />
            </VoteType>
        </Choice>
    </Contest>
    <Contest key="65" text="Party Question 6 - Dem" voteFor="1" isQuestion="false" precinctsReporting="1" precinctsReported="1">
        <VoteType name="Undervotes" votes="17">
            <Precinct name="Annex" votes="17" />
        </VoteType>
        <VoteType name="Overvotes" votes="0">
            <Precinct name="Annex" votes="0" />
        </VoteType>
        <Choice key="123" text="Yes" party="DEM" totalVotes="336">
            <VoteType name="Election Day Votes" votes="127">
                <Precinct name="Annex" votes="127" />
            </VoteType>
            <VoteType name="Advanced Voting Votes" votes="175">
                <Precinct name="Annex" votes="175" />
            </VoteType>
            <VoteType name="Absentee by Mail Votes" votes="34">
                <Precinct name="Annex" votes="34" />
            </VoteType>
            <VoteType name="Provisional Votes" votes="0">
                <Precinct name="Annex" votes="0" />
            </VoteType>
        </Choice>
        <Choice key="124" text="No" party="DEM" totalVotes="18">
            <VoteType name="Election Day Votes" votes="4">
                <Precinct name="Annex" votes="4" />
            </VoteType>
            <VoteType name="Advanced Voting Votes" votes="14">
                <Precinct name="Annex" votes="14" />
            </VoteType>
            <VoteType name="Absentee by Mail Votes" votes="0">
                <Precinct name="Annex" votes="0" />
            </VoteType>
            <VoteType name="Provisional Votes" votes="0">
                <Precinct name="Annex" votes="0" />
            </VoteType>
        </Choice>
    </Contest>
    <Contest key="66" text="Party Question 7 - Dem" voteFor="1" isQuestion="false" precinctsReporting="1" precinctsReported="1">
        <VoteType name="Undervotes" votes="26">
            <Precinct name="Annex" votes="26" />
        </VoteType>
        <VoteType name="Overvotes" votes="0">
            <Precinct name="Annex" votes="0" />
        </VoteType>
        <Choice key="125" text="Yes" party="DEM" totalVotes="315">
            <VoteType name="Election Day Votes" votes="114">
                <Precinct name="Annex" votes="114" />
            </VoteType>
            <VoteType name="Advanced Voting Votes" votes="167">
                <Precinct name="Annex" votes="167" />
            </VoteType>
            <VoteType name="Absentee by Mail Votes" votes="34">
                <Precinct name="Annex" votes="34" />
            </VoteType>
            <VoteType name="Provisional Votes" votes="0">
                <Precinct name="Annex" votes="0" />
            </VoteType>
        </Choice>
        <Choice key="126" text="No" party="DEM" totalVotes="30">
            <VoteType name="Election Day Votes" votes="12">
                <Precinct name="Annex" votes="12" />
            </VoteType>
            <VoteType name="Advanced Voting Votes" votes="18">
                <Precinct name="Annex" votes="18" />
            </VoteType>
            <VoteType name="Absentee by Mail Votes" votes="0">
                <Precinct name="Annex" votes="0" />
            </VoteType>
            <VoteType name="Provisional Votes" votes="0">
                <Precinct name="Annex" votes="0" />
            </VoteType>
        </Choice>
    </Contest>
    <Contest key="67" text="Party Question 8 - Dem" voteFor="1" isQuestion="false" precinctsReporting="1" precinctsReported="1">
        <VoteType name="Undervotes" votes="23">
            <Precinct name="Annex" votes="23" />
        </VoteType>
        <VoteType name="Overvotes" votes="0">
            <Precinct name="Annex" votes="0" />
        </VoteType>
        <Choice key="127" text="Yes" party="DEM" totalVotes="253">
            <VoteType name="Election Day Votes" votes="99">
                <Precinct name="Annex" votes="99" />
            </VoteType>
            <VoteType name="Advanced Voting Votes" votes="132">
                <Precinct name="Annex" votes="132" />
            </VoteType>
            <VoteType name="Absentee by Mail Votes" votes="22">
                <Precinct name="Annex" votes="22" />
            </VoteType>
            <VoteType name="Provisional Votes" votes="0">
                <Precinct name="Annex" votes="0" />
            </VoteType>
        </Choice>
        <Choice key="128" text="No" party="DEM" totalVotes="95">
            <VoteType name="Election Day Votes" votes="30">
                <Precinct name="Annex" votes="30" />
            </VoteType>
            <VoteType name="Advanced Voting Votes" votes="55">
                <Precinct name="Annex" votes="55" />
            </VoteType>
            <VoteType name="Absentee by Mail Votes" votes="10">
                <Precinct name="Annex" votes="10" />
            </VoteType>
            <VoteType name="Provisional Votes" votes="0">
                <Precinct name="Annex" votes="0" />
            </VoteType>
        </Choice>
    </Contest>
    <Contest key="68" text="Party Question 9 - Dem" voteFor="1" isQuestion="false" precinctsReporting="1" precinctsReported="1">
        <VoteType name="Undervotes" votes="25">
            <Precinct name="Annex" votes="25" />
        </VoteType>
        <VoteType name="Overvotes" votes="0">
            <Precinct name="Annex" votes="0" />
        </VoteType>
        <Choice key="129" text="Yes" party="DEM" totalVotes="325">
            <VoteType name="Election Day Votes" votes="122">
                <Precinct name="Annex" votes="122" />
            </VoteType>
            <VoteType name="Advanced Voting Votes" votes="170">
                <Precinct name="Annex" votes="170" />
            </VoteType>
            <VoteType name="Absentee by Mail Votes" votes="33">
                <Precinct name="Annex" votes="33" />
            </VoteType>
            <VoteType name="Provisional Votes" votes="0">
                <Precinct name="Annex" votes="0" />
            </VoteType>
        </Choice>
        <Choice key="130" text="No" party="DEM" totalVotes="21">
            <VoteType name="Election Day Votes" votes="6">
                <Precinct name="Annex" votes="6" />
            </VoteType>
            <VoteType name="Advanced Voting Votes" votes="14">
                <Precinct name="Annex" votes="14" />
            </VoteType>
            <VoteType name="Absentee by Mail Votes" votes="1">
                <Precinct name="Annex" votes="1" />
            </VoteType>
            <VoteType name="Provisional Votes" votes="0">
                <Precinct name="Annex" votes="0" />
            </VoteType>
        </Choice>
    </Contest>
    <Contest key="39" text="Justice - Supreme Court of Georgia (Colvin)" voteFor="1" isQuestion="false" precinctsReporting="1" precinctsReported="1">
        <VoteType name="Undervotes" votes="232">
            <Precinct name="Annex" votes="232" />
        </VoteType>
        <VoteType name="Overvotes" votes="0">
            <Precinct name="Annex" votes="0" />
        </VoteType>
        <Choice key="98" text="Veronica Brinson" totalVotes="443">
            <VoteType name="Election Day Votes" votes="217">
                <Precinct name="Annex" votes="217" />
            </VoteType>
            <VoteType name="Advanced Voting Votes" votes="208">
                <Precinct name="Annex" votes="208" />
            </VoteType>
            <VoteType name="Absentee by Mail Votes" votes="18">
                <Precinct name="Annex" votes="18" />
            </VoteType>
            <VoteType name="Provisional Votes" votes="0">
                <Precinct name="Annex" votes="0" />
            </VoteType>
        </Choice>
        <Choice key="99" text="Verda M. Colvin (I)" totalVotes="1108">
            <VoteType name="Election Day Votes" votes="528">
                <Precinct name="Annex" votes="528" />
            </VoteType>
            <VoteType name="Advanced Voting Votes" votes="536">
                <Precinct name="Annex" votes="536" />
            </VoteType>
            <VoteType name="Absentee by Mail Votes" votes="44">
                <Precinct name="Annex" votes="44" />
            </VoteType>
            <VoteType name="Provisional Votes" votes="0">
                <Precinct name="Annex" votes="0" />
            </VoteType>
        </Choice>
    </Contest>
    <Contest key="40" text="Justice - Supreme Court of Georgia (Lagura)" voteFor="1" isQuestion="false" precinctsReporting="1" precinctsReported="1">
        <VoteType name="Undervotes" votes="308">
            <Precinct name="Annex" votes="308" />
        </VoteType>
        <VoteType name="Overvotes" votes="0">
            <Precinct name="Annex" votes="0" />
        </VoteType>
        <Choice key="25" text="Shawn Ellen LaGrua (I)" totalVotes="1473">
            <VoteType name="Election Day Votes" votes="712">
                <Precinct name="Annex" votes="712" />
            </VoteType>
            <VoteType name="Advanced Voting Votes" votes="704">
                <Precinct name="Annex" votes="704" />
            </VoteType>
            <VoteType name="Absentee by Mail Votes" votes="57">
                <Precinct name="Annex" votes="57" />
            </VoteType>
            <VoteType name="Provisional Votes" votes="0">
                <Precinct name="Annex" votes="0" />
            </VoteType>
        </Choice>
    </Contest>
    <Contest key="41" text="Justice - Supreme Court of Georgia (McMillian)" voteFor="1" isQuestion="false" precinctsReporting="1" precinctsReported="1">
        <VoteType name="Undervotes" votes="308">
            <Precinct name="Annex" votes="308" />
        </VoteType>
        <VoteType name="Overvotes" votes="0">
            <Precinct name="Annex" votes="0" />
        </VoteType>
        <Choice key="26" text="Carla McMillian (I)" totalVotes="1474">
            <VoteType name="Election Day Votes" votes="709">
                <Precinct name="Annex" votes="709" />
            </VoteType>
            <VoteType name="Advanced Voting Votes" votes="708">
                <Precinct name="Annex" votes="708" />
            </VoteType>
            <VoteType name="Absentee by Mail Votes" votes="57">
                <Precinct name="Annex" votes="57" />
            </VoteType>
            <VoteType name="Provisional Votes" votes="0">
                <Precinct name="Annex" votes="0" />
            </VoteType>
        </Choice>
    </Contest>
    <Contest key="43" text="Judge - Court of Appeals of Georgia (Barnes)" voteFor="1" isQuestion="false" precinctsReporting="1" precinctsReported="1">
        <VoteType name="Undervotes" votes="313">
            <Precinct name="Annex" votes="313" />
        </VoteType>
        <VoteType name="Overvotes" votes="0">
            <Precinct name="Annex" votes="0" />
        </VoteType>
        <Choice key="22" text="Anne Elizabeth Barnes (I)" totalVotes="1472">
            <VoteType name="Election Day Votes" votes="711">
                <Precinct name="Annex" votes="711" />
            </VoteType>
            <VoteType name="Advanced Voting Votes" votes="704">
                <Precinct name="Annex" votes="704" />
            </VoteType>
            <VoteType name="Absentee by Mail Votes" votes="57">
                <Precinct name="Annex" votes="57" />
            </VoteType>
            <VoteType name="Provisional Votes" votes="0">
                <Precinct name="Annex" votes="0" />
            </VoteType>
        </Choice>
    </Contest>
    <Contest key="44" text="Judge - Court of Appeals of Georgia (McFadden)" voteFor="1" isQuestion="false" precinctsReporting="1" precinctsReported="1">
        <VoteType name="Undervotes" votes="318">
            <Precinct name="Annex" votes="318" />
        </VoteType>
        <VoteType name="Overvotes" votes="0">
            <Precinct name="Annex" votes="0" />
        </VoteType>
        <Choice key="24" text="Chris McFadden (I)" totalVotes="1466">
            <VoteType name="Election Day Votes" votes="712">
                <Precinct name="Annex" votes="712" />
            </VoteType>
            <VoteType name="Advanced Voting Votes" votes="698">
                <Precinct name="Annex" votes="698" />
            </VoteType>
            <VoteType name="Absentee by Mail Votes" votes="56">
                <Precinct name="Annex" votes="56" />
            </VoteType>
            <VoteType name="Provisional Votes" votes="0">
                <Precinct name="Annex" votes="0" />
            </VoteType>
        </Choice>
    </Contest>
    <Contest key="46" text="Judge - Court of Appeals of Georgia (Pipkin)" voteFor="1" isQuestion="false" precinctsReporting="1" precinctsReported="1">
        <VoteType name="Undervotes" votes="319">
            <Precinct name="Annex" votes="319" />
        </VoteType>
        <VoteType name="Overvotes" votes="0">
            <Precinct name="Annex" votes="0" />
        </VoteType>
        <Choice key="23" text="Trea Pipkin (I)" totalVotes="1466">
            <VoteType name="Election Day Votes" votes="711">
                <Precinct name="Annex" votes="711" />
            </VoteType>
            <VoteType name="Advanced Voting Votes" votes="700">
                <Precinct name="Annex" votes="700" />
            </VoteType>
            <VoteType name="Absentee by Mail Votes" votes="55">
                <Precinct name="Annex" votes="55" />
            </VoteType>
            <VoteType name="Provisional Votes" votes="0">
                <Precinct name="Annex" votes="0" />
            </VoteType>
        </Choice>
    </Contest>
    <Contest key="70" text="Board of Education Dist 2" voteFor="1" isQuestion="false" precinctsReporting="1" precinctsReported="1">
        <VoteType name="Undervotes" votes="25">
            <Precinct name="Annex" votes="25" />
        </VoteType>
        <VoteType name="Overvotes" votes="0">
            <Precinct name="Annex" votes="0" />
        </VoteType>
        <Choice key="131" text="Gregory Brown (I)" totalVotes="134">
            <VoteType name="Election Day Votes" votes="55">
                <Precinct name="Annex" votes="55" />
            </VoteType>
            <VoteType name="Advanced Voting Votes" votes="74">
                <Precinct name="Annex" votes="74" />
            </VoteType>
            <VoteType name="Absentee by Mail Votes" votes="5">
                <Precinct name="Annex" votes="5" />
            </VoteType>
            <VoteType name="Provisional Votes" votes="0">
                <Precinct name="Annex" votes="0" />
            </VoteType>
        </Choice>
    </Contest>
    <Contest key="71" text="Board of Education Dist 5" voteFor="1" isQuestion="false" precinctsReporting="1" precinctsReported="1">
        <VoteType name="Undervotes" votes="52">
            <Precinct name="Annex" votes="52" />
        </VoteType>
        <VoteType name="Overvotes" votes="0">
            <Precinct name="Annex" votes="0" />
        </VoteType>
        <Choice key="132" text="Anthony &quot;&quot;Sean&quot;&quot; Berry (I)" totalVotes="255">
            <VoteType name="Election Day Votes" votes="154">
                <Precinct name="Annex" votes="154" />
            </VoteType>
            <VoteType name="Advanced Voting Votes" votes="89">
                <Precinct name="Annex" votes="89" />
            </VoteType>
            <VoteType name="Absentee by Mail Votes" votes="12">
                <Precinct name="Annex" votes="12" />
            </VoteType>
            <VoteType name="Provisional Votes" votes="0">
                <Precinct name="Annex" votes="0" />
            </VoteType>
        </Choice>
    </Contest>
    <Contest key="72" text="Board of Education Dist 6" voteFor="1" isQuestion="false" precinctsReporting="1" precinctsReported="1">
        <VoteType name="Undervotes" votes="54">
            <Precinct name="Annex" votes="54" />
        </VoteType>
        <VoteType name="Overvotes" votes="0">
            <Precinct name="Annex" votes="0" />
        </VoteType>
        <Choice key="133" text="Keith C. Richardson (I)" totalVotes="305">
            <VoteType name="Election Day Votes" votes="154">
                <Precinct name="Annex" votes="154" />
            </VoteType>
            <VoteType name="Advanced Voting Votes" votes="138">
                <Precinct name="Annex" votes="138" />
            </VoteType>
            <VoteType name="Absentee by Mail Votes" votes="13">
                <Precinct name="Annex" votes="13" />
            </VoteType>
            <VoteType name="Provisional Votes" votes="0">
                <Precinct name="Annex" votes="0" />
            </VoteType>
        </Choice>
    </Contest>
</ElectionResult>