<?xml version="1.0"?>
<!--Election result snapshot imported from Tabulation System
-->
<ElectionResult>
    <Timestamp>6/27/2022 9:44:30 AM EDT</Timestamp>
    <ElectionName>June 21, 2022 - General Primary -Nonpartisan General Election Runoff</ElectionName>
    <ElectionDate>6/21/2022</ElectionDate>
    <Region>McDuffie</Region>
    <VoterTurnout totalVoters="14878" ballotsCast="519" voterTurnout="3.49">
        <Precincts>
            <Precinct name="NMcDuffie" totalVoters="1618" ballotsCast="14" voterTurnout="0.87" percentReporting="4" />
            <Precinct name="Cedar Rock" totalVoters="4938" ballotsCast="241" voterTurnout="4.88" percentReporting="4" />
            <Precinct name="Depot" totalVoters="1959" ballotsCast="119" voterTurnout="6.07" percentReporting="4" />
            <Precinct name="Sweetwater" totalVoters="1106" ballotsCast="19" voterTurnout="1.72" percentReporting="4" />
            <Precinct name="White Oak" totalVoters="2296" ballotsCast="78" voterTurnout="3.40" percentReporting="4" />
            <Precinct name="Dearing" totalVoters="1713" ballotsCast="26" voterTurnout="1.52" percentReporting="4" />
            <Precinct name="Fort Creek" totalVoters="1248" ballotsCast="22" voterTurnout="1.76" percentReporting="4" />
        </Precincts>
    </VoterTurnout>
    <Contest key="6" text="Lieutenant Governor - Dem" voteFor="1" isQuestion="false" precinctsReporting="7" precinctsReported="7">
        <VoteType name="Undervotes" votes="3">
            <Precinct name="NMcDuffie" votes="0" />
            <Precinct name="Cedar Rock" votes="1" />
            <Precinct name="Depot" votes="0" />
            <Precinct name="Sweetwater" votes="1" />
            <Precinct name="White Oak" votes="1" />
            <Precinct name="Dearing" votes="0" />
            <Precinct name="Fort Creek" votes="0" />
        </VoteType>
        <VoteType name="Overvotes" votes="0">
            <Precinct name="NMcDuffie" votes="0" />
            <Precinct name="Cedar Rock" votes="0" />
            <Precinct name="Depot" votes="0" />
            <Precinct name="Sweetwater" votes="0" />
            <Precinct name="White Oak" votes="0" />
            <Precinct name="Dearing" votes="0" />
            <Precinct name="Fort Creek" votes="0" />
        </VoteType>
        <Choice key="20" text="Charlie Bailey" party="DEM" totalVotes="409">
            <VoteType name="Absentee by Mail Votes" votes="155">
                <Precinct name="NMcDuffie" votes="5" />
                <Precinct name="Cedar Rock" votes="77" />
                <Precinct name="Depot" votes="41" />
                <Precinct name="Sweetwater" votes="4" />
                <Precinct name="White Oak" votes="18" />
                <Precinct name="Dearing" votes="4" />
                <Precinct name="Fort Creek" votes="6" />
            </VoteType>
            <VoteType name="Advance Voting Votes" votes="106">
                <Precinct name="NMcDuffie" votes="5" />
                <Precinct name="Cedar Rock" votes="44" />
                <Precinct name="Depot" votes="23" />
                <Precinct name="Sweetwater" votes="3" />
                <Precinct name="White Oak" votes="22" />
                <Precinct name="Dearing" votes="7" />
                <Precinct name="Fort Creek" votes="2" />
            </VoteType>
            <VoteType name="Election Day Votes" votes="148">
                <Precinct name="NMcDuffie" votes="4" />
                <Precinct name="Cedar Rock" votes="67" />
                <Precinct name="Depot" votes="31" />
                <Precinct name="Sweetwater" votes="7" />
                <Precinct name="White Oak" votes="25" />
                <Precinct name="Dearing" votes="6" />
                <Precinct name="Fort Creek" votes="8" />
            </VoteType>
            <VoteType name="Provisional Votes" votes="0">
                <Precinct name="NMcDuffie" votes="0" />
                <Precinct name="Cedar Rock" votes="0" />
                <Precinct name="Depot" votes="0" />
                <Precinct name="Sweetwater" votes="0" />
                <Precinct name="White Oak" votes="0" />
                <Precinct name="Dearing" votes="0" />
                <Precinct name="Fort Creek" votes="0" />
            </VoteType>
        </Choice>
        <Choice key="23" text="Kwanza Hall" party="DEM" totalVotes="107">
            <VoteType name="Absentee by Mail Votes" votes="32">
                <Precinct name="NMcDuffie" votes="0" />
                <Precinct name="Cedar Rock" votes="22" />
                <Precinct name="Depot" votes="7" />
                <Precinct name="Sweetwater" votes="0" />
                <Precinct name="White Oak" votes="1" />
                <Precinct name="Dearing" votes="2" />
                <Precinct name="Fort Creek" votes="0" />
            </VoteType>
            <VoteType name="Advance Voting Votes" votes="29">
                <Precinct name="NMcDuffie" votes="0" />
                <Precinct name="Cedar Rock" votes="11" />
                <Precinct name="Depot" votes="5" />
                <Precinct name="Sweetwater" votes="2" />
                <Precinct name="White Oak" votes="6" />
                <Precinct name="Dearing" votes="3" />
                <Precinct name="Fort Creek" votes="2" />
            </VoteType>
            <VoteType name="Election Day Votes" votes="46">
                <Precinct name="NMcDuffie" votes="0" />
                <Precinct name="Cedar Rock" votes="19" />
                <Precinct name="Depot" votes="12" />
                <Precinct name="Sweetwater" votes="2" />
                <Precinct name="White Oak" votes="5" />
                <Precinct name="Dearing" votes="4" />
                <Precinct name="Fort Creek" votes="4" />
            </VoteType>
            <VoteType name="Provisional Votes" votes="0">
                <Precinct name="NMcDuffie" votes="0" />
                <Precinct name="Cedar Rock" votes="0" />
                <Precinct name="Depot" votes="0" />
                <Precinct name="Sweetwater" votes="0" />
                <Precinct name="White Oak" votes="0" />
                <Precinct name="Dearing" votes="0" />
                <Precinct name="Fort Creek" votes="0" />
            </VoteType>
        </Choice>
    </Contest>
    <Contest key="8" text="Secretary of State - Dem" voteFor="1" isQuestion="false" precinctsReporting="7" precinctsReported="7">
        <VoteType name="Undervotes" votes="8">
            <Precinct name="NMcDuffie" votes="0" />
            <Precinct name="Cedar Rock" votes="6" />
            <Precinct name="Depot" votes="1" />
            <Precinct name="Sweetwater" votes="0" />
            <Precinct name="White Oak" votes="0" />
            <Precinct name="Dearing" votes="0" />
            <Precinct name="Fort Creek" votes="1" />
        </VoteType>
        <VoteType name="Overvotes" votes="0">
            <Precinct name="NMcDuffie" votes="0" />
            <Precinct name="Cedar Rock" votes="0" />
            <Precinct name="Depot" votes="0" />
            <Precinct name="Sweetwater" votes="0" />
            <Precinct name="White Oak" votes="0" />
            <Precinct name="Dearing" votes="0" />
            <Precinct name="Fort Creek" votes="0" />
        </VoteType>
        <Choice key="32" text="Dee Dawkins-Haigler" party="DEM" totalVotes="284">
            <VoteType name="Absentee by Mail Votes" votes="114">
                <Precinct name="NMcDuffie" votes="0" />
                <Precinct name="Cedar Rock" votes="62" />
                <Precinct name="Depot" votes="32" />
                <Precinct name="Sweetwater" votes="4" />
                <Precinct name="White Oak" votes="8" />
                <Precinct name="Dearing" votes="3" />
                <Precinct name="Fort Creek" votes="5" />
            </VoteType>
            <VoteType name="Advance Voting Votes" votes="70">
                <Precinct name="NMcDuffie" votes="2" />
                <Precinct name="Cedar Rock" votes="31" />
                <Precinct name="Depot" votes="13" />
                <Precinct name="Sweetwater" votes="4" />
                <Precinct name="White Oak" votes="13" />
                <Precinct name="Dearing" votes="4" />
                <Precinct name="Fort Creek" votes="3" />
            </VoteType>
            <VoteType name="Election Day Votes" votes="100">
                <Precinct name="NMcDuffie" votes="1" />
                <Precinct name="Cedar Rock" votes="47" />
                <Precinct name="Depot" votes="22" />
                <Precinct name="Sweetwater" votes="3" />
                <Precinct name="White Oak" votes="16" />
                <Precinct name="Dearing" votes="4" />
                <Precinct name="Fort Creek" votes="7" />
            </VoteType>
            <VoteType name="Provisional Votes" votes="0">
                <Precinct name="NMcDuffie" votes="0" />
                <Precinct name="Cedar Rock" votes="0" />
                <Precinct name="Depot" votes="0" />
                <Precinct name="Sweetwater" votes="0" />
                <Precinct name="White Oak" votes="0" />
                <Precinct name="Dearing" votes="0" />
                <Precinct name="Fort Creek" votes="0" />
            </VoteType>
        </Choice>
        <Choice key="35" text="Bee Nguyen" party="DEM" totalVotes="227">
            <VoteType name="Absentee by Mail Votes" votes="73">
                <Precinct name="NMcDuffie" votes="5" />
                <Precinct name="Cedar Rock" votes="37" />
                <Precinct name="Depot" votes="16" />
                <Precinct name="Sweetwater" votes="0" />
                <Precinct name="White Oak" votes="11" />
                <Precinct name="Dearing" votes="3" />
                <Precinct name="Fort Creek" votes="1" />
            </VoteType>
            <VoteType name="Advance Voting Votes" votes="62">
                <Precinct name="NMcDuffie" votes="3" />
                <Precinct name="Cedar Rock" votes="22" />
                <Precinct name="Depot" votes="14" />
                <Precinct name="Sweetwater" votes="2" />
                <Precinct name="White Oak" votes="15" />
                <Precinct name="Dearing" votes="6" />
                <Precinct name="Fort Creek" votes="0" />
            </VoteType>
            <VoteType name="Election Day Votes" votes="92">
                <Precinct name="NMcDuffie" votes="3" />
                <Precinct name="Cedar Rock" votes="36" />
                <Precinct name="Depot" votes="21" />
                <Precinct name="Sweetwater" votes="6" />
                <Precinct name="White Oak" votes="15" />
                <Precinct name="Dearing" votes="6" />
                <Precinct name="Fort Creek" votes="5" />
            </VoteType>
            <VoteType name="Provisional Votes" votes="0">
                <Precinct name="NMcDuffie" votes="0" />
                <Precinct name="Cedar Rock" votes="0" />
                <Precinct name="Depot" votes="0" />
                <Precinct name="Sweetwater" votes="0" />
                <Precinct name="White Oak" votes="0" />
                <Precinct name="Dearing" votes="0" />
                <Precinct name="Fort Creek" votes="0" />
            </VoteType>
        </Choice>
    </Contest>
    <Contest key="14" text="Commissioner of Insurance - Dem" voteFor="1" isQuestion="false" precinctsReporting="7" precinctsReported="7">
        <VoteType name="Undervotes" votes="13">
            <Precinct name="NMcDuffie" votes="0" />
            <Precinct name="Cedar Rock" votes="7" />
            <Precinct name="Depot" votes="3" />
            <Precinct name="Sweetwater" votes="1" />
            <Precinct name="White Oak" votes="1" />
            <Precinct name="Dearing" votes="1" />
            <Precinct name="Fort Creek" votes="0" />
        </VoteType>
        <VoteType name="Overvotes" votes="0">
            <Precinct name="NMcDuffie" votes="0" />
            <Precinct name="Cedar Rock" votes="0" />
            <Precinct name="Depot" votes="0" />
            <Precinct name="Sweetwater" votes="0" />
            <Precinct name="White Oak" votes="0" />
            <Precinct name="Dearing" votes="0" />
            <Precinct name="Fort Creek" votes="0" />
        </VoteType>
        <Choice key="48" text="Raphael Baker" party="DEM" totalVotes="163">
            <VoteType name="Absentee by Mail Votes" votes="55">
                <Precinct name="NMcDuffie" votes="1" />
                <Precinct name="Cedar Rock" votes="30" />
                <Precinct name="Depot" votes="16" />
                <Precinct name="Sweetwater" votes="0" />
                <Precinct name="White Oak" votes="7" />
                <Precinct name="Dearing" votes="1" />
                <Precinct name="Fort Creek" votes="0" />
            </VoteType>
            <VoteType name="Advance Voting Votes" votes="45">
                <Precinct name="NMcDuffie" votes="1" />
                <Precinct name="Cedar Rock" votes="15" />
                <Precinct name="Depot" votes="11" />
                <Precinct name="Sweetwater" votes="3" />
                <Precinct name="White Oak" votes="10" />
                <Precinct name="Dearing" votes="2" />
                <Precinct name="Fort Creek" votes="3" />
            </VoteType>
            <VoteType name="Election Day Votes" votes="63">
                <Precinct name="NMcDuffie" votes="0" />
                <Precinct name="Cedar Rock" votes="25" />
                <Precinct name="Depot" votes="20" />
                <Precinct name="Sweetwater" votes="5" />
                <Precinct name="White Oak" votes="6" />
                <Precinct name="Dearing" votes="4" />
                <Precinct name="Fort Creek" votes="3" />
            </VoteType>
            <VoteType name="Provisional Votes" votes="0">
                <Precinct name="NMcDuffie" votes="0" />
                <Precinct name="Cedar Rock" votes="0" />
                <Precinct name="Depot" votes="0" />
                <Precinct name="Sweetwater" votes="0" />
                <Precinct name="White Oak" votes="0" />
                <Precinct name="Dearing" votes="0" />
                <Precinct name="Fort Creek" votes="0" />
            </VoteType>
        </Choice>
        <Choice key="49" text="Janice Laws Robinson" party="DEM" totalVotes="343">
            <VoteType name="Absentee by Mail Votes" votes="130">
                <Precinct name="NMcDuffie" votes="4" />
                <Precinct name="Cedar Rock" votes="67" />
                <Precinct name="Depot" votes="32" />
                <Precinct name="Sweetwater" votes="4" />
                <Precinct name="White Oak" votes="12" />
                <Precinct name="Dearing" votes="5" />
                <Precinct name="Fort Creek" votes="6" />
            </VoteType>
            <VoteType name="Advance Voting Votes" votes="85">
                <Precinct name="NMcDuffie" votes="4" />
                <Precinct name="Cedar Rock" votes="38" />
                <Precinct name="Depot" votes="15" />
                <Precinct name="Sweetwater" votes="3" />
                <Precinct name="White Oak" votes="17" />
                <Precinct name="Dearing" votes="7" />
                <Precinct name="Fort Creek" votes="1" />
            </VoteType>
            <VoteType name="Election Day Votes" votes="128">
                <Precinct name="NMcDuffie" votes="4" />
                <Precinct name="Cedar Rock" votes="59" />
                <Precinct name="Depot" votes="22" />
                <Precinct name="Sweetwater" votes="3" />
                <Precinct name="White Oak" votes="25" />
                <Precinct name="Dearing" votes="6" />
                <Precinct name="Fort Creek" votes="9" />
            </VoteType>
            <VoteType name="Provisional Votes" votes="0">
                <Precinct name="NMcDuffie" votes="0" />
                <Precinct name="Cedar Rock" votes="0" />
                <Precinct name="Depot" votes="0" />
                <Precinct name="Sweetwater" votes="0" />
                <Precinct name="White Oak" votes="0" />
                <Precinct name="Dearing" votes="0" />
                <Precinct name="Fort Creek" votes="0" />
            </VoteType>
        </Choice>
    </Contest>
    <Contest key="18" text="Commissioner of Labor - Dem" voteFor="1" isQuestion="false" precinctsReporting="7" precinctsReported="7">
        <VoteType name="Undervotes" votes="3">
            <Precinct name="NMcDuffie" votes="0" />
            <Precinct name="Cedar Rock" votes="2" />
            <Precinct name="Depot" votes="0" />
            <Precinct name="Sweetwater" votes="0" />
            <Precinct name="White Oak" votes="1" />
            <Precinct name="Dearing" votes="0" />
            <Precinct name="Fort Creek" votes="0" />
        </VoteType>
        <VoteType name="Overvotes" votes="0">
            <Precinct name="NMcDuffie" votes="0" />
            <Precinct name="Cedar Rock" votes="0" />
            <Precinct name="Depot" votes="0" />
            <Precinct name="Sweetwater" votes="0" />
            <Precinct name="White Oak" votes="0" />
            <Precinct name="Dearing" votes="0" />
            <Precinct name="Fort Creek" votes="0" />
        </VoteType>
        <Choice key="60" text="William &quot;&quot;Will&quot;&quot; Boddie, Jr." party="DEM" totalVotes="418">
            <VoteType name="Absentee by Mail Votes" votes="153">
                <Precinct name="NMcDuffie" votes="1" />
                <Precinct name="Cedar Rock" votes="80" />
                <Precinct name="Depot" votes="43" />
                <Precinct name="Sweetwater" votes="4" />
                <Precinct name="White Oak" votes="14" />
                <Precinct name="Dearing" votes="5" />
                <Precinct name="Fort Creek" votes="6" />
            </VoteType>
            <VoteType name="Advance Voting Votes" votes="110">
                <Precinct name="NMcDuffie" votes="4" />
                <Precinct name="Cedar Rock" votes="46" />
                <Precinct name="Depot" votes="21" />
                <Precinct name="Sweetwater" votes="4" />
                <Precinct name="White Oak" votes="25" />
                <Precinct name="Dearing" votes="7" />
                <Precinct name="Fort Creek" votes="3" />
            </VoteType>
            <VoteType name="Election Day Votes" votes="155">
                <Precinct name="NMcDuffie" votes="4" />
                <Precinct name="Cedar Rock" votes="73" />
                <Precinct name="Depot" votes="34" />
                <Precinct name="Sweetwater" votes="4" />
                <Precinct name="White Oak" votes="26" />
                <Precinct name="Dearing" votes="8" />
                <Precinct name="Fort Creek" votes="6" />
            </VoteType>
            <VoteType name="Provisional Votes" votes="0">
                <Precinct name="NMcDuffie" votes="0" />
                <Precinct name="Cedar Rock" votes="0" />
                <Precinct name="Depot" votes="0" />
                <Precinct name="Sweetwater" votes="0" />
                <Precinct name="White Oak" votes="0" />
                <Precinct name="Dearing" votes="0" />
                <Precinct name="Fort Creek" votes="0" />
            </VoteType>
        </Choice>
        <Choice key="62" text="Nicole Horn" party="DEM" totalVotes="98">
            <VoteType name="Absentee by Mail Votes" votes="33">
                <Precinct name="NMcDuffie" votes="4" />
                <Precinct name="Cedar Rock" votes="18" />
                <Precinct name="Depot" votes="5" />
                <Precinct name="Sweetwater" votes="0" />
                <Precinct name="White Oak" votes="5" />
                <Precinct name="Dearing" votes="1" />
                <Precinct name="Fort Creek" votes="0" />
            </VoteType>
            <VoteType name="Advance Voting Votes" votes="25">
                <Precinct name="NMcDuffie" votes="1" />
                <Precinct name="Cedar Rock" votes="9" />
                <Precinct name="Depot" votes="7" />
                <Precinct name="Sweetwater" votes="2" />
                <Precinct name="White Oak" votes="2" />
                <Precinct name="Dearing" votes="3" />
                <Precinct name="Fort Creek" votes="1" />
            </VoteType>
            <VoteType name="Election Day Votes" votes="40">
                <Precinct name="NMcDuffie" votes="0" />
                <Precinct name="Cedar Rock" votes="13" />
                <Precinct name="Depot" votes="9" />
                <Precinct name="Sweetwater" votes="5" />
                <Precinct name="White Oak" votes="5" />
                <Precinct name="Dearing" votes="2" />
                <Precinct name="Fort Creek" votes="6" />
            </VoteType>
            <VoteType name="Provisional Votes" votes="0">
                <Precinct name="NMcDuffie" votes="0" />
                <Precinct name="Cedar Rock" votes="0" />
                <Precinct name="Depot" votes="0" />
                <Precinct name="Sweetwater" votes="0" />
                <Precinct name="White Oak" votes="0" />
                <Precinct name="Dearing" votes="0" />
                <Precinct name="Fort Creek" votes="0" />
            </VoteType>
        </Choice>
    </Contest>
</ElectionResult>