<?xml version="1.0"?>
<!--Election result snapshot imported from Tabulation System
-->
<ElectionResult>
    <Timestamp>6/27/2022 12:51:16 PM EDT</Timestamp>
    <ElectionName>June 21, 2022 - General Primary -Nonpartisan General Election Runoff</ElectionName>
    <ElectionDate>6/21/2022</ElectionDate>
    <Region>Webster</Region>
    <VoterTurnout totalVoters="0" ballotsCast="48" voterTurnout="0.00">
        <Precincts>
            <Precinct name="Preston 1" totalVoters="0" ballotsCast="48" voterTurnout="0.00" percentReporting="4" />
        </Precincts>
    </VoterTurnout>
    <Contest key="8" text="DEM - Lieutenant Governor" voteFor="1" isQuestion="false" precinctsReporting="1" precinctsReported="1">
        <VoteType name="Undervotes" votes="0">
            <Precinct name="Preston 1" votes="0" />
        </VoteType>
        <VoteType name="Overvotes" votes="0">
            <Precinct name="Preston 1" votes="0" />
        </VoteType>
        <Choice key="67" text="Charlie Bailey" party="DEM" totalVotes="25">
            <VoteType name="Absentee by Mail Votes" votes="3">
                <Precinct name="Preston 1" votes="3" />
            </VoteType>
            <VoteType name="Advance Voting Votes" votes="6">
                <Precinct name="Preston 1" votes="6" />
            </VoteType>
            <VoteType name="Election Day Votes" votes="16">
                <Precinct name="Preston 1" votes="16" />
            </VoteType>
            <VoteType name="Provisional Votes" votes="0">
                <Precinct name="Preston 1" votes="0" />
            </VoteType>
        </Choice>
        <Choice key="70" text="Kwanza Hall" party="DEM" totalVotes="23">
            <VoteType name="Absentee by Mail Votes" votes="3">
                <Precinct name="Preston 1" votes="3" />
            </VoteType>
            <VoteType name="Advance Voting Votes" votes="4">
                <Precinct name="Preston 1" votes="4" />
            </VoteType>
            <VoteType name="Election Day Votes" votes="16">
                <Precinct name="Preston 1" votes="16" />
            </VoteType>
            <VoteType name="Provisional Votes" votes="0">
                <Precinct name="Preston 1" votes="0" />
            </VoteType>
        </Choice>
    </Contest>
    <Contest key="10" text="DEM - Secretary of State" voteFor="1" isQuestion="false" precinctsReporting="1" precinctsReported="1">
        <VoteType name="Undervotes" votes="4">
            <Precinct name="Preston 1" votes="4" />
        </VoteType>
        <VoteType name="Overvotes" votes="0">
            <Precinct name="Preston 1" votes="0" />
        </VoteType>
        <Choice key="79" text="Dee Dawkins-Haigler" party="DEM" totalVotes="27">
            <VoteType name="Absentee by Mail Votes" votes="4">
                <Precinct name="Preston 1" votes="4" />
            </VoteType>
            <VoteType name="Advance Voting Votes" votes="5">
                <Precinct name="Preston 1" votes="5" />
            </VoteType>
            <VoteType name="Election Day Votes" votes="18">
                <Precinct name="Preston 1" votes="18" />
            </VoteType>
            <VoteType name="Provisional Votes" votes="0">
                <Precinct name="Preston 1" votes="0" />
            </VoteType>
        </Choice>
        <Choice key="82" text="Bee Nguyen" party="DEM" totalVotes="17">
            <VoteType name="Absentee by Mail Votes" votes="1">
                <Precinct name="Preston 1" votes="1" />
            </VoteType>
            <VoteType name="Advance Voting Votes" votes="4">
                <Precinct name="Preston 1" votes="4" />
            </VoteType>
            <VoteType name="Election Day Votes" votes="12">
                <Precinct name="Preston 1" votes="12" />
            </VoteType>
            <VoteType name="Provisional Votes" votes="0">
                <Precinct name="Preston 1" votes="0" />
            </VoteType>
        </Choice>
    </Contest>
    <Contest key="16" text="DEM - Commissioner Of Insurance" voteFor="1" isQuestion="false" precinctsReporting="1" precinctsReported="1">
        <VoteType name="Undervotes" votes="4">
            <Precinct name="Preston 1" votes="4" />
        </VoteType>
        <VoteType name="Overvotes" votes="0">
            <Precinct name="Preston 1" votes="0" />
        </VoteType>
        <Choice key="95" text="Raphael Baker" party="DEM" totalVotes="22">
            <VoteType name="Absentee by Mail Votes" votes="1">
                <Precinct name="Preston 1" votes="1" />
            </VoteType>
            <VoteType name="Advance Voting Votes" votes="3">
                <Precinct name="Preston 1" votes="3" />
            </VoteType>
            <VoteType name="Election Day Votes" votes="18">
                <Precinct name="Preston 1" votes="18" />
            </VoteType>
            <VoteType name="Provisional Votes" votes="0">
                <Precinct name="Preston 1" votes="0" />
            </VoteType>
        </Choice>
        <Choice key="96" text="Janice Laws Robinson" party="DEM" totalVotes="22">
            <VoteType name="Absentee by Mail Votes" votes="5">
                <Precinct name="Preston 1" votes="5" />
            </VoteType>
            <VoteType name="Advance Voting Votes" votes="6">
                <Precinct name="Preston 1" votes="6" />
            </VoteType>
            <VoteType name="Election Day Votes" votes="11">
                <Precinct name="Preston 1" votes="11" />
            </VoteType>
            <VoteType name="Provisional Votes" votes="0">
                <Precinct name="Preston 1" votes="0" />
            </VoteType>
        </Choice>
    </Contest>
    <Contest key="20" text="DEM - Commissioner Of Labor" voteFor="1" isQuestion="false" precinctsReporting="1" precinctsReported="1">
        <VoteType name="Undervotes" votes="2">
            <Precinct name="Preston 1" votes="2" />
        </VoteType>
        <VoteType name="Overvotes" votes="0">
            <Precinct name="Preston 1" votes="0" />
        </VoteType>
        <Choice key="107" text="William &quot;&quot;Will&quot;&quot; Boddie, Jr." party="DEM" totalVotes="24">
            <VoteType name="Absentee by Mail Votes" votes="4">
                <Precinct name="Preston 1" votes="4" />
            </VoteType>
            <VoteType name="Advance Voting Votes" votes="6">
                <Precinct name="Preston 1" votes="6" />
            </VoteType>
            <VoteType name="Election Day Votes" votes="14">
                <Precinct name="Preston 1" votes="14" />
            </VoteType>
            <VoteType name="Provisional Votes" votes="0">
                <Precinct name="Preston 1" votes="0" />
            </VoteType>
        </Choice>
        <Choice key="109" text="Nicole Horn" party="DEM" totalVotes="22">
            <VoteType name="Absentee by Mail Votes" votes="2">
                <Precinct name="Preston 1" votes="2" />
            </VoteType>
            <VoteType name="Advance Voting Votes" votes="4">
                <Precinct name="Preston 1" votes="4" />
            </VoteType>
            <VoteType name="Election Day Votes" votes="16">
                <Precinct name="Preston 1" votes="16" />
            </VoteType>
            <VoteType name="Provisional Votes" votes="0">
                <Precinct name="Preston 1" votes="0" />
            </VoteType>
        </Choice>
    </Contest>
    <Contest key="25" text="REP - US House Dist 2" voteFor="1" isQuestion="false" precinctsReporting="1" precinctsReported="1">
        <VoteType name="Undervotes" votes="0">
            <Precinct name="Preston 1" votes="0" />
        </VoteType>
        <VoteType name="Overvotes" votes="0">
            <Precinct name="Preston 1" votes="0" />
        </VoteType>
        <Choice key="187" text="Jeremy Hunt" party="REP" totalVotes="227">
            <VoteType name="Absentee by Mail Votes" votes="12">
                <Precinct name="Preston 1" votes="12" />
            </VoteType>
            <VoteType name="Advance Voting Votes" votes="114">
                <Precinct name="Preston 1" votes="114" />
            </VoteType>
            <VoteType name="Election Day Votes" votes="101">
                <Precinct name="Preston 1" votes="101" />
            </VoteType>
            <VoteType name="Provisional Votes" votes="0">
                <Precinct name="Preston 1" votes="0" />
            </VoteType>
        </Choice>
        <Choice key="190" text="Chris West" party="REP" totalVotes="17">
            <VoteType name="Absentee by Mail Votes" votes="4">
                <Precinct name="Preston 1" votes="4" />
            </VoteType>
            <VoteType name="Advance Voting Votes" votes="8">
                <Precinct name="Preston 1" votes="8" />
            </VoteType>
            <VoteType name="Election Day Votes" votes="5">
                <Precinct name="Preston 1" votes="5" />
            </VoteType>
            <VoteType name="Provisional Votes" votes="0">
                <Precinct name="Preston 1" votes="0" />
            </VoteType>
        </Choice>
    </Contest>
</ElectionResult>