<?xml version="1.0"?>
<!--Election result snapshot imported from Tabulation System
-->
<ElectionResult>
    <Timestamp>6/27/2022 11:36:50 AM EDT</Timestamp>
    <ElectionName>June 21, 2022 - General Primary -Nonpartisan General Election Runoff</ElectionName>
    <ElectionDate>6/21/2022</ElectionDate>
    <Region>Clarke</Region>
    <VoterTurnout totalVoters="71579" ballotsCast="4642" voterTurnout="6.49">
        <Precincts>
            <Precinct name="1A" totalVoters="2967" ballotsCast="144" voterTurnout="4.85" percentReporting="4" />
            <Precinct name="1B" totalVoters="3539" ballotsCast="218" voterTurnout="6.16" percentReporting="4" />
            <Precinct name="1C" totalVoters="2266" ballotsCast="184" voterTurnout="8.12" percentReporting="4" />
            <Precinct name="1D" totalVoters="2642" ballotsCast="267" voterTurnout="10.11" percentReporting="4" />
            <Precinct name="2A" totalVoters="4157" ballotsCast="192" voterTurnout="4.62" percentReporting="4" />
            <Precinct name="2B" totalVoters="4721" ballotsCast="195" voterTurnout="4.13" percentReporting="4" />
            <Precinct name="3A" totalVoters="2612" ballotsCast="127" voterTurnout="4.86" percentReporting="4" />
            <Precinct name="3B" totalVoters="3333" ballotsCast="164" voterTurnout="4.92" percentReporting="4" />
            <Precinct name="4A" totalVoters="2069" ballotsCast="35" voterTurnout="1.69" percentReporting="4" />
            <Precinct name="4B" totalVoters="3397" ballotsCast="149" voterTurnout="4.39" percentReporting="4" />
            <Precinct name="5A" totalVoters="2838" ballotsCast="356" voterTurnout="12.54" percentReporting="4" />
            <Precinct name="5B" totalVoters="2920" ballotsCast="221" voterTurnout="7.57" percentReporting="4" />
            <Precinct name="5C" totalVoters="1887" ballotsCast="261" voterTurnout="13.83" percentReporting="4" />
            <Precinct name="5D" totalVoters="3029" ballotsCast="202" voterTurnout="6.67" percentReporting="4" />
            <Precinct name="6A" totalVoters="3872" ballotsCast="173" voterTurnout="4.47" percentReporting="4" />
            <Precinct name="6B" totalVoters="3785" ballotsCast="306" voterTurnout="8.08" percentReporting="4" />
            <Precinct name="6C" totalVoters="3090" ballotsCast="185" voterTurnout="5.99" percentReporting="4" />
            <Precinct name="6D" totalVoters="1641" ballotsCast="251" voterTurnout="15.30" percentReporting="4" />
            <Precinct name="7A" totalVoters="2745" ballotsCast="171" voterTurnout="6.23" percentReporting="4" />
            <Precinct name="7B" totalVoters="2972" ballotsCast="183" voterTurnout="6.16" percentReporting="4" />
            <Precinct name="7C" totalVoters="2347" ballotsCast="132" voterTurnout="5.62" percentReporting="4" />
            <Precinct name="8A" totalVoters="3102" ballotsCast="207" voterTurnout="6.67" percentReporting="4" />
            <Precinct name="8B" totalVoters="2171" ballotsCast="158" voterTurnout="7.28" percentReporting="4" />
            <Precinct name="8C" totalVoters="3477" ballotsCast="161" voterTurnout="4.63" percentReporting="4" />
        </Precincts>
    </VoterTurnout>
    <Contest key="6" text="Lieutenant Governor - Dem" voteFor="1" isQuestion="false" precinctsReporting="24" precinctsReported="24">
        <VoteType name="Undervotes" votes="108">
            <Precinct name="1A" votes="3" />
            <Precinct name="1B" votes="1" />
            <Precinct name="1C" votes="0" />
            <Precinct name="1D" votes="4" />
            <Precinct name="2A" votes="1" />
            <Precinct name="2B" votes="4" />
            <Precinct name="3A" votes="2" />
            <Precinct name="3B" votes="2" />
            <Precinct name="4A" votes="0" />
            <Precinct name="4B" votes="1" />
            <Precinct name="5A" votes="26" />
            <Precinct name="5B" votes="3" />
            <Precinct name="5C" votes="4" />
            <Precinct name="5D" votes="8" />
            <Precinct name="6A" votes="1" />
            <Precinct name="6B" votes="14" />
            <Precinct name="6C" votes="4" />
            <Precinct name="6D" votes="18" />
            <Precinct name="7A" votes="2" />
            <Precinct name="7B" votes="1" />
            <Precinct name="7C" votes="1" />
            <Precinct name="8A" votes="0" />
            <Precinct name="8B" votes="4" />
            <Precinct name="8C" votes="4" />
        </VoteType>
        <VoteType name="Overvotes" votes="0">
            <Precinct name="1A" votes="0" />
            <Precinct name="1B" votes="0" />
            <Precinct name="1C" votes="0" />
            <Precinct name="1D" votes="0" />
            <Precinct name="2A" votes="0" />
            <Precinct name="2B" votes="0" />
            <Precinct name="3A" votes="0" />
            <Precinct name="3B" votes="0" />
            <Precinct name="4A" votes="0" />
            <Precinct name="4B" votes="0" />
            <Precinct name="5A" votes="0" />
            <Precinct name="5B" votes="0" />
            <Precinct name="5C" votes="0" />
            <Precinct name="5D" votes="0" />
            <Precinct name="6A" votes="0" />
            <Precinct name="6B" votes="0" />
            <Precinct name="6C" votes="0" />
            <Precinct name="6D" votes="0" />
            <Precinct name="7A" votes="0" />
            <Precinct name="7B" votes="0" />
            <Precinct name="7C" votes="0" />
            <Precinct name="8A" votes="0" />
            <Precinct name="8B" votes="0" />
            <Precinct name="8C" votes="0" />
        </VoteType>
        <Choice key="20" text="Charlie Bailey" party="DEM" totalVotes="3227">
            <VoteType name="Absentee by Mail Votes" votes="440">
                <Precinct name="1A" votes="7" />
                <Precinct name="1B" votes="21" />
                <Precinct name="1C" votes="21" />
                <Precinct name="1D" votes="22" />
                <Precinct name="2A" votes="23" />
                <Precinct name="2B" votes="18" />
                <Precinct name="3A" votes="9" />
                <Precinct name="3B" votes="20" />
                <Precinct name="4A" votes="5" />
                <Precinct name="4B" votes="14" />
                <Precinct name="5A" votes="17" />
                <Precinct name="5B" votes="24" />
                <Precinct name="5C" votes="6" />
                <Precinct name="5D" votes="9" />
                <Precinct name="6A" votes="16" />
                <Precinct name="6B" votes="41" />
                <Precinct name="6C" votes="20" />
                <Precinct name="6D" votes="9" />
                <Precinct name="7A" votes="23" />
                <Precinct name="7B" votes="26" />
                <Precinct name="7C" votes="9" />
                <Precinct name="8A" votes="31" />
                <Precinct name="8B" votes="32" />
                <Precinct name="8C" votes="17" />
            </VoteType>
            <VoteType name="Advance Voting Votes" votes="879">
                <Precinct name="1A" votes="22" />
                <Precinct name="1B" votes="41" />
                <Precinct name="1C" votes="32" />
                <Precinct name="1D" votes="44" />
                <Precinct name="2A" votes="20" />
                <Precinct name="2B" votes="42" />
                <Precinct name="3A" votes="17" />
                <Precinct name="3B" votes="31" />
                <Precinct name="4A" votes="4" />
                <Precinct name="4B" votes="45" />
                <Precinct name="5A" votes="72" />
                <Precinct name="5B" votes="49" />
                <Precinct name="5C" votes="57" />
                <Precinct name="5D" votes="21" />
                <Precinct name="6A" votes="24" />
                <Precinct name="6B" votes="63" />
                <Precinct name="6C" votes="36" />
                <Precinct name="6D" votes="42" />
                <Precinct name="7A" votes="25" />
                <Precinct name="7B" votes="50" />
                <Precinct name="7C" votes="37" />
                <Precinct name="8A" votes="35" />
                <Precinct name="8B" votes="33" />
                <Precinct name="8C" votes="37" />
            </VoteType>
            <VoteType name="Election Day Votes" votes="1908">
                <Precinct name="1A" votes="77" />
                <Precinct name="1B" votes="106" />
                <Precinct name="1C" votes="104" />
                <Precinct name="1D" votes="124" />
                <Precinct name="2A" votes="65" />
                <Precinct name="2B" votes="52" />
                <Precinct name="3A" votes="43" />
                <Precinct name="3B" votes="66" />
                <Precinct name="4A" votes="11" />
                <Precinct name="4B" votes="60" />
                <Precinct name="5A" votes="147" />
                <Precinct name="5B" votes="80" />
                <Precinct name="5C" votes="147" />
                <Precinct name="5D" votes="78" />
                <Precinct name="6A" votes="83" />
                <Precinct name="6B" votes="79" />
                <Precinct name="6C" votes="80" />
                <Precinct name="6D" votes="96" />
                <Precinct name="7A" votes="68" />
                <Precinct name="7B" votes="72" />
                <Precinct name="7C" votes="68" />
                <Precinct name="8A" votes="90" />
                <Precinct name="8B" votes="59" />
                <Precinct name="8C" votes="53" />
            </VoteType>
            <VoteType name="Provisional Votes" votes="0">
                <Precinct name="1A" votes="0" />
                <Precinct name="1B" votes="0" />
                <Precinct name="1C" votes="0" />
                <Precinct name="1D" votes="0" />
                <Precinct name="2A" votes="0" />
                <Precinct name="2B" votes="0" />
                <Precinct name="3A" votes="0" />
                <Precinct name="3B" votes="0" />
                <Precinct name="4A" votes="0" />
                <Precinct name="4B" votes="0" />
                <Precinct name="5A" votes="0" />
                <Precinct name="5B" votes="0" />
                <Precinct name="5C" votes="0" />
                <Precinct name="5D" votes="0" />
                <Precinct name="6A" votes="0" />
                <Precinct name="6B" votes="0" />
                <Precinct name="6C" votes="0" />
                <Precinct name="6D" votes="0" />
                <Precinct name="7A" votes="0" />
                <Precinct name="7B" votes="0" />
                <Precinct name="7C" votes="0" />
                <Precinct name="8A" votes="0" />
                <Precinct name="8B" votes="0" />
                <Precinct name="8C" votes="0" />
            </VoteType>
        </Choice>
        <Choice key="23" text="Kwanza Hall" party="DEM" totalVotes="1307">
            <VoteType name="Absentee by Mail Votes" votes="157">
                <Precinct name="1A" votes="1" />
                <Precinct name="1B" votes="5" />
                <Precinct name="1C" votes="4" />
                <Precinct name="1D" votes="9" />
                <Precinct name="2A" votes="26" />
                <Precinct name="2B" votes="12" />
                <Precinct name="3A" votes="12" />
                <Precinct name="3B" votes="11" />
                <Precinct name="4A" votes="1" />
                <Precinct name="4B" votes="3" />
                <Precinct name="5A" votes="8" />
                <Precinct name="5B" votes="6" />
                <Precinct name="5C" votes="4" />
                <Precinct name="5D" votes="3" />
                <Precinct name="6A" votes="7" />
                <Precinct name="6B" votes="11" />
                <Precinct name="6C" votes="5" />
                <Precinct name="6D" votes="4" />
                <Precinct name="7A" votes="6" />
                <Precinct name="7B" votes="4" />
                <Precinct name="7C" votes="3" />
                <Precinct name="8A" votes="3" />
                <Precinct name="8B" votes="3" />
                <Precinct name="8C" votes="6" />
            </VoteType>
            <VoteType name="Advance Voting Votes" votes="360">
                <Precinct name="1A" votes="7" />
                <Precinct name="1B" votes="18" />
                <Precinct name="1C" votes="3" />
                <Precinct name="1D" votes="17" />
                <Precinct name="2A" votes="16" />
                <Precinct name="2B" votes="25" />
                <Precinct name="3A" votes="15" />
                <Precinct name="3B" votes="16" />
                <Precinct name="4A" votes="5" />
                <Precinct name="4B" votes="7" />
                <Precinct name="5A" votes="33" />
                <Precinct name="5B" votes="17" />
                <Precinct name="5C" votes="16" />
                <Precinct name="5D" votes="14" />
                <Precinct name="6A" votes="11" />
                <Precinct name="6B" votes="37" />
                <Precinct name="6C" votes="13" />
                <Precinct name="6D" votes="21" />
                <Precinct name="7A" votes="10" />
                <Precinct name="7B" votes="15" />
                <Precinct name="7C" votes="3" />
                <Precinct name="8A" votes="14" />
                <Precinct name="8B" votes="12" />
                <Precinct name="8C" votes="15" />
            </VoteType>
            <VoteType name="Election Day Votes" votes="789">
                <Precinct name="1A" votes="27" />
                <Precinct name="1B" votes="26" />
                <Precinct name="1C" votes="20" />
                <Precinct name="1D" votes="47" />
                <Precinct name="2A" votes="41" />
                <Precinct name="2B" votes="42" />
                <Precinct name="3A" votes="29" />
                <Precinct name="3B" votes="18" />
                <Precinct name="4A" votes="9" />
                <Precinct name="4B" votes="19" />
                <Precinct name="5A" votes="53" />
                <Precinct name="5B" votes="42" />
                <Precinct name="5C" votes="27" />
                <Precinct name="5D" votes="69" />
                <Precinct name="6A" votes="31" />
                <Precinct name="6B" votes="61" />
                <Precinct name="6C" votes="26" />
                <Precinct name="6D" votes="61" />
                <Precinct name="7A" votes="37" />
                <Precinct name="7B" votes="15" />
                <Precinct name="7C" votes="11" />
                <Precinct name="8A" votes="34" />
                <Precinct name="8B" votes="15" />
                <Precinct name="8C" votes="29" />
            </VoteType>
            <VoteType name="Provisional Votes" votes="1">
                <Precinct name="1A" votes="0" />
                <Precinct name="1B" votes="0" />
                <Precinct name="1C" votes="0" />
                <Precinct name="1D" votes="0" />
                <Precinct name="2A" votes="0" />
                <Precinct name="2B" votes="0" />
                <Precinct name="3A" votes="0" />
                <Precinct name="3B" votes="0" />
                <Precinct name="4A" votes="0" />
                <Precinct name="4B" votes="0" />
                <Precinct name="5A" votes="0" />
                <Precinct name="5B" votes="0" />
                <Precinct name="5C" votes="0" />
                <Precinct name="5D" votes="0" />
                <Precinct name="6A" votes="0" />
                <Precinct name="6B" votes="0" />
                <Precinct name="6C" votes="1" />
                <Precinct name="6D" votes="0" />
                <Precinct name="7A" votes="0" />
                <Precinct name="7B" votes="0" />
                <Precinct name="7C" votes="0" />
                <Precinct name="8A" votes="0" />
                <Precinct name="8B" votes="0" />
                <Precinct name="8C" votes="0" />
            </VoteType>
        </Choice>
    </Contest>
    <Contest key="8" text="Secretary of State - Dem" voteFor="1" isQuestion="false" precinctsReporting="24" precinctsReported="24">
        <VoteType name="Undervotes" votes="92">
            <Precinct name="1A" votes="4" />
            <Precinct name="1B" votes="2" />
            <Precinct name="1C" votes="2" />
            <Precinct name="1D" votes="2" />
            <Precinct name="2A" votes="3" />
            <Precinct name="2B" votes="2" />
            <Precinct name="3A" votes="2" />
            <Precinct name="3B" votes="1" />
            <Precinct name="4A" votes="0" />
            <Precinct name="4B" votes="1" />
            <Precinct name="5A" votes="15" />
            <Precinct name="5B" votes="6" />
            <Precinct name="5C" votes="2" />
            <Precinct name="5D" votes="6" />
            <Precinct name="6A" votes="0" />
            <Precinct name="6B" votes="13" />
            <Precinct name="6C" votes="3" />
            <Precinct name="6D" votes="15" />
            <Precinct name="7A" votes="2" />
            <Precinct name="7B" votes="2" />
            <Precinct name="7C" votes="3" />
            <Precinct name="8A" votes="2" />
            <Precinct name="8B" votes="2" />
            <Precinct name="8C" votes="2" />
        </VoteType>
        <VoteType name="Overvotes" votes="0">
            <Precinct name="1A" votes="0" />
            <Precinct name="1B" votes="0" />
            <Precinct name="1C" votes="0" />
            <Precinct name="1D" votes="0" />
            <Precinct name="2A" votes="0" />
            <Precinct name="2B" votes="0" />
            <Precinct name="3A" votes="0" />
            <Precinct name="3B" votes="0" />
            <Precinct name="4A" votes="0" />
            <Precinct name="4B" votes="0" />
            <Precinct name="5A" votes="0" />
            <Precinct name="5B" votes="0" />
            <Precinct name="5C" votes="0" />
            <Precinct name="5D" votes="0" />
            <Precinct name="6A" votes="0" />
            <Precinct name="6B" votes="0" />
            <Precinct name="6C" votes="0" />
            <Precinct name="6D" votes="0" />
            <Precinct name="7A" votes="0" />
            <Precinct name="7B" votes="0" />
            <Precinct name="7C" votes="0" />
            <Precinct name="8A" votes="0" />
            <Precinct name="8B" votes="0" />
            <Precinct name="8C" votes="0" />
        </VoteType>
        <Choice key="32" text="Dee Dawkins-Haigler" party="DEM" totalVotes="611">
            <VoteType name="Absentee by Mail Votes" votes="88">
                <Precinct name="1A" votes="0" />
                <Precinct name="1B" votes="0" />
                <Precinct name="1C" votes="2" />
                <Precinct name="1D" votes="2" />
                <Precinct name="2A" votes="15" />
                <Precinct name="2B" votes="4" />
                <Precinct name="3A" votes="9" />
                <Precinct name="3B" votes="7" />
                <Precinct name="4A" votes="0" />
                <Precinct name="4B" votes="1" />
                <Precinct name="5A" votes="10" />
                <Precinct name="5B" votes="4" />
                <Precinct name="5C" votes="4" />
                <Precinct name="5D" votes="3" />
                <Precinct name="6A" votes="4" />
                <Precinct name="6B" votes="5" />
                <Precinct name="6C" votes="1" />
                <Precinct name="6D" votes="1" />
                <Precinct name="7A" votes="3" />
                <Precinct name="7B" votes="2" />
                <Precinct name="7C" votes="2" />
                <Precinct name="8A" votes="1" />
                <Precinct name="8B" votes="4" />
                <Precinct name="8C" votes="4" />
            </VoteType>
            <VoteType name="Advance Voting Votes" votes="145">
                <Precinct name="1A" votes="4" />
                <Precinct name="1B" votes="6" />
                <Precinct name="1C" votes="0" />
                <Precinct name="1D" votes="3" />
                <Precinct name="2A" votes="3" />
                <Precinct name="2B" votes="15" />
                <Precinct name="3A" votes="9" />
                <Precinct name="3B" votes="6" />
                <Precinct name="4A" votes="0" />
                <Precinct name="4B" votes="4" />
                <Precinct name="5A" votes="15" />
                <Precinct name="5B" votes="11" />
                <Precinct name="5C" votes="4" />
                <Precinct name="5D" votes="13" />
                <Precinct name="6A" votes="5" />
                <Precinct name="6B" votes="6" />
                <Precinct name="6C" votes="3" />
                <Precinct name="6D" votes="9" />
                <Precinct name="7A" votes="7" />
                <Precinct name="7B" votes="6" />
                <Precinct name="7C" votes="4" />
                <Precinct name="8A" votes="0" />
                <Precinct name="8B" votes="5" />
                <Precinct name="8C" votes="7" />
            </VoteType>
            <VoteType name="Election Day Votes" votes="378">
                <Precinct name="1A" votes="14" />
                <Precinct name="1B" votes="21" />
                <Precinct name="1C" votes="13" />
                <Precinct name="1D" votes="17" />
                <Precinct name="2A" votes="36" />
                <Precinct name="2B" votes="20" />
                <Precinct name="3A" votes="20" />
                <Precinct name="3B" votes="10" />
                <Precinct name="4A" votes="2" />
                <Precinct name="4B" votes="7" />
                <Precinct name="5A" votes="27" />
                <Precinct name="5B" votes="23" />
                <Precinct name="5C" votes="7" />
                <Precinct name="5D" votes="30" />
                <Precinct name="6A" votes="19" />
                <Precinct name="6B" votes="28" />
                <Precinct name="6C" votes="11" />
                <Precinct name="6D" votes="20" />
                <Precinct name="7A" votes="18" />
                <Precinct name="7B" votes="7" />
                <Precinct name="7C" votes="5" />
                <Precinct name="8A" votes="10" />
                <Precinct name="8B" votes="5" />
                <Precinct name="8C" votes="8" />
            </VoteType>
            <VoteType name="Provisional Votes" votes="0">
                <Precinct name="1A" votes="0" />
                <Precinct name="1B" votes="0" />
                <Precinct name="1C" votes="0" />
                <Precinct name="1D" votes="0" />
                <Precinct name="2A" votes="0" />
                <Precinct name="2B" votes="0" />
                <Precinct name="3A" votes="0" />
                <Precinct name="3B" votes="0" />
                <Precinct name="4A" votes="0" />
                <Precinct name="4B" votes="0" />
                <Precinct name="5A" votes="0" />
                <Precinct name="5B" votes="0" />
                <Precinct name="5C" votes="0" />
                <Precinct name="5D" votes="0" />
                <Precinct name="6A" votes="0" />
                <Precinct name="6B" votes="0" />
                <Precinct name="6C" votes="0" />
                <Precinct name="6D" votes="0" />
                <Precinct name="7A" votes="0" />
                <Precinct name="7B" votes="0" />
                <Precinct name="7C" votes="0" />
                <Precinct name="8A" votes="0" />
                <Precinct name="8B" votes="0" />
                <Precinct name="8C" votes="0" />
            </VoteType>
        </Choice>
        <Choice key="35" text="Bee Nguyen" party="DEM" totalVotes="3939">
            <VoteType name="Absentee by Mail Votes" votes="509">
                <Precinct name="1A" votes="8" />
                <Precinct name="1B" votes="26" />
                <Precinct name="1C" votes="22" />
                <Precinct name="1D" votes="31" />
                <Precinct name="2A" votes="34" />
                <Precinct name="2B" votes="26" />
                <Precinct name="3A" votes="12" />
                <Precinct name="3B" votes="24" />
                <Precinct name="4A" votes="6" />
                <Precinct name="4B" votes="16" />
                <Precinct name="5A" votes="15" />
                <Precinct name="5B" votes="26" />
                <Precinct name="5C" votes="5" />
                <Precinct name="5D" votes="9" />
                <Precinct name="6A" votes="19" />
                <Precinct name="6B" votes="47" />
                <Precinct name="6C" votes="24" />
                <Precinct name="6D" votes="12" />
                <Precinct name="7A" votes="27" />
                <Precinct name="7B" votes="28" />
                <Precinct name="7C" votes="10" />
                <Precinct name="8A" votes="31" />
                <Precinct name="8B" votes="32" />
                <Precinct name="8C" votes="19" />
            </VoteType>
            <VoteType name="Advance Voting Votes" votes="1104">
                <Precinct name="1A" votes="24" />
                <Precinct name="1B" votes="52" />
                <Precinct name="1C" votes="35" />
                <Precinct name="1D" votes="58" />
                <Precinct name="2A" votes="32" />
                <Precinct name="2B" votes="51" />
                <Precinct name="3A" votes="23" />
                <Precinct name="3B" votes="41" />
                <Precinct name="4A" votes="9" />
                <Precinct name="4B" votes="48" />
                <Precinct name="5A" votes="96" />
                <Precinct name="5B" votes="56" />
                <Precinct name="5C" votes="70" />
                <Precinct name="5D" votes="22" />
                <Precinct name="6A" votes="31" />
                <Precinct name="6B" votes="94" />
                <Precinct name="6C" votes="48" />
                <Precinct name="6D" votes="55" />
                <Precinct name="7A" votes="28" />
                <Precinct name="7B" votes="59" />
                <Precinct name="7C" votes="35" />
                <Precinct name="8A" votes="49" />
                <Precinct name="8B" votes="41" />
                <Precinct name="8C" votes="47" />
            </VoteType>
            <VoteType name="Election Day Votes" votes="2326">
                <Precinct name="1A" votes="90" />
                <Precinct name="1B" votes="111" />
                <Precinct name="1C" votes="110" />
                <Precinct name="1D" votes="154" />
                <Precinct name="2A" votes="69" />
                <Precinct name="2B" votes="77" />
                <Precinct name="3A" votes="52" />
                <Precinct name="3B" votes="75" />
                <Precinct name="4A" votes="18" />
                <Precinct name="4B" votes="72" />
                <Precinct name="5A" votes="178" />
                <Precinct name="5B" votes="95" />
                <Precinct name="5C" votes="169" />
                <Precinct name="5D" votes="119" />
                <Precinct name="6A" votes="95" />
                <Precinct name="6B" votes="113" />
                <Precinct name="6C" votes="95" />
                <Precinct name="6D" votes="139" />
                <Precinct name="7A" votes="86" />
                <Precinct name="7B" votes="79" />
                <Precinct name="7C" votes="73" />
                <Precinct name="8A" votes="114" />
                <Precinct name="8B" votes="69" />
                <Precinct name="8C" votes="74" />
            </VoteType>
            <VoteType name="Provisional Votes" votes="0">
                <Precinct name="1A" votes="0" />
                <Precinct name="1B" votes="0" />
                <Precinct name="1C" votes="0" />
                <Precinct name="1D" votes="0" />
                <Precinct name="2A" votes="0" />
                <Precinct name="2B" votes="0" />
                <Precinct name="3A" votes="0" />
                <Precinct name="3B" votes="0" />
                <Precinct name="4A" votes="0" />
                <Precinct name="4B" votes="0" />
                <Precinct name="5A" votes="0" />
                <Precinct name="5B" votes="0" />
                <Precinct name="5C" votes="0" />
                <Precinct name="5D" votes="0" />
                <Precinct name="6A" votes="0" />
                <Precinct name="6B" votes="0" />
                <Precinct name="6C" votes="0" />
                <Precinct name="6D" votes="0" />
                <Precinct name="7A" votes="0" />
                <Precinct name="7B" votes="0" />
                <Precinct name="7C" votes="0" />
                <Precinct name="8A" votes="0" />
                <Precinct name="8B" votes="0" />
                <Precinct name="8C" votes="0" />
            </VoteType>
        </Choice>
    </Contest>
    <Contest key="14" text="Commissioner of Insurance - Dem" voteFor="1" isQuestion="false" precinctsReporting="24" precinctsReported="24">
        <VoteType name="Undervotes" votes="375">
            <Precinct name="1A" votes="13" />
            <Precinct name="1B" votes="11" />
            <Precinct name="1C" votes="7" />
            <Precinct name="1D" votes="17" />
            <Precinct name="2A" votes="3" />
            <Precinct name="2B" votes="12" />
            <Precinct name="3A" votes="9" />
            <Precinct name="3B" votes="19" />
            <Precinct name="4A" votes="1" />
            <Precinct name="4B" votes="15" />
            <Precinct name="5A" votes="43" />
            <Precinct name="5B" votes="18" />
            <Precinct name="5C" votes="30" />
            <Precinct name="5D" votes="16" />
            <Precinct name="6A" votes="5" />
            <Precinct name="6B" votes="26" />
            <Precinct name="6C" votes="12" />
            <Precinct name="6D" votes="31" />
            <Precinct name="7A" votes="12" />
            <Precinct name="7B" votes="19" />
            <Precinct name="7C" votes="20" />
            <Precinct name="8A" votes="13" />
            <Precinct name="8B" votes="11" />
            <Precinct name="8C" votes="12" />
        </VoteType>
        <VoteType name="Overvotes" votes="0">
            <Precinct name="1A" votes="0" />
            <Precinct name="1B" votes="0" />
            <Precinct name="1C" votes="0" />
            <Precinct name="1D" votes="0" />
            <Precinct name="2A" votes="0" />
            <Precinct name="2B" votes="0" />
            <Precinct name="3A" votes="0" />
            <Precinct name="3B" votes="0" />
            <Precinct name="4A" votes="0" />
            <Precinct name="4B" votes="0" />
            <Precinct name="5A" votes="0" />
            <Precinct name="5B" votes="0" />
            <Precinct name="5C" votes="0" />
            <Precinct name="5D" votes="0" />
            <Precinct name="6A" votes="0" />
            <Precinct name="6B" votes="0" />
            <Precinct name="6C" votes="0" />
            <Precinct name="6D" votes="0" />
            <Precinct name="7A" votes="0" />
            <Precinct name="7B" votes="0" />
            <Precinct name="7C" votes="0" />
            <Precinct name="8A" votes="0" />
            <Precinct name="8B" votes="0" />
            <Precinct name="8C" votes="0" />
        </VoteType>
        <Choice key="48" text="Raphael Baker" party="DEM" totalVotes="1225">
            <VoteType name="Absentee by Mail Votes" votes="146">
                <Precinct name="1A" votes="1" />
                <Precinct name="1B" votes="6" />
                <Precinct name="1C" votes="6" />
                <Precinct name="1D" votes="5" />
                <Precinct name="2A" votes="14" />
                <Precinct name="2B" votes="8" />
                <Precinct name="3A" votes="11" />
                <Precinct name="3B" votes="9" />
                <Precinct name="4A" votes="0" />
                <Precinct name="4B" votes="1" />
                <Precinct name="5A" votes="10" />
                <Precinct name="5B" votes="11" />
                <Precinct name="5C" votes="2" />
                <Precinct name="5D" votes="2" />
                <Precinct name="6A" votes="1" />
                <Precinct name="6B" votes="11" />
                <Precinct name="6C" votes="10" />
                <Precinct name="6D" votes="4" />
                <Precinct name="7A" votes="4" />
                <Precinct name="7B" votes="6" />
                <Precinct name="7C" votes="0" />
                <Precinct name="8A" votes="5" />
                <Precinct name="8B" votes="14" />
                <Precinct name="8C" votes="5" />
            </VoteType>
            <VoteType name="Advance Voting Votes" votes="310">
                <Precinct name="1A" votes="10" />
                <Precinct name="1B" votes="20" />
                <Precinct name="1C" votes="6" />
                <Precinct name="1D" votes="15" />
                <Precinct name="2A" votes="11" />
                <Precinct name="2B" votes="15" />
                <Precinct name="3A" votes="6" />
                <Precinct name="3B" votes="16" />
                <Precinct name="4A" votes="3" />
                <Precinct name="4B" votes="9" />
                <Precinct name="5A" votes="28" />
                <Precinct name="5B" votes="17" />
                <Precinct name="5C" votes="21" />
                <Precinct name="5D" votes="15" />
                <Precinct name="6A" votes="8" />
                <Precinct name="6B" votes="25" />
                <Precinct name="6C" votes="13" />
                <Precinct name="6D" votes="12" />
                <Precinct name="7A" votes="7" />
                <Precinct name="7B" votes="9" />
                <Precinct name="7C" votes="9" />
                <Precinct name="8A" votes="13" />
                <Precinct name="8B" votes="12" />
                <Precinct name="8C" votes="10" />
            </VoteType>
            <VoteType name="Election Day Votes" votes="769">
                <Precinct name="1A" votes="30" />
                <Precinct name="1B" votes="42" />
                <Precinct name="1C" votes="31" />
                <Precinct name="1D" votes="44" />
                <Precinct name="2A" votes="41" />
                <Precinct name="2B" votes="40" />
                <Precinct name="3A" votes="17" />
                <Precinct name="3B" votes="21" />
                <Precinct name="4A" votes="7" />
                <Precinct name="4B" votes="22" />
                <Precinct name="5A" votes="61" />
                <Precinct name="5B" votes="39" />
                <Precinct name="5C" votes="30" />
                <Precinct name="5D" votes="47" />
                <Precinct name="6A" votes="29" />
                <Precinct name="6B" votes="45" />
                <Precinct name="6C" votes="29" />
                <Precinct name="6D" votes="58" />
                <Precinct name="7A" votes="33" />
                <Precinct name="7B" votes="19" />
                <Precinct name="7C" votes="18" />
                <Precinct name="8A" votes="25" />
                <Precinct name="8B" votes="20" />
                <Precinct name="8C" votes="21" />
            </VoteType>
            <VoteType name="Provisional Votes" votes="0">
                <Precinct name="1A" votes="0" />
                <Precinct name="1B" votes="0" />
                <Precinct name="1C" votes="0" />
                <Precinct name="1D" votes="0" />
                <Precinct name="2A" votes="0" />
                <Precinct name="2B" votes="0" />
                <Precinct name="3A" votes="0" />
                <Precinct name="3B" votes="0" />
                <Precinct name="4A" votes="0" />
                <Precinct name="4B" votes="0" />
                <Precinct name="5A" votes="0" />
                <Precinct name="5B" votes="0" />
                <Precinct name="5C" votes="0" />
                <Precinct name="5D" votes="0" />
                <Precinct name="6A" votes="0" />
                <Precinct name="6B" votes="0" />
                <Precinct name="6C" votes="0" />
                <Precinct name="6D" votes="0" />
                <Precinct name="7A" votes="0" />
                <Precinct name="7B" votes="0" />
                <Precinct name="7C" votes="0" />
                <Precinct name="8A" votes="0" />
                <Precinct name="8B" votes="0" />
                <Precinct name="8C" votes="0" />
            </VoteType>
        </Choice>
        <Choice key="49" text="Janice Laws Robinson" party="DEM" totalVotes="3042">
            <VoteType name="Absentee by Mail Votes" votes="421">
                <Precinct name="1A" votes="4" />
                <Precinct name="1B" votes="18" />
                <Precinct name="1C" votes="16" />
                <Precinct name="1D" votes="26" />
                <Precinct name="2A" votes="35" />
                <Precinct name="2B" votes="17" />
                <Precinct name="3A" votes="10" />
                <Precinct name="3B" votes="21" />
                <Precinct name="4A" votes="6" />
                <Precinct name="4B" votes="15" />
                <Precinct name="5A" votes="15" />
                <Precinct name="5B" votes="19" />
                <Precinct name="5C" votes="7" />
                <Precinct name="5D" votes="10" />
                <Precinct name="6A" votes="22" />
                <Precinct name="6B" votes="40" />
                <Precinct name="6C" votes="15" />
                <Precinct name="6D" votes="9" />
                <Precinct name="7A" votes="23" />
                <Precinct name="7B" votes="21" />
                <Precinct name="7C" votes="10" />
                <Precinct name="8A" votes="26" />
                <Precinct name="8B" votes="18" />
                <Precinct name="8C" votes="18" />
            </VoteType>
            <VoteType name="Advance Voting Votes" votes="877">
                <Precinct name="1A" votes="19" />
                <Precinct name="1B" votes="38" />
                <Precinct name="1C" votes="27" />
                <Precinct name="1D" votes="44" />
                <Precinct name="2A" votes="25" />
                <Precinct name="2B" votes="50" />
                <Precinct name="3A" votes="24" />
                <Precinct name="3B" votes="28" />
                <Precinct name="4A" votes="6" />
                <Precinct name="4B" votes="38" />
                <Precinct name="5A" votes="71" />
                <Precinct name="5B" votes="47" />
                <Precinct name="5C" votes="49" />
                <Precinct name="5D" votes="19" />
                <Precinct name="6A" votes="26" />
                <Precinct name="6B" votes="70" />
                <Precinct name="6C" votes="37" />
                <Precinct name="6D" votes="46" />
                <Precinct name="7A" votes="25" />
                <Precinct name="7B" votes="53" />
                <Precinct name="7C" votes="27" />
                <Precinct name="8A" votes="35" />
                <Precinct name="8B" votes="33" />
                <Precinct name="8C" votes="40" />
            </VoteType>
            <VoteType name="Election Day Votes" votes="1744">
                <Precinct name="1A" votes="67" />
                <Precinct name="1B" votes="83" />
                <Precinct name="1C" votes="91" />
                <Precinct name="1D" votes="116" />
                <Precinct name="2A" votes="63" />
                <Precinct name="2B" votes="53" />
                <Precinct name="3A" votes="50" />
                <Precinct name="3B" votes="50" />
                <Precinct name="4A" votes="12" />
                <Precinct name="4B" votes="49" />
                <Precinct name="5A" votes="128" />
                <Precinct name="5B" votes="70" />
                <Precinct name="5C" votes="122" />
                <Precinct name="5D" votes="93" />
                <Precinct name="6A" votes="82" />
                <Precinct name="6B" votes="89" />
                <Precinct name="6C" votes="69" />
                <Precinct name="6D" votes="91" />
                <Precinct name="7A" votes="67" />
                <Precinct name="7B" votes="56" />
                <Precinct name="7C" votes="48" />
                <Precinct name="8A" votes="90" />
                <Precinct name="8B" votes="50" />
                <Precinct name="8C" votes="55" />
            </VoteType>
            <VoteType name="Provisional Votes" votes="0">
                <Precinct name="1A" votes="0" />
                <Precinct name="1B" votes="0" />
                <Precinct name="1C" votes="0" />
                <Precinct name="1D" votes="0" />
                <Precinct name="2A" votes="0" />
                <Precinct name="2B" votes="0" />
                <Precinct name="3A" votes="0" />
                <Precinct name="3B" votes="0" />
                <Precinct name="4A" votes="0" />
                <Precinct name="4B" votes="0" />
                <Precinct name="5A" votes="0" />
                <Precinct name="5B" votes="0" />
                <Precinct name="5C" votes="0" />
                <Precinct name="5D" votes="0" />
                <Precinct name="6A" votes="0" />
                <Precinct name="6B" votes="0" />
                <Precinct name="6C" votes="0" />
                <Precinct name="6D" votes="0" />
                <Precinct name="7A" votes="0" />
                <Precinct name="7B" votes="0" />
                <Precinct name="7C" votes="0" />
                <Precinct name="8A" votes="0" />
                <Precinct name="8B" votes="0" />
                <Precinct name="8C" votes="0" />
            </VoteType>
        </Choice>
    </Contest>
    <Contest key="18" text="Commissioner of Labor - Dem" voteFor="1" isQuestion="false" precinctsReporting="24" precinctsReported="24">
        <VoteType name="Undervotes" votes="303">
            <Precinct name="1A" votes="10" />
            <Precinct name="1B" votes="6" />
            <Precinct name="1C" votes="3" />
            <Precinct name="1D" votes="17" />
            <Precinct name="2A" votes="2" />
            <Precinct name="2B" votes="5" />
            <Precinct name="3A" votes="8" />
            <Precinct name="3B" votes="12" />
            <Precinct name="4A" votes="0" />
            <Precinct name="4B" votes="9" />
            <Precinct name="5A" votes="46" />
            <Precinct name="5B" votes="16" />
            <Precinct name="5C" votes="24" />
            <Precinct name="5D" votes="15" />
            <Precinct name="6A" votes="5" />
            <Precinct name="6B" votes="23" />
            <Precinct name="6C" votes="7" />
            <Precinct name="6D" votes="33" />
            <Precinct name="7A" votes="10" />
            <Precinct name="7B" votes="10" />
            <Precinct name="7C" votes="16" />
            <Precinct name="8A" votes="7" />
            <Precinct name="8B" votes="11" />
            <Precinct name="8C" votes="8" />
        </VoteType>
        <VoteType name="Overvotes" votes="0">
            <Precinct name="1A" votes="0" />
            <Precinct name="1B" votes="0" />
            <Precinct name="1C" votes="0" />
            <Precinct name="1D" votes="0" />
            <Precinct name="2A" votes="0" />
            <Precinct name="2B" votes="0" />
            <Precinct name="3A" votes="0" />
            <Precinct name="3B" votes="0" />
            <Precinct name="4A" votes="0" />
            <Precinct name="4B" votes="0" />
            <Precinct name="5A" votes="0" />
            <Precinct name="5B" votes="0" />
            <Precinct name="5C" votes="0" />
            <Precinct name="5D" votes="0" />
            <Precinct name="6A" votes="0" />
            <Precinct name="6B" votes="0" />
            <Precinct name="6C" votes="0" />
            <Precinct name="6D" votes="0" />
            <Precinct name="7A" votes="0" />
            <Precinct name="7B" votes="0" />
            <Precinct name="7C" votes="0" />
            <Precinct name="8A" votes="0" />
            <Precinct name="8B" votes="0" />
            <Precinct name="8C" votes="0" />
        </VoteType>
        <Choice key="60" text="William &quot;&quot;Will&quot;&quot; Boddie, Jr." party="DEM" totalVotes="2661">
            <VoteType name="Absentee by Mail Votes" votes="371">
                <Precinct name="1A" votes="7" />
                <Precinct name="1B" votes="19" />
                <Precinct name="1C" votes="13" />
                <Precinct name="1D" votes="10" />
                <Precinct name="2A" votes="33" />
                <Precinct name="2B" votes="25" />
                <Precinct name="3A" votes="16" />
                <Precinct name="3B" votes="19" />
                <Precinct name="4A" votes="3" />
                <Precinct name="4B" votes="6" />
                <Precinct name="5A" votes="12" />
                <Precinct name="5B" votes="24" />
                <Precinct name="5C" votes="6" />
                <Precinct name="5D" votes="7" />
                <Precinct name="6A" votes="11" />
                <Precinct name="6B" votes="40" />
                <Precinct name="6C" votes="14" />
                <Precinct name="6D" votes="8" />
                <Precinct name="7A" votes="19" />
                <Precinct name="7B" votes="16" />
                <Precinct name="7C" votes="7" />
                <Precinct name="8A" votes="17" />
                <Precinct name="8B" votes="25" />
                <Precinct name="8C" votes="14" />
            </VoteType>
            <VoteType name="Advance Voting Votes" votes="763">
                <Precinct name="1A" votes="24" />
                <Precinct name="1B" votes="39" />
                <Precinct name="1C" votes="24" />
                <Precinct name="1D" votes="33" />
                <Precinct name="2A" votes="24" />
                <Precinct name="2B" votes="48" />
                <Precinct name="3A" votes="21" />
                <Precinct name="3B" votes="28" />
                <Precinct name="4A" votes="3" />
                <Precinct name="4B" votes="28" />
                <Precinct name="5A" votes="52" />
                <Precinct name="5B" votes="46" />
                <Precinct name="5C" votes="41" />
                <Precinct name="5D" votes="30" />
                <Precinct name="6A" votes="22" />
                <Precinct name="6B" votes="59" />
                <Precinct name="6C" votes="37" />
                <Precinct name="6D" votes="39" />
                <Precinct name="7A" votes="21" />
                <Precinct name="7B" votes="35" />
                <Precinct name="7C" votes="23" />
                <Precinct name="8A" votes="28" />
                <Precinct name="8B" votes="29" />
                <Precinct name="8C" votes="29" />
            </VoteType>
            <VoteType name="Election Day Votes" votes="1526">
                <Precinct name="1A" votes="56" />
                <Precinct name="1B" votes="79" />
                <Precinct name="1C" votes="69" />
                <Precinct name="1D" votes="94" />
                <Precinct name="2A" votes="69" />
                <Precinct name="2B" votes="66" />
                <Precinct name="3A" votes="43" />
                <Precinct name="3B" votes="50" />
                <Precinct name="4A" votes="11" />
                <Precinct name="4B" votes="43" />
                <Precinct name="5A" votes="102" />
                <Precinct name="5B" votes="62" />
                <Precinct name="5C" votes="104" />
                <Precinct name="5D" votes="86" />
                <Precinct name="6A" votes="62" />
                <Precinct name="6B" votes="70" />
                <Precinct name="6C" votes="63" />
                <Precinct name="6D" votes="73" />
                <Precinct name="7A" votes="63" />
                <Precinct name="7B" votes="56" />
                <Precinct name="7C" votes="46" />
                <Precinct name="8A" votes="76" />
                <Precinct name="8B" votes="37" />
                <Precinct name="8C" votes="46" />
            </VoteType>
            <VoteType name="Provisional Votes" votes="1">
                <Precinct name="1A" votes="0" />
                <Precinct name="1B" votes="0" />
                <Precinct name="1C" votes="0" />
                <Precinct name="1D" votes="0" />
                <Precinct name="2A" votes="0" />
                <Precinct name="2B" votes="0" />
                <Precinct name="3A" votes="0" />
                <Precinct name="3B" votes="0" />
                <Precinct name="4A" votes="0" />
                <Precinct name="4B" votes="0" />
                <Precinct name="5A" votes="0" />
                <Precinct name="5B" votes="0" />
                <Precinct name="5C" votes="0" />
                <Precinct name="5D" votes="0" />
                <Precinct name="6A" votes="0" />
                <Precinct name="6B" votes="0" />
                <Precinct name="6C" votes="1" />
                <Precinct name="6D" votes="0" />
                <Precinct name="7A" votes="0" />
                <Precinct name="7B" votes="0" />
                <Precinct name="7C" votes="0" />
                <Precinct name="8A" votes="0" />
                <Precinct name="8B" votes="0" />
                <Precinct name="8C" votes="0" />
            </VoteType>
        </Choice>
        <Choice key="62" text="Nicole Horn" party="DEM" totalVotes="1678">
            <VoteType name="Absentee by Mail Votes" votes="208">
                <Precinct name="1A" votes="1" />
                <Precinct name="1B" votes="7" />
                <Precinct name="1C" votes="10" />
                <Precinct name="1D" votes="19" />
                <Precinct name="2A" votes="16" />
                <Precinct name="2B" votes="5" />
                <Precinct name="3A" votes="5" />
                <Precinct name="3B" votes="10" />
                <Precinct name="4A" votes="3" />
                <Precinct name="4B" votes="10" />
                <Precinct name="5A" votes="11" />
                <Precinct name="5B" votes="6" />
                <Precinct name="5C" votes="3" />
                <Precinct name="5D" votes="5" />
                <Precinct name="6A" votes="12" />
                <Precinct name="6B" votes="12" />
                <Precinct name="6C" votes="11" />
                <Precinct name="6D" votes="5" />
                <Precinct name="7A" votes="8" />
                <Precinct name="7B" votes="14" />
                <Precinct name="7C" votes="3" />
                <Precinct name="8A" votes="14" />
                <Precinct name="8B" votes="9" />
                <Precinct name="8C" votes="9" />
            </VoteType>
            <VoteType name="Advance Voting Votes" votes="434">
                <Precinct name="1A" votes="3" />
                <Precinct name="1B" votes="20" />
                <Precinct name="1C" votes="10" />
                <Precinct name="1D" votes="26" />
                <Precinct name="2A" votes="12" />
                <Precinct name="2B" votes="17" />
                <Precinct name="3A" votes="9" />
                <Precinct name="3B" votes="17" />
                <Precinct name="4A" votes="6" />
                <Precinct name="4B" votes="22" />
                <Precinct name="5A" votes="49" />
                <Precinct name="5B" votes="18" />
                <Precinct name="5C" votes="29" />
                <Precinct name="5D" votes="5" />
                <Precinct name="6A" votes="14" />
                <Precinct name="6B" votes="37" />
                <Precinct name="6C" votes="13" />
                <Precinct name="6D" votes="20" />
                <Precinct name="7A" votes="11" />
                <Precinct name="7B" votes="25" />
                <Precinct name="7C" votes="13" />
                <Precinct name="8A" votes="21" />
                <Precinct name="8B" votes="14" />
                <Precinct name="8C" votes="23" />
            </VoteType>
            <VoteType name="Election Day Votes" votes="1036">
                <Precinct name="1A" votes="43" />
                <Precinct name="1B" votes="48" />
                <Precinct name="1C" votes="55" />
                <Precinct name="1D" votes="68" />
                <Precinct name="2A" votes="36" />
                <Precinct name="2B" votes="29" />
                <Precinct name="3A" votes="25" />
                <Precinct name="3B" votes="28" />
                <Precinct name="4A" votes="9" />
                <Precinct name="4B" votes="31" />
                <Precinct name="5A" votes="84" />
                <Precinct name="5B" votes="49" />
                <Precinct name="5C" votes="54" />
                <Precinct name="5D" votes="54" />
                <Precinct name="6A" votes="47" />
                <Precinct name="6B" votes="65" />
                <Precinct name="6C" votes="39" />
                <Precinct name="6D" votes="73" />
                <Precinct name="7A" votes="39" />
                <Precinct name="7B" votes="27" />
                <Precinct name="7C" votes="24" />
                <Precinct name="8A" votes="44" />
                <Precinct name="8B" votes="33" />
                <Precinct name="8C" votes="32" />
            </VoteType>
            <VoteType name="Provisional Votes" votes="0">
                <Precinct name="1A" votes="0" />
                <Precinct name="1B" votes="0" />
                <Precinct name="1C" votes="0" />
                <Precinct name="1D" votes="0" />
                <Precinct name="2A" votes="0" />
                <Precinct name="2B" votes="0" />
                <Precinct name="3A" votes="0" />
                <Precinct name="3B" votes="0" />
                <Precinct name="4A" votes="0" />
                <Precinct name="4B" votes="0" />
                <Precinct name="5A" votes="0" />
                <Precinct name="5B" votes="0" />
                <Precinct name="5C" votes="0" />
                <Precinct name="5D" votes="0" />
                <Precinct name="6A" votes="0" />
                <Precinct name="6B" votes="0" />
                <Precinct name="6C" votes="0" />
                <Precinct name="6D" votes="0" />
                <Precinct name="7A" votes="0" />
                <Precinct name="7B" votes="0" />
                <Precinct name="7C" votes="0" />
                <Precinct name="8A" votes="0" />
                <Precinct name="8B" votes="0" />
                <Precinct name="8C" votes="0" />
            </VoteType>
        </Choice>
    </Contest>
    <Contest key="23" text="US House of Representatives - District 10 - Rep" voteFor="1" isQuestion="false" precinctsReporting="24" precinctsReported="24">
        <VoteType name="Undervotes" votes="34">
            <Precinct name="1A" votes="0" />
            <Precinct name="1B" votes="2" />
            <Precinct name="1C" votes="0" />
            <Precinct name="1D" votes="1" />
            <Precinct name="2A" votes="0" />
            <Precinct name="2B" votes="0" />
            <Precinct name="3A" votes="0" />
            <Precinct name="3B" votes="0" />
            <Precinct name="4A" votes="0" />
            <Precinct name="4B" votes="0" />
            <Precinct name="5A" votes="7" />
            <Precinct name="5B" votes="1" />
            <Precinct name="5C" votes="1" />
            <Precinct name="5D" votes="1" />
            <Precinct name="6A" votes="1" />
            <Precinct name="6B" votes="10" />
            <Precinct name="6C" votes="1" />
            <Precinct name="6D" votes="6" />
            <Precinct name="7A" votes="1" />
            <Precinct name="7B" votes="0" />
            <Precinct name="7C" votes="0" />
            <Precinct name="8A" votes="1" />
            <Precinct name="8B" votes="0" />
            <Precinct name="8C" votes="1" />
        </VoteType>
        <VoteType name="Overvotes" votes="0">
            <Precinct name="1A" votes="0" />
            <Precinct name="1B" votes="0" />
            <Precinct name="1C" votes="0" />
            <Precinct name="1D" votes="0" />
            <Precinct name="2A" votes="0" />
            <Precinct name="2B" votes="0" />
            <Precinct name="3A" votes="0" />
            <Precinct name="3B" votes="0" />
            <Precinct name="4A" votes="0" />
            <Precinct name="4B" votes="0" />
            <Precinct name="5A" votes="0" />
            <Precinct name="5B" votes="0" />
            <Precinct name="5C" votes="0" />
            <Precinct name="5D" votes="0" />
            <Precinct name="6A" votes="0" />
            <Precinct name="6B" votes="0" />
            <Precinct name="6C" votes="0" />
            <Precinct name="6D" votes="0" />
            <Precinct name="7A" votes="0" />
            <Precinct name="7B" votes="0" />
            <Precinct name="7C" votes="0" />
            <Precinct name="8A" votes="0" />
            <Precinct name="8B" votes="0" />
            <Precinct name="8C" votes="0" />
        </VoteType>
        <Choice key="74" text="Mike Collins" party="REP" totalVotes="2376">
            <VoteType name="Absentee by Mail Votes" votes="316">
                <Precinct name="1A" votes="20" />
                <Precinct name="1B" votes="24" />
                <Precinct name="1C" votes="12" />
                <Precinct name="1D" votes="23" />
                <Precinct name="2A" votes="18" />
                <Precinct name="2B" votes="1" />
                <Precinct name="3A" votes="3" />
                <Precinct name="3B" votes="1" />
                <Precinct name="4A" votes="3" />
                <Precinct name="4B" votes="3" />
                <Precinct name="5A" votes="18" />
                <Precinct name="5B" votes="11" />
                <Precinct name="5C" votes="5" />
                <Precinct name="5D" votes="8" />
                <Precinct name="6A" votes="20" />
                <Precinct name="6B" votes="27" />
                <Precinct name="6C" votes="25" />
                <Precinct name="6D" votes="5" />
                <Precinct name="7A" votes="13" />
                <Precinct name="7B" votes="32" />
                <Precinct name="7C" votes="12" />
                <Precinct name="8A" votes="14" />
                <Precinct name="8B" votes="12" />
                <Precinct name="8C" votes="6" />
            </VoteType>
            <VoteType name="Advance Voting Votes" votes="521">
                <Precinct name="1A" votes="16" />
                <Precinct name="1B" votes="21" />
                <Precinct name="1C" votes="20" />
                <Precinct name="1D" votes="23" />
                <Precinct name="2A" votes="6" />
                <Precinct name="2B" votes="4" />
                <Precinct name="3A" votes="2" />
                <Precinct name="3B" votes="9" />
                <Precinct name="4A" votes="2" />
                <Precinct name="4B" votes="25" />
                <Precinct name="5A" votes="54" />
                <Precinct name="5B" votes="31" />
                <Precinct name="5C" votes="4" />
                <Precinct name="5D" votes="13" />
                <Precinct name="6A" votes="15" />
                <Precinct name="6B" votes="81" />
                <Precinct name="6C" votes="23" />
                <Precinct name="6D" votes="18" />
                <Precinct name="7A" votes="23" />
                <Precinct name="7B" votes="44" />
                <Precinct name="7C" votes="46" />
                <Precinct name="8A" votes="15" />
                <Precinct name="8B" votes="14" />
                <Precinct name="8C" votes="12" />
            </VoteType>
            <VoteType name="Election Day Votes" votes="1539">
                <Precinct name="1A" votes="103" />
                <Precinct name="1B" votes="64" />
                <Precinct name="1C" votes="79" />
                <Precinct name="1D" votes="119" />
                <Precinct name="2A" votes="18" />
                <Precinct name="2B" votes="3" />
                <Precinct name="3A" votes="8" />
                <Precinct name="3B" votes="14" />
                <Precinct name="4A" votes="8" />
                <Precinct name="4B" votes="75" />
                <Precinct name="5A" votes="92" />
                <Precinct name="5B" votes="58" />
                <Precinct name="5C" votes="19" />
                <Precinct name="5D" votes="44" />
                <Precinct name="6A" votes="133" />
                <Precinct name="6B" votes="97" />
                <Precinct name="6C" votes="117" />
                <Precinct name="6D" votes="41" />
                <Precinct name="7A" votes="103" />
                <Precinct name="7B" votes="83" />
                <Precinct name="7C" votes="94" />
                <Precinct name="8A" votes="67" />
                <Precinct name="8B" votes="53" />
                <Precinct name="8C" votes="47" />
            </VoteType>
            <VoteType name="Provisional Votes" votes="0">
                <Precinct name="1A" votes="0" />
                <Precinct name="1B" votes="0" />
                <Precinct name="1C" votes="0" />
                <Precinct name="1D" votes="0" />
                <Precinct name="2A" votes="0" />
                <Precinct name="2B" votes="0" />
                <Precinct name="3A" votes="0" />
                <Precinct name="3B" votes="0" />
                <Precinct name="4A" votes="0" />
                <Precinct name="4B" votes="0" />
                <Precinct name="5A" votes="0" />
                <Precinct name="5B" votes="0" />
                <Precinct name="5C" votes="0" />
                <Precinct name="5D" votes="0" />
                <Precinct name="6A" votes="0" />
                <Precinct name="6B" votes="0" />
                <Precinct name="6C" votes="0" />
                <Precinct name="6D" votes="0" />
                <Precinct name="7A" votes="0" />
                <Precinct name="7B" votes="0" />
                <Precinct name="7C" votes="0" />
                <Precinct name="8A" votes="0" />
                <Precinct name="8B" votes="0" />
                <Precinct name="8C" votes="0" />
            </VoteType>
        </Choice>
        <Choice key="76" text="Vernon Jones" party="REP" totalVotes="683">
            <VoteType name="Absentee by Mail Votes" votes="64">
                <Precinct name="1A" votes="0" />
                <Precinct name="1B" votes="3" />
                <Precinct name="1C" votes="2" />
                <Precinct name="1D" votes="2" />
                <Precinct name="2A" votes="1" />
                <Precinct name="2B" votes="1" />
                <Precinct name="3A" votes="0" />
                <Precinct name="3B" votes="3" />
                <Precinct name="4A" votes="1" />
                <Precinct name="4B" votes="1" />
                <Precinct name="5A" votes="7" />
                <Precinct name="5B" votes="1" />
                <Precinct name="5C" votes="0" />
                <Precinct name="5D" votes="2" />
                <Precinct name="6A" votes="0" />
                <Precinct name="6B" votes="3" />
                <Precinct name="6C" votes="7" />
                <Precinct name="6D" votes="4" />
                <Precinct name="7A" votes="5" />
                <Precinct name="7B" votes="5" />
                <Precinct name="7C" votes="3" />
                <Precinct name="8A" votes="2" />
                <Precinct name="8B" votes="8" />
                <Precinct name="8C" votes="3" />
            </VoteType>
            <VoteType name="Advance Voting Votes" votes="116">
                <Precinct name="1A" votes="0" />
                <Precinct name="1B" votes="5" />
                <Precinct name="1C" votes="3" />
                <Precinct name="1D" votes="8" />
                <Precinct name="2A" votes="0" />
                <Precinct name="2B" votes="3" />
                <Precinct name="3A" votes="0" />
                <Precinct name="3B" votes="4" />
                <Precinct name="4A" votes="0" />
                <Precinct name="4B" votes="2" />
                <Precinct name="5A" votes="15" />
                <Precinct name="5B" votes="4" />
                <Precinct name="5C" votes="1" />
                <Precinct name="5D" votes="3" />
                <Precinct name="6A" votes="5" />
                <Precinct name="6B" votes="15" />
                <Precinct name="6C" votes="6" />
                <Precinct name="6D" votes="7" />
                <Precinct name="7A" votes="12" />
                <Precinct name="7B" votes="10" />
                <Precinct name="7C" votes="6" />
                <Precinct name="8A" votes="1" />
                <Precinct name="8B" votes="1" />
                <Precinct name="8C" votes="5" />
            </VoteType>
            <VoteType name="Election Day Votes" votes="503">
                <Precinct name="1A" votes="24" />
                <Precinct name="1B" votes="34" />
                <Precinct name="1C" votes="25" />
                <Precinct name="1D" votes="39" />
                <Precinct name="2A" votes="17" />
                <Precinct name="2B" votes="3" />
                <Precinct name="3A" votes="4" />
                <Precinct name="3B" votes="3" />
                <Precinct name="4A" votes="4" />
                <Precinct name="4B" votes="11" />
                <Precinct name="5A" votes="28" />
                <Precinct name="5B" votes="28" />
                <Precinct name="5C" votes="11" />
                <Precinct name="5D" votes="23" />
                <Precinct name="6A" votes="44" />
                <Precinct name="6B" votes="47" />
                <Precinct name="6C" votes="40" />
                <Precinct name="6D" votes="20" />
                <Precinct name="7A" votes="20" />
                <Precinct name="7B" votes="18" />
                <Precinct name="7C" votes="8" />
                <Precinct name="8A" votes="13" />
                <Precinct name="8B" votes="19" />
                <Precinct name="8C" votes="20" />
            </VoteType>
            <VoteType name="Provisional Votes" votes="0">
                <Precinct name="1A" votes="0" />
                <Precinct name="1B" votes="0" />
                <Precinct name="1C" votes="0" />
                <Precinct name="1D" votes="0" />
                <Precinct name="2A" votes="0" />
                <Precinct name="2B" votes="0" />
                <Precinct name="3A" votes="0" />
                <Precinct name="3B" votes="0" />
                <Precinct name="4A" votes="0" />
                <Precinct name="4B" votes="0" />
                <Precinct name="5A" votes="0" />
                <Precinct name="5B" votes="0" />
                <Precinct name="5C" votes="0" />
                <Precinct name="5D" votes="0" />
                <Precinct name="6A" votes="0" />
                <Precinct name="6B" votes="0" />
                <Precinct name="6C" votes="0" />
                <Precinct name="6D" votes="0" />
                <Precinct name="7A" votes="0" />
                <Precinct name="7B" votes="0" />
                <Precinct name="7C" votes="0" />
                <Precinct name="8A" votes="0" />
                <Precinct name="8B" votes="0" />
                <Precinct name="8C" votes="0" />
            </VoteType>
        </Choice>
    </Contest>
    <Contest key="24" text="US House of Representatives - District 10 - Dem" voteFor="1" isQuestion="false" precinctsReporting="24" precinctsReported="24">
        <VoteType name="Undervotes" votes="154">
            <Precinct name="1A" votes="7" />
            <Precinct name="1B" votes="6" />
            <Precinct name="1C" votes="2" />
            <Precinct name="1D" votes="9" />
            <Precinct name="2A" votes="7" />
            <Precinct name="2B" votes="6" />
            <Precinct name="3A" votes="3" />
            <Precinct name="3B" votes="2" />
            <Precinct name="4A" votes="0" />
            <Precinct name="4B" votes="4" />
            <Precinct name="5A" votes="24" />
            <Precinct name="5B" votes="3" />
            <Precinct name="5C" votes="5" />
            <Precinct name="5D" votes="10" />
            <Precinct name="6A" votes="0" />
            <Precinct name="6B" votes="13" />
            <Precinct name="6C" votes="5" />
            <Precinct name="6D" votes="17" />
            <Precinct name="7A" votes="8" />
            <Precinct name="7B" votes="3" />
            <Precinct name="7C" votes="8" />
            <Precinct name="8A" votes="3" />
            <Precinct name="8B" votes="3" />
            <Precinct name="8C" votes="6" />
        </VoteType>
        <VoteType name="Overvotes" votes="0">
            <Precinct name="1A" votes="0" />
            <Precinct name="1B" votes="0" />
            <Precinct name="1C" votes="0" />
            <Precinct name="1D" votes="0" />
            <Precinct name="2A" votes="0" />
            <Precinct name="2B" votes="0" />
            <Precinct name="3A" votes="0" />
            <Precinct name="3B" votes="0" />
            <Precinct name="4A" votes="0" />
            <Precinct name="4B" votes="0" />
            <Precinct name="5A" votes="0" />
            <Precinct name="5B" votes="0" />
            <Precinct name="5C" votes="0" />
            <Precinct name="5D" votes="0" />
            <Precinct name="6A" votes="0" />
            <Precinct name="6B" votes="0" />
            <Precinct name="6C" votes="0" />
            <Precinct name="6D" votes="0" />
            <Precinct name="7A" votes="0" />
            <Precinct name="7B" votes="0" />
            <Precinct name="7C" votes="0" />
            <Precinct name="8A" votes="0" />
            <Precinct name="8B" votes="0" />
            <Precinct name="8C" votes="0" />
        </VoteType>
        <Choice key="80" text="Jessica Allison Fore" party="DEM" totalVotes="2176">
            <VoteType name="Absentee by Mail Votes" votes="257">
                <Precinct name="1A" votes="2" />
                <Precinct name="1B" votes="13" />
                <Precinct name="1C" votes="16" />
                <Precinct name="1D" votes="21" />
                <Precinct name="2A" votes="8" />
                <Precinct name="2B" votes="3" />
                <Precinct name="3A" votes="3" />
                <Precinct name="3B" votes="12" />
                <Precinct name="4A" votes="4" />
                <Precinct name="4B" votes="13" />
                <Precinct name="5A" votes="14" />
                <Precinct name="5B" votes="9" />
                <Precinct name="5C" votes="2" />
                <Precinct name="5D" votes="2" />
                <Precinct name="6A" votes="8" />
                <Precinct name="6B" votes="21" />
                <Precinct name="6C" votes="15" />
                <Precinct name="6D" votes="3" />
                <Precinct name="7A" votes="11" />
                <Precinct name="7B" votes="17" />
                <Precinct name="7C" votes="9" />
                <Precinct name="8A" votes="22" />
                <Precinct name="8B" votes="19" />
                <Precinct name="8C" votes="10" />
            </VoteType>
            <VoteType name="Advance Voting Votes" votes="602">
                <Precinct name="1A" votes="7" />
                <Precinct name="1B" votes="16" />
                <Precinct name="1C" votes="20" />
                <Precinct name="1D" votes="30" />
                <Precinct name="2A" votes="14" />
                <Precinct name="2B" votes="19" />
                <Precinct name="3A" votes="10" />
                <Precinct name="3B" votes="28" />
                <Precinct name="4A" votes="4" />
                <Precinct name="4B" votes="34" />
                <Precinct name="5A" votes="51" />
                <Precinct name="5B" votes="30" />
                <Precinct name="5C" votes="55" />
                <Precinct name="5D" votes="7" />
                <Precinct name="6A" votes="19" />
                <Precinct name="6B" votes="49" />
                <Precinct name="6C" votes="24" />
                <Precinct name="6D" votes="25" />
                <Precinct name="7A" votes="14" />
                <Precinct name="7B" votes="40" />
                <Precinct name="7C" votes="25" />
                <Precinct name="8A" votes="30" />
                <Precinct name="8B" votes="24" />
                <Precinct name="8C" votes="27" />
            </VoteType>
            <VoteType name="Election Day Votes" votes="1317">
                <Precinct name="1A" votes="47" />
                <Precinct name="1B" votes="56" />
                <Precinct name="1C" votes="65" />
                <Precinct name="1D" votes="84" />
                <Precinct name="2A" votes="34" />
                <Precinct name="2B" votes="36" />
                <Precinct name="3A" votes="22" />
                <Precinct name="3B" votes="56" />
                <Precinct name="4A" votes="11" />
                <Precinct name="4B" votes="48" />
                <Precinct name="5A" votes="108" />
                <Precinct name="5B" votes="57" />
                <Precinct name="5C" votes="125" />
                <Precinct name="5D" votes="49" />
                <Precinct name="6A" votes="48" />
                <Precinct name="6B" votes="61" />
                <Precinct name="6C" votes="53" />
                <Precinct name="6D" votes="74" />
                <Precinct name="7A" votes="45" />
                <Precinct name="7B" votes="54" />
                <Precinct name="7C" votes="46" />
                <Precinct name="8A" votes="64" />
                <Precinct name="8B" votes="37" />
                <Precinct name="8C" votes="37" />
            </VoteType>
            <VoteType name="Provisional Votes" votes="0">
                <Precinct name="1A" votes="0" />
                <Precinct name="1B" votes="0" />
                <Precinct name="1C" votes="0" />
                <Precinct name="1D" votes="0" />
                <Precinct name="2A" votes="0" />
                <Precinct name="2B" votes="0" />
                <Precinct name="3A" votes="0" />
                <Precinct name="3B" votes="0" />
                <Precinct name="4A" votes="0" />
                <Precinct name="4B" votes="0" />
                <Precinct name="5A" votes="0" />
                <Precinct name="5B" votes="0" />
                <Precinct name="5C" votes="0" />
                <Precinct name="5D" votes="0" />
                <Precinct name="6A" votes="0" />
                <Precinct name="6B" votes="0" />
                <Precinct name="6C" votes="0" />
                <Precinct name="6D" votes="0" />
                <Precinct name="7A" votes="0" />
                <Precinct name="7B" votes="0" />
                <Precinct name="7C" votes="0" />
                <Precinct name="8A" votes="0" />
                <Precinct name="8B" votes="0" />
                <Precinct name="8C" votes="0" />
            </VoteType>
        </Choice>
        <Choice key="81" text="Tabitha Johnson-Green" party="DEM" totalVotes="2313">
            <VoteType name="Absentee by Mail Votes" votes="320">
                <Precinct name="1A" votes="4" />
                <Precinct name="1B" votes="11" />
                <Precinct name="1C" votes="8" />
                <Precinct name="1D" votes="9" />
                <Precinct name="2A" votes="38" />
                <Precinct name="2B" votes="22" />
                <Precinct name="3A" votes="18" />
                <Precinct name="3B" votes="19" />
                <Precinct name="4A" votes="2" />
                <Precinct name="4B" votes="4" />
                <Precinct name="5A" votes="11" />
                <Precinct name="5B" votes="21" />
                <Precinct name="5C" votes="8" />
                <Precinct name="5D" votes="10" />
                <Precinct name="6A" votes="15" />
                <Precinct name="6B" votes="30" />
                <Precinct name="6C" votes="10" />
                <Precinct name="6D" votes="10" />
                <Precinct name="7A" votes="16" />
                <Precinct name="7B" votes="13" />
                <Precinct name="7C" votes="2" />
                <Precinct name="8A" votes="10" />
                <Precinct name="8B" votes="16" />
                <Precinct name="8C" votes="13" />
            </VoteType>
            <VoteType name="Advance Voting Votes" votes="634">
                <Precinct name="1A" votes="21" />
                <Precinct name="1B" votes="42" />
                <Precinct name="1C" votes="15" />
                <Precinct name="1D" votes="31" />
                <Precinct name="2A" votes="21" />
                <Precinct name="2B" votes="47" />
                <Precinct name="3A" votes="22" />
                <Precinct name="3B" votes="19" />
                <Precinct name="4A" votes="5" />
                <Precinct name="4B" votes="17" />
                <Precinct name="5A" votes="57" />
                <Precinct name="5B" votes="37" />
                <Precinct name="5C" votes="18" />
                <Precinct name="5D" votes="26" />
                <Precinct name="6A" votes="17" />
                <Precinct name="6B" votes="52" />
                <Precinct name="6C" votes="26" />
                <Precinct name="6D" votes="38" />
                <Precinct name="7A" votes="19" />
                <Precinct name="7B" votes="24" />
                <Precinct name="7C" votes="13" />
                <Precinct name="8A" votes="19" />
                <Precinct name="8B" votes="21" />
                <Precinct name="8C" votes="27" />
            </VoteType>
            <VoteType name="Election Day Votes" votes="1359">
                <Precinct name="1A" votes="56" />
                <Precinct name="1B" votes="74" />
                <Precinct name="1C" votes="58" />
                <Precinct name="1D" votes="83" />
                <Precinct name="2A" votes="70" />
                <Precinct name="2B" votes="62" />
                <Precinct name="3A" votes="49" />
                <Precinct name="3B" votes="28" />
                <Precinct name="4A" votes="9" />
                <Precinct name="4B" votes="30" />
                <Precinct name="5A" votes="91" />
                <Precinct name="5B" votes="64" />
                <Precinct name="5C" votes="48" />
                <Precinct name="5D" votes="98" />
                <Precinct name="6A" votes="66" />
                <Precinct name="6B" votes="80" />
                <Precinct name="6C" votes="52" />
                <Precinct name="6D" votes="84" />
                <Precinct name="7A" votes="58" />
                <Precinct name="7B" votes="32" />
                <Precinct name="7C" votes="29" />
                <Precinct name="8A" votes="59" />
                <Precinct name="8B" votes="38" />
                <Precinct name="8C" votes="41" />
            </VoteType>
            <VoteType name="Provisional Votes" votes="0">
                <Precinct name="1A" votes="0" />
                <Precinct name="1B" votes="0" />
                <Precinct name="1C" votes="0" />
                <Precinct name="1D" votes="0" />
                <Precinct name="2A" votes="0" />
                <Precinct name="2B" votes="0" />
                <Precinct name="3A" votes="0" />
                <Precinct name="3B" votes="0" />
                <Precinct name="4A" votes="0" />
                <Precinct name="4B" votes="0" />
                <Precinct name="5A" votes="0" />
                <Precinct name="5B" votes="0" />
                <Precinct name="5C" votes="0" />
                <Precinct name="5D" votes="0" />
                <Precinct name="6A" votes="0" />
                <Precinct name="6B" votes="0" />
                <Precinct name="6C" votes="0" />
                <Precinct name="6D" votes="0" />
                <Precinct name="7A" votes="0" />
                <Precinct name="7B" votes="0" />
                <Precinct name="7C" votes="0" />
                <Precinct name="8A" votes="0" />
                <Precinct name="8B" votes="0" />
                <Precinct name="8C" votes="0" />
            </VoteType>
        </Choice>
    </Contest>
    <Contest key="68" text="County Commission - District 5" voteFor="1" isQuestion="false" precinctsReporting="5" precinctsReported="5">
        <VoteType name="Undervotes" votes="15">
            <Precinct name="5A" votes="2" />
            <Precinct name="5C" votes="1" />
            <Precinct name="5D" votes="2" />
            <Precinct name="6B" votes="6" />
            <Precinct name="6D" votes="4" />
        </VoteType>
        <VoteType name="Overvotes" votes="0">
            <Precinct name="5A" votes="0" />
            <Precinct name="5C" votes="0" />
            <Precinct name="5D" votes="0" />
            <Precinct name="6B" votes="0" />
            <Precinct name="6D" votes="0" />
        </VoteType>
        <Choice key="157" text="Dexter L. Fisher" totalVotes="1013">
            <VoteType name="Absentee by Mail Votes" votes="87">
                <Precinct name="5A" votes="35" />
                <Precinct name="5C" votes="5" />
                <Precinct name="5D" votes="3" />
                <Precinct name="6B" votes="27" />
                <Precinct name="6D" votes="17" />
            </VoteType>
            <VoteType name="Advance Voting Votes" votes="320">
                <Precinct name="5A" votes="101" />
                <Precinct name="5C" votes="6" />
                <Precinct name="5D" votes="25" />
                <Precinct name="6B" votes="130" />
                <Precinct name="6D" votes="58" />
            </VoteType>
            <VoteType name="Election Day Votes" votes="606">
                <Precinct name="5A" votes="222" />
                <Precinct name="5C" votes="11" />
                <Precinct name="5D" votes="69" />
                <Precinct name="6B" votes="189" />
                <Precinct name="6D" votes="115" />
            </VoteType>
            <VoteType name="Provisional Votes" votes="0">
                <Precinct name="5A" votes="0" />
                <Precinct name="5C" votes="0" />
                <Precinct name="5D" votes="0" />
                <Precinct name="6B" votes="0" />
                <Precinct name="6D" votes="0" />
            </VoteType>
        </Choice>
        <Choice key="158" text="Matt Pulver" totalVotes="516">
            <VoteType name="Absentee by Mail Votes" votes="43">
                <Precinct name="5A" votes="6" />
                <Precinct name="5C" votes="0" />
                <Precinct name="5D" votes="1" />
                <Precinct name="6B" votes="30" />
                <Precinct name="6D" votes="6" />
            </VoteType>
            <VoteType name="Advance Voting Votes" votes="138">
                <Precinct name="5A" votes="44" />
                <Precinct name="5C" votes="6" />
                <Precinct name="5D" votes="4" />
                <Precinct name="6B" votes="46" />
                <Precinct name="6D" votes="38" />
            </VoteType>
            <VoteType name="Election Day Votes" votes="335">
                <Precinct name="5A" votes="88" />
                <Precinct name="5C" votes="18" />
                <Precinct name="5D" votes="28" />
                <Precinct name="6B" votes="71" />
                <Precinct name="6D" votes="130" />
            </VoteType>
            <VoteType name="Provisional Votes" votes="0">
                <Precinct name="5A" votes="0" />
                <Precinct name="5C" votes="0" />
                <Precinct name="5D" votes="0" />
                <Precinct name="6B" votes="0" />
                <Precinct name="6D" votes="0" />
            </VoteType>
        </Choice>
    </Contest>
</ElectionResult>