<?xml version="1.0"?>
<!--Election result snapshot imported from Tabulation System
-->
<ElectionResult>
    <Timestamp>6/27/2022 9:15:48 AM EDT</Timestamp>
    <ElectionName>June 21, 2022 - General Primary -Nonpartisan General Election Runoff</ElectionName>
    <ElectionDate>6/21/2022</ElectionDate>
    <Region>Whitfield</Region>
    <VoterTurnout totalVoters="53887" ballotsCast="305" voterTurnout="0.57">
        <Precincts>
            <Precinct name="1A" totalVoters="2363" ballotsCast="18" voterTurnout="0.76" percentReporting="4" />
            <Precinct name="2A" totalVoters="3033" ballotsCast="19" voterTurnout="0.63" percentReporting="4" />
            <Precinct name="3A" totalVoters="2116" ballotsCast="34" voterTurnout="1.61" percentReporting="4" />
            <Precinct name="4A" totalVoters="2441" ballotsCast="24" voterTurnout="0.98" percentReporting="4" />
            <Precinct name="5A" totalVoters="2131" ballotsCast="22" voterTurnout="1.03" percentReporting="4" />
            <Precinct name="6A" totalVoters="1697" ballotsCast="13" voterTurnout="0.77" percentReporting="4" />
            <Precinct name="AN" totalVoters="2430" ballotsCast="8" voterTurnout="0.33" percentReporting="4" />
            <Precinct name="CA" totalVoters="1957" ballotsCast="6" voterTurnout="0.31" percentReporting="4" />
            <Precinct name="CO" totalVoters="1457" ballotsCast="11" voterTurnout="0.75" percentReporting="4" />
            <Precinct name="DG" totalVoters="3311" ballotsCast="15" voterTurnout="0.45" percentReporting="4" />
            <Precinct name="ES" totalVoters="1672" ballotsCast="5" voterTurnout="0.30" percentReporting="4" />
            <Precinct name="FI" totalVoters="2085" ballotsCast="10" voterTurnout="0.48" percentReporting="4" />
            <Precinct name="GL" totalVoters="2524" ballotsCast="14" voterTurnout="0.55" percentReporting="4" />
            <Precinct name="LT" totalVoters="1148" ballotsCast="2" voterTurnout="0.17" percentReporting="4" />
            <Precinct name="MC" totalVoters="1667" ballotsCast="4" voterTurnout="0.24" percentReporting="4" />
            <Precinct name="NI" totalVoters="2444" ballotsCast="12" voterTurnout="0.49" percentReporting="4" />
            <Precinct name="PG" totalVoters="4671" ballotsCast="21" voterTurnout="0.45" percentReporting="4" />
            <Precinct name="TH" totalVoters="3796" ballotsCast="22" voterTurnout="0.58" percentReporting="4" />
            <Precinct name="TI" totalVoters="763" ballotsCast="3" voterTurnout="0.39" percentReporting="4" />
            <Precinct name="TR" totalVoters="1326" ballotsCast="11" voterTurnout="0.83" percentReporting="4" />
            <Precinct name="UT" totalVoters="1058" ballotsCast="1" voterTurnout="0.09" percentReporting="4" />
            <Precinct name="VA" totalVoters="5220" ballotsCast="18" voterTurnout="0.34" percentReporting="4" />
            <Precinct name="WS" totalVoters="2577" ballotsCast="12" voterTurnout="0.47" percentReporting="4" />
        </Precincts>
    </VoterTurnout>
    <Contest key="8" text="DEM - Lieutenant Governor" voteFor="1" isQuestion="false" precinctsReporting="23" precinctsReported="23">
        <VoteType name="Undervotes" votes="4">
            <Precinct name="1A" votes="0" />
            <Precinct name="2A" votes="0" />
            <Precinct name="3A" votes="1" />
            <Precinct name="4A" votes="0" />
            <Precinct name="5A" votes="0" />
            <Precinct name="6A" votes="0" />
            <Precinct name="AN" votes="1" />
            <Precinct name="CA" votes="0" />
            <Precinct name="CO" votes="0" />
            <Precinct name="DG" votes="1" />
            <Precinct name="ES" votes="0" />
            <Precinct name="FI" votes="0" />
            <Precinct name="GL" votes="0" />
            <Precinct name="LT" votes="0" />
            <Precinct name="MC" votes="0" />
            <Precinct name="NI" votes="0" />
            <Precinct name="PG" votes="0" />
            <Precinct name="TH" votes="1" />
            <Precinct name="TI" votes="0" />
            <Precinct name="TR" votes="0" />
            <Precinct name="UT" votes="0" />
            <Precinct name="VA" votes="0" />
            <Precinct name="WS" votes="0" />
        </VoteType>
        <VoteType name="Overvotes" votes="0">
            <Precinct name="1A" votes="0" />
            <Precinct name="2A" votes="0" />
            <Precinct name="3A" votes="0" />
            <Precinct name="4A" votes="0" />
            <Precinct name="5A" votes="0" />
            <Precinct name="6A" votes="0" />
            <Precinct name="AN" votes="0" />
            <Precinct name="CA" votes="0" />
            <Precinct name="CO" votes="0" />
            <Precinct name="DG" votes="0" />
            <Precinct name="ES" votes="0" />
            <Precinct name="FI" votes="0" />
            <Precinct name="GL" votes="0" />
            <Precinct name="LT" votes="0" />
            <Precinct name="MC" votes="0" />
            <Precinct name="NI" votes="0" />
            <Precinct name="PG" votes="0" />
            <Precinct name="TH" votes="0" />
            <Precinct name="TI" votes="0" />
            <Precinct name="TR" votes="0" />
            <Precinct name="UT" votes="0" />
            <Precinct name="VA" votes="0" />
            <Precinct name="WS" votes="0" />
        </VoteType>
        <Choice key="67" text="Charlie Bailey" party="DEM" totalVotes="192">
            <VoteType name="Absentee by Mail Votes" votes="53">
                <Precinct name="1A" votes="0" />
                <Precinct name="2A" votes="1" />
                <Precinct name="3A" votes="3" />
                <Precinct name="4A" votes="2" />
                <Precinct name="5A" votes="5" />
                <Precinct name="6A" votes="2" />
                <Precinct name="AN" votes="0" />
                <Precinct name="CA" votes="1" />
                <Precinct name="CO" votes="0" />
                <Precinct name="DG" votes="1" />
                <Precinct name="ES" votes="0" />
                <Precinct name="FI" votes="3" />
                <Precinct name="GL" votes="2" />
                <Precinct name="LT" votes="0" />
                <Precinct name="MC" votes="0" />
                <Precinct name="NI" votes="8" />
                <Precinct name="PG" votes="3" />
                <Precinct name="TH" votes="8" />
                <Precinct name="TI" votes="0" />
                <Precinct name="TR" votes="3" />
                <Precinct name="UT" votes="0" />
                <Precinct name="VA" votes="4" />
                <Precinct name="WS" votes="7" />
            </VoteType>
            <VoteType name="Advance Voting Votes" votes="36">
                <Precinct name="1A" votes="2" />
                <Precinct name="2A" votes="5" />
                <Precinct name="3A" votes="6" />
                <Precinct name="4A" votes="5" />
                <Precinct name="5A" votes="1" />
                <Precinct name="6A" votes="0" />
                <Precinct name="AN" votes="1" />
                <Precinct name="CA" votes="0" />
                <Precinct name="CO" votes="0" />
                <Precinct name="DG" votes="1" />
                <Precinct name="ES" votes="1" />
                <Precinct name="FI" votes="1" />
                <Precinct name="GL" votes="0" />
                <Precinct name="LT" votes="0" />
                <Precinct name="MC" votes="0" />
                <Precinct name="NI" votes="0" />
                <Precinct name="PG" votes="5" />
                <Precinct name="TH" votes="3" />
                <Precinct name="TI" votes="0" />
                <Precinct name="TR" votes="0" />
                <Precinct name="UT" votes="1" />
                <Precinct name="VA" votes="2" />
                <Precinct name="WS" votes="2" />
            </VoteType>
            <VoteType name="Election Day Votes" votes="103">
                <Precinct name="1A" votes="9" />
                <Precinct name="2A" votes="8" />
                <Precinct name="3A" votes="7" />
                <Precinct name="4A" votes="9" />
                <Precinct name="5A" votes="8" />
                <Precinct name="6A" votes="6" />
                <Precinct name="AN" votes="1" />
                <Precinct name="CA" votes="5" />
                <Precinct name="CO" votes="6" />
                <Precinct name="DG" votes="8" />
                <Precinct name="ES" votes="1" />
                <Precinct name="FI" votes="3" />
                <Precinct name="GL" votes="6" />
                <Precinct name="LT" votes="2" />
                <Precinct name="MC" votes="1" />
                <Precinct name="NI" votes="0" />
                <Precinct name="PG" votes="5" />
                <Precinct name="TH" votes="4" />
                <Precinct name="TI" votes="1" />
                <Precinct name="TR" votes="6" />
                <Precinct name="UT" votes="0" />
                <Precinct name="VA" votes="5" />
                <Precinct name="WS" votes="2" />
            </VoteType>
            <VoteType name="Provisional Votes" votes="0">
                <Precinct name="1A" votes="0" />
                <Precinct name="2A" votes="0" />
                <Precinct name="3A" votes="0" />
                <Precinct name="4A" votes="0" />
                <Precinct name="5A" votes="0" />
                <Precinct name="6A" votes="0" />
                <Precinct name="AN" votes="0" />
                <Precinct name="CA" votes="0" />
                <Precinct name="CO" votes="0" />
                <Precinct name="DG" votes="0" />
                <Precinct name="ES" votes="0" />
                <Precinct name="FI" votes="0" />
                <Precinct name="GL" votes="0" />
                <Precinct name="LT" votes="0" />
                <Precinct name="MC" votes="0" />
                <Precinct name="NI" votes="0" />
                <Precinct name="PG" votes="0" />
                <Precinct name="TH" votes="0" />
                <Precinct name="TI" votes="0" />
                <Precinct name="TR" votes="0" />
                <Precinct name="UT" votes="0" />
                <Precinct name="VA" votes="0" />
                <Precinct name="WS" votes="0" />
            </VoteType>
        </Choice>
        <Choice key="70" text="Kwanza Hall" party="DEM" totalVotes="109">
            <VoteType name="Absentee by Mail Votes" votes="25">
                <Precinct name="1A" votes="2" />
                <Precinct name="2A" votes="1" />
                <Precinct name="3A" votes="2" />
                <Precinct name="4A" votes="2" />
                <Precinct name="5A" votes="1" />
                <Precinct name="6A" votes="3" />
                <Precinct name="AN" votes="0" />
                <Precinct name="CA" votes="0" />
                <Precinct name="CO" votes="1" />
                <Precinct name="DG" votes="0" />
                <Precinct name="ES" votes="2" />
                <Precinct name="FI" votes="0" />
                <Precinct name="GL" votes="1" />
                <Precinct name="LT" votes="0" />
                <Precinct name="MC" votes="0" />
                <Precinct name="NI" votes="1" />
                <Precinct name="PG" votes="2" />
                <Precinct name="TH" votes="4" />
                <Precinct name="TI" votes="0" />
                <Precinct name="TR" votes="0" />
                <Precinct name="UT" votes="0" />
                <Precinct name="VA" votes="3" />
                <Precinct name="WS" votes="0" />
            </VoteType>
            <VoteType name="Advance Voting Votes" votes="17">
                <Precinct name="1A" votes="2" />
                <Precinct name="2A" votes="1" />
                <Precinct name="3A" votes="3" />
                <Precinct name="4A" votes="4" />
                <Precinct name="5A" votes="2" />
                <Precinct name="6A" votes="1" />
                <Precinct name="AN" votes="1" />
                <Precinct name="CA" votes="0" />
                <Precinct name="CO" votes="0" />
                <Precinct name="DG" votes="0" />
                <Precinct name="ES" votes="0" />
                <Precinct name="FI" votes="0" />
                <Precinct name="GL" votes="0" />
                <Precinct name="LT" votes="0" />
                <Precinct name="MC" votes="0" />
                <Precinct name="NI" votes="1" />
                <Precinct name="PG" votes="2" />
                <Precinct name="TH" votes="0" />
                <Precinct name="TI" votes="0" />
                <Precinct name="TR" votes="0" />
                <Precinct name="UT" votes="0" />
                <Precinct name="VA" votes="0" />
                <Precinct name="WS" votes="0" />
            </VoteType>
            <VoteType name="Election Day Votes" votes="67">
                <Precinct name="1A" votes="3" />
                <Precinct name="2A" votes="3" />
                <Precinct name="3A" votes="12" />
                <Precinct name="4A" votes="2" />
                <Precinct name="5A" votes="5" />
                <Precinct name="6A" votes="1" />
                <Precinct name="AN" votes="4" />
                <Precinct name="CA" votes="0" />
                <Precinct name="CO" votes="4" />
                <Precinct name="DG" votes="4" />
                <Precinct name="ES" votes="1" />
                <Precinct name="FI" votes="3" />
                <Precinct name="GL" votes="5" />
                <Precinct name="LT" votes="0" />
                <Precinct name="MC" votes="3" />
                <Precinct name="NI" votes="2" />
                <Precinct name="PG" votes="4" />
                <Precinct name="TH" votes="2" />
                <Precinct name="TI" votes="2" />
                <Precinct name="TR" votes="2" />
                <Precinct name="UT" votes="0" />
                <Precinct name="VA" votes="4" />
                <Precinct name="WS" votes="1" />
            </VoteType>
            <VoteType name="Provisional Votes" votes="0">
                <Precinct name="1A" votes="0" />
                <Precinct name="2A" votes="0" />
                <Precinct name="3A" votes="0" />
                <Precinct name="4A" votes="0" />
                <Precinct name="5A" votes="0" />
                <Precinct name="6A" votes="0" />
                <Precinct name="AN" votes="0" />
                <Precinct name="CA" votes="0" />
                <Precinct name="CO" votes="0" />
                <Precinct name="DG" votes="0" />
                <Precinct name="ES" votes="0" />
                <Precinct name="FI" votes="0" />
                <Precinct name="GL" votes="0" />
                <Precinct name="LT" votes="0" />
                <Precinct name="MC" votes="0" />
                <Precinct name="NI" votes="0" />
                <Precinct name="PG" votes="0" />
                <Precinct name="TH" votes="0" />
                <Precinct name="TI" votes="0" />
                <Precinct name="TR" votes="0" />
                <Precinct name="UT" votes="0" />
                <Precinct name="VA" votes="0" />
                <Precinct name="WS" votes="0" />
            </VoteType>
        </Choice>
    </Contest>
    <Contest key="10" text="DEM - Secretary of State" voteFor="1" isQuestion="false" precinctsReporting="23" precinctsReported="23">
        <VoteType name="Undervotes" votes="6">
            <Precinct name="1A" votes="0" />
            <Precinct name="2A" votes="0" />
            <Precinct name="3A" votes="1" />
            <Precinct name="4A" votes="2" />
            <Precinct name="5A" votes="0" />
            <Precinct name="6A" votes="1" />
            <Precinct name="AN" votes="1" />
            <Precinct name="CA" votes="0" />
            <Precinct name="CO" votes="0" />
            <Precinct name="DG" votes="0" />
            <Precinct name="ES" votes="0" />
            <Precinct name="FI" votes="0" />
            <Precinct name="GL" votes="0" />
            <Precinct name="LT" votes="0" />
            <Precinct name="MC" votes="0" />
            <Precinct name="NI" votes="1" />
            <Precinct name="PG" votes="0" />
            <Precinct name="TH" votes="0" />
            <Precinct name="TI" votes="0" />
            <Precinct name="TR" votes="0" />
            <Precinct name="UT" votes="0" />
            <Precinct name="VA" votes="0" />
            <Precinct name="WS" votes="0" />
        </VoteType>
        <VoteType name="Overvotes" votes="0">
            <Precinct name="1A" votes="0" />
            <Precinct name="2A" votes="0" />
            <Precinct name="3A" votes="0" />
            <Precinct name="4A" votes="0" />
            <Precinct name="5A" votes="0" />
            <Precinct name="6A" votes="0" />
            <Precinct name="AN" votes="0" />
            <Precinct name="CA" votes="0" />
            <Precinct name="CO" votes="0" />
            <Precinct name="DG" votes="0" />
            <Precinct name="ES" votes="0" />
            <Precinct name="FI" votes="0" />
            <Precinct name="GL" votes="0" />
            <Precinct name="LT" votes="0" />
            <Precinct name="MC" votes="0" />
            <Precinct name="NI" votes="0" />
            <Precinct name="PG" votes="0" />
            <Precinct name="TH" votes="0" />
            <Precinct name="TI" votes="0" />
            <Precinct name="TR" votes="0" />
            <Precinct name="UT" votes="0" />
            <Precinct name="VA" votes="0" />
            <Precinct name="WS" votes="0" />
        </VoteType>
        <Choice key="79" text="Dee Dawkins-Haigler" party="DEM" totalVotes="96">
            <VoteType name="Absentee by Mail Votes" votes="39">
                <Precinct name="1A" votes="1" />
                <Precinct name="2A" votes="1" />
                <Precinct name="3A" votes="0" />
                <Precinct name="4A" votes="2" />
                <Precinct name="5A" votes="3" />
                <Precinct name="6A" votes="4" />
                <Precinct name="AN" votes="0" />
                <Precinct name="CA" votes="0" />
                <Precinct name="CO" votes="1" />
                <Precinct name="DG" votes="0" />
                <Precinct name="ES" votes="2" />
                <Precinct name="FI" votes="3" />
                <Precinct name="GL" votes="3" />
                <Precinct name="LT" votes="0" />
                <Precinct name="MC" votes="0" />
                <Precinct name="NI" votes="0" />
                <Precinct name="PG" votes="1" />
                <Precinct name="TH" votes="8" />
                <Precinct name="TI" votes="0" />
                <Precinct name="TR" votes="1" />
                <Precinct name="UT" votes="0" />
                <Precinct name="VA" votes="6" />
                <Precinct name="WS" votes="3" />
            </VoteType>
            <VoteType name="Advance Voting Votes" votes="13">
                <Precinct name="1A" votes="3" />
                <Precinct name="2A" votes="1" />
                <Precinct name="3A" votes="2" />
                <Precinct name="4A" votes="0" />
                <Precinct name="5A" votes="1" />
                <Precinct name="6A" votes="0" />
                <Precinct name="AN" votes="1" />
                <Precinct name="CA" votes="0" />
                <Precinct name="CO" votes="0" />
                <Precinct name="DG" votes="0" />
                <Precinct name="ES" votes="0" />
                <Precinct name="FI" votes="0" />
                <Precinct name="GL" votes="0" />
                <Precinct name="LT" votes="0" />
                <Precinct name="MC" votes="0" />
                <Precinct name="NI" votes="0" />
                <Precinct name="PG" votes="2" />
                <Precinct name="TH" votes="2" />
                <Precinct name="TI" votes="0" />
                <Precinct name="TR" votes="0" />
                <Precinct name="UT" votes="1" />
                <Precinct name="VA" votes="0" />
                <Precinct name="WS" votes="0" />
            </VoteType>
            <VoteType name="Election Day Votes" votes="44">
                <Precinct name="1A" votes="2" />
                <Precinct name="2A" votes="4" />
                <Precinct name="3A" votes="4" />
                <Precinct name="4A" votes="1" />
                <Precinct name="5A" votes="3" />
                <Precinct name="6A" votes="2" />
                <Precinct name="AN" votes="1" />
                <Precinct name="CA" votes="3" />
                <Precinct name="CO" votes="4" />
                <Precinct name="DG" votes="4" />
                <Precinct name="ES" votes="2" />
                <Precinct name="FI" votes="1" />
                <Precinct name="GL" votes="2" />
                <Precinct name="LT" votes="0" />
                <Precinct name="MC" votes="0" />
                <Precinct name="NI" votes="0" />
                <Precinct name="PG" votes="3" />
                <Precinct name="TH" votes="2" />
                <Precinct name="TI" votes="0" />
                <Precinct name="TR" votes="0" />
                <Precinct name="UT" votes="0" />
                <Precinct name="VA" votes="3" />
                <Precinct name="WS" votes="3" />
            </VoteType>
            <VoteType name="Provisional Votes" votes="0">
                <Precinct name="1A" votes="0" />
                <Precinct name="2A" votes="0" />
                <Precinct name="3A" votes="0" />
                <Precinct name="4A" votes="0" />
                <Precinct name="5A" votes="0" />
                <Precinct name="6A" votes="0" />
                <Precinct name="AN" votes="0" />
                <Precinct name="CA" votes="0" />
                <Precinct name="CO" votes="0" />
                <Precinct name="DG" votes="0" />
                <Precinct name="ES" votes="0" />
                <Precinct name="FI" votes="0" />
                <Precinct name="GL" votes="0" />
                <Precinct name="LT" votes="0" />
                <Precinct name="MC" votes="0" />
                <Precinct name="NI" votes="0" />
                <Precinct name="PG" votes="0" />
                <Precinct name="TH" votes="0" />
                <Precinct name="TI" votes="0" />
                <Precinct name="TR" votes="0" />
                <Precinct name="UT" votes="0" />
                <Precinct name="VA" votes="0" />
                <Precinct name="WS" votes="0" />
            </VoteType>
        </Choice>
        <Choice key="82" text="Bee Nguyen" party="DEM" totalVotes="203">
            <VoteType name="Absentee by Mail Votes" votes="38">
                <Precinct name="1A" votes="1" />
                <Precinct name="2A" votes="1" />
                <Precinct name="3A" votes="5" />
                <Precinct name="4A" votes="2" />
                <Precinct name="5A" votes="3" />
                <Precinct name="6A" votes="1" />
                <Precinct name="AN" votes="0" />
                <Precinct name="CA" votes="1" />
                <Precinct name="CO" votes="0" />
                <Precinct name="DG" votes="1" />
                <Precinct name="ES" votes="0" />
                <Precinct name="FI" votes="0" />
                <Precinct name="GL" votes="0" />
                <Precinct name="LT" votes="0" />
                <Precinct name="MC" votes="0" />
                <Precinct name="NI" votes="8" />
                <Precinct name="PG" votes="4" />
                <Precinct name="TH" votes="4" />
                <Precinct name="TI" votes="0" />
                <Precinct name="TR" votes="2" />
                <Precinct name="UT" votes="0" />
                <Precinct name="VA" votes="1" />
                <Precinct name="WS" votes="4" />
            </VoteType>
            <VoteType name="Advance Voting Votes" votes="41">
                <Precinct name="1A" votes="1" />
                <Precinct name="2A" votes="5" />
                <Precinct name="3A" votes="6" />
                <Precinct name="4A" votes="9" />
                <Precinct name="5A" votes="2" />
                <Precinct name="6A" votes="1" />
                <Precinct name="AN" votes="1" />
                <Precinct name="CA" votes="0" />
                <Precinct name="CO" votes="0" />
                <Precinct name="DG" votes="2" />
                <Precinct name="ES" votes="1" />
                <Precinct name="FI" votes="1" />
                <Precinct name="GL" votes="0" />
                <Precinct name="LT" votes="0" />
                <Precinct name="MC" votes="0" />
                <Precinct name="NI" votes="1" />
                <Precinct name="PG" votes="5" />
                <Precinct name="TH" votes="2" />
                <Precinct name="TI" votes="0" />
                <Precinct name="TR" votes="0" />
                <Precinct name="UT" votes="0" />
                <Precinct name="VA" votes="2" />
                <Precinct name="WS" votes="2" />
            </VoteType>
            <VoteType name="Election Day Votes" votes="124">
                <Precinct name="1A" votes="10" />
                <Precinct name="2A" votes="7" />
                <Precinct name="3A" votes="16" />
                <Precinct name="4A" votes="8" />
                <Precinct name="5A" votes="10" />
                <Precinct name="6A" votes="4" />
                <Precinct name="AN" votes="4" />
                <Precinct name="CA" votes="2" />
                <Precinct name="CO" votes="6" />
                <Precinct name="DG" votes="8" />
                <Precinct name="ES" votes="0" />
                <Precinct name="FI" votes="5" />
                <Precinct name="GL" votes="9" />
                <Precinct name="LT" votes="2" />
                <Precinct name="MC" votes="4" />
                <Precinct name="NI" votes="2" />
                <Precinct name="PG" votes="6" />
                <Precinct name="TH" votes="4" />
                <Precinct name="TI" votes="3" />
                <Precinct name="TR" votes="8" />
                <Precinct name="UT" votes="0" />
                <Precinct name="VA" votes="6" />
                <Precinct name="WS" votes="0" />
            </VoteType>
            <VoteType name="Provisional Votes" votes="0">
                <Precinct name="1A" votes="0" />
                <Precinct name="2A" votes="0" />
                <Precinct name="3A" votes="0" />
                <Precinct name="4A" votes="0" />
                <Precinct name="5A" votes="0" />
                <Precinct name="6A" votes="0" />
                <Precinct name="AN" votes="0" />
                <Precinct name="CA" votes="0" />
                <Precinct name="CO" votes="0" />
                <Precinct name="DG" votes="0" />
                <Precinct name="ES" votes="0" />
                <Precinct name="FI" votes="0" />
                <Precinct name="GL" votes="0" />
                <Precinct name="LT" votes="0" />
                <Precinct name="MC" votes="0" />
                <Precinct name="NI" votes="0" />
                <Precinct name="PG" votes="0" />
                <Precinct name="TH" votes="0" />
                <Precinct name="TI" votes="0" />
                <Precinct name="TR" votes="0" />
                <Precinct name="UT" votes="0" />
                <Precinct name="VA" votes="0" />
                <Precinct name="WS" votes="0" />
            </VoteType>
        </Choice>
    </Contest>
    <Contest key="16" text="DEM - Commissioner Of Insurance" voteFor="1" isQuestion="false" precinctsReporting="23" precinctsReported="23">
        <VoteType name="Undervotes" votes="11">
            <Precinct name="1A" votes="0" />
            <Precinct name="2A" votes="0" />
            <Precinct name="3A" votes="1" />
            <Precinct name="4A" votes="4" />
            <Precinct name="5A" votes="0" />
            <Precinct name="6A" votes="1" />
            <Precinct name="AN" votes="1" />
            <Precinct name="CA" votes="0" />
            <Precinct name="CO" votes="1" />
            <Precinct name="DG" votes="1" />
            <Precinct name="ES" votes="0" />
            <Precinct name="FI" votes="0" />
            <Precinct name="GL" votes="0" />
            <Precinct name="LT" votes="0" />
            <Precinct name="MC" votes="0" />
            <Precinct name="NI" votes="0" />
            <Precinct name="PG" votes="0" />
            <Precinct name="TH" votes="2" />
            <Precinct name="TI" votes="0" />
            <Precinct name="TR" votes="0" />
            <Precinct name="UT" votes="0" />
            <Precinct name="VA" votes="0" />
            <Precinct name="WS" votes="0" />
        </VoteType>
        <VoteType name="Overvotes" votes="0">
            <Precinct name="1A" votes="0" />
            <Precinct name="2A" votes="0" />
            <Precinct name="3A" votes="0" />
            <Precinct name="4A" votes="0" />
            <Precinct name="5A" votes="0" />
            <Precinct name="6A" votes="0" />
            <Precinct name="AN" votes="0" />
            <Precinct name="CA" votes="0" />
            <Precinct name="CO" votes="0" />
            <Precinct name="DG" votes="0" />
            <Precinct name="ES" votes="0" />
            <Precinct name="FI" votes="0" />
            <Precinct name="GL" votes="0" />
            <Precinct name="LT" votes="0" />
            <Precinct name="MC" votes="0" />
            <Precinct name="NI" votes="0" />
            <Precinct name="PG" votes="0" />
            <Precinct name="TH" votes="0" />
            <Precinct name="TI" votes="0" />
            <Precinct name="TR" votes="0" />
            <Precinct name="UT" votes="0" />
            <Precinct name="VA" votes="0" />
            <Precinct name="WS" votes="0" />
        </VoteType>
        <Choice key="95" text="Raphael Baker" party="DEM" totalVotes="115">
            <VoteType name="Absentee by Mail Votes" votes="25">
                <Precinct name="1A" votes="1" />
                <Precinct name="2A" votes="2" />
                <Precinct name="3A" votes="1" />
                <Precinct name="4A" votes="0" />
                <Precinct name="5A" votes="0" />
                <Precinct name="6A" votes="3" />
                <Precinct name="AN" votes="0" />
                <Precinct name="CA" votes="0" />
                <Precinct name="CO" votes="1" />
                <Precinct name="DG" votes="0" />
                <Precinct name="ES" votes="2" />
                <Precinct name="FI" votes="3" />
                <Precinct name="GL" votes="0" />
                <Precinct name="LT" votes="0" />
                <Precinct name="MC" votes="0" />
                <Precinct name="NI" votes="2" />
                <Precinct name="PG" votes="1" />
                <Precinct name="TH" votes="2" />
                <Precinct name="TI" votes="0" />
                <Precinct name="TR" votes="2" />
                <Precinct name="UT" votes="0" />
                <Precinct name="VA" votes="1" />
                <Precinct name="WS" votes="4" />
            </VoteType>
            <VoteType name="Advance Voting Votes" votes="19">
                <Precinct name="1A" votes="2" />
                <Precinct name="2A" votes="3" />
                <Precinct name="3A" votes="4" />
                <Precinct name="4A" votes="1" />
                <Precinct name="5A" votes="0" />
                <Precinct name="6A" votes="1" />
                <Precinct name="AN" votes="1" />
                <Precinct name="CA" votes="0" />
                <Precinct name="CO" votes="0" />
                <Precinct name="DG" votes="1" />
                <Precinct name="ES" votes="1" />
                <Precinct name="FI" votes="1" />
                <Precinct name="GL" votes="0" />
                <Precinct name="LT" votes="0" />
                <Precinct name="MC" votes="0" />
                <Precinct name="NI" votes="1" />
                <Precinct name="PG" votes="1" />
                <Precinct name="TH" votes="1" />
                <Precinct name="TI" votes="0" />
                <Precinct name="TR" votes="0" />
                <Precinct name="UT" votes="0" />
                <Precinct name="VA" votes="0" />
                <Precinct name="WS" votes="1" />
            </VoteType>
            <VoteType name="Election Day Votes" votes="71">
                <Precinct name="1A" votes="5" />
                <Precinct name="2A" votes="4" />
                <Precinct name="3A" votes="7" />
                <Precinct name="4A" votes="3" />
                <Precinct name="5A" votes="8" />
                <Precinct name="6A" votes="3" />
                <Precinct name="AN" votes="3" />
                <Precinct name="CA" votes="1" />
                <Precinct name="CO" votes="4" />
                <Precinct name="DG" votes="5" />
                <Precinct name="ES" votes="2" />
                <Precinct name="FI" votes="3" />
                <Precinct name="GL" votes="6" />
                <Precinct name="LT" votes="2" />
                <Precinct name="MC" votes="1" />
                <Precinct name="NI" votes="0" />
                <Precinct name="PG" votes="6" />
                <Precinct name="TH" votes="3" />
                <Precinct name="TI" votes="0" />
                <Precinct name="TR" votes="1" />
                <Precinct name="UT" votes="0" />
                <Precinct name="VA" votes="4" />
                <Precinct name="WS" votes="0" />
            </VoteType>
            <VoteType name="Provisional Votes" votes="0">
                <Precinct name="1A" votes="0" />
                <Precinct name="2A" votes="0" />
                <Precinct name="3A" votes="0" />
                <Precinct name="4A" votes="0" />
                <Precinct name="5A" votes="0" />
                <Precinct name="6A" votes="0" />
                <Precinct name="AN" votes="0" />
                <Precinct name="CA" votes="0" />
                <Precinct name="CO" votes="0" />
                <Precinct name="DG" votes="0" />
                <Precinct name="ES" votes="0" />
                <Precinct name="FI" votes="0" />
                <Precinct name="GL" votes="0" />
                <Precinct name="LT" votes="0" />
                <Precinct name="MC" votes="0" />
                <Precinct name="NI" votes="0" />
                <Precinct name="PG" votes="0" />
                <Precinct name="TH" votes="0" />
                <Precinct name="TI" votes="0" />
                <Precinct name="TR" votes="0" />
                <Precinct name="UT" votes="0" />
                <Precinct name="VA" votes="0" />
                <Precinct name="WS" votes="0" />
            </VoteType>
        </Choice>
        <Choice key="96" text="Janice Laws Robinson" party="DEM" totalVotes="179">
            <VoteType name="Absentee by Mail Votes" votes="53">
                <Precinct name="1A" votes="1" />
                <Precinct name="2A" votes="0" />
                <Precinct name="3A" votes="4" />
                <Precinct name="4A" votes="4" />
                <Precinct name="5A" votes="6" />
                <Precinct name="6A" votes="2" />
                <Precinct name="AN" votes="0" />
                <Precinct name="CA" votes="1" />
                <Precinct name="CO" votes="0" />
                <Precinct name="DG" votes="1" />
                <Precinct name="ES" votes="0" />
                <Precinct name="FI" votes="0" />
                <Precinct name="GL" votes="3" />
                <Precinct name="LT" votes="0" />
                <Precinct name="MC" votes="0" />
                <Precinct name="NI" votes="7" />
                <Precinct name="PG" votes="4" />
                <Precinct name="TH" votes="10" />
                <Precinct name="TI" votes="0" />
                <Precinct name="TR" votes="1" />
                <Precinct name="UT" votes="0" />
                <Precinct name="VA" votes="6" />
                <Precinct name="WS" votes="3" />
            </VoteType>
            <VoteType name="Advance Voting Votes" votes="33">
                <Precinct name="1A" votes="2" />
                <Precinct name="2A" votes="3" />
                <Precinct name="3A" votes="5" />
                <Precinct name="4A" votes="6" />
                <Precinct name="5A" votes="3" />
                <Precinct name="6A" votes="0" />
                <Precinct name="AN" votes="1" />
                <Precinct name="CA" votes="0" />
                <Precinct name="CO" votes="0" />
                <Precinct name="DG" votes="1" />
                <Precinct name="ES" votes="0" />
                <Precinct name="FI" votes="0" />
                <Precinct name="GL" votes="0" />
                <Precinct name="LT" votes="0" />
                <Precinct name="MC" votes="0" />
                <Precinct name="NI" votes="0" />
                <Precinct name="PG" votes="6" />
                <Precinct name="TH" votes="2" />
                <Precinct name="TI" votes="0" />
                <Precinct name="TR" votes="0" />
                <Precinct name="UT" votes="1" />
                <Precinct name="VA" votes="2" />
                <Precinct name="WS" votes="1" />
            </VoteType>
            <VoteType name="Election Day Votes" votes="93">
                <Precinct name="1A" votes="7" />
                <Precinct name="2A" votes="7" />
                <Precinct name="3A" votes="12" />
                <Precinct name="4A" votes="6" />
                <Precinct name="5A" votes="5" />
                <Precinct name="6A" votes="3" />
                <Precinct name="AN" votes="2" />
                <Precinct name="CA" votes="4" />
                <Precinct name="CO" votes="5" />
                <Precinct name="DG" votes="6" />
                <Precinct name="ES" votes="0" />
                <Precinct name="FI" votes="3" />
                <Precinct name="GL" votes="5" />
                <Precinct name="LT" votes="0" />
                <Precinct name="MC" votes="3" />
                <Precinct name="NI" votes="2" />
                <Precinct name="PG" votes="3" />
                <Precinct name="TH" votes="2" />
                <Precinct name="TI" votes="3" />
                <Precinct name="TR" votes="7" />
                <Precinct name="UT" votes="0" />
                <Precinct name="VA" votes="5" />
                <Precinct name="WS" votes="3" />
            </VoteType>
            <VoteType name="Provisional Votes" votes="0">
                <Precinct name="1A" votes="0" />
                <Precinct name="2A" votes="0" />
                <Precinct name="3A" votes="0" />
                <Precinct name="4A" votes="0" />
                <Precinct name="5A" votes="0" />
                <Precinct name="6A" votes="0" />
                <Precinct name="AN" votes="0" />
                <Precinct name="CA" votes="0" />
                <Precinct name="CO" votes="0" />
                <Precinct name="DG" votes="0" />
                <Precinct name="ES" votes="0" />
                <Precinct name="FI" votes="0" />
                <Precinct name="GL" votes="0" />
                <Precinct name="LT" votes="0" />
                <Precinct name="MC" votes="0" />
                <Precinct name="NI" votes="0" />
                <Precinct name="PG" votes="0" />
                <Precinct name="TH" votes="0" />
                <Precinct name="TI" votes="0" />
                <Precinct name="TR" votes="0" />
                <Precinct name="UT" votes="0" />
                <Precinct name="VA" votes="0" />
                <Precinct name="WS" votes="0" />
            </VoteType>
        </Choice>
    </Contest>
    <Contest key="20" text="DEM - Commissioner Of Labor" voteFor="1" isQuestion="false" precinctsReporting="23" precinctsReported="23">
        <VoteType name="Undervotes" votes="8">
            <Precinct name="1A" votes="0" />
            <Precinct name="2A" votes="0" />
            <Precinct name="3A" votes="0" />
            <Precinct name="4A" votes="3" />
            <Precinct name="5A" votes="0" />
            <Precinct name="6A" votes="1" />
            <Precinct name="AN" votes="1" />
            <Precinct name="CA" votes="0" />
            <Precinct name="CO" votes="1" />
            <Precinct name="DG" votes="0" />
            <Precinct name="ES" votes="0" />
            <Precinct name="FI" votes="0" />
            <Precinct name="GL" votes="0" />
            <Precinct name="LT" votes="0" />
            <Precinct name="MC" votes="0" />
            <Precinct name="NI" votes="1" />
            <Precinct name="PG" votes="0" />
            <Precinct name="TH" votes="1" />
            <Precinct name="TI" votes="0" />
            <Precinct name="TR" votes="0" />
            <Precinct name="UT" votes="0" />
            <Precinct name="VA" votes="0" />
            <Precinct name="WS" votes="0" />
        </VoteType>
        <VoteType name="Overvotes" votes="0">
            <Precinct name="1A" votes="0" />
            <Precinct name="2A" votes="0" />
            <Precinct name="3A" votes="0" />
            <Precinct name="4A" votes="0" />
            <Precinct name="5A" votes="0" />
            <Precinct name="6A" votes="0" />
            <Precinct name="AN" votes="0" />
            <Precinct name="CA" votes="0" />
            <Precinct name="CO" votes="0" />
            <Precinct name="DG" votes="0" />
            <Precinct name="ES" votes="0" />
            <Precinct name="FI" votes="0" />
            <Precinct name="GL" votes="0" />
            <Precinct name="LT" votes="0" />
            <Precinct name="MC" votes="0" />
            <Precinct name="NI" votes="0" />
            <Precinct name="PG" votes="0" />
            <Precinct name="TH" votes="0" />
            <Precinct name="TI" votes="0" />
            <Precinct name="TR" votes="0" />
            <Precinct name="UT" votes="0" />
            <Precinct name="VA" votes="0" />
            <Precinct name="WS" votes="0" />
        </VoteType>
        <Choice key="107" text="William &quot;&quot;Will&quot;&quot; Boddie, Jr." party="DEM" totalVotes="165">
            <VoteType name="Absentee by Mail Votes" votes="45">
                <Precinct name="1A" votes="1" />
                <Precinct name="2A" votes="0" />
                <Precinct name="3A" votes="4" />
                <Precinct name="4A" votes="4" />
                <Precinct name="5A" votes="2" />
                <Precinct name="6A" votes="4" />
                <Precinct name="AN" votes="0" />
                <Precinct name="CA" votes="1" />
                <Precinct name="CO" votes="1" />
                <Precinct name="DG" votes="0" />
                <Precinct name="ES" votes="2" />
                <Precinct name="FI" votes="1" />
                <Precinct name="GL" votes="3" />
                <Precinct name="LT" votes="0" />
                <Precinct name="MC" votes="0" />
                <Precinct name="NI" votes="4" />
                <Precinct name="PG" votes="4" />
                <Precinct name="TH" votes="9" />
                <Precinct name="TI" votes="0" />
                <Precinct name="TR" votes="0" />
                <Precinct name="UT" votes="0" />
                <Precinct name="VA" votes="0" />
                <Precinct name="WS" votes="5" />
            </VoteType>
            <VoteType name="Advance Voting Votes" votes="28">
                <Precinct name="1A" votes="1" />
                <Precinct name="2A" votes="3" />
                <Precinct name="3A" votes="4" />
                <Precinct name="4A" votes="5" />
                <Precinct name="5A" votes="1" />
                <Precinct name="6A" votes="1" />
                <Precinct name="AN" votes="0" />
                <Precinct name="CA" votes="0" />
                <Precinct name="CO" votes="0" />
                <Precinct name="DG" votes="0" />
                <Precinct name="ES" votes="0" />
                <Precinct name="FI" votes="1" />
                <Precinct name="GL" votes="0" />
                <Precinct name="LT" votes="0" />
                <Precinct name="MC" votes="0" />
                <Precinct name="NI" votes="0" />
                <Precinct name="PG" votes="5" />
                <Precinct name="TH" votes="2" />
                <Precinct name="TI" votes="0" />
                <Precinct name="TR" votes="0" />
                <Precinct name="UT" votes="1" />
                <Precinct name="VA" votes="2" />
                <Precinct name="WS" votes="2" />
            </VoteType>
            <VoteType name="Election Day Votes" votes="92">
                <Precinct name="1A" votes="10" />
                <Precinct name="2A" votes="6" />
                <Precinct name="3A" votes="8" />
                <Precinct name="4A" votes="6" />
                <Precinct name="5A" votes="6" />
                <Precinct name="6A" votes="4" />
                <Precinct name="AN" votes="2" />
                <Precinct name="CA" votes="4" />
                <Precinct name="CO" votes="5" />
                <Precinct name="DG" votes="7" />
                <Precinct name="ES" votes="1" />
                <Precinct name="FI" votes="4" />
                <Precinct name="GL" votes="3" />
                <Precinct name="LT" votes="2" />
                <Precinct name="MC" votes="1" />
                <Precinct name="NI" votes="0" />
                <Precinct name="PG" votes="6" />
                <Precinct name="TH" votes="3" />
                <Precinct name="TI" votes="2" />
                <Precinct name="TR" votes="5" />
                <Precinct name="UT" votes="0" />
                <Precinct name="VA" votes="5" />
                <Precinct name="WS" votes="2" />
            </VoteType>
            <VoteType name="Provisional Votes" votes="0">
                <Precinct name="1A" votes="0" />
                <Precinct name="2A" votes="0" />
                <Precinct name="3A" votes="0" />
                <Precinct name="4A" votes="0" />
                <Precinct name="5A" votes="0" />
                <Precinct name="6A" votes="0" />
                <Precinct name="AN" votes="0" />
                <Precinct name="CA" votes="0" />
                <Precinct name="CO" votes="0" />
                <Precinct name="DG" votes="0" />
                <Precinct name="ES" votes="0" />
                <Precinct name="FI" votes="0" />
                <Precinct name="GL" votes="0" />
                <Precinct name="LT" votes="0" />
                <Precinct name="MC" votes="0" />
                <Precinct name="NI" votes="0" />
                <Precinct name="PG" votes="0" />
                <Precinct name="TH" votes="0" />
                <Precinct name="TI" votes="0" />
                <Precinct name="TR" votes="0" />
                <Precinct name="UT" votes="0" />
                <Precinct name="VA" votes="0" />
                <Precinct name="WS" votes="0" />
            </VoteType>
        </Choice>
        <Choice key="109" text="Nicole Horn" party="DEM" totalVotes="132">
            <VoteType name="Absentee by Mail Votes" votes="33">
                <Precinct name="1A" votes="1" />
                <Precinct name="2A" votes="2" />
                <Precinct name="3A" votes="1" />
                <Precinct name="4A" votes="0" />
                <Precinct name="5A" votes="4" />
                <Precinct name="6A" votes="1" />
                <Precinct name="AN" votes="0" />
                <Precinct name="CA" votes="0" />
                <Precinct name="CO" votes="0" />
                <Precinct name="DG" votes="1" />
                <Precinct name="ES" votes="0" />
                <Precinct name="FI" votes="2" />
                <Precinct name="GL" votes="0" />
                <Precinct name="LT" votes="0" />
                <Precinct name="MC" votes="0" />
                <Precinct name="NI" votes="5" />
                <Precinct name="PG" votes="1" />
                <Precinct name="TH" votes="3" />
                <Precinct name="TI" votes="0" />
                <Precinct name="TR" votes="3" />
                <Precinct name="UT" votes="0" />
                <Precinct name="VA" votes="7" />
                <Precinct name="WS" votes="2" />
            </VoteType>
            <VoteType name="Advance Voting Votes" votes="25">
                <Precinct name="1A" votes="3" />
                <Precinct name="2A" votes="3" />
                <Precinct name="3A" votes="5" />
                <Precinct name="4A" votes="3" />
                <Precinct name="5A" votes="2" />
                <Precinct name="6A" votes="0" />
                <Precinct name="AN" votes="2" />
                <Precinct name="CA" votes="0" />
                <Precinct name="CO" votes="0" />
                <Precinct name="DG" votes="2" />
                <Precinct name="ES" votes="1" />
                <Precinct name="FI" votes="0" />
                <Precinct name="GL" votes="0" />
                <Precinct name="LT" votes="0" />
                <Precinct name="MC" votes="0" />
                <Precinct name="NI" votes="0" />
                <Precinct name="PG" votes="2" />
                <Precinct name="TH" votes="2" />
                <Precinct name="TI" votes="0" />
                <Precinct name="TR" votes="0" />
                <Precinct name="UT" votes="0" />
                <Precinct name="VA" votes="0" />
                <Precinct name="WS" votes="0" />
            </VoteType>
            <VoteType name="Election Day Votes" votes="74">
                <Precinct name="1A" votes="2" />
                <Precinct name="2A" votes="5" />
                <Precinct name="3A" votes="12" />
                <Precinct name="4A" votes="3" />
                <Precinct name="5A" votes="7" />
                <Precinct name="6A" votes="2" />
                <Precinct name="AN" votes="3" />
                <Precinct name="CA" votes="1" />
                <Precinct name="CO" votes="4" />
                <Precinct name="DG" votes="5" />
                <Precinct name="ES" votes="1" />
                <Precinct name="FI" votes="2" />
                <Precinct name="GL" votes="8" />
                <Precinct name="LT" votes="0" />
                <Precinct name="MC" votes="3" />
                <Precinct name="NI" votes="2" />
                <Precinct name="PG" votes="3" />
                <Precinct name="TH" votes="2" />
                <Precinct name="TI" votes="1" />
                <Precinct name="TR" votes="3" />
                <Precinct name="UT" votes="0" />
                <Precinct name="VA" votes="4" />
                <Precinct name="WS" votes="1" />
            </VoteType>
            <VoteType name="Provisional Votes" votes="0">
                <Precinct name="1A" votes="0" />
                <Precinct name="2A" votes="0" />
                <Precinct name="3A" votes="0" />
                <Precinct name="4A" votes="0" />
                <Precinct name="5A" votes="0" />
                <Precinct name="6A" votes="0" />
                <Precinct name="AN" votes="0" />
                <Precinct name="CA" votes="0" />
                <Precinct name="CO" votes="0" />
                <Precinct name="DG" votes="0" />
                <Precinct name="ES" votes="0" />
                <Precinct name="FI" votes="0" />
                <Precinct name="GL" votes="0" />
                <Precinct name="LT" votes="0" />
                <Precinct name="MC" votes="0" />
                <Precinct name="NI" votes="0" />
                <Precinct name="PG" votes="0" />
                <Precinct name="TH" votes="0" />
                <Precinct name="TI" votes="0" />
                <Precinct name="TR" votes="0" />
                <Precinct name="UT" votes="0" />
                <Precinct name="VA" votes="0" />
                <Precinct name="WS" votes="0" />
            </VoteType>
        </Choice>
    </Contest>
    <Contest key="43" text="REP - County Board of Education Dist 4" voteFor="1" isQuestion="false" precinctsReporting="22" precinctsReported="22">
        <VoteType name="Undervotes" votes="3">
            <Precinct name="1A" votes="0" />
            <Precinct name="2A" votes="1" />
            <Precinct name="4A" votes="0" />
            <Precinct name="5A" votes="0" />
            <Precinct name="6A" votes="0" />
            <Precinct name="AN" votes="0" />
            <Precinct name="CA" votes="0" />
            <Precinct name="CO" votes="1" />
            <Precinct name="DG" votes="0" />
            <Precinct name="ES" votes="0" />
            <Precinct name="FI" votes="0" />
            <Precinct name="GL" votes="0" />
            <Precinct name="LT" votes="0" />
            <Precinct name="MC" votes="0" />
            <Precinct name="NI" votes="0" />
            <Precinct name="PG" votes="0" />
            <Precinct name="TH" votes="0" />
            <Precinct name="TI" votes="0" />
            <Precinct name="TR" votes="0" />
            <Precinct name="UT" votes="1" />
            <Precinct name="VA" votes="0" />
            <Precinct name="WS" votes="0" />
        </VoteType>
        <VoteType name="Overvotes" votes="0">
            <Precinct name="1A" votes="0" />
            <Precinct name="2A" votes="0" />
            <Precinct name="4A" votes="0" />
            <Precinct name="5A" votes="0" />
            <Precinct name="6A" votes="0" />
            <Precinct name="AN" votes="0" />
            <Precinct name="CA" votes="0" />
            <Precinct name="CO" votes="0" />
            <Precinct name="DG" votes="0" />
            <Precinct name="ES" votes="0" />
            <Precinct name="FI" votes="0" />
            <Precinct name="GL" votes="0" />
            <Precinct name="LT" votes="0" />
            <Precinct name="MC" votes="0" />
            <Precinct name="NI" votes="0" />
            <Precinct name="PG" votes="0" />
            <Precinct name="TH" votes="0" />
            <Precinct name="TI" votes="0" />
            <Precinct name="TR" votes="0" />
            <Precinct name="UT" votes="0" />
            <Precinct name="VA" votes="0" />
            <Precinct name="WS" votes="0" />
        </VoteType>
        <Choice key="143" text="Joe Barnett" party="REP" totalVotes="832">
            <VoteType name="Absentee by Mail Votes" votes="82">
                <Precinct name="1A" votes="0" />
                <Precinct name="2A" votes="3" />
                <Precinct name="4A" votes="0" />
                <Precinct name="5A" votes="0" />
                <Precinct name="6A" votes="0" />
                <Precinct name="AN" votes="2" />
                <Precinct name="CA" votes="3" />
                <Precinct name="CO" votes="3" />
                <Precinct name="DG" votes="14" />
                <Precinct name="ES" votes="1" />
                <Precinct name="FI" votes="6" />
                <Precinct name="GL" votes="4" />
                <Precinct name="LT" votes="6" />
                <Precinct name="MC" votes="1" />
                <Precinct name="NI" votes="1" />
                <Precinct name="PG" votes="11" />
                <Precinct name="TH" votes="6" />
                <Precinct name="TI" votes="1" />
                <Precinct name="TR" votes="3" />
                <Precinct name="UT" votes="0" />
                <Precinct name="VA" votes="12" />
                <Precinct name="WS" votes="5" />
            </VoteType>
            <VoteType name="Advance Voting Votes" votes="134">
                <Precinct name="1A" votes="0" />
                <Precinct name="2A" votes="2" />
                <Precinct name="4A" votes="3" />
                <Precinct name="5A" votes="0" />
                <Precinct name="6A" votes="0" />
                <Precinct name="AN" votes="0" />
                <Precinct name="CA" votes="5" />
                <Precinct name="CO" votes="1" />
                <Precinct name="DG" votes="24" />
                <Precinct name="ES" votes="4" />
                <Precinct name="FI" votes="7" />
                <Precinct name="GL" votes="6" />
                <Precinct name="LT" votes="8" />
                <Precinct name="MC" votes="1" />
                <Precinct name="NI" votes="2" />
                <Precinct name="PG" votes="11" />
                <Precinct name="TH" votes="8" />
                <Precinct name="TI" votes="0" />
                <Precinct name="TR" votes="2" />
                <Precinct name="UT" votes="3" />
                <Precinct name="VA" votes="32" />
                <Precinct name="WS" votes="15" />
            </VoteType>
            <VoteType name="Election Day Votes" votes="616">
                <Precinct name="1A" votes="0" />
                <Precinct name="2A" votes="9" />
                <Precinct name="4A" votes="2" />
                <Precinct name="5A" votes="0" />
                <Precinct name="6A" votes="0" />
                <Precinct name="AN" votes="4" />
                <Precinct name="CA" votes="24" />
                <Precinct name="CO" votes="23" />
                <Precinct name="DG" votes="88" />
                <Precinct name="ES" votes="11" />
                <Precinct name="FI" votes="38" />
                <Precinct name="GL" votes="40" />
                <Precinct name="LT" votes="14" />
                <Precinct name="MC" votes="37" />
                <Precinct name="NI" votes="21" />
                <Precinct name="PG" votes="69" />
                <Precinct name="TH" votes="55" />
                <Precinct name="TI" votes="9" />
                <Precinct name="TR" votes="13" />
                <Precinct name="UT" votes="17" />
                <Precinct name="VA" votes="104" />
                <Precinct name="WS" votes="38" />
            </VoteType>
            <VoteType name="Provisional Votes" votes="0">
                <Precinct name="1A" votes="0" />
                <Precinct name="2A" votes="0" />
                <Precinct name="4A" votes="0" />
                <Precinct name="5A" votes="0" />
                <Precinct name="6A" votes="0" />
                <Precinct name="AN" votes="0" />
                <Precinct name="CA" votes="0" />
                <Precinct name="CO" votes="0" />
                <Precinct name="DG" votes="0" />
                <Precinct name="ES" votes="0" />
                <Precinct name="FI" votes="0" />
                <Precinct name="GL" votes="0" />
                <Precinct name="LT" votes="0" />
                <Precinct name="MC" votes="0" />
                <Precinct name="NI" votes="0" />
                <Precinct name="PG" votes="0" />
                <Precinct name="TH" votes="0" />
                <Precinct name="TI" votes="0" />
                <Precinct name="TR" votes="0" />
                <Precinct name="UT" votes="0" />
                <Precinct name="VA" votes="0" />
                <Precinct name="WS" votes="0" />
            </VoteType>
        </Choice>
        <Choice key="145" text="Greg Williams" party="REP" totalVotes="336">
            <VoteType name="Absentee by Mail Votes" votes="38">
                <Precinct name="1A" votes="0" />
                <Precinct name="2A" votes="0" />
                <Precinct name="4A" votes="1" />
                <Precinct name="5A" votes="0" />
                <Precinct name="6A" votes="0" />
                <Precinct name="AN" votes="1" />
                <Precinct name="CA" votes="1" />
                <Precinct name="CO" votes="0" />
                <Precinct name="DG" votes="2" />
                <Precinct name="ES" votes="2" />
                <Precinct name="FI" votes="2" />
                <Precinct name="GL" votes="1" />
                <Precinct name="LT" votes="1" />
                <Precinct name="MC" votes="0" />
                <Precinct name="NI" votes="6" />
                <Precinct name="PG" votes="5" />
                <Precinct name="TH" votes="8" />
                <Precinct name="TI" votes="0" />
                <Precinct name="TR" votes="0" />
                <Precinct name="UT" votes="0" />
                <Precinct name="VA" votes="1" />
                <Precinct name="WS" votes="7" />
            </VoteType>
            <VoteType name="Advance Voting Votes" votes="29">
                <Precinct name="1A" votes="0" />
                <Precinct name="2A" votes="1" />
                <Precinct name="4A" votes="0" />
                <Precinct name="5A" votes="0" />
                <Precinct name="6A" votes="0" />
                <Precinct name="AN" votes="0" />
                <Precinct name="CA" votes="0" />
                <Precinct name="CO" votes="0" />
                <Precinct name="DG" votes="3" />
                <Precinct name="ES" votes="0" />
                <Precinct name="FI" votes="2" />
                <Precinct name="GL" votes="4" />
                <Precinct name="LT" votes="2" />
                <Precinct name="MC" votes="0" />
                <Precinct name="NI" votes="1" />
                <Precinct name="PG" votes="5" />
                <Precinct name="TH" votes="1" />
                <Precinct name="TI" votes="2" />
                <Precinct name="TR" votes="0" />
                <Precinct name="UT" votes="0" />
                <Precinct name="VA" votes="2" />
                <Precinct name="WS" votes="6" />
            </VoteType>
            <VoteType name="Election Day Votes" votes="269">
                <Precinct name="1A" votes="0" />
                <Precinct name="2A" votes="2" />
                <Precinct name="4A" votes="0" />
                <Precinct name="5A" votes="0" />
                <Precinct name="6A" votes="0" />
                <Precinct name="AN" votes="10" />
                <Precinct name="CA" votes="10" />
                <Precinct name="CO" votes="11" />
                <Precinct name="DG" votes="7" />
                <Precinct name="ES" votes="10" />
                <Precinct name="FI" votes="18" />
                <Precinct name="GL" votes="17" />
                <Precinct name="LT" votes="1" />
                <Precinct name="MC" votes="27" />
                <Precinct name="NI" votes="22" />
                <Precinct name="PG" votes="21" />
                <Precinct name="TH" votes="28" />
                <Precinct name="TI" votes="4" />
                <Precinct name="TR" votes="21" />
                <Precinct name="UT" votes="6" />
                <Precinct name="VA" votes="31" />
                <Precinct name="WS" votes="23" />
            </VoteType>
            <VoteType name="Provisional Votes" votes="0">
                <Precinct name="1A" votes="0" />
                <Precinct name="2A" votes="0" />
                <Precinct name="4A" votes="0" />
                <Precinct name="5A" votes="0" />
                <Precinct name="6A" votes="0" />
                <Precinct name="AN" votes="0" />
                <Precinct name="CA" votes="0" />
                <Precinct name="CO" votes="0" />
                <Precinct name="DG" votes="0" />
                <Precinct name="ES" votes="0" />
                <Precinct name="FI" votes="0" />
                <Precinct name="GL" votes="0" />
                <Precinct name="LT" votes="0" />
                <Precinct name="MC" votes="0" />
                <Precinct name="NI" votes="0" />
                <Precinct name="PG" votes="0" />
                <Precinct name="TH" votes="0" />
                <Precinct name="TI" votes="0" />
                <Precinct name="TR" votes="0" />
                <Precinct name="UT" votes="0" />
                <Precinct name="VA" votes="0" />
                <Precinct name="WS" votes="0" />
            </VoteType>
        </Choice>
    </Contest>
</ElectionResult>