<?xml version="1.0"?>
<!--Election result snapshot imported from Tabulation System
-->
<ElectionResult>
    <Timestamp>6/24/2022 5:03:22 PM EDT</Timestamp>
    <ElectionName>June 21, 2022 - General Primary -Nonpartisan General Election Runoff</ElectionName>
    <ElectionDate>6/21/2022</ElectionDate>
    <Region>Catoosa</Region>
    <VoterTurnout totalVoters="44785" ballotsCast="203" voterTurnout="0.45">
        <Precincts>
            <Precinct name="Blackstock" totalVoters="1894" ballotsCast="5" voterTurnout="0.26" percentReporting="4" />
            <Precinct name="Boynton" totalVoters="5943" ballotsCast="24" voterTurnout="0.40" percentReporting="4" />
            <Precinct name="Catoosa Keith" totalVoters="2569" ballotsCast="7" voterTurnout="0.27" percentReporting="4" />
            <Precinct name="Chambers" totalVoters="2547" ballotsCast="12" voterTurnout="0.47" percentReporting="4" />
            <Precinct name="Ft Oglethorpe" totalVoters="4020" ballotsCast="13" voterTurnout="0.32" percentReporting="4" />
            <Precinct name="Graysville" totalVoters="4504" ballotsCast="22" voterTurnout="0.49" percentReporting="4" />
            <Precinct name="Lakeview" totalVoters="3463" ballotsCast="17" voterTurnout="0.49" percentReporting="4" />
            <Precinct name="Poplar Springs" totalVoters="4111" ballotsCast="17" voterTurnout="0.41" percentReporting="4" />
            <Precinct name="Ringgold" totalVoters="7156" ballotsCast="39" voterTurnout="0.54" percentReporting="4" />
            <Precinct name="Westside" totalVoters="5616" ballotsCast="35" voterTurnout="0.62" percentReporting="4" />
            <Precinct name="Woodstation" totalVoters="2962" ballotsCast="12" voterTurnout="0.41" percentReporting="4" />
        </Precincts>
    </VoterTurnout>
    <Contest key="8" text="DEM - Lieutenant Governor" voteFor="1" isQuestion="false" precinctsReporting="11" precinctsReported="11">
        <VoteType name="Undervotes" votes="3">
            <Precinct name="Blackstock" votes="0" />
            <Precinct name="Boynton" votes="0" />
            <Precinct name="Catoosa Keith" votes="0" />
            <Precinct name="Chambers" votes="1" />
            <Precinct name="Ft Oglethorpe" votes="0" />
            <Precinct name="Graysville" votes="0" />
            <Precinct name="Lakeview" votes="0" />
            <Precinct name="Poplar Springs" votes="1" />
            <Precinct name="Ringgold" votes="1" />
            <Precinct name="Westside" votes="0" />
            <Precinct name="Woodstation" votes="0" />
        </VoteType>
        <VoteType name="Overvotes" votes="0">
            <Precinct name="Blackstock" votes="0" />
            <Precinct name="Boynton" votes="0" />
            <Precinct name="Catoosa Keith" votes="0" />
            <Precinct name="Chambers" votes="0" />
            <Precinct name="Ft Oglethorpe" votes="0" />
            <Precinct name="Graysville" votes="0" />
            <Precinct name="Lakeview" votes="0" />
            <Precinct name="Poplar Springs" votes="0" />
            <Precinct name="Ringgold" votes="0" />
            <Precinct name="Westside" votes="0" />
            <Precinct name="Woodstation" votes="0" />
        </VoteType>
        <Choice key="29" text="Charlie Bailey" party="DEM" totalVotes="128">
            <VoteType name="Absentee by Mail Votes" votes="48">
                <Precinct name="Blackstock" votes="3" />
                <Precinct name="Boynton" votes="5" />
                <Precinct name="Catoosa Keith" votes="0" />
                <Precinct name="Chambers" votes="0" />
                <Precinct name="Ft Oglethorpe" votes="4" />
                <Precinct name="Graysville" votes="5" />
                <Precinct name="Lakeview" votes="3" />
                <Precinct name="Poplar Springs" votes="2" />
                <Precinct name="Ringgold" votes="7" />
                <Precinct name="Westside" votes="16" />
                <Precinct name="Woodstation" votes="3" />
            </VoteType>
            <VoteType name="Advance Voting Votes" votes="20">
                <Precinct name="Blackstock" votes="0" />
                <Precinct name="Boynton" votes="3" />
                <Precinct name="Catoosa Keith" votes="0" />
                <Precinct name="Chambers" votes="0" />
                <Precinct name="Ft Oglethorpe" votes="1" />
                <Precinct name="Graysville" votes="0" />
                <Precinct name="Lakeview" votes="2" />
                <Precinct name="Poplar Springs" votes="3" />
                <Precinct name="Ringgold" votes="8" />
                <Precinct name="Westside" votes="3" />
                <Precinct name="Woodstation" votes="0" />
            </VoteType>
            <VoteType name="Election Day Votes" votes="60">
                <Precinct name="Blackstock" votes="0" />
                <Precinct name="Boynton" votes="10" />
                <Precinct name="Catoosa Keith" votes="3" />
                <Precinct name="Chambers" votes="6" />
                <Precinct name="Ft Oglethorpe" votes="0" />
                <Precinct name="Graysville" votes="7" />
                <Precinct name="Lakeview" votes="7" />
                <Precinct name="Poplar Springs" votes="8" />
                <Precinct name="Ringgold" votes="10" />
                <Precinct name="Westside" votes="3" />
                <Precinct name="Woodstation" votes="6" />
            </VoteType>
            <VoteType name="Provisional Votes" votes="0">
                <Precinct name="Blackstock" votes="0" />
                <Precinct name="Boynton" votes="0" />
                <Precinct name="Catoosa Keith" votes="0" />
                <Precinct name="Chambers" votes="0" />
                <Precinct name="Ft Oglethorpe" votes="0" />
                <Precinct name="Graysville" votes="0" />
                <Precinct name="Lakeview" votes="0" />
                <Precinct name="Poplar Springs" votes="0" />
                <Precinct name="Ringgold" votes="0" />
                <Precinct name="Westside" votes="0" />
                <Precinct name="Woodstation" votes="0" />
            </VoteType>
        </Choice>
        <Choice key="32" text="Kwanza Hall" party="DEM" totalVotes="72">
            <VoteType name="Absentee by Mail Votes" votes="33">
                <Precinct name="Blackstock" votes="2" />
                <Precinct name="Boynton" votes="0" />
                <Precinct name="Catoosa Keith" votes="2" />
                <Precinct name="Chambers" votes="4" />
                <Precinct name="Ft Oglethorpe" votes="2" />
                <Precinct name="Graysville" votes="3" />
                <Precinct name="Lakeview" votes="3" />
                <Precinct name="Poplar Springs" votes="1" />
                <Precinct name="Ringgold" votes="9" />
                <Precinct name="Westside" votes="6" />
                <Precinct name="Woodstation" votes="1" />
            </VoteType>
            <VoteType name="Advance Voting Votes" votes="6">
                <Precinct name="Blackstock" votes="0" />
                <Precinct name="Boynton" votes="0" />
                <Precinct name="Catoosa Keith" votes="0" />
                <Precinct name="Chambers" votes="0" />
                <Precinct name="Ft Oglethorpe" votes="1" />
                <Precinct name="Graysville" votes="0" />
                <Precinct name="Lakeview" votes="0" />
                <Precinct name="Poplar Springs" votes="0" />
                <Precinct name="Ringgold" votes="3" />
                <Precinct name="Westside" votes="2" />
                <Precinct name="Woodstation" votes="0" />
            </VoteType>
            <VoteType name="Election Day Votes" votes="33">
                <Precinct name="Blackstock" votes="0" />
                <Precinct name="Boynton" votes="6" />
                <Precinct name="Catoosa Keith" votes="2" />
                <Precinct name="Chambers" votes="1" />
                <Precinct name="Ft Oglethorpe" votes="5" />
                <Precinct name="Graysville" votes="7" />
                <Precinct name="Lakeview" votes="2" />
                <Precinct name="Poplar Springs" votes="2" />
                <Precinct name="Ringgold" votes="1" />
                <Precinct name="Westside" votes="5" />
                <Precinct name="Woodstation" votes="2" />
            </VoteType>
            <VoteType name="Provisional Votes" votes="0">
                <Precinct name="Blackstock" votes="0" />
                <Precinct name="Boynton" votes="0" />
                <Precinct name="Catoosa Keith" votes="0" />
                <Precinct name="Chambers" votes="0" />
                <Precinct name="Ft Oglethorpe" votes="0" />
                <Precinct name="Graysville" votes="0" />
                <Precinct name="Lakeview" votes="0" />
                <Precinct name="Poplar Springs" votes="0" />
                <Precinct name="Ringgold" votes="0" />
                <Precinct name="Westside" votes="0" />
                <Precinct name="Woodstation" votes="0" />
            </VoteType>
        </Choice>
    </Contest>
    <Contest key="10" text="DEM - Secretary of State" voteFor="1" isQuestion="false" precinctsReporting="11" precinctsReported="11">
        <VoteType name="Undervotes" votes="4">
            <Precinct name="Blackstock" votes="0" />
            <Precinct name="Boynton" votes="0" />
            <Precinct name="Catoosa Keith" votes="0" />
            <Precinct name="Chambers" votes="1" />
            <Precinct name="Ft Oglethorpe" votes="0" />
            <Precinct name="Graysville" votes="0" />
            <Precinct name="Lakeview" votes="1" />
            <Precinct name="Poplar Springs" votes="0" />
            <Precinct name="Ringgold" votes="1" />
            <Precinct name="Westside" votes="1" />
            <Precinct name="Woodstation" votes="0" />
        </VoteType>
        <VoteType name="Overvotes" votes="0">
            <Precinct name="Blackstock" votes="0" />
            <Precinct name="Boynton" votes="0" />
            <Precinct name="Catoosa Keith" votes="0" />
            <Precinct name="Chambers" votes="0" />
            <Precinct name="Ft Oglethorpe" votes="0" />
            <Precinct name="Graysville" votes="0" />
            <Precinct name="Lakeview" votes="0" />
            <Precinct name="Poplar Springs" votes="0" />
            <Precinct name="Ringgold" votes="0" />
            <Precinct name="Westside" votes="0" />
            <Precinct name="Woodstation" votes="0" />
        </VoteType>
        <Choice key="41" text="Dee Dawkins-Haigler" party="DEM" totalVotes="46">
            <VoteType name="Absentee by Mail Votes" votes="23">
                <Precinct name="Blackstock" votes="3" />
                <Precinct name="Boynton" votes="3" />
                <Precinct name="Catoosa Keith" votes="0" />
                <Precinct name="Chambers" votes="0" />
                <Precinct name="Ft Oglethorpe" votes="1" />
                <Precinct name="Graysville" votes="4" />
                <Precinct name="Lakeview" votes="1" />
                <Precinct name="Poplar Springs" votes="1" />
                <Precinct name="Ringgold" votes="8" />
                <Precinct name="Westside" votes="1" />
                <Precinct name="Woodstation" votes="1" />
            </VoteType>
            <VoteType name="Advance Voting Votes" votes="4">
                <Precinct name="Blackstock" votes="0" />
                <Precinct name="Boynton" votes="1" />
                <Precinct name="Catoosa Keith" votes="0" />
                <Precinct name="Chambers" votes="0" />
                <Precinct name="Ft Oglethorpe" votes="0" />
                <Precinct name="Graysville" votes="0" />
                <Precinct name="Lakeview" votes="0" />
                <Precinct name="Poplar Springs" votes="2" />
                <Precinct name="Ringgold" votes="1" />
                <Precinct name="Westside" votes="0" />
                <Precinct name="Woodstation" votes="0" />
            </VoteType>
            <VoteType name="Election Day Votes" votes="19">
                <Precinct name="Blackstock" votes="0" />
                <Precinct name="Boynton" votes="2" />
                <Precinct name="Catoosa Keith" votes="2" />
                <Precinct name="Chambers" votes="1" />
                <Precinct name="Ft Oglethorpe" votes="0" />
                <Precinct name="Graysville" votes="7" />
                <Precinct name="Lakeview" votes="1" />
                <Precinct name="Poplar Springs" votes="2" />
                <Precinct name="Ringgold" votes="1" />
                <Precinct name="Westside" votes="2" />
                <Precinct name="Woodstation" votes="1" />
            </VoteType>
            <VoteType name="Provisional Votes" votes="0">
                <Precinct name="Blackstock" votes="0" />
                <Precinct name="Boynton" votes="0" />
                <Precinct name="Catoosa Keith" votes="0" />
                <Precinct name="Chambers" votes="0" />
                <Precinct name="Ft Oglethorpe" votes="0" />
                <Precinct name="Graysville" votes="0" />
                <Precinct name="Lakeview" votes="0" />
                <Precinct name="Poplar Springs" votes="0" />
                <Precinct name="Ringgold" votes="0" />
                <Precinct name="Westside" votes="0" />
                <Precinct name="Woodstation" votes="0" />
            </VoteType>
        </Choice>
        <Choice key="44" text="Bee Nguyen" party="DEM" totalVotes="153">
            <VoteType name="Absentee by Mail Votes" votes="57">
                <Precinct name="Blackstock" votes="2" />
                <Precinct name="Boynton" votes="2" />
                <Precinct name="Catoosa Keith" votes="2" />
                <Precinct name="Chambers" votes="4" />
                <Precinct name="Ft Oglethorpe" votes="5" />
                <Precinct name="Graysville" votes="4" />
                <Precinct name="Lakeview" votes="5" />
                <Precinct name="Poplar Springs" votes="2" />
                <Precinct name="Ringgold" votes="8" />
                <Precinct name="Westside" votes="20" />
                <Precinct name="Woodstation" votes="3" />
            </VoteType>
            <VoteType name="Advance Voting Votes" votes="22">
                <Precinct name="Blackstock" votes="0" />
                <Precinct name="Boynton" votes="2" />
                <Precinct name="Catoosa Keith" votes="0" />
                <Precinct name="Chambers" votes="0" />
                <Precinct name="Ft Oglethorpe" votes="2" />
                <Precinct name="Graysville" votes="0" />
                <Precinct name="Lakeview" votes="2" />
                <Precinct name="Poplar Springs" votes="1" />
                <Precinct name="Ringgold" votes="10" />
                <Precinct name="Westside" votes="5" />
                <Precinct name="Woodstation" votes="0" />
            </VoteType>
            <VoteType name="Election Day Votes" votes="74">
                <Precinct name="Blackstock" votes="0" />
                <Precinct name="Boynton" votes="14" />
                <Precinct name="Catoosa Keith" votes="3" />
                <Precinct name="Chambers" votes="6" />
                <Precinct name="Ft Oglethorpe" votes="5" />
                <Precinct name="Graysville" votes="7" />
                <Precinct name="Lakeview" votes="7" />
                <Precinct name="Poplar Springs" votes="9" />
                <Precinct name="Ringgold" votes="10" />
                <Precinct name="Westside" votes="6" />
                <Precinct name="Woodstation" votes="7" />
            </VoteType>
            <VoteType name="Provisional Votes" votes="0">
                <Precinct name="Blackstock" votes="0" />
                <Precinct name="Boynton" votes="0" />
                <Precinct name="Catoosa Keith" votes="0" />
                <Precinct name="Chambers" votes="0" />
                <Precinct name="Ft Oglethorpe" votes="0" />
                <Precinct name="Graysville" votes="0" />
                <Precinct name="Lakeview" votes="0" />
                <Precinct name="Poplar Springs" votes="0" />
                <Precinct name="Ringgold" votes="0" />
                <Precinct name="Westside" votes="0" />
                <Precinct name="Woodstation" votes="0" />
            </VoteType>
        </Choice>
    </Contest>
    <Contest key="16" text="DEM - Commissioner Of Insurance" voteFor="1" isQuestion="false" precinctsReporting="11" precinctsReported="11">
        <VoteType name="Undervotes" votes="6">
            <Precinct name="Blackstock" votes="0" />
            <Precinct name="Boynton" votes="0" />
            <Precinct name="Catoosa Keith" votes="0" />
            <Precinct name="Chambers" votes="2" />
            <Precinct name="Ft Oglethorpe" votes="0" />
            <Precinct name="Graysville" votes="0" />
            <Precinct name="Lakeview" votes="1" />
            <Precinct name="Poplar Springs" votes="0" />
            <Precinct name="Ringgold" votes="1" />
            <Precinct name="Westside" votes="2" />
            <Precinct name="Woodstation" votes="0" />
        </VoteType>
        <VoteType name="Overvotes" votes="0">
            <Precinct name="Blackstock" votes="0" />
            <Precinct name="Boynton" votes="0" />
            <Precinct name="Catoosa Keith" votes="0" />
            <Precinct name="Chambers" votes="0" />
            <Precinct name="Ft Oglethorpe" votes="0" />
            <Precinct name="Graysville" votes="0" />
            <Precinct name="Lakeview" votes="0" />
            <Precinct name="Poplar Springs" votes="0" />
            <Precinct name="Ringgold" votes="0" />
            <Precinct name="Westside" votes="0" />
            <Precinct name="Woodstation" votes="0" />
        </VoteType>
        <Choice key="57" text="Raphael Baker" party="DEM" totalVotes="53">
            <VoteType name="Absentee by Mail Votes" votes="15">
                <Precinct name="Blackstock" votes="0" />
                <Precinct name="Boynton" votes="2" />
                <Precinct name="Catoosa Keith" votes="0" />
                <Precinct name="Chambers" votes="0" />
                <Precinct name="Ft Oglethorpe" votes="1" />
                <Precinct name="Graysville" votes="4" />
                <Precinct name="Lakeview" votes="2" />
                <Precinct name="Poplar Springs" votes="1" />
                <Precinct name="Ringgold" votes="1" />
                <Precinct name="Westside" votes="4" />
                <Precinct name="Woodstation" votes="0" />
            </VoteType>
            <VoteType name="Advance Voting Votes" votes="10">
                <Precinct name="Blackstock" votes="0" />
                <Precinct name="Boynton" votes="1" />
                <Precinct name="Catoosa Keith" votes="0" />
                <Precinct name="Chambers" votes="0" />
                <Precinct name="Ft Oglethorpe" votes="1" />
                <Precinct name="Graysville" votes="0" />
                <Precinct name="Lakeview" votes="1" />
                <Precinct name="Poplar Springs" votes="2" />
                <Precinct name="Ringgold" votes="2" />
                <Precinct name="Westside" votes="3" />
                <Precinct name="Woodstation" votes="0" />
            </VoteType>
            <VoteType name="Election Day Votes" votes="28">
                <Precinct name="Blackstock" votes="0" />
                <Precinct name="Boynton" votes="7" />
                <Precinct name="Catoosa Keith" votes="3" />
                <Precinct name="Chambers" votes="3" />
                <Precinct name="Ft Oglethorpe" votes="1" />
                <Precinct name="Graysville" votes="2" />
                <Precinct name="Lakeview" votes="2" />
                <Precinct name="Poplar Springs" votes="3" />
                <Precinct name="Ringgold" votes="2" />
                <Precinct name="Westside" votes="2" />
                <Precinct name="Woodstation" votes="3" />
            </VoteType>
            <VoteType name="Provisional Votes" votes="0">
                <Precinct name="Blackstock" votes="0" />
                <Precinct name="Boynton" votes="0" />
                <Precinct name="Catoosa Keith" votes="0" />
                <Precinct name="Chambers" votes="0" />
                <Precinct name="Ft Oglethorpe" votes="0" />
                <Precinct name="Graysville" votes="0" />
                <Precinct name="Lakeview" votes="0" />
                <Precinct name="Poplar Springs" votes="0" />
                <Precinct name="Ringgold" votes="0" />
                <Precinct name="Westside" votes="0" />
                <Precinct name="Woodstation" votes="0" />
            </VoteType>
        </Choice>
        <Choice key="58" text="Janice Laws Robinson" party="DEM" totalVotes="144">
            <VoteType name="Absentee by Mail Votes" votes="64">
                <Precinct name="Blackstock" votes="5" />
                <Precinct name="Boynton" votes="3" />
                <Precinct name="Catoosa Keith" votes="2" />
                <Precinct name="Chambers" votes="4" />
                <Precinct name="Ft Oglethorpe" votes="5" />
                <Precinct name="Graysville" votes="4" />
                <Precinct name="Lakeview" votes="3" />
                <Precinct name="Poplar Springs" votes="2" />
                <Precinct name="Ringgold" votes="15" />
                <Precinct name="Westside" votes="17" />
                <Precinct name="Woodstation" votes="4" />
            </VoteType>
            <VoteType name="Advance Voting Votes" votes="16">
                <Precinct name="Blackstock" votes="0" />
                <Precinct name="Boynton" votes="2" />
                <Precinct name="Catoosa Keith" votes="0" />
                <Precinct name="Chambers" votes="0" />
                <Precinct name="Ft Oglethorpe" votes="1" />
                <Precinct name="Graysville" votes="0" />
                <Precinct name="Lakeview" votes="1" />
                <Precinct name="Poplar Springs" votes="1" />
                <Precinct name="Ringgold" votes="9" />
                <Precinct name="Westside" votes="2" />
                <Precinct name="Woodstation" votes="0" />
            </VoteType>
            <VoteType name="Election Day Votes" votes="64">
                <Precinct name="Blackstock" votes="0" />
                <Precinct name="Boynton" votes="9" />
                <Precinct name="Catoosa Keith" votes="2" />
                <Precinct name="Chambers" votes="3" />
                <Precinct name="Ft Oglethorpe" votes="4" />
                <Precinct name="Graysville" votes="12" />
                <Precinct name="Lakeview" votes="7" />
                <Precinct name="Poplar Springs" votes="8" />
                <Precinct name="Ringgold" votes="9" />
                <Precinct name="Westside" votes="5" />
                <Precinct name="Woodstation" votes="5" />
            </VoteType>
            <VoteType name="Provisional Votes" votes="0">
                <Precinct name="Blackstock" votes="0" />
                <Precinct name="Boynton" votes="0" />
                <Precinct name="Catoosa Keith" votes="0" />
                <Precinct name="Chambers" votes="0" />
                <Precinct name="Ft Oglethorpe" votes="0" />
                <Precinct name="Graysville" votes="0" />
                <Precinct name="Lakeview" votes="0" />
                <Precinct name="Poplar Springs" votes="0" />
                <Precinct name="Ringgold" votes="0" />
                <Precinct name="Westside" votes="0" />
                <Precinct name="Woodstation" votes="0" />
            </VoteType>
        </Choice>
    </Contest>
    <Contest key="20" text="DEM - Commissioner Of Labor" voteFor="1" isQuestion="false" precinctsReporting="11" precinctsReported="11">
        <VoteType name="Undervotes" votes="5">
            <Precinct name="Blackstock" votes="0" />
            <Precinct name="Boynton" votes="0" />
            <Precinct name="Catoosa Keith" votes="0" />
            <Precinct name="Chambers" votes="2" />
            <Precinct name="Ft Oglethorpe" votes="0" />
            <Precinct name="Graysville" votes="0" />
            <Precinct name="Lakeview" votes="1" />
            <Precinct name="Poplar Springs" votes="0" />
            <Precinct name="Ringgold" votes="1" />
            <Precinct name="Westside" votes="1" />
            <Precinct name="Woodstation" votes="0" />
        </VoteType>
        <VoteType name="Overvotes" votes="0">
            <Precinct name="Blackstock" votes="0" />
            <Precinct name="Boynton" votes="0" />
            <Precinct name="Catoosa Keith" votes="0" />
            <Precinct name="Chambers" votes="0" />
            <Precinct name="Ft Oglethorpe" votes="0" />
            <Precinct name="Graysville" votes="0" />
            <Precinct name="Lakeview" votes="0" />
            <Precinct name="Poplar Springs" votes="0" />
            <Precinct name="Ringgold" votes="0" />
            <Precinct name="Westside" votes="0" />
            <Precinct name="Woodstation" votes="0" />
        </VoteType>
        <Choice key="69" text="William &quot;&quot;Will&quot;&quot; Boddie, Jr." party="DEM" totalVotes="110">
            <VoteType name="Absentee by Mail Votes" votes="41">
                <Precinct name="Blackstock" votes="3" />
                <Precinct name="Boynton" votes="3" />
                <Precinct name="Catoosa Keith" votes="2" />
                <Precinct name="Chambers" votes="0" />
                <Precinct name="Ft Oglethorpe" votes="3" />
                <Precinct name="Graysville" votes="4" />
                <Precinct name="Lakeview" votes="1" />
                <Precinct name="Poplar Springs" votes="1" />
                <Precinct name="Ringgold" votes="8" />
                <Precinct name="Westside" votes="14" />
                <Precinct name="Woodstation" votes="2" />
            </VoteType>
            <VoteType name="Advance Voting Votes" votes="18">
                <Precinct name="Blackstock" votes="0" />
                <Precinct name="Boynton" votes="2" />
                <Precinct name="Catoosa Keith" votes="0" />
                <Precinct name="Chambers" votes="0" />
                <Precinct name="Ft Oglethorpe" votes="1" />
                <Precinct name="Graysville" votes="0" />
                <Precinct name="Lakeview" votes="2" />
                <Precinct name="Poplar Springs" votes="3" />
                <Precinct name="Ringgold" votes="7" />
                <Precinct name="Westside" votes="3" />
                <Precinct name="Woodstation" votes="0" />
            </VoteType>
            <VoteType name="Election Day Votes" votes="51">
                <Precinct name="Blackstock" votes="0" />
                <Precinct name="Boynton" votes="6" />
                <Precinct name="Catoosa Keith" votes="4" />
                <Precinct name="Chambers" votes="4" />
                <Precinct name="Ft Oglethorpe" votes="3" />
                <Precinct name="Graysville" votes="6" />
                <Precinct name="Lakeview" votes="5" />
                <Precinct name="Poplar Springs" votes="7" />
                <Precinct name="Ringgold" votes="8" />
                <Precinct name="Westside" votes="4" />
                <Precinct name="Woodstation" votes="4" />
            </VoteType>
            <VoteType name="Provisional Votes" votes="0">
                <Precinct name="Blackstock" votes="0" />
                <Precinct name="Boynton" votes="0" />
                <Precinct name="Catoosa Keith" votes="0" />
                <Precinct name="Chambers" votes="0" />
                <Precinct name="Ft Oglethorpe" votes="0" />
                <Precinct name="Graysville" votes="0" />
                <Precinct name="Lakeview" votes="0" />
                <Precinct name="Poplar Springs" votes="0" />
                <Precinct name="Ringgold" votes="0" />
                <Precinct name="Westside" votes="0" />
                <Precinct name="Woodstation" votes="0" />
            </VoteType>
        </Choice>
        <Choice key="71" text="Nicole Horn" party="DEM" totalVotes="88">
            <VoteType name="Absentee by Mail Votes" votes="39">
                <Precinct name="Blackstock" votes="2" />
                <Precinct name="Boynton" votes="2" />
                <Precinct name="Catoosa Keith" votes="0" />
                <Precinct name="Chambers" votes="4" />
                <Precinct name="Ft Oglethorpe" votes="3" />
                <Precinct name="Graysville" votes="4" />
                <Precinct name="Lakeview" votes="4" />
                <Precinct name="Poplar Springs" votes="2" />
                <Precinct name="Ringgold" votes="8" />
                <Precinct name="Westside" votes="8" />
                <Precinct name="Woodstation" votes="2" />
            </VoteType>
            <VoteType name="Advance Voting Votes" votes="8">
                <Precinct name="Blackstock" votes="0" />
                <Precinct name="Boynton" votes="1" />
                <Precinct name="Catoosa Keith" votes="0" />
                <Precinct name="Chambers" votes="0" />
                <Precinct name="Ft Oglethorpe" votes="1" />
                <Precinct name="Graysville" votes="0" />
                <Precinct name="Lakeview" votes="0" />
                <Precinct name="Poplar Springs" votes="0" />
                <Precinct name="Ringgold" votes="4" />
                <Precinct name="Westside" votes="2" />
                <Precinct name="Woodstation" votes="0" />
            </VoteType>
            <VoteType name="Election Day Votes" votes="41">
                <Precinct name="Blackstock" votes="0" />
                <Precinct name="Boynton" votes="10" />
                <Precinct name="Catoosa Keith" votes="1" />
                <Precinct name="Chambers" votes="2" />
                <Precinct name="Ft Oglethorpe" votes="2" />
                <Precinct name="Graysville" votes="8" />
                <Precinct name="Lakeview" votes="4" />
                <Precinct name="Poplar Springs" votes="4" />
                <Precinct name="Ringgold" votes="3" />
                <Precinct name="Westside" votes="3" />
                <Precinct name="Woodstation" votes="4" />
            </VoteType>
            <VoteType name="Provisional Votes" votes="0">
                <Precinct name="Blackstock" votes="0" />
                <Precinct name="Boynton" votes="0" />
                <Precinct name="Catoosa Keith" votes="0" />
                <Precinct name="Chambers" votes="0" />
                <Precinct name="Ft Oglethorpe" votes="0" />
                <Precinct name="Graysville" votes="0" />
                <Precinct name="Lakeview" votes="0" />
                <Precinct name="Poplar Springs" votes="0" />
                <Precinct name="Ringgold" votes="0" />
                <Precinct name="Westside" votes="0" />
                <Precinct name="Woodstation" votes="0" />
            </VoteType>
        </Choice>
    </Contest>
</ElectionResult>