<?xml version="1.0"?>
<!--Election result snapshot imported from Tabulation System
-->
<ElectionResult>
    <Timestamp>6/27/2022 9:32:18 AM EDT</Timestamp>
    <ElectionName>June 21, 2022 - General Primary -Nonpartisan General Election Runoff</ElectionName>
    <ElectionDate>6/21/2022</ElectionDate>
    <Region>Jackson</Region>
    <VoterTurnout totalVoters="53627" ballotsCast="410" voterTurnout="0.76">
        <Precincts>
            <Precinct name="Central Jackson" totalVoters="16597" ballotsCast="121" voterTurnout="0.73" percentReporting="4" />
            <Precinct name="North Jackson" totalVoters="12646" ballotsCast="93" voterTurnout="0.74" percentReporting="4" />
            <Precinct name="West Jackson" totalVoters="16199" ballotsCast="107" voterTurnout="0.66" percentReporting="4" />
            <Precinct name="South Jackson" totalVoters="8185" ballotsCast="89" voterTurnout="1.09" percentReporting="4" />
        </Precincts>
    </VoterTurnout>
    <Contest key="6" text="Lieutenant Governor - Dem" voteFor="1" isQuestion="false" precinctsReporting="4" precinctsReported="4">
        <VoteType name="Undervotes" votes="7">
            <Precinct name="Central Jackson" votes="3" />
            <Precinct name="North Jackson" votes="1" />
            <Precinct name="West Jackson" votes="1" />
            <Precinct name="South Jackson" votes="2" />
        </VoteType>
        <VoteType name="Overvotes" votes="0">
            <Precinct name="Central Jackson" votes="0" />
            <Precinct name="North Jackson" votes="0" />
            <Precinct name="West Jackson" votes="0" />
            <Precinct name="South Jackson" votes="0" />
        </VoteType>
        <Choice key="20" text="Charlie Bailey" party="DEM" totalVotes="313">
            <VoteType name="Absentee by Mail Votes" votes="60">
                <Precinct name="Central Jackson" votes="11" />
                <Precinct name="North Jackson" votes="25" />
                <Precinct name="West Jackson" votes="10" />
                <Precinct name="South Jackson" votes="14" />
            </VoteType>
            <VoteType name="Advance Voting Votes" votes="87">
                <Precinct name="Central Jackson" votes="36" />
                <Precinct name="North Jackson" votes="15" />
                <Precinct name="West Jackson" votes="16" />
                <Precinct name="South Jackson" votes="20" />
            </VoteType>
            <VoteType name="Election Day Votes" votes="165">
                <Precinct name="Central Jackson" votes="48" />
                <Precinct name="North Jackson" votes="32" />
                <Precinct name="West Jackson" votes="54" />
                <Precinct name="South Jackson" votes="31" />
            </VoteType>
            <VoteType name="Provisional Votes" votes="1">
                <Precinct name="Central Jackson" votes="0" />
                <Precinct name="North Jackson" votes="0" />
                <Precinct name="West Jackson" votes="1" />
                <Precinct name="South Jackson" votes="0" />
            </VoteType>
        </Choice>
        <Choice key="23" text="Kwanza Hall" party="DEM" totalVotes="90">
            <VoteType name="Absentee by Mail Votes" votes="14">
                <Precinct name="Central Jackson" votes="4" />
                <Precinct name="North Jackson" votes="3" />
                <Precinct name="West Jackson" votes="3" />
                <Precinct name="South Jackson" votes="4" />
            </VoteType>
            <VoteType name="Advance Voting Votes" votes="24">
                <Precinct name="Central Jackson" votes="10" />
                <Precinct name="North Jackson" votes="4" />
                <Precinct name="West Jackson" votes="6" />
                <Precinct name="South Jackson" votes="4" />
            </VoteType>
            <VoteType name="Election Day Votes" votes="52">
                <Precinct name="Central Jackson" votes="9" />
                <Precinct name="North Jackson" votes="13" />
                <Precinct name="West Jackson" votes="16" />
                <Precinct name="South Jackson" votes="14" />
            </VoteType>
            <VoteType name="Provisional Votes" votes="0">
                <Precinct name="Central Jackson" votes="0" />
                <Precinct name="North Jackson" votes="0" />
                <Precinct name="West Jackson" votes="0" />
                <Precinct name="South Jackson" votes="0" />
            </VoteType>
        </Choice>
    </Contest>
    <Contest key="8" text="Secretary of State - Dem" voteFor="1" isQuestion="false" precinctsReporting="4" precinctsReported="4">
        <VoteType name="Undervotes" votes="4">
            <Precinct name="Central Jackson" votes="2" />
            <Precinct name="North Jackson" votes="0" />
            <Precinct name="West Jackson" votes="1" />
            <Precinct name="South Jackson" votes="1" />
        </VoteType>
        <VoteType name="Overvotes" votes="0">
            <Precinct name="Central Jackson" votes="0" />
            <Precinct name="North Jackson" votes="0" />
            <Precinct name="West Jackson" votes="0" />
            <Precinct name="South Jackson" votes="0" />
        </VoteType>
        <Choice key="32" text="Dee Dawkins-Haigler" party="DEM" totalVotes="40">
            <VoteType name="Absentee by Mail Votes" votes="5">
                <Precinct name="Central Jackson" votes="2" />
                <Precinct name="North Jackson" votes="3" />
                <Precinct name="West Jackson" votes="0" />
                <Precinct name="South Jackson" votes="0" />
            </VoteType>
            <VoteType name="Advance Voting Votes" votes="17">
                <Precinct name="Central Jackson" votes="8" />
                <Precinct name="North Jackson" votes="5" />
                <Precinct name="West Jackson" votes="1" />
                <Precinct name="South Jackson" votes="3" />
            </VoteType>
            <VoteType name="Election Day Votes" votes="18">
                <Precinct name="Central Jackson" votes="4" />
                <Precinct name="North Jackson" votes="10" />
                <Precinct name="West Jackson" votes="2" />
                <Precinct name="South Jackson" votes="2" />
            </VoteType>
            <VoteType name="Provisional Votes" votes="0">
                <Precinct name="Central Jackson" votes="0" />
                <Precinct name="North Jackson" votes="0" />
                <Precinct name="West Jackson" votes="0" />
                <Precinct name="South Jackson" votes="0" />
            </VoteType>
        </Choice>
        <Choice key="35" text="Bee Nguyen" party="DEM" totalVotes="366">
            <VoteType name="Absentee by Mail Votes" votes="69">
                <Precinct name="Central Jackson" votes="13" />
                <Precinct name="North Jackson" votes="25" />
                <Precinct name="West Jackson" votes="13" />
                <Precinct name="South Jackson" votes="18" />
            </VoteType>
            <VoteType name="Advance Voting Votes" votes="95">
                <Precinct name="Central Jackson" votes="39" />
                <Precinct name="North Jackson" votes="14" />
                <Precinct name="West Jackson" votes="21" />
                <Precinct name="South Jackson" votes="21" />
            </VoteType>
            <VoteType name="Election Day Votes" votes="202">
                <Precinct name="Central Jackson" votes="53" />
                <Precinct name="North Jackson" votes="36" />
                <Precinct name="West Jackson" votes="69" />
                <Precinct name="South Jackson" votes="44" />
            </VoteType>
            <VoteType name="Provisional Votes" votes="0">
                <Precinct name="Central Jackson" votes="0" />
                <Precinct name="North Jackson" votes="0" />
                <Precinct name="West Jackson" votes="0" />
                <Precinct name="South Jackson" votes="0" />
            </VoteType>
        </Choice>
    </Contest>
    <Contest key="14" text="Commissioner of Insurance - Dem" voteFor="1" isQuestion="false" precinctsReporting="4" precinctsReported="4">
        <VoteType name="Undervotes" votes="22">
            <Precinct name="Central Jackson" votes="6" />
            <Precinct name="North Jackson" votes="7" />
            <Precinct name="West Jackson" votes="7" />
            <Precinct name="South Jackson" votes="2" />
        </VoteType>
        <VoteType name="Overvotes" votes="0">
            <Precinct name="Central Jackson" votes="0" />
            <Precinct name="North Jackson" votes="0" />
            <Precinct name="West Jackson" votes="0" />
            <Precinct name="South Jackson" votes="0" />
        </VoteType>
        <Choice key="48" text="Raphael Baker" party="DEM" totalVotes="133">
            <VoteType name="Absentee by Mail Votes" votes="13">
                <Precinct name="Central Jackson" votes="1" />
                <Precinct name="North Jackson" votes="6" />
                <Precinct name="West Jackson" votes="5" />
                <Precinct name="South Jackson" votes="1" />
            </VoteType>
            <VoteType name="Advance Voting Votes" votes="39">
                <Precinct name="Central Jackson" votes="18" />
                <Precinct name="North Jackson" votes="11" />
                <Precinct name="West Jackson" votes="4" />
                <Precinct name="South Jackson" votes="6" />
            </VoteType>
            <VoteType name="Election Day Votes" votes="80">
                <Precinct name="Central Jackson" votes="17" />
                <Precinct name="North Jackson" votes="22" />
                <Precinct name="West Jackson" votes="24" />
                <Precinct name="South Jackson" votes="17" />
            </VoteType>
            <VoteType name="Provisional Votes" votes="1">
                <Precinct name="Central Jackson" votes="0" />
                <Precinct name="North Jackson" votes="0" />
                <Precinct name="West Jackson" votes="1" />
                <Precinct name="South Jackson" votes="0" />
            </VoteType>
        </Choice>
        <Choice key="49" text="Janice Laws Robinson" party="DEM" totalVotes="255">
            <VoteType name="Absentee by Mail Votes" votes="59">
                <Precinct name="Central Jackson" votes="15" />
                <Precinct name="North Jackson" votes="19" />
                <Precinct name="West Jackson" votes="8" />
                <Precinct name="South Jackson" votes="17" />
            </VoteType>
            <VoteType name="Advance Voting Votes" votes="68">
                <Precinct name="Central Jackson" votes="26" />
                <Precinct name="North Jackson" votes="8" />
                <Precinct name="West Jackson" votes="16" />
                <Precinct name="South Jackson" votes="18" />
            </VoteType>
            <VoteType name="Election Day Votes" votes="128">
                <Precinct name="Central Jackson" votes="38" />
                <Precinct name="North Jackson" votes="20" />
                <Precinct name="West Jackson" votes="42" />
                <Precinct name="South Jackson" votes="28" />
            </VoteType>
            <VoteType name="Provisional Votes" votes="0">
                <Precinct name="Central Jackson" votes="0" />
                <Precinct name="North Jackson" votes="0" />
                <Precinct name="West Jackson" votes="0" />
                <Precinct name="South Jackson" votes="0" />
            </VoteType>
        </Choice>
    </Contest>
    <Contest key="18" text="Commissioner of Labor - Dem" voteFor="1" isQuestion="false" precinctsReporting="4" precinctsReported="4">
        <VoteType name="Undervotes" votes="11">
            <Precinct name="Central Jackson" votes="3" />
            <Precinct name="North Jackson" votes="3" />
            <Precinct name="West Jackson" votes="3" />
            <Precinct name="South Jackson" votes="2" />
        </VoteType>
        <VoteType name="Overvotes" votes="0">
            <Precinct name="Central Jackson" votes="0" />
            <Precinct name="North Jackson" votes="0" />
            <Precinct name="West Jackson" votes="0" />
            <Precinct name="South Jackson" votes="0" />
        </VoteType>
        <Choice key="60" text="William &quot;&quot;Will&quot;&quot; Boddie, Jr." party="DEM" totalVotes="234">
            <VoteType name="Absentee by Mail Votes" votes="39">
                <Precinct name="Central Jackson" votes="9" />
                <Precinct name="North Jackson" votes="16" />
                <Precinct name="West Jackson" votes="5" />
                <Precinct name="South Jackson" votes="9" />
            </VoteType>
            <VoteType name="Advance Voting Votes" votes="78">
                <Precinct name="Central Jackson" votes="25" />
                <Precinct name="North Jackson" votes="17" />
                <Precinct name="West Jackson" votes="18" />
                <Precinct name="South Jackson" votes="18" />
            </VoteType>
            <VoteType name="Election Day Votes" votes="116">
                <Precinct name="Central Jackson" votes="32" />
                <Precinct name="North Jackson" votes="27" />
                <Precinct name="West Jackson" votes="36" />
                <Precinct name="South Jackson" votes="21" />
            </VoteType>
            <VoteType name="Provisional Votes" votes="1">
                <Precinct name="Central Jackson" votes="0" />
                <Precinct name="North Jackson" votes="0" />
                <Precinct name="West Jackson" votes="1" />
                <Precinct name="South Jackson" votes="0" />
            </VoteType>
        </Choice>
        <Choice key="62" text="Nicole Horn" party="DEM" totalVotes="165">
            <VoteType name="Absentee by Mail Votes" votes="32">
                <Precinct name="Central Jackson" votes="7" />
                <Precinct name="North Jackson" votes="9" />
                <Precinct name="West Jackson" votes="8" />
                <Precinct name="South Jackson" votes="8" />
            </VoteType>
            <VoteType name="Advance Voting Votes" votes="32">
                <Precinct name="Central Jackson" votes="20" />
                <Precinct name="North Jackson" votes="2" />
                <Precinct name="West Jackson" votes="4" />
                <Precinct name="South Jackson" votes="6" />
            </VoteType>
            <VoteType name="Election Day Votes" votes="101">
                <Precinct name="Central Jackson" votes="25" />
                <Precinct name="North Jackson" votes="19" />
                <Precinct name="West Jackson" votes="32" />
                <Precinct name="South Jackson" votes="25" />
            </VoteType>
            <VoteType name="Provisional Votes" votes="0">
                <Precinct name="Central Jackson" votes="0" />
                <Precinct name="North Jackson" votes="0" />
                <Precinct name="West Jackson" votes="0" />
                <Precinct name="South Jackson" votes="0" />
            </VoteType>
        </Choice>
    </Contest>
    <Contest key="23" text="US House of Representatives - District 10 - Rep" voteFor="1" isQuestion="false" precinctsReporting="4" precinctsReported="4">
        <VoteType name="Undervotes" votes="3">
            <Precinct name="Central Jackson" votes="2" />
            <Precinct name="North Jackson" votes="0" />
            <Precinct name="West Jackson" votes="0" />
            <Precinct name="South Jackson" votes="1" />
        </VoteType>
        <VoteType name="Overvotes" votes="0">
            <Precinct name="Central Jackson" votes="0" />
            <Precinct name="North Jackson" votes="0" />
            <Precinct name="West Jackson" votes="0" />
            <Precinct name="South Jackson" votes="0" />
        </VoteType>
        <Choice key="74" text="Mike Collins" party="REP" totalVotes="2383">
            <VoteType name="Absentee by Mail Votes" votes="244">
                <Precinct name="Central Jackson" votes="57" />
                <Precinct name="North Jackson" votes="83" />
                <Precinct name="West Jackson" votes="77" />
                <Precinct name="South Jackson" votes="27" />
            </VoteType>
            <VoteType name="Advance Voting Votes" votes="613">
                <Precinct name="Central Jackson" votes="225" />
                <Precinct name="North Jackson" votes="162" />
                <Precinct name="West Jackson" votes="139" />
                <Precinct name="South Jackson" votes="87" />
            </VoteType>
            <VoteType name="Election Day Votes" votes="1525">
                <Precinct name="Central Jackson" votes="343" />
                <Precinct name="North Jackson" votes="333" />
                <Precinct name="West Jackson" votes="599" />
                <Precinct name="South Jackson" votes="250" />
            </VoteType>
            <VoteType name="Provisional Votes" votes="1">
                <Precinct name="Central Jackson" votes="1" />
                <Precinct name="North Jackson" votes="0" />
                <Precinct name="West Jackson" votes="0" />
                <Precinct name="South Jackson" votes="0" />
            </VoteType>
        </Choice>
        <Choice key="76" text="Vernon Jones" party="REP" totalVotes="1071">
            <VoteType name="Absentee by Mail Votes" votes="56">
                <Precinct name="Central Jackson" votes="11" />
                <Precinct name="North Jackson" votes="15" />
                <Precinct name="West Jackson" votes="11" />
                <Precinct name="South Jackson" votes="19" />
            </VoteType>
            <VoteType name="Advance Voting Votes" votes="236">
                <Precinct name="Central Jackson" votes="96" />
                <Precinct name="North Jackson" votes="51" />
                <Precinct name="West Jackson" votes="48" />
                <Precinct name="South Jackson" votes="41" />
            </VoteType>
            <VoteType name="Election Day Votes" votes="779">
                <Precinct name="Central Jackson" votes="197" />
                <Precinct name="North Jackson" votes="172" />
                <Precinct name="West Jackson" votes="300" />
                <Precinct name="South Jackson" votes="110" />
            </VoteType>
            <VoteType name="Provisional Votes" votes="0">
                <Precinct name="Central Jackson" votes="0" />
                <Precinct name="North Jackson" votes="0" />
                <Precinct name="West Jackson" votes="0" />
                <Precinct name="South Jackson" votes="0" />
            </VoteType>
        </Choice>
    </Contest>
    <Contest key="24" text="US House of Representatives - District 10 - Dem" voteFor="1" isQuestion="false" precinctsReporting="4" precinctsReported="4">
        <VoteType name="Undervotes" votes="18">
            <Precinct name="Central Jackson" votes="8" />
            <Precinct name="North Jackson" votes="4" />
            <Precinct name="West Jackson" votes="5" />
            <Precinct name="South Jackson" votes="1" />
        </VoteType>
        <VoteType name="Overvotes" votes="0">
            <Precinct name="Central Jackson" votes="0" />
            <Precinct name="North Jackson" votes="0" />
            <Precinct name="West Jackson" votes="0" />
            <Precinct name="South Jackson" votes="0" />
        </VoteType>
        <Choice key="80" text="Jessica Allison Fore" party="DEM" totalVotes="195">
            <VoteType name="Absentee by Mail Votes" votes="48">
                <Precinct name="Central Jackson" votes="9" />
                <Precinct name="North Jackson" votes="19" />
                <Precinct name="West Jackson" votes="9" />
                <Precinct name="South Jackson" votes="11" />
            </VoteType>
            <VoteType name="Advance Voting Votes" votes="50">
                <Precinct name="Central Jackson" votes="20" />
                <Precinct name="North Jackson" votes="8" />
                <Precinct name="West Jackson" votes="10" />
                <Precinct name="South Jackson" votes="12" />
            </VoteType>
            <VoteType name="Election Day Votes" votes="96">
                <Precinct name="Central Jackson" votes="28" />
                <Precinct name="North Jackson" votes="17" />
                <Precinct name="West Jackson" votes="30" />
                <Precinct name="South Jackson" votes="21" />
            </VoteType>
            <VoteType name="Provisional Votes" votes="1">
                <Precinct name="Central Jackson" votes="0" />
                <Precinct name="North Jackson" votes="0" />
                <Precinct name="West Jackson" votes="1" />
                <Precinct name="South Jackson" votes="0" />
            </VoteType>
        </Choice>
        <Choice key="81" text="Tabitha Johnson-Green" party="DEM" totalVotes="197">
            <VoteType name="Absentee by Mail Votes" votes="24">
                <Precinct name="Central Jackson" votes="7" />
                <Precinct name="North Jackson" votes="6" />
                <Precinct name="West Jackson" votes="4" />
                <Precinct name="South Jackson" votes="7" />
            </VoteType>
            <VoteType name="Advance Voting Votes" votes="56">
                <Precinct name="Central Jackson" votes="23" />
                <Precinct name="North Jackson" votes="11" />
                <Precinct name="West Jackson" votes="10" />
                <Precinct name="South Jackson" votes="12" />
            </VoteType>
            <VoteType name="Election Day Votes" votes="117">
                <Precinct name="Central Jackson" votes="26" />
                <Precinct name="North Jackson" votes="28" />
                <Precinct name="West Jackson" votes="38" />
                <Precinct name="South Jackson" votes="25" />
            </VoteType>
            <VoteType name="Provisional Votes" votes="0">
                <Precinct name="Central Jackson" votes="0" />
                <Precinct name="North Jackson" votes="0" />
                <Precinct name="West Jackson" votes="0" />
                <Precinct name="South Jackson" votes="0" />
            </VoteType>
        </Choice>
    </Contest>
</ElectionResult>